Date,Day,Lecture_Number,Start_Time,Subject,Faculty_ID,Semester,Branch,Section,Classroom,Total_Enrolled,Students_Present,Attendance_Pct,Session_Type,Test_Week,Assignment_Due,Holiday_Near
05-01-2026,Monday,1,09:00 AM,Advanced DBMS,Prof. Patil,4,MCA,B,Room 202,180,131,,Theory,0,0,0
05-01-2026,Monday,2,10:00 AM,Machine Learning,Ishwari Gaikwad,4,MCA,C,Lab 2,180,165,91.67,Practical,0,0,0
05-01-2026,Monday,3,11:15 AM,Web Development,Akash Upadhayay,4,MCA,B,Room 201,180,145,80.56,Theory,0,0,0
05-01-2026,Monday,4,12:15 PM,Cloud Computing,Prof. Sharma,4,MBA,A,Lab 1,120,97,80.83,Practical,0,1,0
05-01-2026,Monday,5,02:00 PM,Advanced DBMS,Prof. Kulkarni,4,MCA,B,Room 202,180,138,76.67,Theory,0,0,0
05-01-2026,Monday,6,03:00 PM,Financial Management,Ishwari Gaikwad,2,MBA,A,Lab 2,120,91,75.83,Practical,0,0,0
05-01-2026,Monday,1,09:00 AM,Financial Management,Ishwari Gaikwad,2,MCA,B,Room 201,180,135,75.0,Theory,0,1,0
05-01-2026,Monday,2,10:00 AM,Machine Learning,Prof. Sharma,2,MCA,C,Lab 2,180,164,91.11,Practical,0,0,0
05-01-2026,Monday,3,11:15 AM,Cloud Computing,Akash Upadhayay,4,MCA,A,Auditorium,180,110,4.0,Theory,0,0,0
05-01-2026,Monday,4,12:15 PM,Cloud Computing,Prof. Sharma,2,MCA,B,Auditorium,180,154,85.56,Theory,0,0,0
05-01-2026,Monday,5,02:00 PM,Advanced DBMS,Prof. Patil,2,MBA,C,Lab 1,120,97,80.83,Practical,0,0,0
05-01-2026,Monday,6,03:00 PM,Machine Learning,Akash Upadhayay,4,MBA,A,Lab 2,120,76,,Practical,0,0,1
05-01-2026,Monday,1,09:00 AM,Cloud Computing,Ishwari Gaikwad,2,MBA,A,Room 201,120,79,65.83,Theory,0,0,0
05-01-2026,Monday,2,10:00 AM,Python Programming,Akash Upadhayay,2,MCA,B,Lab 1,180,151,83.89,Practical,0,0,0
05-01-2026,Monday,3,11:15 AM,Financial Management,Prof. Patil,4,MCA,B,Lab 1,180,150,83.33,Practical,0,0,0
05-01-2026,Monday,4,12:15 PM,Web Development,Prof. Patil,2,MCA,C,Auditorium,180,135,75.0,Theory,0,0,0
05-01-2026,Monday,5,02:00 PM,Web Development,Akash Upadhayay,2,MBA,B,Room 201,120,69,57.5,Theory,0,0,1
05-01-2026,Monday,6,03:00 PM,Python Programming,Ishwari Gaikwad,2,MBA,B,Room 202,120,98,81.67,Theory,0,0,0
05-01-2026,Monday,1,09:00 AM,Python Programming,Prof. Patil,2,MBA,A,Auditorium,120,92,76.67,Theory,0,0,0
05-01-2026,Monday,2,10:00 AM,HR Analytics,Ishwari Gaikwad,4,MCA,B,Room 201,180,121,,Theory,0,0,1
05-01-2026,Monday,3,11:15 AM,Python Programming,Prof. Patil,2,MCA,C,Lab 2,180,118,65.56,Practical,0,1,1
05-01-2026,Monday,4,12:15 PM,Advanced DBMS,Prof. Deshmukh,4,MBA,A,Auditorium,120,86,71.67,Theory,0,0,0
05-01-2026,Monday,5,02:00 PM,HR Analytics,Prof. Deshmukh,4,MCA,A,Auditorium,180,162,90.0,Theory,0,0,0
05-01-2026,Monday,6,03:00 PM,Web Development,Prof. Deshmukh,2,MBA,C,Lab 2,120,94,78.33,Practical,0,0,0
06-01-2026,Tuesday,1,09:00 AM,Advanced DBMS,Ishwari Gaikwad,4,MCA,A,Room 202,180,146,81.11,Theory,0,0,0
06-01-2026,Tuesday,2,10:00 AM,Python Programming,Prof. Deshmukh,4,MBA,B,Room 202,120,77,64.17,Theory,1,0,0
06-01-2026,Tuesday,3,11:15 AM,Advanced DBMS,Prof. Kulkarni,2,MCA,B,Lab 1,180,115,63.89,Practical,0,0,1
06-01-2026,Tuesday,4,12:15 PM,Financial Management,Prof. Patil,4,MCA,A,Auditorium,180,154,85.56,Theory,1,1,0
06-01-2026,Tuesday,5,02:00 PM,HR Analytics,Prof. Sharma,2,MCA,C,Auditorium,180,171,95.0,Theory,0,0,0
06-01-2026,Tuesday,6,03:00 PM,Advanced DBMS,Akash Upadhayay,2,MCA,B,Room 201,180,149,82.78,Theory,0,0,0
06-01-2026,Tuesday,1,09:00 AM,Machine Learning,Prof. Deshmukh,4,MCA,A,Room 201,180,140,77.78,Theory,1,0,0
06-01-2026,Tuesday,2,10:00 AM,Advanced DBMS,Prof. Deshmukh,2,MCA,A,Lab 1,180,151,,Practical,1,1,0
06-01-2026,Tuesday,3,11:15 AM,Python Programming,Prof. Deshmukh,2,MCA,C,Lab 1,180,162,90.0,Practical,0,1,0
06-01-2026,Tuesday,4,12:15 PM,Python Programming,Prof. Deshmukh,2,MBA,C,Lab 1,120,105,87.5,Practical,0,0,0
06-01-2026,Tuesday,5,02:00 PM,Advanced DBMS,Prof. Sharma,2,MBA,A,Lab 1,120,101,,Practical,0,0,0
06-01-2026,Tuesday,6,03:00 PM,Financial Management,Ishwari Gaikwad,2,MBA,C,Auditorium,120,86,71.67,Theory,0,0,0
06-01-2026,Tuesday,1,09:00 AM,Web Development,Ishwari Gaikwad,2,MBA,C,Room 202,120,106,88.33,Theory,0,0,0
06-01-2026,Tuesday,2,10:00 AM,HR Analytics,Akash Upadhayay,2,MCA,B,Lab 2,180,140,77.78,Practical,0,0,0
06-01-2026,Tuesday,3,11:15 AM,Machine Learning,Ishwari Gaikwad,2,MCA,A,Lab 1,180,131,72.78,Practical,0,0,1
06-01-2026,Tuesday,4,12:15 PM,Financial Management,Prof. Deshmukh,4,MCA,B,Lab 2,180,156,86.67,Practical,0,0,0
06-01-2026,Tuesday,5,02:00 PM,HR Analytics,Prof. Deshmukh,4,MCA,B,Auditorium,180,166,92.22,Theory,0,0,0
06-01-2026,Tuesday,6,03:00 PM,HR Analytics,Prof. Patil,2,MCA,C,Auditorium,180,144,80.0,Theory,0,1,0
06-01-2026,Tuesday,1,09:00 AM,Cloud Computing,Prof. Kulkarni,2,MBA,A,Auditorium,120,95,79.17,Theory,0,0,0
06-01-2026,Tuesday,2,10:00 AM,Machine Learning,Prof. Deshmukh,4,MCA,B,Lab 2,180,176,97.78,Practical,0,1,0
06-01-2026,Tuesday,3,11:15 AM,Machine Learning,Prof. Sharma,4,MCA,A,Lab 2,180,164,91.11,Practical,0,1,0
06-01-2026,Tuesday,4,12:15 PM,Cloud Computing,Akash Upadhayay,2,MCA,B,Lab 2,180,176,97.78,Practical,0,0,0
06-01-2026,Tuesday,5,02:00 PM,Web Development,Prof. Deshmukh,2,MBA,C,Room 202,120,101,84.17,Theory,0,0,0
06-01-2026,Tuesday,6,03:00 PM,Machine Learning,Prof. Deshmukh,4,MBA,B,Lab 1,120,87,72.5,Practical,0,0,0
07-01-2026,Wednesday,1,09:00 AM,Advanced DBMS,Akash Upadhayay,2,MCA,A,Room 202,180,94,52.22,Theory,0,0,1
07-01-2026,Wednesday,2,10:00 AM,Python Programming,Prof. Deshmukh,4,MBA,C,Room 201,120,104,86.67,Theory,0,0,0
07-01-2026,Wednesday,3,11:15 AM,Financial Management,Prof. Kulkarni,2,MBA,B,Lab 2,120,117,97.5,Practical,0,0,0
07-01-2026,Wednesday,4,12:15 PM,Advanced DBMS,Ishwari Gaikwad,4,MCA,B,Room 202,180,162,90.0,Theory,0,0,0
07-01-2026,Wednesday,5,02:00 PM,HR Analytics,Ishwari Gaikwad,2,MBA,C,Lab 2,120,104,86.67,Practical,0,0,0
07-01-2026,Wednesday,6,03:00 PM,Cloud Computing,Ishwari Gaikwad,4,MBA,A,Room 202,120,113,94.17,Theory,0,0,0
07-01-2026,Wednesday,1,09:00 AM,Python Programming,Prof. Patil,4,MCA,A,Auditorium,180,150,83.33,Theory,0,0,0
07-01-2026,Wednesday,2,10:00 AM,Cloud Computing,Prof. Sharma,4,MBA,A,Auditorium,120,108,90.0,Theory,0,0,0
07-01-2026,Wednesday,3,11:15 AM,HR Analytics,Prof. Deshmukh,4,MBA,A,Room 202,120,108,90.0,Theory,0,0,0
07-01-2026,Wednesday,4,12:15 PM,Python Programming,Akash Upadhayay,4,MCA,C,Room 202,180,148,,Theory,0,0,0
07-01-2026,Wednesday,5,02:00 PM,Cloud Computing,Prof. Kulkarni,4,MCA,B,Lab 1,180,142,78.89,Practical,0,0,1
07-01-2026,Wednesday,6,03:00 PM,Cloud Computing,Prof. Kulkarni,2,MBA,C,Auditorium,120,79,65.83,Theory,0,0,1
07-01-2026,Wednesday,1,09:00 AM,HR Analytics,Ishwari Gaikwad,4,MCA,A,Room 201,180,128,71.11,Theory,0,0,0
07-01-2026,Wednesday,2,10:00 AM,HR Analytics,Ishwari Gaikwad,2,MBA,A,Lab 2,120,114,95.0,Practical,0,0,0
07-01-2026,Wednesday,3,11:15 AM,Financial Management,Prof. Kulkarni,2,MCA,B,Room 202,180,154,85.56,Theory,0,0,0
07-01-2026,Wednesday,4,12:15 PM,Financial Management,Prof. Patil,4,MCA,C,Room 201,180,105,58.33,Theory,0,0,1
07-01-2026,Wednesday,5,02:00 PM,Machine Learning,Ishwari Gaikwad,2,MBA,A,Room 201,120,99,82.5,Theory,0,0,1
07-01-2026,Wednesday,6,03:00 PM,Python Programming,Ishwari Gaikwad,4,MBA,B,Room 201,120,91,75.83,Theory,0,0,0
07-01-2026,Wednesday,1,09:00 AM,Advanced DBMS,Prof. Deshmukh,4,MCA,B,Room 201,180,129,71.67,Theory,0,0,0
07-01-2026,Wednesday,2,10:00 AM,HR Analytics,Prof. Patil,4,MCA,B,Auditorium,180,102,56.67,Theory,1,1,0
07-01-2026,Wednesday,3,11:15 AM,Machine Learning,Akash Upadhayay,2,MCA,B,Auditorium,180,157,87.22,Theory,0,0,0
07-01-2026,Wednesday,4,12:15 PM,Advanced DBMS,Akash Upadhayay,4,MBA,C,Room 202,120,106,88.33,Theory,0,0,0
07-01-2026,Wednesday,5,02:00 PM,Machine Learning,Prof. Sharma,4,MBA,B,Room 201,120,105,87.5,Theory,0,0,0
07-01-2026,Wednesday,6,03:00 PM,Machine Learning,Prof. Patil,2,MCA,B,Lab 2,180,144,80.0,Practical,0,0,0
08-01-2026,Thursday,1,09:00 AM,HR Analytics,Prof. Deshmukh,2,MBA,C,Lab 1,120,111,92.5,Practical,0,0,0
08-01-2026,Thursday,2,10:00 AM,Financial Management,Ishwari Gaikwad,2,MBA,C,Lab 2,120,95,79.17,Practical,1,0,0
08-01-2026,Thursday,3,11:15 AM,Web Development,Ishwari Gaikwad,2,MCA,B,Lab 1,180,141,78.33,Practical,0,0,0
08-01-2026,Thursday,4,12:15 PM,Financial Management,Ishwari Gaikwad,2,MCA,C,Lab 1,180,176,97.78,Practical,0,0,0
08-01-2026,Thursday,5,02:00 PM,HR Analytics,Akash Upadhayay,2,MBA,C,Auditorium,120,94,78.33,Theory,0,0,0
08-01-2026,Thursday,6,03:00 PM,Financial Management,Ishwari Gaikwad,2,MCA,C,Lab 2,180,146,81.11,Practical,0,0,0
08-01-2026,Thursday,1,09:00 AM,Machine Learning,Prof. Sharma,4,MCA,A,Room 202,180,149,,Theory,0,0,0
08-01-2026,Thursday,2,10:00 AM,Financial Management,Akash Upadhayay,2,MCA,A,Auditorium,180,154,,Theory,0,0,0
08-01-2026,Thursday,3,11:15 AM,Machine Learning,Prof. Sharma,4,MBA,C,Lab 2,120,85,70.83,Practical,0,0,1
08-01-2026,Thursday,4,12:15 PM,Cloud Computing,Ishwari Gaikwad,4,MCA,B,Auditorium,180,143,79.44,Theory,0,0,0
08-01-2026,Thursday,5,02:00 PM,Machine Learning,Prof. Kulkarni,4,MCA,A,Room 201,180,147,81.67,Theory,0,0,0
08-01-2026,Thursday,6,03:00 PM,Cloud Computing,Prof. Sharma,2,MCA,A,Room 201,180,135,75.0,Theory,0,0,0
08-01-2026,Thursday,1,09:00 AM,HR Analytics,Prof. Sharma,4,MCA,A,Lab 1,180,143,79.44,Practical,0,0,0
08-01-2026,Thursday,2,10:00 AM,Machine Learning,Prof. Deshmukh,2,MCA,A,Room 202,180,123,68.33,Theory,0,0,1
08-01-2026,Thursday,3,11:15 AM,Financial Management,Prof. Kulkarni,4,MCA,B,Room 202,180,149,82.78,Theory,0,0,0
08-01-2026,Thursday,4,12:15 PM,Machine Learning,Prof. Kulkarni,2,MCA,A,Lab 1,180,176,97.78,Practical,0,0,0
08-01-2026,Thursday,5,02:00 PM,Advanced DBMS,Prof. Deshmukh,2,MCA,B,Room 201,180,146,81.11,Theory,0,0,0
08-01-2026,Thursday,6,03:00 PM,Financial Management,Akash Upadhayay,4,MCA,B,Lab 1,180,117,65.0,Practical,1,0,0
08-01-2026,Thursday,1,09:00 AM,Financial Management,Akash Upadhayay,4,MBA,A,Auditorium,120,89,74.17,Theory,1,1,0
08-01-2026,Thursday,2,10:00 AM,Machine Learning,Ishwari Gaikwad,2,MCA,A,Auditorium,180,174,96.67,Theory,0,1,0
08-01-2026,Thursday,3,11:15 AM,Python Programming,Ishwari Gaikwad,4,MBA,C,Auditorium,120,102,85.0,Theory,0,0,0
08-01-2026,Thursday,4,12:15 PM,Advanced DBMS,Prof. Deshmukh,2,MCA,A,Lab 2,180,170,94.44,Practical,0,1,0
08-01-2026,Thursday,5,02:00 PM,HR Analytics,Prof. Kulkarni,4,MCA,C,Room 201,180,163,90.56,Theory,0,0,0
08-01-2026,Thursday,6,03:00 PM,HR Analytics,Prof. Sharma,4,MCA,C,Room 201,180,131,72.78,Theory,0,0,0
09-01-2026,Friday,1,09:00 AM,Advanced DBMS,Ishwari Gaikwad,4,MBA,C,Room 201,120,94,78.33,Theory,0,0,0
09-01-2026,Friday,2,10:00 AM,Advanced DBMS,Prof. Sharma,2,MBA,A,Lab 2,120,115,95.83,Practical,0,0,0
09-01-2026,Friday,3,11:15 AM,Financial Management,Ishwari Gaikwad,2,MCA,A,Room 202,180,171,95.0,Theory,0,0,0
09-01-2026,Friday,4,12:15 PM,Financial Management,Ishwari Gaikwad,2,MCA,A,Room 201,180,171,95.0,Theory,0,0,0
09-01-2026,Friday,5,02:00 PM,Cloud Computing,Prof. Kulkarni,4,MBA,A,Auditorium,120,103,85.83,Theory,0,1,0
09-01-2026,Friday,6,03:00 PM,Python Programming,Prof. Patil,2,MBA,A,Lab 1,120,107,89.17,Practical,0,0,0
09-01-2026,Friday,1,09:00 AM,Cloud Computing,Akash Upadhayay,2,MCA,A,Lab 1,180,130,72.22,Practical,1,0,0
09-01-2026,Friday,2,10:00 AM,Cloud Computing,Prof. Kulkarni,4,MCA,C,Lab 2,180,158,87.78,Practical,1,0,0
09-01-2026,Friday,3,11:15 AM,Machine Learning,Ishwari Gaikwad,2,MBA,B,Lab 1,120,85,70.83,Practical,0,0,1
09-01-2026,Friday,4,12:15 PM,Python Programming,Prof. Deshmukh,2,MCA,B,Room 201,180,162,90.0,Theory,0,0,0
09-01-2026,Friday,5,02:00 PM,HR Analytics,Prof. Deshmukh,4,MCA,C,Auditorium,180,145,80.56,Theory,0,0,0
09-01-2026,Friday,6,03:00 PM,Cloud Computing,Akash Upadhayay,2,MBA,C,Room 201,120,86,,Theory,0,1,0
09-01-2026,Friday,1,09:00 AM,Web Development,Prof. Deshmukh,2,MCA,A,Lab 2,180,148,82.22,Practical,0,0,0
09-01-2026,Friday,2,10:00 AM,Machine Learning,Prof. Deshmukh,2,MCA,A,Auditorium,180,146,81.11,Theory,0,0,0
09-01-2026,Friday,3,11:15 AM,Web Development,Prof. Sharma,4,MBA,C,Auditorium,120,99,82.5,Theory,0,0,0
09-01-2026,Friday,4,12:15 PM,HR Analytics,Ishwari Gaikwad,4,MBA,B,Room 202,120,95,79.17,Theory,0,0,0
09-01-2026,Friday,5,02:00 PM,Financial Management,Prof. Sharma,4,MBA,B,Auditorium,120,103,85.83,Theory,0,1,0
09-01-2026,Friday,6,03:00 PM,Financial Management,Prof. Kulkarni,4,MCA,B,Lab 1,180,123,68.33,Practical,1,0,0
09-01-2026,Friday,1,09:00 AM,Web Development,Prof. Deshmukh,2,MBA,A,Room 201,120,87,72.5,Theory,0,0,0
09-01-2026,Friday,2,10:00 AM,Web Development,Akash Upadhayay,2,MCA,A,Room 202,180,176,97.78,Theory,0,0,0
09-01-2026,Friday,3,11:15 AM,HR Analytics,Prof. Patil,4,MBA,A,Room 202,120,97,80.83,Theory,0,0,0
09-01-2026,Friday,4,12:15 PM,Advanced DBMS,Prof. Patil,4,MBA,C,Room 201,120,109,90.83,Theory,0,0,0
09-01-2026,Friday,5,02:00 PM,Python Programming,Prof. Deshmukh,2,MBA,C,Room 202,120,102,85.0,Theory,0,0,0
09-01-2026,Friday,6,03:00 PM,Machine Learning,Prof. Patil,4,MCA,C,Lab 1,180,161,89.44,Practical,0,1,0
10-01-2026,Saturday,1,09:00 AM,Financial Management,Prof. Deshmukh,4,MCA,C,Lab 1,180,92,51.11,Practical,1,1,0
10-01-2026,Saturday,2,10:00 AM,Machine Learning,Prof. Deshmukh,2,MBA,A,Room 202,120,98,81.67,Theory,0,0,0
10-01-2026,Saturday,3,11:15 AM,Advanced DBMS,Ishwari Gaikwad,4,MBA,A,Room 201,120,95,79.17,Theory,0,0,0
10-01-2026,Saturday,4,12:15 PM,HR Analytics,Ishwari Gaikwad,4,MCA,B,Lab 1,180,84,46.67,Practical,1,0,1
10-01-2026,Saturday,5,02:00 PM,Web Development,Ishwari Gaikwad,4,MBA,B,Auditorium,120,110,91.67,Theory,0,1,0
10-01-2026,Saturday,6,03:00 PM,Cloud Computing,Prof. Sharma,2,MBA,A,Lab 1,120,102,85.0,Practical,0,0,0
10-01-2026,Saturday,1,09:00 AM,Machine Learning,Prof. Patil,4,MCA,B,Lab 1,180,123,68.33,Practical,0,0,0
10-01-2026,Saturday,2,10:00 AM,Financial Management,Prof. Deshmukh,4,MBA,C,Auditorium,120,91,75.83,Theory,0,0,0
10-01-2026,Saturday,3,11:15 AM,Web Development,Prof. Patil,4,MCA,B,Room 202,180,137,76.11,Theory,0,1,0
10-01-2026,Saturday,4,12:15 PM,HR Analytics,Ishwari Gaikwad,2,MBA,C,Lab 1,120,115,95.83,Practical,0,0,0
10-01-2026,Saturday,5,02:00 PM,Cloud Computing,Ishwari Gaikwad,4,MCA,B,Lab 2,180,145,80.56,Practical,0,0,0
10-01-2026,Saturday,6,03:00 PM,Cloud Computing,Akash Upadhayay,4,MBA,B,Lab 1,120,94,78.33,Practical,0,0,0
10-01-2026,Saturday,1,09:00 AM,Financial Management,Prof. Sharma,4,MCA,C,Auditorium,180,111,61.67,Theory,0,0,0
10-01-2026,Saturday,2,10:00 AM,Machine Learning,Prof. Patil,2,MCA,A,Room 201,180,158,87.78,Theory,0,0,0
10-01-2026,Saturday,3,11:15 AM,Cloud Computing,Prof. Kulkarni,4,MCA,C,Lab 2,180,171,95.0,Practical,0,1,0
10-01-2026,Saturday,4,12:15 PM,Machine Learning,Prof. Kulkarni,2,MCA,A,Lab 1,180,155,86.11,Practical,0,1,0
10-01-2026,Saturday,5,02:00 PM,Advanced DBMS,Prof. Patil,4,MCA,C,Lab 1,180,139,77.22,Practical,1,0,0
10-01-2026,Saturday,6,03:00 PM,Financial Management,Prof. Kulkarni,2,MCA,C,Room 202,180,132,73.33,Theory,0,0,0
10-01-2026,Saturday,1,09:00 AM,Python Programming,Prof. Kulkarni,4,MCA,A,Room 202,180,130,72.22,Theory,0,0,0
10-01-2026,Saturday,2,10:00 AM,Advanced DBMS,Prof. Kulkarni,2,MBA,A,Room 201,120,97,80.83,Theory,0,0,0
10-01-2026,Saturday,3,11:15 AM,Machine Learning,Prof. Kulkarni,4,MBA,B,Room 201,120,79,65.83,Theory,0,0,1
10-01-2026,Saturday,4,12:15 PM,Advanced DBMS,Prof. Deshmukh,2,MBA,A,Room 201,120,89,74.17,Theory,0,0,0
10-01-2026,Saturday,5,02:00 PM,Python Programming,Prof. Sharma,2,MCA,B,Room 202,180,129,71.67,Theory,0,0,0
10-01-2026,Saturday,6,03:00 PM,Financial Management,Prof. Patil,4,MBA,C,Room 201,120,87,72.5,Theory,0,0,0
11-01-2026,Monday,1,09:00 AM,Financial Management,Prof. Deshmukh,4,MCA,C,Auditorium,180,124,68.89,Theory,0,0,0
11-01-2026,Monday,2,10:00 AM,Advanced DBMS,Prof. Patil,4,MCA,B,Auditorium,180,148,82.22,Theory,0,0,0
11-01-2026,Monday,3,11:15 AM,Advanced DBMS,Prof. Deshmukh,4,MCA,B,Lab 1,180,154,85.56,Practical,0,0,0
11-01-2026,Monday,4,12:15 PM,HR Analytics,Prof. Patil,2,MBA,B,Auditorium,120,84,114.0,Theory,0,1,0
11-01-2026,Monday,5,02:00 PM,Web Development,Ishwari Gaikwad,2,MCA,B,Room 201,180,153,85.0,Theory,0,0,0
11-01-2026,Monday,6,03:00 PM,Cloud Computing,Prof. Deshmukh,2,MBA,B,Room 201,120,79,65.83,Theory,0,0,0
11-01-2026,Monday,1,09:00 AM,Machine Learning,Prof. Deshmukh,4,MCA,C,Room 202,180,137,76.11,Theory,0,0,0
11-01-2026,Monday,2,10:00 AM,HR Analytics,Ishwari Gaikwad,4,MCA,C,Lab 1,180,107,59.44,Practical,0,0,1
11-01-2026,Monday,3,11:15 AM,Python Programming,Prof. Patil,4,MBA,A,Room 201,120,86,71.67,Theory,0,0,0
11-01-2026,Monday,4,12:15 PM,Machine Learning,Prof. Kulkarni,4,MCA,B,Auditorium,180,135,75.0,Theory,0,0,0
11-01-2026,Monday,5,02:00 PM,Cloud Computing,Akash Upadhayay,2,MBA,B,Lab 1,120,102,85.0,Practical,0,0,0
11-01-2026,Monday,6,03:00 PM,HR Analytics,Prof. Deshmukh,2,MCA,C,Lab 1,180,128,71.11,Practical,0,0,0
11-01-2026,Monday,1,09:00 AM,Python Programming,Prof. Deshmukh,4,MCA,B,Room 201,180,119,66.11,Theory,0,0,0
11-01-2026,Monday,2,10:00 AM,Machine Learning,Akash Upadhayay,2,MCA,A,Lab 2,180,131,72.78,Practical,1,1,0
11-01-2026,Monday,3,11:15 AM,Web Development,Akash Upadhayay,4,MCA,B,Auditorium,180,148,82.22,Theory,0,0,0
11-01-2026,Monday,4,12:15 PM,Python Programming,Prof. Deshmukh,2,MBA,B,Auditorium,120,107,89.17,Theory,0,0,0
11-01-2026,Monday,5,02:00 PM,HR Analytics,Akash Upadhayay,4,MCA,B,Room 202,180,141,78.33,Theory,0,0,0
11-01-2026,Monday,6,03:00 PM,Advanced DBMS,Prof. Patil,2,MBA,C,Lab 2,120,92,76.67,Practical,0,0,0
11-01-2026,Monday,1,09:00 AM,Web Development,Prof. Sharma,2,MBA,C,Lab 2,120,97,120.0,Practical,0,0,0
11-01-2026,Monday,2,10:00 AM,Python Programming,Prof. Sharma,2,MCA,C,Room 202,180,138,76.67,Theory,0,0,0
11-01-2026,Monday,3,11:15 AM,Web Development,Prof. Patil,2,MCA,B,Lab 1,180,172,95.56,Practical,0,0,0
11-01-2026,Monday,4,12:15 PM,HR Analytics,Prof. Kulkarni,2,MCA,A,Lab 2,180,144,80.0,Practical,1,0,0
11-01-2026,Monday,5,02:00 PM,Financial Management,Ishwari Gaikwad,4,MCA,A,Lab 2,180,146,81.11,Practical,0,0,0
11-01-2026,Monday,6,03:00 PM,Financial Management,Prof. Patil,4,MBA,C,Auditorium,120,88,73.33,Theory,0,0,0
12-01-2026,Monday,1,09:00 AM,Financial Management,Ishwari Gaikwad,2,MCA,A,Room 202,180,73,40.56,Theory,1,0,0
12-01-2026,Monday,2,10:00 AM,Advanced DBMS,Ishwari Gaikwad,4,MBA,A,Lab 1,120,98,81.67,Practical,0,0,0
12-01-2026,Monday,3,11:15 AM,Web Development,Akash Upadhayay,2,MBA,A,Room 201,120,90,75.0,Theory,0,0,0
12-01-2026,Monday,4,12:15 PM,Financial Management,Prof. Patil,2,MCA,B,Auditorium,180,120,,Theory,1,0,0
12-01-2026,Monday,5,02:00 PM,Advanced DBMS,Prof. Kulkarni,2,MCA,A,Auditorium,180,138,76.67,Theory,0,0,0
12-01-2026,Monday,6,03:00 PM,Python Programming,Akash Upadhayay,2,MCA,B,Room 202,180,122,114.0,Theory,0,0,0
12-01-2026,Monday,1,09:00 AM,Web Development,Ishwari Gaikwad,2,MCA,B,Auditorium,180,128,71.11,Theory,0,0,0
12-01-2026,Monday,2,10:00 AM,Advanced DBMS,Prof. Kulkarni,4,MCA,B,Auditorium,180,147,81.67,Theory,0,0,0
12-01-2026,Monday,3,11:15 AM,Python Programming,Ishwari Gaikwad,2,MBA,A,Lab 2,120,90,75.0,Practical,0,0,1
12-01-2026,Monday,4,12:15 PM,HR Analytics,Prof. Sharma,2,MCA,B,Lab 1,180,145,80.56,Practical,0,0,0
12-01-2026,Monday,5,02:00 PM,Financial Management,Prof. Kulkarni,2,MCA,A,Lab 1,180,146,81.11,Practical,0,1,0
12-01-2026,Monday,6,03:00 PM,Python Programming,Prof. Deshmukh,2,MCA,B,Lab 2,180,144,80.0,Practical,0,0,0
12-01-2026,Monday,1,09:00 AM,Advanced DBMS,Prof. Deshmukh,4,MCA,B,Lab 1,180,134,74.44,Practical,0,0,0
12-01-2026,Monday,2,10:00 AM,Advanced DBMS,Prof. Kulkarni,4,MBA,A,Lab 1,120,94,78.33,Practical,0,0,0
12-01-2026,Monday,3,11:15 AM,Cloud Computing,Prof. Deshmukh,4,MCA,B,Auditorium,180,142,78.89,Theory,0,0,0
12-01-2026,Monday,4,12:15 PM,Python Programming,Prof. Deshmukh,4,MBA,A,Lab 2,120,112,114.0,Practical,0,0,0
12-01-2026,Monday,5,02:00 PM,Advanced DBMS,Prof. Sharma,2,MCA,C,Room 202,180,138,76.67,Theory,0,0,1
12-01-2026,Monday,6,03:00 PM,Machine Learning,Prof. Deshmukh,4,MCA,B,Room 202,180,126,70.0,Theory,1,1,0
12-01-2026,Monday,1,09:00 AM,Python Programming,Akash Upadhayay,4,MCA,C,Auditorium,180,135,75.0,Theory,0,1,0
12-01-2026,Monday,2,10:00 AM,Web Development,Prof. Deshmukh,4,MCA,B,Room 201,180,152,84.44,Theory,0,0,0
12-01-2026,Monday,3,11:15 AM,Financial Management,Ishwari Gaikwad,4,MCA,A,Room 201,180,136,75.56,Theory,0,0,0
12-01-2026,Monday,4,12:15 PM,HR Analytics,Akash Upadhayay,4,MBA,B,Auditorium,120,85,70.83,Theory,0,1,0
12-01-2026,Monday,5,02:00 PM,HR Analytics,Ishwari Gaikwad,2,MBA,A,Lab 1,120,77,64.17,Practical,1,0,0
12-01-2026,Monday,6,03:00 PM,Web Development,Ishwari Gaikwad,2,MCA,C,Room 202,180,86,47.78,Theory,0,0,1
13-01-2026,Tuesday,1,09:00 AM,Financial Management,Ishwari Gaikwad,2,MCA,B,Lab 1,180,162,90.0,Practical,0,1,0
13-01-2026,Tuesday,2,10:00 AM,Python Programming,Prof. Deshmukh,2,MCA,A,Auditorium,180,150,83.33,Theory,0,0,0
13-01-2026,Tuesday,3,11:15 AM,Python Programming,Prof. Kulkarni,2,MCA,A,Room 201,180,142,78.89,Theory,0,0,0
13-01-2026,Tuesday,4,12:15 PM,Advanced DBMS,Ishwari Gaikwad,4,MBA,C,Lab 2,120,109,90.83,Practical,0,0,0
13-01-2026,Tuesday,5,02:00 PM,Cloud Computing,Prof. Deshmukh,4,MBA,B,Lab 1,120,109,90.83,Practical,0,1,0
13-01-2026,Tuesday,6,03:00 PM,HR Analytics,Prof. Sharma,2,MCA,A,Lab 2,180,147,81.67,Practical,0,0,0
13-01-2026,Tuesday,1,09:00 AM,Web Development,Akash Upadhayay,2,MCA,B,Auditorium,180,139,77.22,Theory,0,0,0
13-01-2026,Tuesday,2,10:00 AM,Financial Management,Akash Upadhayay,2,MCA,C,Lab 1,180,174,96.67,Practical,0,0,0
13-01-2026,Tuesday,3,11:15 AM,Machine Learning,Prof. Kulkarni,2,MBA,A,Lab 1,120,112,93.33,Practical,0,1,0
13-01-2026,Tuesday,4,12:15 PM,HR Analytics,Prof. Sharma,4,MCA,A,Lab 2,180,149,82.78,Practical,0,0,0
13-01-2026,Tuesday,5,02:00 PM,Cloud Computing,Prof. Sharma,2,MBA,C,Lab 2,120,117,97.5,Practical,0,0,0
13-01-2026,Tuesday,6,03:00 PM,Financial Management,Prof. Patil,2,MBA,A,Room 202,120,87,72.5,Theory,1,1,0
13-01-2026,Tuesday,1,09:00 AM,HR Analytics,Prof. Sharma,4,MBA,B,Auditorium,120,94,78.33,Theory,0,0,0
13-01-2026,Tuesday,2,10:00 AM,Machine Learning,Ishwari Gaikwad,4,MCA,C,Lab 2,180,173,96.11,Practical,0,0,0
13-01-2026,Tuesday,3,11:15 AM,Advanced DBMS,Ishwari Gaikwad,2,MBA,C,Auditorium,120,99,82.5,Theory,0,0,0
13-01-2026,Tuesday,4,12:15 PM,HR Analytics,Prof. Deshmukh,2,MCA,A,Auditorium,180,163,90.56,Theory,0,0,0
13-01-2026,Tuesday,5,02:00 PM,Machine Learning,Prof. Sharma,2,MCA,C,Room 201,180,162,90.0,Theory,0,0,0
13-01-2026,Tuesday,6,03:00 PM,Machine Learning,Prof. Patil,2,MCA,A,Auditorium,180,152,84.44,Theory,0,0,0
13-01-2026,Tuesday,1,09:00 AM,Web Development,Prof. Deshmukh,2,MCA,B,Room 201,180,119,66.11,Theory,1,0,0
13-01-2026,Tuesday,2,10:00 AM,Financial Management,Prof. Patil,4,MBA,A,Lab 1,120,107,89.17,Practical,0,0,0
13-01-2026,Tuesday,3,11:15 AM,Advanced DBMS,Akash Upadhayay,2,MCA,B,Auditorium,180,137,76.11,Theory,1,0,0
13-01-2026,Tuesday,4,12:15 PM,Machine Learning,Prof. Kulkarni,4,MCA,A,Room 201,180,174,96.67,Theory,0,0,0
13-01-2026,Tuesday,5,02:00 PM,Advanced DBMS,Akash Upadhayay,4,MCA,A,Room 201,180,131,72.78,Theory,1,0,0
13-01-2026,Tuesday,6,03:00 PM,HR Analytics,Prof. Deshmukh,2,MBA,B,Room 201,120,89,74.17,Theory,1,0,0
14-01-2026,Wednesday,1,09:00 AM,Advanced DBMS,Prof. Sharma,2,MCA,A,Lab 1,180,156,86.67,Practical,0,0,0
14-01-2026,Wednesday,2,10:00 AM,Machine Learning,Prof. Sharma,4,MCA,B,Room 201,180,146,81.11,Theory,0,1,0
14-01-2026,Wednesday,3,11:15 AM,Python Programming,Prof. Kulkarni,2,MBA,B,Auditorium,120,92,76.67,Theory,0,0,0
14-01-2026,Wednesday,4,12:15 PM,Machine Learning,Prof. Kulkarni,4,MBA,A,Lab 2,120,87,72.5,Practical,0,0,0
14-01-2026,Wednesday,5,02:00 PM,Machine Learning,Prof. Deshmukh,2,MCA,B,Auditorium,180,132,120.0,Theory,1,0,0
14-01-2026,Wednesday,6,03:00 PM,Python Programming,Prof. Deshmukh,4,MCA,C,Lab 2,180,160,88.89,Practical,0,0,0
14-01-2026,Wednesday,1,09:00 AM,Web Development,Ishwari Gaikwad,2,MBA,C,Lab 2,120,76,63.33,Practical,0,0,1
14-01-2026,Wednesday,2,10:00 AM,Cloud Computing,Prof. Deshmukh,2,MCA,B,Auditorium,180,162,90.0,Theory,0,0,0
14-01-2026,Wednesday,3,11:15 AM,Advanced DBMS,Prof. Deshmukh,4,MCA,C,Room 201,180,166,92.22,Theory,0,1,0
14-01-2026,Wednesday,4,12:15 PM,Cloud Computing,Ishwari Gaikwad,2,MCA,A,Auditorium,180,158,87.78,Theory,0,1,0
14-01-2026,Wednesday,5,02:00 PM,Python Programming,Prof. Deshmukh,4,MBA,B,Lab 1,120,117,97.5,Practical,0,0,0
14-01-2026,Wednesday,6,03:00 PM,Machine Learning,Ishwari Gaikwad,2,MCA,A,Lab 1,180,143,79.44,Practical,0,0,0
14-01-2026,Wednesday,1,09:00 AM,Web Development,Prof. Sharma,2,MCA,B,Lab 1,180,133,73.89,Practical,0,0,0
14-01-2026,Wednesday,2,10:00 AM,Financial Management,Ishwari Gaikwad,4,MBA,B,Auditorium,120,82,68.33,Theory,0,0,1
14-01-2026,Wednesday,3,11:15 AM,Machine Learning,Prof. Sharma,4,MCA,C,Auditorium,180,140,77.78,Theory,0,1,0
14-01-2026,Wednesday,4,12:15 PM,Web Development,Prof. Deshmukh,2,MCA,C,Lab 2,180,165,91.67,Practical,0,0,0
14-01-2026,Wednesday,5,02:00 PM,Web Development,Prof. Deshmukh,2,MCA,A,Auditorium,180,124,68.89,Theory,0,0,1
14-01-2026,Wednesday,6,03:00 PM,Financial Management,Prof. Sharma,4,MCA,A,Auditorium,180,144,80.0,Theory,0,0,0
14-01-2026,Wednesday,1,09:00 AM,Cloud Computing,Ishwari Gaikwad,2,MCA,C,Lab 1,180,159,88.33,Practical,0,0,0
14-01-2026,Wednesday,2,10:00 AM,Web Development,Prof. Deshmukh,2,MBA,A,Room 202,120,87,72.5,Theory,0,0,0
14-01-2026,Wednesday,3,11:15 AM,Cloud Computing,Prof. Patil,2,MCA,A,Auditorium,180,147,81.67,Theory,0,0,0
14-01-2026,Wednesday,4,12:15 PM,Web Development,Prof. Patil,4,MBA,B,Auditorium,120,85,70.83,Theory,0,1,0
14-01-2026,Wednesday,5,02:00 PM,HR Analytics,Prof. Sharma,4,MCA,C,Auditorium,180,127,70.56,Theory,0,0,0
14-01-2026,Wednesday,6,03:00 PM,Python Programming,Akash Upadhayay,2,MBA,C,Room 201,120,117,,Theory,0,0,0
15-01-2026,Thursday,1,09:00 AM,Advanced DBMS,Prof. Kulkarni,2,MCA,B,Lab 2,180,172,95.56,Practical,0,1,0
15-01-2026,Thursday,2,10:00 AM,Python Programming,Prof. Kulkarni,2,MCA,C,Auditorium,180,151,83.89,Theory,0,0,0
15-01-2026,Thursday,3,11:15 AM,Cloud Computing,Akash Upadhayay,4,MBA,B,Lab 2,120,113,94.17,Practical,0,0,0
15-01-2026,Thursday,4,12:15 PM,Advanced DBMS,Prof. Deshmukh,2,MCA,C,Auditorium,180,160,88.89,Theory,0,1,0
15-01-2026,Thursday,5,02:00 PM,Cloud Computing,Prof. Patil,4,MCA,C,Room 202,180,153,85.0,Theory,0,1,0
15-01-2026,Thursday,6,03:00 PM,Python Programming,Akash Upadhayay,4,MCA,A,Lab 2,180,127,70.56,Practical,0,1,0
15-01-2026,Thursday,1,09:00 AM,HR Analytics,Prof. Patil,4,MCA,B,Room 201,180,147,81.67,Theory,0,0,0
15-01-2026,Thursday,2,10:00 AM,Advanced DBMS,Prof. Patil,2,MCA,C,Lab 1,180,168,93.33,Practical,0,0,0
15-01-2026,Thursday,3,11:15 AM,Advanced DBMS,Prof. Kulkarni,4,MCA,A,Lab 1,180,98,54.44,Practical,1,0,1
15-01-2026,Thursday,4,12:15 PM,Python Programming,Akash Upadhayay,2,MCA,C,Room 201,180,152,84.44,Theory,0,1,0
15-01-2026,Thursday,5,02:00 PM,Financial Management,Akash Upadhayay,4,MCA,C,Auditorium,180,165,91.67,Theory,0,0,0
15-01-2026,Thursday,6,03:00 PM,Machine Learning,Prof. Deshmukh,2,MCA,A,Room 202,180,136,75.56,Theory,0,0,0
15-01-2026,Thursday,1,09:00 AM,Financial Management,Prof. Kulkarni,4,MCA,C,Room 201,180,115,63.89,Theory,1,0,0
15-01-2026,Thursday,2,10:00 AM,Python Programming,Prof. Deshmukh,4,MCA,A,Auditorium,180,151,83.89,Theory,0,0,0
15-01-2026,Thursday,3,11:15 AM,Financial Management,Ishwari Gaikwad,2,MBA,C,Auditorium,120,110,91.67,Theory,0,0,0
15-01-2026,Thursday,4,12:15 PM,Web Development,Prof. Deshmukh,4,MCA,C,Lab 1,180,151,83.89,Practical,0,0,1
15-01-2026,Thursday,5,02:00 PM,Advanced DBMS,Prof. Kulkarni,2,MCA,B,Lab 1,180,142,78.89,Practical,1,1,0
15-01-2026,Thursday,6,03:00 PM,Advanced DBMS,Prof. Patil,4,MCA,B,Lab 1,180,139,120.0,Practical,0,0,0
15-01-2026,Thursday,1,09:00 AM,Financial Management,Akash Upadhayay,2,MBA,C,Lab 1,120,96,,Practical,0,0,0
15-01-2026,Thursday,2,10:00 AM,Web Development,Prof. Sharma,2,MCA,C,Auditorium,180,128,71.11,Theory,0,0,1
15-01-2026,Thursday,3,11:15 AM,Web Development,Prof. Deshmukh,2,MBA,C,Auditorium,120,99,82.5,Theory,0,0,0
15-01-2026,Thursday,4,12:15 PM,Web Development,Prof. Kulkarni,2,MBA,A,Lab 1,120,107,89.17,Practical,0,0,0
15-01-2026,Thursday,5,02:00 PM,Web Development,Prof. Patil,2,MCA,C,Room 202,180,140,77.78,Theory,0,1,0
15-01-2026,Thursday,6,03:00 PM,Advanced DBMS,Ishwari Gaikwad,2,MBA,B,Room 201,120,84,70.0,Theory,0,0,0
16-01-2026,Friday,1,09:00 AM,HR Analytics,Prof. Deshmukh,4,MCA,B,Room 202,180,151,83.89,Theory,0,0,0
16-01-2026,Friday,2,10:00 AM,Web Development,Prof. Deshmukh,2,MBA,A,Auditorium,120,96,80.0,Theory,0,0,0
16-01-2026,Friday,3,11:15 AM,Cloud Computing,Prof. Kulkarni,4,MCA,B,Lab 1,180,143,79.44,Practical,0,0,0
16-01-2026,Friday,4,12:15 PM,Advanced DBMS,Ishwari Gaikwad,2,MBA,A,Room 202,120,107,89.17,Theory,0,0,0
16-01-2026,Friday,5,02:00 PM,HR Analytics,Prof. Patil,2,MBA,A,Auditorium,120,95,79.17,Theory,0,0,0
16-01-2026,Friday,6,03:00 PM,Advanced DBMS,Prof. Sharma,4,MCA,A,Auditorium,180,144,80.0,Theory,0,0,0
16-01-2026,Friday,1,09:00 AM,Python Programming,Prof. Deshmukh,2,MCA,A,Lab 1,180,109,60.56,Practical,0,0,1
16-01-2026,Friday,2,10:00 AM,Financial Management,Prof. Patil,2,MBA,A,Auditorium,120,54,45.0,Theory,1,1,1
16-01-2026,Friday,3,11:15 AM,HR Analytics,Ishwari Gaikwad,4,MCA,A,Lab 2,180,169,93.89,Practical,0,0,0
16-01-2026,Friday,4,12:15 PM,Machine Learning,Prof. Deshmukh,4,MCA,C,Lab 2,180,172,95.56,Practical,0,0,0
16-01-2026,Friday,5,02:00 PM,Cloud Computing,Prof. Kulkarni,4,MBA,B,Lab 1,120,97,80.83,Practical,0,0,0
16-01-2026,Friday,6,03:00 PM,Cloud Computing,Prof. Deshmukh,4,MCA,B,Auditorium,180,116,64.44,Theory,1,0,0
16-01-2026,Friday,1,09:00 AM,HR Analytics,Prof. Deshmukh,4,MBA,A,Room 201,120,77,,Theory,0,0,0
16-01-2026,Friday,2,10:00 AM,Financial Management,Prof. Deshmukh,4,MCA,C,Room 202,180,130,72.22,Theory,0,0,1
16-01-2026,Friday,3,11:15 AM,Advanced DBMS,Prof. Kulkarni,4,MBA,A,Auditorium,120,96,80.0,Theory,1,0,0
16-01-2026,Friday,4,12:15 PM,HR Analytics,Prof. Deshmukh,4,MBA,A,Auditorium,120,110,91.67,Theory,0,0,0
16-01-2026,Friday,5,02:00 PM,HR Analytics,Akash Upadhayay,2,MCA,C,Auditorium,180,156,86.67,Theory,0,0,0
16-01-2026,Friday,6,03:00 PM,Cloud Computing,Ishwari Gaikwad,4,MBA,C,Room 201,120,77,64.17,Theory,0,1,0
16-01-2026,Friday,1,09:00 AM,Financial Management,Prof. Kulkarni,4,MBA,A,Lab 2,120,94,78.33,Practical,0,0,0
16-01-2026,Friday,2,10:00 AM,Web Development,Prof. Patil,4,MBA,A,Room 201,120,108,90.0,Theory,0,0,0
16-01-2026,Friday,3,11:15 AM,Python Programming,Akash Upadhayay,2,MCA,C,Room 202,180,135,75.0,Theory,0,1,0
16-01-2026,Friday,4,12:15 PM,Machine Learning,Ishwari Gaikwad,2,MCA,C,Auditorium,180,150,83.33,Theory,0,0,0
16-01-2026,Friday,5,02:00 PM,Cloud Computing,Prof. Sharma,2,MCA,B,Lab 2,180,161,89.44,Practical,0,0,0
16-01-2026,Friday,6,03:00 PM,Python Programming,Prof. Kulkarni,2,MCA,A,Lab 2,180,112,62.22,Practical,0,0,1
17-01-2026,Saturday,1,09:00 AM,Cloud Computing,Prof. Patil,2,MBA,A,Room 202,120,100,83.33,Theory,0,1,0
17-01-2026,Saturday,2,10:00 AM,Advanced DBMS,Ishwari Gaikwad,2,MBA,A,Lab 2,120,96,80.0,Practical,0,1,0
17-01-2026,Saturday,3,11:15 AM,Python Programming,Akash Upadhayay,2,MCA,A,Room 202,180,141,78.33,Theory,0,0,0
17-01-2026,Saturday,4,12:15 PM,HR Analytics,Ishwari Gaikwad,2,MCA,C,Room 202,180,132,73.33,Theory,0,0,0
17-01-2026,Saturday,5,02:00 PM,Advanced DBMS,Prof. Kulkarni,2,MCA,B,Lab 1,180,148,82.22,Practical,1,0,0
17-01-2026,Saturday,6,03:00 PM,Advanced DBMS,Prof. Deshmukh,4,MCA,A,Room 201,180,144,80.0,Theory,0,0,0
17-01-2026,Saturday,1,09:00 AM,Python Programming,Prof. Deshmukh,4,MCA,A,Auditorium,180,125,69.44,Theory,0,0,0
17-01-2026,Saturday,2,10:00 AM,HR Analytics,Ishwari Gaikwad,4,MCA,B,Room 201,180,147,81.67,Theory,0,0,0
17-01-2026,Saturday,3,11:15 AM,Machine Learning,Ishwari Gaikwad,2,MBA,A,Auditorium,120,82,68.33,Theory,1,1,0
17-01-2026,Saturday,4,12:15 PM,Web Development,Akash Upadhayay,2,MCA,B,Room 201,180,147,81.67,Theory,0,0,0
17-01-2026,Saturday,5,02:00 PM,Cloud Computing,Ishwari Gaikwad,4,MCA,B,Auditorium,180,149,82.78,Theory,0,1,0
17-01-2026,Saturday,6,03:00 PM,Machine Learning,Prof. Kulkarni,4,MCA,C,Auditorium,180,110,61.11,Theory,0,0,0
17-01-2026,Saturday,1,09:00 AM,HR Analytics,Ishwari Gaikwad,4,MBA,B,Room 201,120,81,67.5,Theory,0,0,0
17-01-2026,Saturday,2,10:00 AM,HR Analytics,Prof. Deshmukh,2,MBA,B,Auditorium,120,107,89.17,Theory,0,1,0
17-01-2026,Saturday,3,11:15 AM,Python Programming,Ishwari Gaikwad,4,MCA,A,Room 202,180,153,85.0,Theory,0,0,0
17-01-2026,Saturday,4,12:15 PM,Web Development,Prof. Sharma,4,MBA,B,Lab 1,120,100,83.33,Practical,0,0,0
17-01-2026,Saturday,5,02:00 PM,HR Analytics,Ishwari Gaikwad,2,MCA,B,Room 201,180,137,76.11,Theory,0,0,0
17-01-2026,Saturday,6,03:00 PM,Python Programming,Prof. Kulkarni,2,MCA,B,Auditorium,180,134,74.44,Theory,0,0,0
17-01-2026,Saturday,1,09:00 AM,Cloud Computing,Prof. Deshmukh,2,MBA,C,Room 201,120,89,74.17,Theory,0,0,0
17-01-2026,Saturday,2,10:00 AM,Advanced DBMS,Prof. Sharma,4,MCA,B,Room 201,180,132,73.33,Theory,0,0,0
17-01-2026,Saturday,3,11:15 AM,HR Analytics,Prof. Kulkarni,4,MCA,C,Lab 1,180,116,64.44,Practical,1,0,0
17-01-2026,Saturday,4,12:15 PM,Financial Management,Ishwari Gaikwad,4,MCA,C,Room 202,180,137,76.11,Theory,0,0,0
17-01-2026,Saturday,5,02:00 PM,Python Programming,Prof. Deshmukh,2,MCA,B,Room 201,180,153,85.0,Theory,0,1,0
17-01-2026,Saturday,6,03:00 PM,Machine Learning,Prof. Deshmukh,2,MBA,C,Room 201,120,85,70.83,Theory,0,0,0
18-01-2026,Monday,1,09:00 AM,Python Programming,Prof. Sharma,4,MBA,C,Lab 1,120,100,83.33,Practical,0,0,0
18-01-2026,Monday,2,10:00 AM,Financial Management,Prof. Kulkarni,4,MCA,A,Room 201,180,154,85.56,Theory,0,0,0
18-01-2026,Monday,3,11:15 AM,Python Programming,Prof. Deshmukh,4,MBA,B,Lab 1,120,87,72.5,Practical,0,0,1
18-01-2026,Monday,4,12:15 PM,HR Analytics,Prof. Kulkarni,4,MCA,C,Room 202,180,134,74.44,Theory,0,0,0
18-01-2026,Monday,5,02:00 PM,Python Programming,Prof. Patil,2,MBA,B,Auditorium,120,75,62.5,Theory,0,0,1
18-01-2026,Monday,6,03:00 PM,HR Analytics,Ishwari Gaikwad,4,MBA,A,Room 202,120,90,75.0,Theory,0,1,0
18-01-2026,Monday,1,09:00 AM,Cloud Computing,Prof. Sharma,2,MCA,B,Lab 1,180,138,76.67,Practical,0,0,0
18-01-2026,Monday,2,10:00 AM,Machine Learning,Akash Upadhayay,4,MBA,A,Room 202,120,95,79.17,Theory,0,0,0
18-01-2026,Monday,3,11:15 AM,HR Analytics,Akash Upadhayay,4,MCA,B,Room 201,180,130,72.22,Theory,0,0,0
18-01-2026,Monday,4,12:15 PM,Financial Management,Ishwari Gaikwad,4,MBA,A,Room 201,120,98,81.67,Theory,0,0,0
18-01-2026,Monday,5,02:00 PM,Web Development,Prof. Patil,2,MBA,A,Lab 1,120,104,86.67,Practical,0,1,0
18-01-2026,Monday,6,03:00 PM,HR Analytics,Akash Upadhayay,4,MCA,B,Lab 2,180,136,75.56,Practical,0,0,0
18-01-2026,Monday,1,09:00 AM,Machine Learning,Prof. Patil,4,MBA,C,Room 202,120,81,67.5,Theory,0,0,0
18-01-2026,Monday,2,10:00 AM,Financial Management,Prof. Deshmukh,2,MBA,C,Auditorium,120,82,68.33,Theory,0,0,1
18-01-2026,Monday,3,11:15 AM,Python Programming,Prof. Patil,4,MCA,C,Lab 1,180,137,114.0,Practical,0,0,0
18-01-2026,Monday,4,12:15 PM,Web Development,Prof. Deshmukh,2,MBA,C,Lab 2,120,107,89.17,Practical,0,0,0
18-01-2026,Monday,5,02:00 PM,Cloud Computing,Prof. Sharma,2,MBA,C,Auditorium,120,93,77.5,Theory,0,1,0
18-01-2026,Monday,6,03:00 PM,Financial Management,Ishwari Gaikwad,2,MCA,C,Room 201,180,139,77.22,Theory,0,0,0
18-01-2026,Monday,1,09:00 AM,Python Programming,Prof. Patil,2,MBA,C,Room 201,120,69,57.5,Theory,1,0,0
18-01-2026,Monday,2,10:00 AM,Machine Learning,Prof. Patil,4,MCA,B,Room 202,180,119,4.0,Theory,1,0,0
18-01-2026,Monday,3,11:15 AM,Advanced DBMS,Prof. Sharma,4,MBA,C,Lab 2,120,104,86.67,Practical,0,0,0
18-01-2026,Monday,4,12:15 PM,HR Analytics,Prof. Sharma,2,MCA,A,Lab 1,180,84,46.67,Practical,1,0,1
18-01-2026,Monday,5,02:00 PM,Cloud Computing,Prof. Deshmukh,4,MBA,B,Room 201,120,98,81.67,Theory,0,0,0
18-01-2026,Monday,6,03:00 PM,Machine Learning,Ishwari Gaikwad,4,MCA,C,Room 202,180,112,62.22,Theory,1,0,0
19-01-2026,Monday,1,09:00 AM,Python Programming,Prof. Patil,4,MCA,C,Room 202,180,126,70.0,Theory,0,0,0
19-01-2026,Monday,2,10:00 AM,Web Development,Prof. Deshmukh,2,MBA,A,Lab 1,120,95,79.17,Practical,0,0,0
19-01-2026,Monday,3,11:15 AM,HR Analytics,Ishwari Gaikwad,4,MCA,B,Room 202,180,121,67.22,Theory,0,0,1
19-01-2026,Monday,4,12:15 PM,Python Programming,Ishwari Gaikwad,2,MCA,B,Room 201,180,129,71.67,Theory,1,1,0
19-01-2026,Monday,5,02:00 PM,Python Programming,Akash Upadhayay,4,MCA,B,Room 201,180,138,76.67,Theory,0,0,0
19-01-2026,Monday,6,03:00 PM,Python Programming,Prof. Sharma,4,MCA,B,Lab 1,180,146,81.11,Practical,0,0,0
19-01-2026,Monday,1,09:00 AM,HR Analytics,Prof. Patil,4,MCA,C,Lab 2,180,158,87.78,Practical,0,0,0
19-01-2026,Monday,2,10:00 AM,Machine Learning,Prof. Deshmukh,4,MBA,B,Lab 1,120,102,85.0,Practical,0,0,0
19-01-2026,Monday,3,11:15 AM,Web Development,Akash Upadhayay,2,MBA,C,Room 201,120,90,75.0,Theory,0,0,0
19-01-2026,Monday,4,12:15 PM,HR Analytics,Prof. Patil,2,MCA,A,Lab 2,180,134,74.44,Practical,0,0,1
19-01-2026,Monday,5,02:00 PM,Advanced DBMS,Prof. Sharma,2,MBA,C,Lab 1,120,84,70.0,Practical,0,0,0
19-01-2026,Monday,6,03:00 PM,Cloud Computing,Ishwari Gaikwad,4,MCA,B,Lab 2,180,129,71.67,Practical,0,0,0
19-01-2026,Monday,1,09:00 AM,Python Programming,Prof. Patil,4,MCA,C,Room 202,180,120,66.67,Theory,0,0,0
19-01-2026,Monday,2,10:00 AM,Machine Learning,Prof. Sharma,4,MCA,A,Room 201,180,130,72.22,Theory,0,0,0
19-01-2026,Monday,3,11:15 AM,Machine Learning,Prof. Sharma,2,MCA,A,Auditorium,180,138,76.67,Theory,0,0,0
19-01-2026,Monday,4,12:15 PM,Machine Learning,Prof. Kulkarni,4,MCA,A,Room 202,180,129,71.67,Theory,0,0,0
19-01-2026,Monday,5,02:00 PM,Machine Learning,Prof. Kulkarni,4,MCA,B,Room 202,180,150,83.33,Theory,0,0,0
19-01-2026,Monday,6,03:00 PM,Web Development,Ishwari Gaikwad,4,MBA,A,Room 201,120,86,71.67,Theory,0,0,0
19-01-2026,Monday,1,09:00 AM,Python Programming,Prof. Patil,4,MBA,B,Auditorium,120,81,67.5,Theory,0,0,0
19-01-2026,Monday,2,10:00 AM,Financial Management,Akash Upadhayay,2,MBA,B,Lab 1,120,78,65.0,Practical,1,1,0
19-01-2026,Monday,3,11:15 AM,Advanced DBMS,Prof. Sharma,4,MCA,A,Lab 1,180,133,73.89,Practical,1,1,0
19-01-2026,Monday,4,12:15 PM,Web Development,Prof. Patil,2,MCA,C,Room 202,180,163,90.56,Theory,0,0,0
19-01-2026,Monday,5,02:00 PM,Python Programming,Prof. Patil,4,MCA,A,Lab 2,180,168,93.33,Practical,0,0,0
19-01-2026,Monday,6,03:00 PM,HR Analytics,Akash Upadhayay,2,MCA,C,Lab 2,180,133,73.89,Practical,0,0,0
20-01-2026,Tuesday,1,09:00 AM,Machine Learning,Prof. Deshmukh,4,MCA,A,Auditorium,180,156,86.67,Theory,0,1,0
20-01-2026,Tuesday,2,10:00 AM,Advanced DBMS,Akash Upadhayay,4,MCA,C,Lab 2,180,83,46.11,Practical,1,0,1
20-01-2026,Tuesday,3,11:15 AM,HR Analytics,Akash Upadhayay,2,MBA,C,Auditorium,120,106,88.33,Theory,0,1,0
20-01-2026,Tuesday,4,12:15 PM,Financial Management,Akash Upadhayay,2,MBA,A,Room 201,120,116,96.67,Theory,0,1,0
20-01-2026,Tuesday,5,02:00 PM,Advanced DBMS,Prof. Deshmukh,2,MCA,B,Auditorium,180,138,76.67,Theory,0,0,0
20-01-2026,Tuesday,6,03:00 PM,Financial Management,Akash Upadhayay,2,MCA,A,Lab 2,180,129,71.67,Practical,0,0,0
20-01-2026,Tuesday,1,09:00 AM,Machine Learning,Ishwari Gaikwad,4,MCA,A,Room 201,180,92,51.11,Theory,1,0,1
20-01-2026,Tuesday,2,10:00 AM,Machine Learning,Akash Upadhayay,2,MBA,C,Auditorium,120,104,86.67,Theory,0,0,0
20-01-2026,Tuesday,3,11:15 AM,Web Development,Prof. Deshmukh,4,MCA,B,Lab 2,180,146,81.11,Practical,0,0,1
20-01-2026,Tuesday,4,12:15 PM,Advanced DBMS,Prof. Patil,4,MCA,A,Auditorium,180,153,114.0,Theory,0,0,0
20-01-2026,Tuesday,5,02:00 PM,Cloud Computing,Ishwari Gaikwad,2,MBA,A,Room 201,120,93,77.5,Theory,1,0,0
20-01-2026,Tuesday,6,03:00 PM,Machine Learning,Prof. Kulkarni,2,MCA,C,Lab 2,180,87,48.33,Practical,1,0,1
20-01-2026,Tuesday,1,09:00 AM,Advanced DBMS,Akash Upadhayay,2,MBA,B,Lab 1,120,98,81.67,Practical,0,0,0
20-01-2026,Tuesday,2,10:00 AM,Cloud Computing,Prof. Patil,2,MCA,A,Auditorium,180,174,96.67,Theory,0,1,0
20-01-2026,Tuesday,3,11:15 AM,Machine Learning,Akash Upadhayay,4,MCA,C,Room 201,180,171,95.0,Theory,0,0,0
20-01-2026,Tuesday,4,12:15 PM,Cloud Computing,Prof. Patil,4,MCA,C,Room 202,180,148,82.22,Theory,0,0,0
20-01-2026,Tuesday,5,02:00 PM,Cloud Computing,Akash Upadhayay,2,MCA,B,Room 201,180,163,90.56,Theory,0,1,0
20-01-2026,Tuesday,6,03:00 PM,Cloud Computing,Akash Upadhayay,4,MCA,B,Lab 2,180,158,87.78,Practical,0,1,0
20-01-2026,Tuesday,1,09:00 AM,HR Analytics,Akash Upadhayay,4,MBA,C,Auditorium,120,71,59.17,Theory,0,0,1
20-01-2026,Tuesday,2,10:00 AM,Cloud Computing,Prof. Kulkarni,2,MCA,A,Room 202,180,129,71.67,Theory,1,0,0
20-01-2026,Tuesday,3,11:15 AM,Cloud Computing,Prof. Deshmukh,4,MBA,A,Lab 2,120,97,80.83,Practical,0,0,0
20-01-2026,Tuesday,4,12:15 PM,Financial Management,Prof. Sharma,2,MCA,A,Auditorium,180,165,91.67,Theory,0,0,0
20-01-2026,Tuesday,5,02:00 PM,Financial Management,Prof. Patil,4,MCA,C,Room 202,180,174,96.67,Theory,0,0,0
20-01-2026,Tuesday,6,03:00 PM,Advanced DBMS,Ishwari Gaikwad,2,MCA,C,Room 201,180,127,70.56,Theory,0,0,0
21-01-2026,Wednesday,1,09:00 AM,Advanced DBMS,Prof. Kulkarni,2,MBA,C,Room 202,120,91,75.83,Theory,0,0,0
21-01-2026,Wednesday,2,10:00 AM,Advanced DBMS,Prof. Patil,4,MCA,A,Room 202,180,148,82.22,Theory,0,0,0
21-01-2026,Wednesday,3,11:15 AM,Machine Learning,Prof. Patil,4,MCA,A,Room 201,180,161,89.44,Theory,0,1,0
21-01-2026,Wednesday,4,12:15 PM,Advanced DBMS,Prof. Sharma,2,MBA,A,Lab 1,120,117,97.5,Practical,0,0,0
21-01-2026,Wednesday,5,02:00 PM,Python Programming,Prof. Deshmukh,4,MCA,B,Room 201,180,164,91.11,Theory,0,0,0
21-01-2026,Wednesday,6,03:00 PM,Python Programming,Prof. Patil,4,MCA,C,Lab 2,180,170,94.44,Practical,0,0,0
21-01-2026,Wednesday,1,09:00 AM,Web Development,Prof. Patil,4,MCA,A,Lab 1,180,142,4.0,Practical,0,0,0
21-01-2026,Wednesday,2,10:00 AM,Web Development,Prof. Deshmukh,4,MBA,A,Room 201,120,86,71.67,Theory,0,0,0
21-01-2026,Wednesday,3,11:15 AM,Web Development,Prof. Kulkarni,4,MCA,C,Room 202,180,152,84.44,Theory,0,0,0
21-01-2026,Wednesday,4,12:15 PM,Cloud Computing,Prof. Deshmukh,2,MBA,C,Lab 1,120,115,95.83,Practical,0,0,0
21-01-2026,Wednesday,5,02:00 PM,Cloud Computing,Prof. Patil,2,MBA,A,Lab 1,120,117,97.5,Practical,0,1,0
21-01-2026,Wednesday,6,03:00 PM,Financial Management,Prof. Sharma,2,MCA,C,Auditorium,180,122,67.78,Theory,0,0,0
21-01-2026,Wednesday,1,09:00 AM,HR Analytics,Ishwari Gaikwad,2,MCA,A,Lab 1,180,130,72.22,Practical,1,0,0
21-01-2026,Wednesday,2,10:00 AM,Machine Learning,Prof. Deshmukh,4,MCA,B,Auditorium,180,176,97.78,Theory,0,1,0
21-01-2026,Wednesday,3,11:15 AM,Financial Management,Prof. Sharma,2,MCA,C,Lab 2,180,153,85.0,Practical,0,0,0
21-01-2026,Wednesday,4,12:15 PM,HR Analytics,Prof. Sharma,4,MBA,C,Lab 1,120,95,79.17,Practical,0,1,0
21-01-2026,Wednesday,5,02:00 PM,Advanced DBMS,Ishwari Gaikwad,4,MBA,C,Lab 1,120,117,97.5,Practical,0,1,0
21-01-2026,Wednesday,6,03:00 PM,Cloud Computing,Prof. Kulkarni,2,MCA,B,Auditorium,180,109,60.56,Theory,0,0,1
21-01-2026,Wednesday,1,09:00 AM,Machine Learning,Prof. Patil,4,MCA,C,Lab 1,180,159,88.33,Practical,0,0,0
21-01-2026,Wednesday,2,10:00 AM,Machine Learning,Prof. Deshmukh,2,MCA,B,Room 202,180,135,75.0,Theory,0,0,0
21-01-2026,Wednesday,3,11:15 AM,Advanced DBMS,Prof. Sharma,4,MBA,B,Room 201,120,104,86.67,Theory,0,0,0
21-01-2026,Wednesday,4,12:15 PM,Machine Learning,Akash Upadhayay,4,MCA,B,Room 201,180,159,88.33,Theory,0,0,0
21-01-2026,Wednesday,5,02:00 PM,Advanced DBMS,Prof. Sharma,2,MCA,A,Lab 1,180,152,84.44,Practical,0,0,0
21-01-2026,Wednesday,6,03:00 PM,Python Programming,Akash Upadhayay,4,MCA,B,Room 202,180,135,75.0,Theory,0,1,0
22-01-2026,Thursday,1,09:00 AM,Machine Learning,Prof. Kulkarni,4,MCA,A,Room 201,180,135,75.0,Theory,0,1,0
22-01-2026,Thursday,2,10:00 AM,Machine Learning,Prof. Sharma,4,MCA,B,Auditorium,180,142,78.89,Theory,0,1,0
22-01-2026,Thursday,3,11:15 AM,Advanced DBMS,Akash Upadhayay,4,MCA,B,Auditorium,180,176,97.78,Theory,0,0,0
22-01-2026,Thursday,4,12:15 PM,Financial Management,Akash Upadhayay,2,MCA,B,Room 202,180,137,76.11,Theory,0,0,0
22-01-2026,Thursday,5,02:00 PM,Python Programming,Ishwari Gaikwad,2,MBA,B,Auditorium,120,117,97.5,Theory,0,0,0
22-01-2026,Thursday,6,03:00 PM,Cloud Computing,Ishwari Gaikwad,4,MBA,C,Lab 2,120,83,69.17,Practical,0,0,1
22-01-2026,Thursday,1,09:00 AM,Machine Learning,Prof. Patil,2,MCA,B,Lab 1,180,126,70.0,Practical,1,0,0
22-01-2026,Thursday,2,10:00 AM,Cloud Computing,Prof. Sharma,4,MCA,C,Room 202,180,157,87.22,Theory,0,1,0
22-01-2026,Thursday,3,11:15 AM,Machine Learning,Ishwari Gaikwad,2,MCA,C,Room 201,180,161,89.44,Theory,0,0,0
22-01-2026,Thursday,4,12:15 PM,Financial Management,Prof. Deshmukh,2,MCA,C,Auditorium,180,161,89.44,Theory,0,0,0
22-01-2026,Thursday,5,02:00 PM,Python Programming,Prof. Patil,4,MCA,A,Lab 2,180,164,91.11,Practical,0,1,0
22-01-2026,Thursday,6,03:00 PM,Machine Learning,Prof. Kulkarni,4,MCA,A,Room 201,180,133,73.89,Theory,0,0,0
22-01-2026,Thursday,1,09:00 AM,Machine Learning,Prof. Kulkarni,4,MCA,B,Room 201,180,152,84.44,Theory,0,1,0
22-01-2026,Thursday,2,10:00 AM,Python Programming,Prof. Patil,4,MBA,A,Room 201,120,110,,Theory,0,1,0
22-01-2026,Thursday,3,11:15 AM,Advanced DBMS,Ishwari Gaikwad,2,MCA,A,Lab 2,180,159,88.33,Practical,0,0,0
22-01-2026,Thursday,4,12:15 PM,Cloud Computing,Prof. Deshmukh,4,MCA,B,Room 201,180,152,84.44,Theory,0,1,0
22-01-2026,Thursday,5,02:00 PM,Machine Learning,Akash Upadhayay,2,MBA,C,Auditorium,120,98,81.67,Theory,0,0,0
22-01-2026,Thursday,6,03:00 PM,HR Analytics,Prof. Patil,4,MCA,B,Auditorium,180,152,84.44,Theory,0,0,0
22-01-2026,Thursday,1,09:00 AM,Python Programming,Akash Upadhayay,4,MCA,C,Lab 1,180,154,85.56,Practical,0,0,0
22-01-2026,Thursday,2,10:00 AM,Python Programming,Prof. Deshmukh,2,MCA,C,Lab 2,180,176,97.78,Practical,0,0,0
22-01-2026,Thursday,3,11:15 AM,Python Programming,Prof. Deshmukh,2,MCA,A,Auditorium,180,169,93.89,Theory,0,0,0
22-01-2026,Thursday,4,12:15 PM,Python Programming,Prof. Patil,2,MBA,B,Lab 1,120,103,85.83,Practical,0,0,0
22-01-2026,Thursday,5,02:00 PM,Python Programming,Prof. Sharma,4,MCA,A,Lab 2,180,130,72.22,Practical,1,0,0
22-01-2026,Thursday,6,03:00 PM,Python Programming,Ishwari Gaikwad,2,MCA,C,Room 201,180,109,114.0,Theory,1,0,0
23-01-2026,Friday,1,09:00 AM,Advanced DBMS,Akash Upadhayay,2,MBA,A,Room 202,120,87,72.5,Theory,0,0,0
23-01-2026,Friday,2,10:00 AM,Advanced DBMS,Prof. Patil,4,MCA,A,Room 202,180,116,64.44,Theory,0,0,1
23-01-2026,Friday,3,11:15 AM,Financial Management,Prof. Deshmukh,4,MBA,C,Room 201,120,77,64.17,Theory,1,0,0
23-01-2026,Friday,4,12:15 PM,Machine Learning,Prof. Kulkarni,4,MBA,A,Room 202,120,95,79.17,Theory,0,0,0
23-01-2026,Friday,5,02:00 PM,Web Development,Ishwari Gaikwad,4,MCA,C,Lab 1,180,135,75.0,Practical,1,0,1
23-01-2026,Friday,6,03:00 PM,Python Programming,Ishwari Gaikwad,4,MBA,C,Room 202,120,92,76.67,Theory,0,1,0
23-01-2026,Friday,1,09:00 AM,Web Development,Prof. Deshmukh,2,MCA,B,Room 202,180,128,71.11,Theory,0,0,0
23-01-2026,Friday,2,10:00 AM,Cloud Computing,Prof. Sharma,2,MCA,B,Room 201,180,172,95.56,Theory,0,0,0
23-01-2026,Friday,3,11:15 AM,Web Development,Prof. Sharma,4,MCA,A,Room 201,180,151,83.89,Theory,0,0,0
23-01-2026,Friday,4,12:15 PM,HR Analytics,Prof. Deshmukh,4,MCA,A,Room 201,180,160,88.89,Theory,0,0,0
23-01-2026,Friday,5,02:00 PM,Cloud Computing,Prof. Kulkarni,2,MCA,C,Room 202,180,154,85.56,Theory,0,0,0
23-01-2026,Friday,6,03:00 PM,HR Analytics,Prof. Patil,2,MBA,C,Room 201,120,91,75.83,Theory,0,0,0
23-01-2026,Friday,1,09:00 AM,Cloud Computing,Prof. Patil,2,MBA,A,Lab 1,120,102,85.0,Practical,0,0,0
23-01-2026,Friday,2,10:00 AM,Web Development,Prof. Kulkarni,2,MCA,A,Auditorium,180,148,82.22,Theory,0,0,0
23-01-2026,Friday,3,11:15 AM,Cloud Computing,Ishwari Gaikwad,4,MBA,C,Room 202,120,111,92.5,Theory,0,0,0
23-01-2026,Friday,4,12:15 PM,Python Programming,Prof. Deshmukh,2,MCA,B,Lab 2,180,160,,Practical,0,0,0
23-01-2026,Friday,5,02:00 PM,Financial Management,Prof. Kulkarni,2,MCA,B,Lab 2,180,155,86.11,Practical,0,0,0
23-01-2026,Friday,6,03:00 PM,Python Programming,Ishwari Gaikwad,2,MCA,B,Room 202,180,136,75.56,Theory,0,0,0
23-01-2026,Friday,1,09:00 AM,Python Programming,Prof. Deshmukh,4,MBA,A,Room 201,120,99,82.5,Theory,0,0,0
23-01-2026,Friday,2,10:00 AM,HR Analytics,Akash Upadhayay,4,MCA,C,Room 202,180,153,85.0,Theory,0,0,0
23-01-2026,Friday,3,11:15 AM,Cloud Computing,Prof. Patil,4,MBA,B,Room 202,120,104,86.67,Theory,0,1,0
23-01-2026,Friday,4,12:15 PM,Financial Management,Akash Upadhayay,2,MCA,C,Room 201,180,151,83.89,Theory,0,0,0
23-01-2026,Friday,5,02:00 PM,Advanced DBMS,Ishwari Gaikwad,2,MBA,B,Auditorium,120,103,85.83,Theory,0,0,0
23-01-2026,Friday,6,03:00 PM,Python Programming,Prof. Sharma,2,MCA,B,Auditorium,180,132,73.33,Theory,0,0,0
24-01-2026,Saturday,1,09:00 AM,Web Development,Prof. Sharma,4,MCA,B,Room 201,180,110,61.11,Theory,0,0,0
24-01-2026,Saturday,2,10:00 AM,Advanced DBMS,Ishwari Gaikwad,2,MCA,B,Room 202,180,146,81.11,Theory,0,0,0
24-01-2026,Saturday,3,11:15 AM,Machine Learning,Prof. Deshmukh,4,MCA,B,Auditorium,180,142,78.89,Theory,0,0,0
24-01-2026,Saturday,4,12:15 PM,Financial Management,Prof. Patil,2,MCA,B,Room 201,180,127,70.56,Theory,0,0,0
24-01-2026,Saturday,5,02:00 PM,HR Analytics,Akash Upadhayay,4,MCA,A,Auditorium,180,132,73.33,Theory,0,0,0
24-01-2026,Saturday,6,03:00 PM,Financial Management,Prof. Patil,2,MCA,B,Lab 2,180,144,80.0,Practical,0,1,0
24-01-2026,Saturday,1,09:00 AM,Cloud Computing,Prof. Kulkarni,2,MBA,B,Lab 2,120,94,78.33,Practical,0,0,0
24-01-2026,Saturday,2,10:00 AM,Cloud Computing,Ishwari Gaikwad,2,MBA,C,Room 201,120,91,75.83,Theory,0,0,0
24-01-2026,Saturday,3,11:15 AM,Python Programming,Akash Upadhayay,4,MBA,C,Room 202,120,98,81.67,Theory,0,0,0
24-01-2026,Saturday,4,12:15 PM,Web Development,Akash Upadhayay,4,MCA,B,Room 201,180,130,72.22,Theory,0,0,0
24-01-2026,Saturday,5,02:00 PM,Machine Learning,Ishwari Gaikwad,2,MCA,A,Lab 2,180,169,120.0,Practical,0,0,0
24-01-2026,Saturday,6,03:00 PM,Advanced DBMS,Akash Upadhayay,4,MCA,B,Room 201,180,88,48.89,Theory,1,0,0
24-01-2026,Saturday,1,09:00 AM,Financial Management,Akash Upadhayay,4,MBA,B,Room 202,120,87,72.5,Theory,0,1,0
24-01-2026,Saturday,2,10:00 AM,Machine Learning,Prof. Patil,4,MCA,C,Room 201,180,164,,Theory,0,0,0
24-01-2026,Saturday,3,11:15 AM,Financial Management,Prof. Sharma,4,MBA,A,Lab 2,120,101,84.17,Practical,1,0,0
24-01-2026,Saturday,4,12:15 PM,Machine Learning,Prof. Patil,4,MBA,A,Auditorium,120,94,78.33,Theory,0,0,0
24-01-2026,Saturday,5,02:00 PM,Financial Management,Prof. Patil,4,MBA,C,Room 201,120,75,62.5,Theory,0,0,1
24-01-2026,Saturday,6,03:00 PM,Web Development,Prof. Deshmukh,4,MBA,C,Room 202,120,80,120.0,Theory,0,0,0
24-01-2026,Saturday,1,09:00 AM,Web Development,Prof. Patil,4,MBA,B,Room 201,120,76,63.33,Theory,0,0,0
24-01-2026,Saturday,2,10:00 AM,HR Analytics,Prof. Sharma,2,MCA,B,Lab 1,180,163,90.56,Practical,0,0,0
24-01-2026,Saturday,3,11:15 AM,Cloud Computing,Prof. Sharma,4,MBA,C,Lab 2,120,110,91.67,Practical,0,0,0
24-01-2026,Saturday,4,12:15 PM,Financial Management,Akash Upadhayay,2,MBA,C,Auditorium,120,74,61.67,Theory,1,0,0
24-01-2026,Saturday,5,02:00 PM,Cloud Computing,Prof. Kulkarni,4,MCA,B,Auditorium,180,149,82.78,Theory,0,1,0
24-01-2026,Saturday,6,03:00 PM,Python Programming,Prof. Patil,2,MCA,B,Room 201,180,130,72.22,Theory,0,1,0
25-01-2026,Monday,1,09:00 AM,Python Programming,Prof. Patil,2,MCA,B,Lab 2,180,126,70.0,Practical,0,0,0
25-01-2026,Monday,2,10:00 AM,Advanced DBMS,Prof. Patil,2,MCA,B,Lab 1,180,160,88.89,Practical,0,0,0
25-01-2026,Monday,3,11:15 AM,HR Analytics,Prof. Deshmukh,4,MBA,B,Lab 1,120,102,85.0,Practical,0,0,0
25-01-2026,Monday,4,12:15 PM,Financial Management,Prof. Kulkarni,2,MCA,A,Room 202,180,154,85.56,Theory,0,1,0
25-01-2026,Monday,5,02:00 PM,Python Programming,Prof. Patil,4,MCA,B,Room 201,180,130,72.22,Theory,0,0,1
25-01-2026,Monday,6,03:00 PM,Python Programming,Prof. Deshmukh,4,MCA,B,Lab 2,180,80,44.44,Practical,1,1,1
25-01-2026,Monday,1,09:00 AM,Web Development,Prof. Deshmukh,4,MCA,C,Lab 2,180,113,62.78,Practical,0,0,0
25-01-2026,Monday,2,10:00 AM,Machine Learning,Ishwari Gaikwad,2,MBA,B,Lab 2,120,108,90.0,Practical,0,0,0
25-01-2026,Monday,3,11:15 AM,HR Analytics,Prof. Kulkarni,2,MCA,C,Room 202,180,143,79.44,Theory,0,0,0
25-01-2026,Monday,4,12:15 PM,Advanced DBMS,Prof. Deshmukh,2,MCA,B,Lab 1,180,144,80.0,Practical,0,0,0
25-01-2026,Monday,5,02:00 PM,Financial Management,Prof. Deshmukh,2,MBA,C,Lab 1,120,87,72.5,Practical,1,0,0
25-01-2026,Monday,6,03:00 PM,Web Development,Prof. Sharma,2,MBA,C,Room 202,120,76,63.33,Theory,0,1,0
25-01-2026,Monday,1,09:00 AM,Financial Management,Prof. Sharma,4,MCA,B,Room 202,180,107,59.44,Theory,0,0,0
25-01-2026,Monday,2,10:00 AM,Python Programming,Prof. Patil,2,MBA,A,Room 201,120,74,114.0,Theory,0,0,1
25-01-2026,Monday,3,11:15 AM,Python Programming,Akash Upadhayay,4,MBA,A,Room 202,120,86,71.67,Theory,0,0,0
25-01-2026,Monday,4,12:15 PM,Advanced DBMS,Prof. Patil,4,MBA,C,Lab 2,120,113,94.17,Practical,0,0,0
25-01-2026,Monday,5,02:00 PM,HR Analytics,Akash Upadhayay,2,MBA,B,Lab 1,120,114,95.0,Practical,0,0,0
25-01-2026,Monday,6,03:00 PM,Financial Management,Ishwari Gaikwad,4,MBA,A,Lab 1,120,102,85.0,Practical,0,0,0
25-01-2026,Monday,1,09:00 AM,HR Analytics,Prof. Patil,2,MCA,C,Auditorium,180,121,114.0,Theory,0,0,1
25-01-2026,Monday,2,10:00 AM,Python Programming,Prof. Patil,4,MCA,A,Auditorium,180,154,85.56,Theory,0,1,0
25-01-2026,Monday,3,11:15 AM,Advanced DBMS,Prof. Patil,2,MBA,C,Lab 1,120,115,95.83,Practical,0,0,0
25-01-2026,Monday,4,12:15 PM,Financial Management,Prof. Deshmukh,2,MCA,A,Lab 2,180,151,83.89,Practical,0,0,0
25-01-2026,Monday,5,02:00 PM,Web Development,Prof. Deshmukh,4,MCA,C,Lab 1,180,165,91.67,Practical,0,0,0
25-01-2026,Monday,6,03:00 PM,Advanced DBMS,Prof. Kulkarni,2,MBA,C,Lab 2,120,85,70.83,Practical,0,0,0
26-01-2026,Monday,1,09:00 AM,Advanced DBMS,Akash Upadhayay,2,MCA,B,Lab 2,180,120,66.67,Practical,1,0,0
26-01-2026,Monday,2,10:00 AM,Python Programming,Ishwari Gaikwad,2,MBA,A,Lab 1,120,100,83.33,Practical,0,0,0
26-01-2026,Monday,3,11:15 AM,Python Programming,Prof. Deshmukh,2,MBA,B,Room 201,120,46,38.33,Theory,1,0,1
26-01-2026,Monday,4,12:15 PM,Financial Management,Ishwari Gaikwad,2,MCA,C,Lab 2,180,135,75.0,Practical,1,1,0
26-01-2026,Monday,5,02:00 PM,Web Development,Prof. Sharma,2,MBA,A,Room 201,120,93,77.5,Theory,0,0,0
26-01-2026,Monday,6,03:00 PM,Python Programming,Prof. Deshmukh,4,MBA,A,Lab 1,120,91,75.83,Practical,0,0,0
26-01-2026,Monday,1,09:00 AM,Cloud Computing,Akash Upadhayay,2,MCA,C,Room 201,180,117,65.0,Theory,0,0,0
26-01-2026,Monday,2,10:00 AM,Web Development,Prof. Patil,2,MCA,A,Auditorium,180,148,82.22,Theory,0,1,0
26-01-2026,Monday,3,11:15 AM,Machine Learning,Akash Upadhayay,2,MCA,B,Lab 1,180,139,77.22,Practical,0,0,1
26-01-2026,Monday,4,12:15 PM,Python Programming,Prof. Sharma,2,MBA,B,Room 202,120,96,80.0,Theory,0,0,0
26-01-2026,Monday,5,02:00 PM,HR Analytics,Prof. Kulkarni,2,MCA,C,Lab 1,180,146,81.11,Practical,0,0,0
26-01-2026,Monday,6,03:00 PM,Web Development,Ishwari Gaikwad,2,MCA,B,Room 201,180,139,77.22,Theory,0,1,0
26-01-2026,Monday,1,09:00 AM,Cloud Computing,Ishwari Gaikwad,4,MCA,B,Lab 1,180,151,83.89,Practical,0,0,0
26-01-2026,Monday,2,10:00 AM,Machine Learning,Prof. Kulkarni,4,MCA,B,Room 202,180,156,86.67,Theory,0,0,0
26-01-2026,Monday,3,11:15 AM,HR Analytics,Prof. Sharma,2,MCA,B,Lab 2,180,114,63.33,Practical,1,0,0
26-01-2026,Monday,4,12:15 PM,Financial Management,Prof. Kulkarni,2,MCA,C,Auditorium,180,145,80.56,Theory,0,1,0
26-01-2026,Monday,5,02:00 PM,Python Programming,Ishwari Gaikwad,2,MCA,A,Lab 2,180,170,94.44,Practical,0,1,0
26-01-2026,Monday,6,03:00 PM,Advanced DBMS,Prof. Patil,4,MCA,A,Auditorium,180,114,63.33,Theory,0,0,0
26-01-2026,Monday,1,09:00 AM,Financial Management,Prof. Sharma,2,MBA,A,Lab 1,120,71,59.17,Practical,0,0,0
26-01-2026,Monday,2,10:00 AM,Machine Learning,Prof. Deshmukh,2,MCA,A,Lab 1,180,175,97.22,Practical,0,1,0
26-01-2026,Monday,3,11:15 AM,HR Analytics,Prof. Deshmukh,2,MCA,C,Room 202,180,168,93.33,Theory,0,0,0
26-01-2026,Monday,4,12:15 PM,Python Programming,Prof. Patil,2,MBA,B,Lab 1,120,85,70.83,Practical,0,0,0
26-01-2026,Monday,5,02:00 PM,Web Development,Ishwari Gaikwad,2,MBA,A,Lab 2,120,68,56.67,Practical,0,0,1
26-01-2026,Monday,6,03:00 PM,Cloud Computing,Prof. Patil,2,MCA,C,Lab 2,180,129,71.67,Practical,0,0,0
27-01-2026,Tuesday,1,09:00 AM,Financial Management,Prof. Patil,4,MBA,A,Auditorium,120,89,74.17,Theory,0,1,0
27-01-2026,Tuesday,2,10:00 AM,Cloud Computing,Prof. Patil,4,MBA,C,Lab 2,120,96,80.0,Practical,0,1,0
27-01-2026,Tuesday,3,11:15 AM,Machine Learning,Prof. Patil,2,MBA,C,Auditorium,120,109,90.83,Theory,0,0,0
27-01-2026,Tuesday,4,12:15 PM,Machine Learning,Prof. Sharma,4,MBA,B,Room 201,120,107,89.17,Theory,0,1,0
27-01-2026,Tuesday,5,02:00 PM,HR Analytics,Prof. Deshmukh,2,MCA,C,Room 202,180,164,91.11,Theory,0,0,0
27-01-2026,Tuesday,6,03:00 PM,Cloud Computing,Prof. Patil,4,MBA,A,Lab 2,120,97,80.83,Practical,0,0,0
27-01-2026,Tuesday,1,09:00 AM,Advanced DBMS,Ishwari Gaikwad,4,MCA,C,Lab 1,180,147,81.67,Practical,0,1,0
27-01-2026,Tuesday,2,10:00 AM,Financial Management,Prof. Patil,4,MCA,B,Lab 2,180,168,93.33,Practical,0,0,0
27-01-2026,Tuesday,3,11:15 AM,Financial Management,Prof. Kulkarni,2,MBA,C,Room 202,120,110,91.67,Theory,0,0,0
27-01-2026,Tuesday,4,12:15 PM,Cloud Computing,Prof. Sharma,4,MCA,A,Lab 2,180,150,83.33,Practical,1,0,0
27-01-2026,Tuesday,5,02:00 PM,HR Analytics,Ishwari Gaikwad,2,MCA,A,Lab 2,180,150,83.33,Practical,0,0,0
27-01-2026,Tuesday,6,03:00 PM,HR Analytics,Prof. Deshmukh,4,MBA,B,Lab 2,120,103,85.83,Practical,0,0,0
27-01-2026,Tuesday,1,09:00 AM,HR Analytics,Akash Upadhayay,2,MBA,C,Lab 1,120,86,,Practical,0,1,0
27-01-2026,Tuesday,2,10:00 AM,Advanced DBMS,Prof. Sharma,4,MBA,C,Room 202,120,112,,Theory,0,0,0
27-01-2026,Tuesday,3,11:15 AM,Financial Management,Ishwari Gaikwad,2,MBA,B,Auditorium,120,102,85.0,Theory,0,1,0
27-01-2026,Tuesday,4,12:15 PM,Python Programming,Prof. Deshmukh,4,MBA,C,Auditorium,120,113,94.17,Theory,0,1,0
27-01-2026,Tuesday,5,02:00 PM,HR Analytics,Prof. Kulkarni,4,MCA,A,Lab 2,180,165,91.67,Practical,0,0,0
27-01-2026,Tuesday,6,03:00 PM,Web Development,Prof. Deshmukh,2,MCA,A,Auditorium,180,143,79.44,Theory,0,0,0
27-01-2026,Tuesday,1,09:00 AM,Financial Management,Akash Upadhayay,4,MCA,C,Lab 1,180,135,,Practical,1,0,0
27-01-2026,Tuesday,2,10:00 AM,Advanced DBMS,Prof. Sharma,4,MCA,B,Auditorium,180,173,96.11,Theory,0,0,0
27-01-2026,Tuesday,3,11:15 AM,Advanced DBMS,Ishwari Gaikwad,4,MCA,B,Lab 1,180,144,80.0,Practical,0,0,0
27-01-2026,Tuesday,4,12:15 PM,Python Programming,Prof. Deshmukh,2,MBA,B,Lab 1,120,108,90.0,Practical,0,0,0
27-01-2026,Tuesday,5,02:00 PM,Machine Learning,Prof. Kulkarni,2,MBA,C,Lab 2,120,86,71.67,Practical,0,0,1
27-01-2026,Tuesday,6,03:00 PM,Python Programming,Akash Upadhayay,4,MBA,A,Room 202,120,76,63.33,Theory,0,1,0
28-01-2026,Wednesday,1,09:00 AM,Advanced DBMS,Akash Upadhayay,4,MCA,C,Lab 1,180,155,86.11,Practical,0,0,0
28-01-2026,Wednesday,2,10:00 AM,HR Analytics,Prof. Patil,2,MCA,C,Room 201,180,171,95.0,Theory,0,0,0
28-01-2026,Wednesday,3,11:15 AM,Advanced DBMS,Prof. Deshmukh,4,MCA,A,Lab 2,180,168,93.33,Practical,0,0,0
28-01-2026,Wednesday,4,12:15 PM,Cloud Computing,Prof. Kulkarni,4,MCA,C,Room 201,180,143,79.44,Theory,0,0,0
28-01-2026,Wednesday,5,02:00 PM,Machine Learning,Ishwari Gaikwad,4,MCA,B,Auditorium,180,140,77.78,Theory,1,0,0
28-01-2026,Wednesday,6,03:00 PM,Financial Management,Prof. Patil,4,MCA,B,Auditorium,180,110,61.11,Theory,1,1,0
28-01-2026,Wednesday,1,09:00 AM,Machine Learning,Ishwari Gaikwad,4,MCA,A,Lab 2,180,151,83.89,Practical,0,0,0
28-01-2026,Wednesday,2,10:00 AM,Advanced DBMS,Prof. Patil,2,MCA,A,Room 202,180,156,86.67,Theory,0,0,0
28-01-2026,Wednesday,3,11:15 AM,Financial Management,Akash Upadhayay,4,MCA,A,Auditorium,180,117,65.0,Theory,0,0,1
28-01-2026,Wednesday,4,12:15 PM,Web Development,Ishwari Gaikwad,2,MCA,C,Room 202,180,118,65.56,Theory,0,0,0
28-01-2026,Wednesday,5,02:00 PM,Cloud Computing,Ishwari Gaikwad,2,MCA,A,Room 202,180,176,97.78,Theory,0,0,0
28-01-2026,Wednesday,6,03:00 PM,Machine Learning,Ishwari Gaikwad,4,MCA,C,Lab 1,180,125,69.44,Practical,0,0,1
28-01-2026,Wednesday,1,09:00 AM,Machine Learning,Prof. Sharma,2,MCA,B,Room 201,180,106,58.89,Theory,1,0,0
28-01-2026,Wednesday,2,10:00 AM,Financial Management,Prof. Sharma,4,MCA,C,Lab 1,180,176,97.78,Practical,0,1,0
28-01-2026,Wednesday,3,11:15 AM,Cloud Computing,Ishwari Gaikwad,4,MBA,C,Lab 1,120,102,85.0,Practical,0,0,0
28-01-2026,Wednesday,4,12:15 PM,HR Analytics,Ishwari Gaikwad,4,MBA,A,Room 201,120,100,83.33,Theory,0,1,0
28-01-2026,Wednesday,5,02:00 PM,Cloud Computing,Prof. Sharma,4,MBA,B,Auditorium,120,98,81.67,Theory,1,1,0
28-01-2026,Wednesday,6,03:00 PM,Machine Learning,Prof. Sharma,2,MBA,B,Lab 2,120,94,78.33,Practical,0,0,0
28-01-2026,Wednesday,1,09:00 AM,Machine Learning,Prof. Sharma,4,MCA,C,Lab 1,180,121,67.22,Practical,0,0,1
28-01-2026,Wednesday,2,10:00 AM,Advanced DBMS,Akash Upadhayay,4,MCA,A,Lab 1,180,176,97.78,Practical,0,0,0
28-01-2026,Wednesday,3,11:15 AM,Machine Learning,Prof. Patil,4,MBA,A,Auditorium,120,100,83.33,Theory,0,1,0
28-01-2026,Wednesday,4,12:15 PM,HR Analytics,Akash Upadhayay,4,MCA,B,Lab 1,180,169,93.89,Practical,0,1,0
28-01-2026,Wednesday,5,02:00 PM,Advanced DBMS,Ishwari Gaikwad,2,MBA,C,Room 202,120,101,84.17,Theory,0,0,0
28-01-2026,Wednesday,6,03:00 PM,Advanced DBMS,Prof. Patil,4,MBA,A,Room 201,120,88,73.33,Theory,0,1,0
29-01-2026,Thursday,1,09:00 AM,Python Programming,Prof. Sharma,2,MCA,B,Lab 2,180,147,81.67,Practical,0,1,0
29-01-2026,Thursday,2,10:00 AM,Python Programming,Ishwari Gaikwad,2,MCA,A,Lab 2,180,151,83.89,Practical,0,0,0
29-01-2026,Thursday,3,11:15 AM,Machine Learning,Prof. Sharma,4,MBA,B,Lab 2,120,117,97.5,Practical,0,0,0
29-01-2026,Thursday,4,12:15 PM,Web Development,Prof. Sharma,2,MCA,A,Auditorium,180,170,94.44,Theory,0,0,0
29-01-2026,Thursday,5,02:00 PM,Machine Learning,Prof. Patil,4,MBA,C,Auditorium,120,96,,Theory,0,0,0
29-01-2026,Thursday,6,03:00 PM,HR Analytics,Prof. Kulkarni,2,MCA,B,Lab 2,180,155,86.11,Practical,0,0,0
29-01-2026,Thursday,1,09:00 AM,Advanced DBMS,Akash Upadhayay,4,MCA,C,Lab 1,180,156,86.67,Practical,0,0,0
29-01-2026,Thursday,2,10:00 AM,Machine Learning,Akash Upadhayay,4,MBA,C,Lab 2,120,88,73.33,Practical,0,0,1
29-01-2026,Thursday,3,11:15 AM,Web Development,Prof. Patil,4,MCA,B,Lab 2,180,167,92.78,Practical,0,1,0
29-01-2026,Thursday,4,12:15 PM,Financial Management,Ishwari Gaikwad,2,MBA,B,Room 202,120,101,84.17,Theory,0,0,0
29-01-2026,Thursday,5,02:00 PM,Cloud Computing,Akash Upadhayay,2,MCA,B,Lab 1,180,155,86.11,Practical,0,0,0
29-01-2026,Thursday,6,03:00 PM,Web Development,Prof. Patil,4,MBA,A,Lab 1,120,82,120.0,Practical,1,0,0
29-01-2026,Thursday,1,09:00 AM,HR Analytics,Prof. Sharma,4,MCA,A,Auditorium,180,128,71.11,Theory,0,0,0
29-01-2026,Thursday,2,10:00 AM,HR Analytics,Prof. Kulkarni,2,MCA,B,Lab 1,180,146,81.11,Practical,0,0,0
29-01-2026,Thursday,3,11:15 AM,Machine Learning,Prof. Patil,4,MCA,C,Auditorium,180,117,65.0,Theory,1,1,0
29-01-2026,Thursday,4,12:15 PM,HR Analytics,Ishwari Gaikwad,4,MCA,B,Lab 2,180,139,77.22,Practical,0,0,1
29-01-2026,Thursday,5,02:00 PM,Python Programming,Prof. Deshmukh,4,MBA,C,Room 201,120,99,82.5,Theory,0,0,0
29-01-2026,Thursday,6,03:00 PM,Advanced DBMS,Prof. Patil,4,MBA,A,Lab 2,120,101,84.17,Practical,0,0,0
29-01-2026,Thursday,1,09:00 AM,Cloud Computing,Prof. Kulkarni,4,MCA,B,Room 202,180,125,69.44,Theory,0,0,0
29-01-2026,Thursday,2,10:00 AM,Web Development,Akash Upadhayay,2,MBA,C,Lab 2,120,93,77.5,Practical,0,0,0
29-01-2026,Thursday,3,11:15 AM,Advanced DBMS,Prof. Sharma,4,MCA,B,Auditorium,180,153,85.0,Theory,0,1,0
29-01-2026,Thursday,4,12:15 PM,Advanced DBMS,Prof. Deshmukh,2,MCA,B,Auditorium,180,167,92.78,Theory,0,0,0
29-01-2026,Thursday,5,02:00 PM,Web Development,Akash Upadhayay,4,MCA,A,Lab 1,180,176,97.78,Practical,0,0,0
29-01-2026,Thursday,6,03:00 PM,HR Analytics,Prof. Patil,4,MCA,A,Auditorium,180,140,77.78,Theory,0,1,0
30-01-2026,Friday,1,09:00 AM,Web Development,Ishwari Gaikwad,4,MCA,C,Auditorium,180,125,69.44,Theory,0,0,0
30-01-2026,Friday,2,10:00 AM,Financial Management,Prof. Deshmukh,2,MBA,B,Lab 2,120,112,93.33,Practical,0,0,0
30-01-2026,Friday,3,11:15 AM,Python Programming,Prof. Sharma,2,MBA,B,Room 201,120,85,70.83,Theory,1,0,0
30-01-2026,Friday,4,12:15 PM,Python Programming,Prof. Kulkarni,4,MCA,A,Lab 2,180,128,71.11,Practical,1,0,0
30-01-2026,Friday,5,02:00 PM,Python Programming,Ishwari Gaikwad,2,MCA,C,Auditorium,180,160,88.89,Theory,0,0,0
30-01-2026,Friday,6,03:00 PM,Financial Management,Prof. Deshmukh,2,MCA,C,Room 202,180,119,66.11,Theory,1,1,0
30-01-2026,Friday,1,09:00 AM,Python Programming,Prof. Patil,4,MCA,A,Lab 2,180,157,87.22,Practical,0,0,0
30-01-2026,Friday,2,10:00 AM,Financial Management,Ishwari Gaikwad,2,MCA,B,Lab 2,180,155,86.11,Practical,0,0,0
30-01-2026,Friday,3,11:15 AM,Python Programming,Prof. Kulkarni,2,MBA,B,Auditorium,120,100,83.33,Theory,0,1,0
30-01-2026,Friday,4,12:15 PM,Machine Learning,Prof. Kulkarni,2,MCA,B,Lab 1,180,176,97.78,Practical,0,0,0
30-01-2026,Friday,5,02:00 PM,Cloud Computing,Akash Upadhayay,2,MBA,A,Lab 2,120,101,84.17,Practical,1,0,0
30-01-2026,Friday,6,03:00 PM,Advanced DBMS,Prof. Kulkarni,4,MCA,B,Room 202,180,127,70.56,Theory,0,0,0
30-01-2026,Friday,1,09:00 AM,Financial Management,Prof. Patil,4,MCA,C,Room 202,180,145,80.56,Theory,0,0,0
30-01-2026,Friday,2,10:00 AM,Financial Management,Ishwari Gaikwad,4,MBA,C,Auditorium,120,96,80.0,Theory,0,0,0
30-01-2026,Friday,3,11:15 AM,Machine Learning,Prof. Sharma,4,MBA,B,Room 202,120,108,90.0,Theory,0,0,0
30-01-2026,Friday,4,12:15 PM,Web Development,Prof. Sharma,2,MBA,B,Auditorium,120,100,83.33,Theory,0,0,0
30-01-2026,Friday,5,02:00 PM,HR Analytics,Prof. Patil,2,MBA,C,Auditorium,120,117,97.5,Theory,0,0,0
30-01-2026,Friday,6,03:00 PM,Python Programming,Akash Upadhayay,4,MBA,A,Room 202,120,97,80.83,Theory,0,0,0
30-01-2026,Friday,1,09:00 AM,Financial Management,Prof. Kulkarni,2,MCA,A,Lab 2,180,144,80.0,Practical,0,0,0
30-01-2026,Friday,2,10:00 AM,Cloud Computing,Prof. Sharma,4,MBA,A,Lab 1,120,116,96.67,Practical,0,1,0
30-01-2026,Friday,3,11:15 AM,Machine Learning,Ishwari Gaikwad,2,MCA,C,Lab 2,180,171,95.0,Practical,0,0,0
30-01-2026,Friday,4,12:15 PM,Financial Management,Prof. Deshmukh,4,MCA,A,Lab 2,180,158,120.0,Practical,0,0,0
30-01-2026,Friday,5,02:00 PM,Advanced DBMS,Prof. Kulkarni,2,MBA,A,Auditorium,120,90,75.0,Theory,0,1,1
30-01-2026,Friday,6,03:00 PM,Web Development,Prof. Sharma,2,MBA,A,Room 201,120,75,62.5,Theory,0,0,1
31-01-2026,Saturday,1,09:00 AM,Advanced DBMS,Prof. Kulkarni,2,MCA,B,Auditorium,180,135,75.0,Theory,0,1,0
31-01-2026,Saturday,2,10:00 AM,Python Programming,Prof. Deshmukh,4,MBA,B,Lab 1,120,98,81.67,Practical,0,0,0
31-01-2026,Saturday,3,11:15 AM,HR Analytics,Prof. Kulkarni,2,MBA,C,Room 201,120,101,84.17,Theory,0,0,0
31-01-2026,Saturday,4,12:15 PM,HR Analytics,Prof. Sharma,4,MBA,C,Auditorium,120,98,81.67,Theory,0,0,0
31-01-2026,Saturday,5,02:00 PM,Advanced DBMS,Ishwari Gaikwad,4,MCA,C,Room 201,180,152,84.44,Theory,0,0,0
31-01-2026,Saturday,6,03:00 PM,HR Analytics,Akash Upadhayay,4,MBA,B,Auditorium,120,85,70.83,Theory,0,0,0
31-01-2026,Saturday,1,09:00 AM,Python Programming,Prof. Patil,4,MBA,B,Auditorium,120,87,72.5,Theory,0,0,0
31-01-2026,Saturday,2,10:00 AM,Financial Management,Ishwari Gaikwad,2,MBA,B,Auditorium,120,79,65.83,Theory,0,0,0
31-01-2026,Saturday,3,11:15 AM,Machine Learning,Prof. Sharma,2,MCA,A,Room 202,180,163,90.56,Theory,0,0,0
31-01-2026,Saturday,4,12:15 PM,Advanced DBMS,Prof. Patil,4,MBA,C,Room 202,120,93,77.5,Theory,0,0,0
31-01-2026,Saturday,5,02:00 PM,Financial Management,Prof. Patil,2,MCA,B,Room 202,180,158,87.78,Theory,0,1,0
31-01-2026,Saturday,6,03:00 PM,Cloud Computing,Prof. Deshmukh,4,MCA,A,Lab 1,180,130,72.22,Practical,0,0,0
31-01-2026,Saturday,1,09:00 AM,Financial Management,Prof. Sharma,2,MCA,B,Room 201,180,163,90.56,Theory,0,0,0
31-01-2026,Saturday,2,10:00 AM,Financial Management,Ishwari Gaikwad,4,MBA,B,Room 202,120,109,90.83,Theory,0,0,0
31-01-2026,Saturday,3,11:15 AM,Web Development,Prof. Deshmukh,4,MCA,A,Room 202,180,123,68.33,Theory,1,1,0
31-01-2026,Saturday,4,12:15 PM,Cloud Computing,Prof. Deshmukh,4,MCA,A,Room 201,180,149,82.78,Theory,0,0,0
31-01-2026,Saturday,5,02:00 PM,Machine Learning,Akash Upadhayay,4,MBA,A,Room 202,120,86,,Theory,0,0,1
31-01-2026,Saturday,6,03:00 PM,Python Programming,Prof. Patil,2,MCA,A,Room 202,180,129,71.67,Theory,0,1,0
31-01-2026,Saturday,1,09:00 AM,Cloud Computing,Prof. Patil,2,MBA,C,Auditorium,120,71,59.17,Theory,0,0,0
31-01-2026,Saturday,2,10:00 AM,Financial Management,Ishwari Gaikwad,2,MBA,B,Room 201,120,90,75.0,Theory,0,0,0
31-01-2026,Saturday,3,11:15 AM,Web Development,Prof. Sharma,4,MBA,B,Room 202,120,96,80.0,Theory,0,0,0
31-01-2026,Saturday,4,12:15 PM,Cloud Computing,Prof. Patil,4,MBA,A,Room 202,120,61,50.83,Theory,0,0,1
31-01-2026,Saturday,5,02:00 PM,Python Programming,Prof. Deshmukh,4,MCA,C,Room 201,180,160,88.89,Theory,0,0,0
31-01-2026,Saturday,6,03:00 PM,Web Development,Ishwari Gaikwad,4,MCA,C,Room 201,180,101,56.11,Theory,0,0,1
01-02-2026,Monday,1,09:00 AM,Machine Learning,Prof. Patil,4,MCA,A,Lab 2,180,120,66.67,Practical,0,0,0
01-02-2026,Monday,2,10:00 AM,Advanced DBMS,Ishwari Gaikwad,2,MCA,B,Auditorium,180,122,67.78,Theory,1,0,0
01-02-2026,Monday,3,11:15 AM,Advanced DBMS,Prof. Kulkarni,2,MBA,B,Room 202,120,102,85.0,Theory,0,0,0
01-02-2026,Monday,4,12:15 PM,Advanced DBMS,Ishwari Gaikwad,4,MCA,B,Lab 1,180,122,67.78,Practical,1,0,0
01-02-2026,Monday,5,02:00 PM,Machine Learning,Prof. Deshmukh,2,MBA,A,Lab 2,120,110,91.67,Practical,0,0,0
01-02-2026,Monday,6,03:00 PM,HR Analytics,Akash Upadhayay,2,MCA,C,Auditorium,180,124,68.89,Theory,0,0,0
01-02-2026,Monday,1,09:00 AM,Cloud Computing,Prof. Deshmukh,4,MCA,B,Room 202,180,117,65.0,Theory,0,0,0
01-02-2026,Monday,2,10:00 AM,Python Programming,Ishwari Gaikwad,2,MCA,C,Room 202,180,138,76.67,Theory,0,0,0
01-02-2026,Monday,3,11:15 AM,Advanced DBMS,Prof. Patil,2,MBA,B,Room 201,120,79,65.83,Theory,1,0,0
01-02-2026,Monday,4,12:15 PM,Machine Learning,Prof. Patil,4,MCA,C,Room 202,180,100,55.56,Theory,0,0,1
01-02-2026,Monday,5,02:00 PM,Web Development,Prof. Sharma,2,MBA,C,Auditorium,120,102,85.0,Theory,0,0,0
01-02-2026,Monday,6,03:00 PM,Web Development,Prof. Patil,4,MCA,C,Lab 1,180,133,73.89,Practical,0,0,0
01-02-2026,Monday,1,09:00 AM,Machine Learning,Akash Upadhayay,2,MCA,A,Room 202,180,119,66.11,Theory,0,0,0
01-02-2026,Monday,2,10:00 AM,Web Development,Akash Upadhayay,2,MCA,B,Room 202,180,140,77.78,Theory,0,0,0
01-02-2026,Monday,3,11:15 AM,Financial Management,Akash Upadhayay,2,MCA,B,Room 201,180,110,114.0,Theory,0,0,0
01-02-2026,Monday,4,12:15 PM,HR Analytics,Prof. Kulkarni,2,MBA,A,Room 202,120,85,70.83,Theory,0,0,0
01-02-2026,Monday,5,02:00 PM,HR Analytics,Akash Upadhayay,2,MBA,B,Room 201,120,77,64.17,Theory,0,0,0
01-02-2026,Monday,6,03:00 PM,Python Programming,Prof. Kulkarni,4,MCA,A,Room 201,180,147,81.67,Theory,0,0,0
01-02-2026,Monday,1,09:00 AM,Cloud Computing,Akash Upadhayay,2,MBA,A,Lab 1,120,87,72.5,Practical,0,0,1
01-02-2026,Monday,2,10:00 AM,Cloud Computing,Prof. Patil,4,MCA,A,Lab 2,180,163,90.56,Practical,0,0,0
01-02-2026,Monday,3,11:15 AM,Web Development,Akash Upadhayay,4,MCA,A,Auditorium,180,139,77.22,Theory,0,0,0
01-02-2026,Monday,4,12:15 PM,Web Development,Prof. Sharma,4,MCA,A,Auditorium,180,150,83.33,Theory,0,0,0
01-02-2026,Monday,5,02:00 PM,Advanced DBMS,Prof. Kulkarni,2,MCA,A,Lab 1,180,160,,Practical,0,0,0
01-02-2026,Monday,6,03:00 PM,Machine Learning,Prof. Sharma,2,MBA,A,Auditorium,120,72,60.0,Theory,0,0,0
02-02-2026,Monday,1,09:00 AM,HR Analytics,Prof. Deshmukh,4,MCA,C,Room 201,180,90,120.0,Theory,1,0,0
02-02-2026,Monday,2,10:00 AM,Cloud Computing,Prof. Patil,4,MBA,C,Auditorium,120,59,,Theory,1,0,0
02-02-2026,Monday,3,11:15 AM,Cloud Computing,Prof. Deshmukh,4,MCA,B,Room 201,180,164,91.11,Theory,0,1,0
02-02-2026,Monday,4,12:15 PM,Web Development,Prof. Patil,2,MBA,A,Room 202,120,82,68.33,Theory,1,0,0
02-02-2026,Monday,5,02:00 PM,Advanced DBMS,Prof. Deshmukh,2,MCA,B,Room 201,180,136,75.56,Theory,0,0,0
02-02-2026,Monday,6,03:00 PM,Python Programming,Ishwari Gaikwad,2,MCA,C,Lab 2,180,99,55.0,Practical,1,0,0
02-02-2026,Monday,1,09:00 AM,Advanced DBMS,Prof. Sharma,4,MBA,C,Room 202,120,69,57.5,Theory,1,0,0
02-02-2026,Monday,2,10:00 AM,Cloud Computing,Akash Upadhayay,2,MBA,B,Room 202,120,94,78.33,Theory,0,0,0
02-02-2026,Monday,3,11:15 AM,Python Programming,Prof. Patil,2,MBA,A,Room 201,120,87,72.5,Theory,1,0,0
02-02-2026,Monday,4,12:15 PM,Web Development,Akash Upadhayay,2,MCA,B,Auditorium,180,154,85.56,Theory,0,0,0
02-02-2026,Monday,5,02:00 PM,Financial Management,Prof. Deshmukh,2,MCA,C,Auditorium,180,131,72.78,Theory,0,0,0
02-02-2026,Monday,6,03:00 PM,Web Development,Ishwari Gaikwad,2,MCA,A,Lab 1,180,140,77.78,Practical,0,1,0
02-02-2026,Monday,1,09:00 AM,Advanced DBMS,Prof. Sharma,2,MBA,A,Room 201,120,69,57.5,Theory,1,0,0
02-02-2026,Monday,2,10:00 AM,HR Analytics,Ishwari Gaikwad,2,MBA,C,Lab 1,120,108,90.0,Practical,0,0,0
02-02-2026,Monday,3,11:15 AM,Advanced DBMS,Akash Upadhayay,2,MCA,A,Lab 2,180,145,80.56,Practical,0,1,0
02-02-2026,Monday,4,12:15 PM,Cloud Computing,Akash Upadhayay,2,MCA,B,Room 201,180,125,,Theory,0,0,0
02-02-2026,Monday,5,02:00 PM,Advanced DBMS,Akash Upadhayay,2,MCA,C,Lab 2,180,151,4.0,Practical,0,0,0
02-02-2026,Monday,6,03:00 PM,Cloud Computing,Prof. Patil,4,MCA,C,Room 201,180,135,75.0,Theory,0,0,0
02-02-2026,Monday,1,09:00 AM,HR Analytics,Prof. Sharma,4,MBA,C,Room 201,120,71,59.17,Theory,1,0,0
02-02-2026,Monday,2,10:00 AM,Python Programming,Prof. Kulkarni,4,MCA,A,Lab 2,180,131,72.78,Practical,1,1,0
02-02-2026,Monday,3,11:15 AM,Advanced DBMS,Ishwari Gaikwad,4,MCA,B,Lab 1,180,96,53.33,Practical,0,1,1
02-02-2026,Monday,4,12:15 PM,Machine Learning,Prof. Patil,2,MBA,A,Room 201,120,94,78.33,Theory,0,1,0
02-02-2026,Monday,5,02:00 PM,Python Programming,Ishwari Gaikwad,4,MCA,C,Room 201,180,147,81.67,Theory,0,0,0
02-02-2026,Monday,6,03:00 PM,Python Programming,Akash Upadhayay,4,MCA,B,Room 201,180,126,70.0,Theory,0,0,0
03-02-2026,Tuesday,1,09:00 AM,Financial Management,Prof. Kulkarni,4,MBA,B,Room 202,120,57,47.5,Theory,0,0,1
03-02-2026,Tuesday,2,10:00 AM,Machine Learning,Prof. Sharma,4,MCA,B,Room 201,180,158,87.78,Theory,0,0,0
03-02-2026,Tuesday,3,11:15 AM,Python Programming,Prof. Deshmukh,2,MBA,B,Room 201,120,103,85.83,Theory,0,1,0
03-02-2026,Tuesday,4,12:15 PM,Web Development,Prof. Deshmukh,4,MCA,A,Auditorium,180,140,77.78,Theory,0,0,0
03-02-2026,Tuesday,5,02:00 PM,Advanced DBMS,Akash Upadhayay,4,MBA,B,Room 202,120,96,80.0,Theory,0,0,0
03-02-2026,Tuesday,6,03:00 PM,Machine Learning,Prof. Kulkarni,4,MCA,A,Auditorium,180,127,70.56,Theory,0,0,0
03-02-2026,Tuesday,1,09:00 AM,Financial Management,Ishwari Gaikwad,4,MCA,B,Auditorium,180,127,70.56,Theory,1,0,0
03-02-2026,Tuesday,2,10:00 AM,HR Analytics,Prof. Patil,2,MCA,C,Lab 2,180,153,85.0,Practical,1,0,0
03-02-2026,Tuesday,3,11:15 AM,Financial Management,Prof. Sharma,4,MBA,C,Room 201,120,87,72.5,Theory,1,1,0
03-02-2026,Tuesday,4,12:15 PM,Python Programming,Prof. Deshmukh,2,MBA,A,Room 202,120,99,82.5,Theory,0,1,0
03-02-2026,Tuesday,5,02:00 PM,Web Development,Prof. Sharma,2,MBA,C,Room 202,120,94,78.33,Theory,0,0,0
03-02-2026,Tuesday,6,03:00 PM,Advanced DBMS,Prof. Sharma,4,MCA,A,Room 202,180,165,91.67,Theory,0,0,0
03-02-2026,Tuesday,1,09:00 AM,Python Programming,Prof. Kulkarni,4,MBA,C,Lab 2,120,99,82.5,Practical,0,0,0
03-02-2026,Tuesday,2,10:00 AM,HR Analytics,Prof. Sharma,2,MBA,A,Lab 2,120,110,91.67,Practical,0,1,0
03-02-2026,Tuesday,3,11:15 AM,HR Analytics,Akash Upadhayay,4,MBA,C,Auditorium,120,99,82.5,Theory,0,0,0
03-02-2026,Tuesday,4,12:15 PM,Web Development,Ishwari Gaikwad,4,MBA,B,Room 201,120,104,86.67,Theory,0,0,0
03-02-2026,Tuesday,5,02:00 PM,Python Programming,Prof. Deshmukh,4,MCA,C,Room 201,180,98,54.44,Theory,1,1,1
03-02-2026,Tuesday,6,03:00 PM,Cloud Computing,Akash Upadhayay,2,MBA,A,Lab 1,120,74,61.67,Practical,0,0,0
03-02-2026,Tuesday,1,09:00 AM,Cloud Computing,Prof. Kulkarni,4,MCA,B,Room 201,180,149,82.78,Theory,0,0,0
03-02-2026,Tuesday,2,10:00 AM,Web Development,Ishwari Gaikwad,4,MCA,A,Room 202,180,146,81.11,Theory,0,0,0
03-02-2026,Tuesday,3,11:15 AM,Advanced DBMS,Prof. Deshmukh,2,MBA,A,Auditorium,120,92,76.67,Theory,1,0,0
03-02-2026,Tuesday,4,12:15 PM,Python Programming,Akash Upadhayay,2,MCA,B,Lab 1,180,174,96.67,Practical,0,0,0
03-02-2026,Tuesday,5,02:00 PM,Machine Learning,Ishwari Gaikwad,4,MBA,A,Room 201,120,97,80.83,Theory,0,0,0
03-02-2026,Tuesday,6,03:00 PM,Financial Management,Akash Upadhayay,2,MBA,C,Room 202,120,99,,Theory,0,0,0
04-02-2026,Wednesday,1,09:00 AM,Advanced DBMS,Prof. Kulkarni,4,MCA,C,Lab 1,180,146,81.11,Practical,0,0,0
04-02-2026,Wednesday,2,10:00 AM,Python Programming,Prof. Sharma,2,MBA,A,Auditorium,120,100,,Theory,0,0,0
04-02-2026,Wednesday,3,11:15 AM,Advanced DBMS,Akash Upadhayay,2,MCA,B,Lab 1,180,169,93.89,Practical,0,0,0
04-02-2026,Wednesday,4,12:15 PM,Python Programming,Ishwari Gaikwad,2,MCA,A,Auditorium,180,124,68.89,Theory,1,0,0
04-02-2026,Wednesday,5,02:00 PM,Web Development,Prof. Deshmukh,4,MBA,A,Auditorium,120,108,90.0,Theory,0,0,0
04-02-2026,Wednesday,6,03:00 PM,Python Programming,Prof. Kulkarni,4,MBA,A,Lab 1,120,95,79.17,Practical,0,0,0
04-02-2026,Wednesday,1,09:00 AM,Cloud Computing,Prof. Kulkarni,4,MCA,A,Room 201,180,151,83.89,Theory,0,0,0
04-02-2026,Wednesday,2,10:00 AM,Financial Management,Prof. Kulkarni,4,MCA,A,Room 201,180,155,86.11,Theory,0,0,0
04-02-2026,Wednesday,3,11:15 AM,Financial Management,Prof. Deshmukh,2,MCA,C,Room 202,180,162,90.0,Theory,0,0,0
04-02-2026,Wednesday,4,12:15 PM,Financial Management,Ishwari Gaikwad,4,MBA,A,Room 201,120,109,,Theory,0,0,0
04-02-2026,Wednesday,5,02:00 PM,Financial Management,Prof. Deshmukh,2,MCA,C,Auditorium,180,154,85.56,Theory,0,0,0
04-02-2026,Wednesday,6,03:00 PM,Machine Learning,Prof. Sharma,2,MBA,B,Auditorium,120,95,79.17,Theory,0,0,0
04-02-2026,Wednesday,1,09:00 AM,Advanced DBMS,Prof. Patil,2,MBA,A,Auditorium,120,97,80.83,Theory,0,0,0
04-02-2026,Wednesday,2,10:00 AM,HR Analytics,Prof. Patil,4,MBA,C,Lab 1,120,110,91.67,Practical,0,0,0
04-02-2026,Wednesday,3,11:15 AM,HR Analytics,Prof. Deshmukh,4,MCA,B,Room 202,180,132,73.33,Theory,1,0,0
04-02-2026,Wednesday,4,12:15 PM,Advanced DBMS,Prof. Kulkarni,2,MCA,A,Lab 1,180,163,90.56,Practical,0,0,0
04-02-2026,Wednesday,5,02:00 PM,Python Programming,Ishwari Gaikwad,2,MCA,A,Lab 1,180,170,94.44,Practical,0,0,0
04-02-2026,Wednesday,6,03:00 PM,Advanced DBMS,Prof. Deshmukh,4,MCA,B,Room 201,180,129,71.67,Theory,0,1,0
04-02-2026,Wednesday,1,09:00 AM,HR Analytics,Prof. Sharma,2,MBA,A,Lab 2,120,92,76.67,Practical,0,0,1
04-02-2026,Wednesday,2,10:00 AM,Machine Learning,Prof. Deshmukh,2,MBA,B,Lab 2,120,102,,Practical,0,0,0
04-02-2026,Wednesday,3,11:15 AM,HR Analytics,Prof. Kulkarni,2,MBA,A,Room 201,120,72,60.0,Theory,0,0,1
04-02-2026,Wednesday,4,12:15 PM,Machine Learning,Prof. Patil,4,MBA,B,Room 202,120,110,91.67,Theory,0,0,0
04-02-2026,Wednesday,5,02:00 PM,Python Programming,Akash Upadhayay,2,MCA,B,Lab 2,180,144,,Practical,0,0,1
04-02-2026,Wednesday,6,03:00 PM,Cloud Computing,Ishwari Gaikwad,2,MCA,B,Room 201,180,144,80.0,Theory,0,0,0
05-02-2026,Thursday,1,09:00 AM,Web Development,Ishwari Gaikwad,2,MCA,B,Auditorium,180,135,75.0,Theory,0,0,0
05-02-2026,Thursday,2,10:00 AM,Machine Learning,Ishwari Gaikwad,2,MBA,C,Room 201,120,92,76.67,Theory,0,0,0
05-02-2026,Thursday,3,11:15 AM,Machine Learning,Prof. Deshmukh,4,MCA,B,Room 202,180,168,93.33,Theory,0,0,0
05-02-2026,Thursday,4,12:15 PM,Web Development,Akash Upadhayay,4,MCA,B,Room 202,180,141,,Theory,0,1,0
05-02-2026,Thursday,5,02:00 PM,Financial Management,Ishwari Gaikwad,4,MCA,B,Auditorium,180,144,80.0,Theory,0,0,0
05-02-2026,Thursday,6,03:00 PM,Financial Management,Prof. Kulkarni,2,MBA,C,Room 201,120,85,70.83,Theory,1,1,0
05-02-2026,Thursday,1,09:00 AM,Cloud Computing,Prof. Deshmukh,4,MCA,A,Room 201,180,134,74.44,Theory,0,0,0
05-02-2026,Thursday,2,10:00 AM,Web Development,Akash Upadhayay,2,MCA,A,Auditorium,180,152,84.44,Theory,0,0,0
05-02-2026,Thursday,3,11:15 AM,Python Programming,Akash Upadhayay,2,MCA,B,Auditorium,180,169,93.89,Theory,0,0,0
05-02-2026,Thursday,4,12:15 PM,Cloud Computing,Prof. Sharma,2,MCA,C,Lab 1,180,149,,Practical,1,0,0
05-02-2026,Thursday,5,02:00 PM,Cloud Computing,Prof. Sharma,2,MBA,A,Lab 1,120,113,94.17,Practical,0,0,0
05-02-2026,Thursday,6,03:00 PM,Python Programming,Akash Upadhayay,4,MCA,A,Room 202,180,156,86.67,Theory,0,0,0
05-02-2026,Thursday,1,09:00 AM,Cloud Computing,Prof. Patil,2,MBA,B,Lab 1,120,106,88.33,Practical,0,0,0
05-02-2026,Thursday,2,10:00 AM,Cloud Computing,Prof. Deshmukh,4,MCA,B,Lab 1,180,172,95.56,Practical,0,0,0
05-02-2026,Thursday,3,11:15 AM,Advanced DBMS,Prof. Deshmukh,2,MBA,B,Lab 2,120,79,65.83,Practical,0,0,1
05-02-2026,Thursday,4,12:15 PM,Financial Management,Prof. Sharma,2,MCA,B,Lab 1,180,164,91.11,Practical,0,0,0
05-02-2026,Thursday,5,02:00 PM,Web Development,Akash Upadhayay,4,MBA,A,Auditorium,120,80,66.67,Theory,1,0,0
05-02-2026,Thursday,6,03:00 PM,Web Development,Prof. Deshmukh,4,MBA,C,Room 201,120,89,74.17,Theory,0,1,0
05-02-2026,Thursday,1,09:00 AM,HR Analytics,Ishwari Gaikwad,4,MCA,A,Auditorium,180,107,59.44,Theory,0,0,0
05-02-2026,Thursday,2,10:00 AM,Financial Management,Prof. Patil,2,MCA,A,Room 201,180,161,89.44,Theory,0,0,0
05-02-2026,Thursday,3,11:15 AM,Cloud Computing,Prof. Kulkarni,4,MCA,C,Room 202,180,159,88.33,Theory,0,0,0
05-02-2026,Thursday,4,12:15 PM,Cloud Computing,Prof. Sharma,2,MBA,C,Auditorium,120,86,71.67,Theory,0,0,1
05-02-2026,Thursday,5,02:00 PM,HR Analytics,Prof. Patil,2,MCA,C,Lab 2,180,130,72.22,Practical,1,0,0
05-02-2026,Thursday,6,03:00 PM,Python Programming,Prof. Patil,4,MCA,C,Room 201,180,154,120.0,Theory,0,0,0
06-02-2026,Friday,1,09:00 AM,Financial Management,Akash Upadhayay,2,MCA,C,Room 201,180,146,81.11,Theory,0,0,0
06-02-2026,Friday,2,10:00 AM,Advanced DBMS,Prof. Patil,4,MCA,B,Auditorium,180,136,75.56,Theory,0,1,0
06-02-2026,Friday,3,11:15 AM,Web Development,Prof. Sharma,4,MCA,B,Lab 2,180,161,89.44,Practical,0,0,0
06-02-2026,Friday,4,12:15 PM,Advanced DBMS,Ishwari Gaikwad,2,MBA,B,Room 202,120,109,90.83,Theory,0,0,0
06-02-2026,Friday,5,02:00 PM,Python Programming,Ishwari Gaikwad,2,MCA,A,Lab 1,180,176,97.78,Practical,0,0,0
06-02-2026,Friday,6,03:00 PM,Web Development,Prof. Sharma,4,MBA,A,Lab 2,120,90,75.0,Practical,0,1,0
06-02-2026,Friday,1,09:00 AM,Advanced DBMS,Prof. Deshmukh,4,MCA,A,Lab 2,180,159,88.33,Practical,0,0,0
06-02-2026,Friday,2,10:00 AM,Python Programming,Prof. Sharma,2,MBA,B,Auditorium,120,71,59.17,Theory,0,0,1
06-02-2026,Friday,3,11:15 AM,Machine Learning,Prof. Deshmukh,2,MBA,B,Lab 1,120,101,84.17,Practical,1,0,0
06-02-2026,Friday,4,12:15 PM,Python Programming,Prof. Patil,4,MCA,B,Auditorium,180,125,69.44,Theory,0,0,1
06-02-2026,Friday,5,02:00 PM,Cloud Computing,Akash Upadhayay,2,MCA,C,Room 201,180,164,91.11,Theory,0,0,0
06-02-2026,Friday,6,03:00 PM,Advanced DBMS,Prof. Patil,4,MCA,A,Room 201,180,127,70.56,Theory,0,0,0
06-02-2026,Friday,1,09:00 AM,Machine Learning,Akash Upadhayay,4,MBA,A,Lab 2,120,86,71.67,Practical,1,0,0
06-02-2026,Friday,2,10:00 AM,Web Development,Prof. Deshmukh,2,MCA,A,Room 201,180,133,73.89,Theory,0,0,0
06-02-2026,Friday,3,11:15 AM,Machine Learning,Akash Upadhayay,4,MCA,C,Lab 2,180,146,81.11,Practical,1,0,0
06-02-2026,Friday,4,12:15 PM,Python Programming,Prof. Deshmukh,2,MCA,B,Lab 1,180,168,93.33,Practical,0,0,0
06-02-2026,Friday,5,02:00 PM,Machine Learning,Prof. Deshmukh,2,MCA,A,Room 202,180,170,94.44,Theory,0,0,0
06-02-2026,Friday,6,03:00 PM,Advanced DBMS,Akash Upadhayay,4,MCA,C,Room 202,180,149,82.78,Theory,0,0,0
06-02-2026,Friday,1,09:00 AM,Python Programming,Prof. Patil,4,MBA,B,Room 202,120,99,82.5,Theory,0,1,0
06-02-2026,Friday,2,10:00 AM,Python Programming,Prof. Deshmukh,2,MCA,B,Room 202,180,108,60.0,Theory,1,0,0
06-02-2026,Friday,3,11:15 AM,Web Development,Prof. Deshmukh,4,MCA,B,Room 202,180,150,83.33,Theory,0,0,0
06-02-2026,Friday,4,12:15 PM,Advanced DBMS,Ishwari Gaikwad,2,MBA,A,Room 202,120,88,73.33,Theory,1,0,0
06-02-2026,Friday,5,02:00 PM,Machine Learning,Prof. Sharma,2,MBA,B,Lab 1,120,117,97.5,Practical,0,0,0
06-02-2026,Friday,6,03:00 PM,Machine Learning,Ishwari Gaikwad,4,MBA,C,Lab 1,120,102,85.0,Practical,0,0,0
07-02-2026,Saturday,1,09:00 AM,HR Analytics,Prof. Deshmukh,2,MCA,B,Lab 2,180,110,61.11,Practical,1,0,0
07-02-2026,Saturday,2,10:00 AM,Web Development,Prof. Deshmukh,2,MBA,C,Room 202,120,105,87.5,Theory,0,0,0
07-02-2026,Saturday,3,11:15 AM,Python Programming,Prof. Patil,4,MCA,B,Room 202,180,157,87.22,Theory,0,1,0
07-02-2026,Saturday,4,12:15 PM,Web Development,Prof. Kulkarni,2,MCA,A,Room 201,180,149,82.78,Theory,0,0,0
07-02-2026,Saturday,5,02:00 PM,Machine Learning,Ishwari Gaikwad,4,MBA,B,Auditorium,120,94,78.33,Theory,0,0,0
07-02-2026,Saturday,6,03:00 PM,Cloud Computing,Prof. Patil,2,MCA,B,Room 202,180,112,62.22,Theory,0,0,0
07-02-2026,Saturday,1,09:00 AM,Web Development,Prof. Sharma,2,MCA,C,Lab 1,180,139,77.22,Practical,0,0,0
07-02-2026,Saturday,2,10:00 AM,Financial Management,Prof. Deshmukh,4,MCA,B,Lab 2,180,143,79.44,Practical,0,0,0
07-02-2026,Saturday,3,11:15 AM,Cloud Computing,Prof. Sharma,4,MCA,B,Lab 1,180,141,78.33,Practical,0,1,0
07-02-2026,Saturday,4,12:15 PM,Web Development,Ishwari Gaikwad,2,MCA,B,Auditorium,180,117,65.0,Theory,0,0,0
07-02-2026,Saturday,5,02:00 PM,Cloud Computing,Prof. Sharma,4,MCA,C,Room 201,180,109,60.56,Theory,0,1,0
07-02-2026,Saturday,6,03:00 PM,HR Analytics,Prof. Kulkarni,4,MCA,B,Room 202,180,126,70.0,Theory,0,1,0
07-02-2026,Saturday,1,09:00 AM,Machine Learning,Akash Upadhayay,4,MCA,A,Auditorium,180,136,75.56,Theory,0,0,0
07-02-2026,Saturday,2,10:00 AM,Cloud Computing,Prof. Sharma,2,MBA,C,Auditorium,120,95,79.17,Theory,0,0,0
07-02-2026,Saturday,3,11:15 AM,Advanced DBMS,Prof. Deshmukh,2,MCA,C,Lab 2,180,156,86.67,Practical,0,0,0
07-02-2026,Saturday,4,12:15 PM,Cloud Computing,Prof. Deshmukh,2,MCA,B,Lab 1,180,159,88.33,Practical,0,1,0
07-02-2026,Saturday,5,02:00 PM,Cloud Computing,Prof. Kulkarni,4,MBA,B,Lab 2,120,74,61.67,Practical,1,0,0
07-02-2026,Saturday,6,03:00 PM,Financial Management,Prof. Sharma,4,MBA,C,Lab 1,120,92,76.67,Practical,0,0,0
07-02-2026,Saturday,1,09:00 AM,Web Development,Prof. Kulkarni,2,MBA,A,Room 201,120,70,58.33,Theory,0,0,0
07-02-2026,Saturday,2,10:00 AM,Python Programming,Prof. Deshmukh,2,MBA,A,Auditorium,120,78,65.0,Theory,1,0,0
07-02-2026,Saturday,3,11:15 AM,Cloud Computing,Prof. Patil,4,MCA,C,Lab 1,180,166,92.22,Practical,0,1,0
07-02-2026,Saturday,4,12:15 PM,Cloud Computing,Prof. Kulkarni,4,MCA,C,Lab 2,180,159,88.33,Practical,0,1,0
07-02-2026,Saturday,5,02:00 PM,Cloud Computing,Prof. Deshmukh,4,MCA,A,Lab 1,180,156,86.67,Practical,0,0,0
07-02-2026,Saturday,6,03:00 PM,Advanced DBMS,Prof. Deshmukh,4,MCA,C,Lab 1,180,146,81.11,Practical,0,0,0
08-02-2026,Monday,1,09:00 AM,Cloud Computing,Ishwari Gaikwad,2,MCA,A,Room 202,180,132,73.33,Theory,0,0,0
08-02-2026,Monday,2,10:00 AM,Financial Management,Prof. Sharma,2,MCA,A,Lab 1,180,127,70.56,Practical,0,0,1
08-02-2026,Monday,3,11:15 AM,HR Analytics,Prof. Sharma,2,MCA,A,Lab 2,180,133,73.89,Practical,0,0,1
08-02-2026,Monday,4,12:15 PM,HR Analytics,Prof. Patil,4,MCA,C,Room 202,180,149,82.78,Theory,0,0,0
08-02-2026,Monday,5,02:00 PM,Python Programming,Prof. Patil,4,MCA,C,Lab 1,180,168,114.0,Practical,0,1,0
08-02-2026,Monday,6,03:00 PM,Machine Learning,Prof. Sharma,4,MCA,C,Lab 2,180,136,75.56,Practical,0,0,0
08-02-2026,Monday,1,09:00 AM,Cloud Computing,Akash Upadhayay,4,MBA,B,Lab 2,120,108,90.0,Practical,0,0,0
08-02-2026,Monday,2,10:00 AM,Web Development,Ishwari Gaikwad,4,MCA,B,Room 202,180,167,92.78,Theory,0,0,0
08-02-2026,Monday,3,11:15 AM,Cloud Computing,Prof. Patil,2,MBA,B,Lab 1,120,82,68.33,Practical,0,0,1
08-02-2026,Monday,4,12:15 PM,Web Development,Prof. Deshmukh,2,MCA,C,Room 201,180,144,80.0,Theory,0,0,0
08-02-2026,Monday,5,02:00 PM,Advanced DBMS,Akash Upadhayay,4,MCA,B,Lab 1,180,136,75.56,Practical,0,0,0
08-02-2026,Monday,6,03:00 PM,Python Programming,Prof. Patil,2,MCA,B,Lab 1,180,150,83.33,Practical,0,0,0
08-02-2026,Monday,1,09:00 AM,Advanced DBMS,Prof. Patil,4,MBA,B,Lab 2,120,91,75.83,Practical,0,0,0
08-02-2026,Monday,2,10:00 AM,Python Programming,Prof. Patil,2,MBA,A,Room 201,120,110,91.67,Theory,0,0,0
08-02-2026,Monday,3,11:15 AM,Financial Management,Prof. Sharma,4,MBA,B,Auditorium,120,84,70.0,Theory,0,0,0
08-02-2026,Monday,4,12:15 PM,Financial Management,Prof. Deshmukh,2,MCA,C,Lab 1,180,147,81.67,Practical,0,0,0
08-02-2026,Monday,5,02:00 PM,Machine Learning,Prof. Kulkarni,4,MCA,C,Room 201,180,128,71.11,Theory,0,1,0
08-02-2026,Monday,6,03:00 PM,Web Development,Ishwari Gaikwad,2,MCA,B,Lab 2,180,142,78.89,Practical,0,0,0
08-02-2026,Monday,1,09:00 AM,HR Analytics,Prof. Deshmukh,4,MCA,B,Lab 2,180,111,61.67,Practical,1,0,0
08-02-2026,Monday,2,10:00 AM,Financial Management,Prof. Sharma,2,MCA,C,Lab 1,180,168,93.33,Practical,0,0,0
08-02-2026,Monday,3,11:15 AM,Web Development,Ishwari Gaikwad,4,MCA,C,Lab 2,180,153,85.0,Practical,0,1,0
08-02-2026,Monday,4,12:15 PM,Web Development,Prof. Kulkarni,4,MCA,A,Lab 1,180,159,88.33,Practical,0,0,0
08-02-2026,Monday,5,02:00 PM,Cloud Computing,Prof. Patil,2,MCA,C,Auditorium,180,145,80.56,Theory,0,0,0
08-02-2026,Monday,6,03:00 PM,Financial Management,Prof. Kulkarni,4,MCA,A,Room 202,180,122,67.78,Theory,0,0,0
09-02-2026,Monday,1,09:00 AM,Web Development,Prof. Deshmukh,4,MCA,B,Room 202,180,107,59.44,Theory,1,0,1
09-02-2026,Monday,2,10:00 AM,Financial Management,Ishwari Gaikwad,2,MCA,A,Room 202,180,120,66.67,Theory,1,1,0
09-02-2026,Monday,3,11:15 AM,Advanced DBMS,Ishwari Gaikwad,4,MCA,B,Lab 2,180,129,71.67,Practical,1,0,0
09-02-2026,Monday,4,12:15 PM,Advanced DBMS,Prof. Sharma,2,MBA,A,Auditorium,120,73,60.83,Theory,1,0,0
09-02-2026,Monday,5,02:00 PM,Python Programming,Prof. Deshmukh,4,MCA,A,Auditorium,180,115,63.89,Theory,1,0,0
09-02-2026,Monday,6,03:00 PM,Web Development,Prof. Kulkarni,4,MCA,C,Lab 1,180,128,71.11,Practical,0,0,0
09-02-2026,Monday,1,09:00 AM,Web Development,Prof. Patil,4,MBA,C,Room 201,120,68,56.67,Theory,0,1,0
09-02-2026,Monday,2,10:00 AM,HR Analytics,Prof. Kulkarni,4,MCA,B,Room 202,180,147,81.67,Theory,0,0,0
09-02-2026,Monday,3,11:15 AM,Advanced DBMS,Prof. Kulkarni,4,MCA,A,Auditorium,180,149,82.78,Theory,0,0,0
09-02-2026,Monday,4,12:15 PM,Advanced DBMS,Prof. Kulkarni,4,MCA,A,Room 202,180,156,86.67,Theory,0,0,0
09-02-2026,Monday,5,02:00 PM,Web Development,Ishwari Gaikwad,4,MBA,A,Room 201,120,102,85.0,Theory,0,0,0
09-02-2026,Monday,6,03:00 PM,HR Analytics,Prof. Deshmukh,4,MCA,B,Lab 2,180,131,,Practical,0,1,0
09-02-2026,Monday,1,09:00 AM,Cloud Computing,Prof. Kulkarni,4,MCA,C,Auditorium,180,128,71.11,Theory,0,0,0
09-02-2026,Monday,2,10:00 AM,Web Development,Prof. Patil,4,MCA,A,Lab 2,180,149,82.78,Practical,0,0,0
09-02-2026,Monday,3,11:15 AM,Web Development,Ishwari Gaikwad,2,MBA,A,Room 202,120,93,77.5,Theory,0,0,0
09-02-2026,Monday,4,12:15 PM,Financial Management,Prof. Deshmukh,2,MCA,A,Lab 1,180,153,85.0,Practical,0,0,0
09-02-2026,Monday,5,02:00 PM,Web Development,Akash Upadhayay,2,MCA,A,Room 201,180,143,79.44,Theory,1,1,0
09-02-2026,Monday,6,03:00 PM,HR Analytics,Prof. Sharma,4,MCA,A,Room 201,180,86,47.78,Theory,0,0,1
09-02-2026,Monday,1,09:00 AM,Web Development,Prof. Kulkarni,4,MCA,C,Lab 1,180,112,62.22,Practical,0,0,0
09-02-2026,Monday,2,10:00 AM,Financial Management,Ishwari Gaikwad,4,MCA,B,Auditorium,180,116,64.44,Theory,1,0,0
09-02-2026,Monday,3,11:15 AM,Web Development,Ishwari Gaikwad,4,MBA,B,Lab 2,120,97,80.83,Practical,0,0,0
09-02-2026,Monday,4,12:15 PM,Cloud Computing,Prof. Kulkarni,4,MCA,C,Room 201,180,118,65.56,Theory,1,0,0
09-02-2026,Monday,5,02:00 PM,Python Programming,Prof. Sharma,2,MCA,A,Room 202,180,147,81.67,Theory,0,0,0
09-02-2026,Monday,6,03:00 PM,Python Programming,Prof. Deshmukh,2,MCA,B,Lab 1,180,134,74.44,Practical,0,0,0
10-02-2026,Tuesday,1,09:00 AM,Web Development,Ishwari Gaikwad,2,MCA,B,Lab 2,180,160,88.89,Practical,0,0,0
10-02-2026,Tuesday,2,10:00 AM,Web Development,Ishwari Gaikwad,4,MBA,B,Room 201,120,106,88.33,Theory,0,1,0
10-02-2026,Tuesday,3,11:15 AM,Web Development,Prof. Sharma,4,MBA,A,Room 202,120,100,83.33,Theory,0,0,0
10-02-2026,Tuesday,4,12:15 PM,HR Analytics,Akash Upadhayay,2,MBA,A,Lab 1,120,85,70.83,Practical,0,0,0
10-02-2026,Tuesday,5,02:00 PM,Cloud Computing,Prof. Kulkarni,4,MBA,B,Room 202,120,104,86.67,Theory,0,0,0
10-02-2026,Tuesday,6,03:00 PM,Advanced DBMS,Ishwari Gaikwad,4,MBA,A,Lab 2,120,98,81.67,Practical,0,0,0
10-02-2026,Tuesday,1,09:00 AM,Web Development,Prof. Deshmukh,4,MCA,C,Room 201,180,131,72.78,Theory,0,0,0
10-02-2026,Tuesday,2,10:00 AM,Machine Learning,Prof. Kulkarni,4,MBA,A,Room 202,120,107,89.17,Theory,0,0,0
10-02-2026,Tuesday,3,11:15 AM,HR Analytics,Prof. Sharma,2,MBA,A,Room 201,120,99,,Theory,0,0,0
10-02-2026,Tuesday,4,12:15 PM,Python Programming,Prof. Kulkarni,4,MBA,A,Lab 2,120,103,4.0,Practical,0,0,0
10-02-2026,Tuesday,5,02:00 PM,HR Analytics,Prof. Kulkarni,2,MBA,A,Room 201,120,109,90.83,Theory,0,0,0
10-02-2026,Tuesday,6,03:00 PM,Python Programming,Prof. Deshmukh,4,MCA,C,Lab 1,180,170,94.44,Practical,0,0,0
10-02-2026,Tuesday,1,09:00 AM,Web Development,Prof. Kulkarni,2,MBA,C,Lab 2,120,102,85.0,Practical,0,0,0
10-02-2026,Tuesday,2,10:00 AM,Web Development,Prof. Sharma,4,MCA,C,Room 201,180,176,97.78,Theory,0,0,0
10-02-2026,Tuesday,3,11:15 AM,Financial Management,Prof. Kulkarni,4,MCA,C,Lab 1,180,176,97.78,Practical,0,0,0
10-02-2026,Tuesday,4,12:15 PM,Web Development,Prof. Deshmukh,2,MCA,B,Lab 1,180,150,83.33,Practical,0,0,0
10-02-2026,Tuesday,5,02:00 PM,Python Programming,Prof. Sharma,2,MCA,A,Lab 1,180,169,93.89,Practical,0,1,0
10-02-2026,Tuesday,6,03:00 PM,Python Programming,Prof. Patil,4,MBA,A,Lab 2,120,72,60.0,Practical,0,0,0
10-02-2026,Tuesday,1,09:00 AM,Web Development,Ishwari Gaikwad,2,MCA,A,Room 201,180,147,81.67,Theory,0,0,0
10-02-2026,Tuesday,2,10:00 AM,Machine Learning,Prof. Patil,4,MCA,A,Room 201,180,173,,Theory,0,0,0
10-02-2026,Tuesday,3,11:15 AM,Cloud Computing,Prof. Sharma,4,MCA,A,Lab 2,180,170,94.44,Practical,0,0,0
10-02-2026,Tuesday,4,12:15 PM,Machine Learning,Prof. Deshmukh,2,MCA,B,Lab 2,180,155,86.11,Practical,0,0,0
10-02-2026,Tuesday,5,02:00 PM,Python Programming,Prof. Deshmukh,2,MBA,A,Room 201,120,93,77.5,Theory,0,0,0
10-02-2026,Tuesday,6,03:00 PM,Python Programming,Prof. Sharma,4,MBA,C,Lab 1,120,85,70.83,Practical,0,0,0
11-02-2026,Wednesday,1,09:00 AM,Web Development,Prof. Deshmukh,4,MBA,A,Auditorium,120,89,74.17,Theory,0,0,0
11-02-2026,Wednesday,2,10:00 AM,Financial Management,Prof. Patil,4,MBA,C,Auditorium,120,96,80.0,Theory,0,0,0
11-02-2026,Wednesday,3,11:15 AM,Cloud Computing,Ishwari Gaikwad,4,MBA,C,Lab 1,120,103,85.83,Practical,0,0,0
11-02-2026,Wednesday,4,12:15 PM,Python Programming,Ishwari Gaikwad,2,MBA,C,Auditorium,120,88,73.33,Theory,0,1,1
11-02-2026,Wednesday,5,02:00 PM,Cloud Computing,Akash Upadhayay,4,MBA,C,Lab 2,120,117,97.5,Practical,0,0,0
11-02-2026,Wednesday,6,03:00 PM,Python Programming,Ishwari Gaikwad,2,MCA,B,Auditorium,180,120,66.67,Theory,1,0,0
11-02-2026,Wednesday,1,09:00 AM,Financial Management,Prof. Deshmukh,2,MCA,C,Lab 1,180,153,85.0,Practical,0,1,0
11-02-2026,Wednesday,2,10:00 AM,HR Analytics,Akash Upadhayay,2,MBA,C,Room 202,120,76,63.33,Theory,0,0,1
11-02-2026,Wednesday,3,11:15 AM,Financial Management,Prof. Kulkarni,2,MBA,B,Lab 1,120,114,95.0,Practical,0,1,0
11-02-2026,Wednesday,4,12:15 PM,Advanced DBMS,Prof. Deshmukh,4,MCA,A,Lab 1,180,152,4.0,Practical,0,0,0
11-02-2026,Wednesday,5,02:00 PM,Python Programming,Ishwari Gaikwad,4,MCA,B,Lab 1,180,166,92.22,Practical,0,1,0
11-02-2026,Wednesday,6,03:00 PM,Financial Management,Prof. Deshmukh,2,MCA,C,Room 201,180,131,72.78,Theory,0,0,0
11-02-2026,Wednesday,1,09:00 AM,Advanced DBMS,Akash Upadhayay,2,MCA,C,Lab 1,180,140,77.78,Practical,0,1,0
11-02-2026,Wednesday,2,10:00 AM,Cloud Computing,Prof. Deshmukh,2,MCA,B,Lab 2,180,134,74.44,Practical,1,1,0
11-02-2026,Wednesday,3,11:15 AM,Financial Management,Prof. Kulkarni,4,MBA,C,Auditorium,120,117,97.5,Theory,0,0,0
11-02-2026,Wednesday,4,12:15 PM,Cloud Computing,Akash Upadhayay,2,MCA,A,Auditorium,180,156,86.67,Theory,0,0,0
11-02-2026,Wednesday,5,02:00 PM,Financial Management,Ishwari Gaikwad,4,MCA,A,Lab 1,180,176,97.78,Practical,0,0,0
11-02-2026,Wednesday,6,03:00 PM,Machine Learning,Prof. Sharma,4,MBA,A,Room 202,120,62,51.67,Theory,1,0,0
11-02-2026,Wednesday,1,09:00 AM,Financial Management,Prof. Kulkarni,4,MCA,B,Auditorium,180,121,67.22,Theory,0,0,1
11-02-2026,Wednesday,2,10:00 AM,Financial Management,Akash Upadhayay,4,MBA,B,Room 202,120,80,66.67,Theory,1,0,0
11-02-2026,Wednesday,3,11:15 AM,Python Programming,Ishwari Gaikwad,4,MCA,A,Room 201,180,159,88.33,Theory,0,0,0
11-02-2026,Wednesday,4,12:15 PM,Advanced DBMS,Akash Upadhayay,4,MBA,B,Lab 1,120,106,88.33,Practical,0,1,1
11-02-2026,Wednesday,5,02:00 PM,Financial Management,Ishwari Gaikwad,4,MCA,B,Auditorium,180,148,82.22,Theory,0,0,0
11-02-2026,Wednesday,6,03:00 PM,Machine Learning,Prof. Deshmukh,4,MBA,A,Room 202,120,96,80.0,Theory,0,0,0
12-02-2026,Thursday,1,09:00 AM,Advanced DBMS,Akash Upadhayay,2,MCA,A,Room 201,180,146,81.11,Theory,0,0,0
12-02-2026,Thursday,2,10:00 AM,Financial Management,Prof. Kulkarni,2,MBA,C,Room 202,120,91,75.83,Theory,1,0,0
12-02-2026,Thursday,3,11:15 AM,Cloud Computing,Ishwari Gaikwad,2,MCA,A,Room 201,180,153,85.0,Theory,0,0,0
12-02-2026,Thursday,4,12:15 PM,Python Programming,Ishwari Gaikwad,4,MCA,C,Auditorium,180,119,66.11,Theory,0,0,1
12-02-2026,Thursday,5,02:00 PM,Advanced DBMS,Prof. Deshmukh,4,MCA,B,Lab 2,180,155,86.11,Practical,0,0,0
12-02-2026,Thursday,6,03:00 PM,Machine Learning,Akash Upadhayay,4,MCA,B,Lab 2,180,136,75.56,Practical,0,0,0
12-02-2026,Thursday,1,09:00 AM,HR Analytics,Prof. Deshmukh,4,MCA,B,Lab 2,180,128,71.11,Practical,1,0,0
12-02-2026,Thursday,2,10:00 AM,Web Development,Prof. Deshmukh,2,MBA,B,Lab 2,120,114,4.0,Practical,1,0,0
12-02-2026,Thursday,3,11:15 AM,Advanced DBMS,Prof. Sharma,2,MCA,C,Room 201,180,129,71.67,Theory,0,0,1
12-02-2026,Thursday,4,12:15 PM,HR Analytics,Prof. Kulkarni,4,MCA,B,Lab 1,180,154,85.56,Practical,0,0,0
12-02-2026,Thursday,5,02:00 PM,HR Analytics,Prof. Deshmukh,2,MBA,C,Room 201,120,94,78.33,Theory,0,0,0
12-02-2026,Thursday,6,03:00 PM,Financial Management,Ishwari Gaikwad,4,MCA,A,Room 202,180,161,89.44,Theory,0,0,0
12-02-2026,Thursday,1,09:00 AM,Machine Learning,Prof. Deshmukh,2,MCA,C,Lab 1,180,133,73.89,Practical,1,0,0
12-02-2026,Thursday,2,10:00 AM,HR Analytics,Prof. Kulkarni,2,MCA,C,Room 201,180,148,82.22,Theory,0,0,0
12-02-2026,Thursday,3,11:15 AM,HR Analytics,Akash Upadhayay,2,MCA,A,Auditorium,180,159,88.33,Theory,0,0,0
12-02-2026,Thursday,4,12:15 PM,Cloud Computing,Prof. Kulkarni,2,MCA,C,Room 201,180,172,95.56,Theory,0,1,0
12-02-2026,Thursday,5,02:00 PM,Web Development,Prof. Deshmukh,4,MCA,C,Auditorium,180,159,88.33,Theory,0,0,0
12-02-2026,Thursday,6,03:00 PM,Web Development,Prof. Deshmukh,2,MCA,A,Room 201,180,163,90.56,Theory,0,1,0
12-02-2026,Thursday,1,09:00 AM,Financial Management,Prof. Sharma,4,MCA,A,Lab 2,180,142,78.89,Practical,0,0,1
12-02-2026,Thursday,2,10:00 AM,Cloud Computing,Ishwari Gaikwad,2,MBA,B,Lab 1,120,108,90.0,Practical,0,1,0
12-02-2026,Thursday,3,11:15 AM,Advanced DBMS,Prof. Patil,4,MCA,C,Auditorium,180,138,,Theory,1,0,0
12-02-2026,Thursday,4,12:15 PM,Advanced DBMS,Prof. Patil,2,MBA,A,Auditorium,120,100,83.33,Theory,0,0,0
12-02-2026,Thursday,5,02:00 PM,Machine Learning,Ishwari Gaikwad,4,MBA,B,Room 202,120,106,88.33,Theory,0,0,0
12-02-2026,Thursday,6,03:00 PM,Advanced DBMS,Prof. Deshmukh,4,MBA,C,Auditorium,120,71,120.0,Theory,1,0,0
13-02-2026,Friday,1,09:00 AM,HR Analytics,Prof. Patil,4,MBA,B,Lab 2,120,95,79.17,Practical,0,0,0
13-02-2026,Friday,2,10:00 AM,Advanced DBMS,Akash Upadhayay,2,MBA,B,Lab 2,120,80,66.67,Practical,0,0,1
13-02-2026,Friday,3,11:15 AM,HR Analytics,Prof. Kulkarni,2,MCA,C,Room 202,180,135,75.0,Theory,0,1,1
13-02-2026,Friday,4,12:15 PM,Machine Learning,Prof. Patil,4,MBA,A,Lab 2,120,116,96.67,Practical,0,0,0
13-02-2026,Friday,5,02:00 PM,HR Analytics,Prof. Sharma,4,MBA,A,Lab 1,120,83,69.17,Practical,0,0,1
13-02-2026,Friday,6,03:00 PM,HR Analytics,Akash Upadhayay,4,MCA,B,Room 201,180,107,59.44,Theory,0,1,0
13-02-2026,Friday,1,09:00 AM,Machine Learning,Prof. Patil,4,MCA,C,Lab 2,180,151,83.89,Practical,0,0,0
13-02-2026,Friday,2,10:00 AM,Advanced DBMS,Prof. Kulkarni,2,MBA,A,Room 202,120,111,120.0,Theory,0,0,0
13-02-2026,Friday,3,11:15 AM,Python Programming,Prof. Kulkarni,4,MCA,C,Lab 1,180,150,83.33,Practical,0,0,0
13-02-2026,Friday,4,12:15 PM,Python Programming,Prof. Patil,2,MCA,A,Room 202,180,152,84.44,Theory,0,1,0
13-02-2026,Friday,5,02:00 PM,Financial Management,Ishwari Gaikwad,2,MBA,B,Lab 1,120,104,86.67,Practical,0,0,1
13-02-2026,Friday,6,03:00 PM,HR Analytics,Prof. Sharma,4,MBA,C,Lab 1,120,102,85.0,Practical,0,1,0
13-02-2026,Friday,1,09:00 AM,Python Programming,Akash Upadhayay,4,MCA,A,Room 201,180,146,81.11,Theory,0,0,0
13-02-2026,Friday,2,10:00 AM,Machine Learning,Prof. Sharma,2,MBA,C,Lab 1,120,110,91.67,Practical,0,0,0
13-02-2026,Friday,3,11:15 AM,Machine Learning,Prof. Sharma,4,MCA,B,Room 201,180,130,72.22,Theory,0,0,1
13-02-2026,Friday,4,12:15 PM,Cloud Computing,Akash Upadhayay,2,MCA,C,Auditorium,180,161,120.0,Theory,0,0,0
13-02-2026,Friday,5,02:00 PM,HR Analytics,Prof. Deshmukh,4,MCA,B,Auditorium,180,138,76.67,Theory,0,0,0
13-02-2026,Friday,6,03:00 PM,Machine Learning,Prof. Patil,2,MBA,A,Auditorium,120,103,85.83,Theory,0,0,0
13-02-2026,Friday,1,09:00 AM,Python Programming,Prof. Deshmukh,2,MBA,B,Lab 1,120,75,62.5,Practical,0,0,0
13-02-2026,Friday,2,10:00 AM,Web Development,Ishwari Gaikwad,2,MCA,C,Lab 2,180,148,82.22,Practical,0,0,0
13-02-2026,Friday,3,11:15 AM,Advanced DBMS,Akash Upadhayay,4,MBA,C,Lab 1,120,87,72.5,Practical,0,0,1
13-02-2026,Friday,4,12:15 PM,Python Programming,Prof. Patil,4,MBA,A,Room 201,120,72,60.0,Theory,0,0,1
13-02-2026,Friday,5,02:00 PM,Financial Management,Akash Upadhayay,4,MBA,B,Room 201,120,97,80.83,Theory,0,0,0
13-02-2026,Friday,6,03:00 PM,Machine Learning,Prof. Kulkarni,2,MCA,C,Room 202,180,132,73.33,Theory,0,0,0
14-02-2026,Saturday,1,09:00 AM,HR Analytics,Prof. Sharma,2,MCA,C,Auditorium,180,105,4.0,Theory,1,1,0
14-02-2026,Saturday,2,10:00 AM,Python Programming,Prof. Patil,2,MBA,A,Lab 1,120,99,82.5,Practical,0,0,0
14-02-2026,Saturday,3,11:15 AM,Web Development,Prof. Kulkarni,4,MCA,B,Room 202,180,149,82.78,Theory,0,0,0
14-02-2026,Saturday,4,12:15 PM,Web Development,Prof. Deshmukh,4,MCA,B,Lab 2,180,149,82.78,Practical,0,0,0
14-02-2026,Saturday,5,02:00 PM,Web Development,Akash Upadhayay,4,MCA,B,Room 202,180,113,62.78,Theory,0,0,0
14-02-2026,Saturday,6,03:00 PM,Advanced DBMS,Prof. Sharma,4,MCA,B,Auditorium,180,95,52.78,Theory,1,0,0
14-02-2026,Saturday,1,09:00 AM,Python Programming,Prof. Patil,4,MBA,A,Lab 1,120,90,,Practical,0,0,0
14-02-2026,Saturday,2,10:00 AM,Web Development,Prof. Sharma,4,MBA,A,Auditorium,120,93,77.5,Theory,0,0,0
14-02-2026,Saturday,3,11:15 AM,Advanced DBMS,Prof. Kulkarni,2,MBA,B,Lab 2,120,103,85.83,Practical,0,0,0
14-02-2026,Saturday,4,12:15 PM,Financial Management,Prof. Deshmukh,2,MBA,B,Room 202,120,96,80.0,Theory,0,0,0
14-02-2026,Saturday,5,02:00 PM,Machine Learning,Prof. Sharma,4,MBA,A,Room 201,120,96,80.0,Theory,0,0,0
14-02-2026,Saturday,6,03:00 PM,Machine Learning,Prof. Patil,2,MCA,B,Lab 1,180,86,47.78,Practical,0,0,1
14-02-2026,Saturday,1,09:00 AM,Machine Learning,Prof. Sharma,2,MCA,A,Room 201,180,82,114.0,Theory,1,0,1
14-02-2026,Saturday,2,10:00 AM,Advanced DBMS,Ishwari Gaikwad,4,MBA,B,Auditorium,120,94,78.33,Theory,0,0,0
14-02-2026,Saturday,3,11:15 AM,Python Programming,Prof. Kulkarni,4,MBA,B,Room 201,120,95,79.17,Theory,0,0,0
14-02-2026,Saturday,4,12:15 PM,Cloud Computing,Prof. Patil,4,MBA,B,Room 201,120,102,85.0,Theory,0,0,0
14-02-2026,Saturday,5,02:00 PM,Web Development,Prof. Kulkarni,4,MCA,C,Lab 1,180,166,92.22,Practical,0,1,0
14-02-2026,Saturday,6,03:00 PM,Advanced DBMS,Prof. Sharma,4,MBA,C,Room 202,120,81,67.5,Theory,0,0,0
14-02-2026,Saturday,1,09:00 AM,Web Development,Prof. Deshmukh,2,MBA,A,Lab 2,120,87,72.5,Practical,0,0,0
14-02-2026,Saturday,2,10:00 AM,Advanced DBMS,Ishwari Gaikwad,2,MCA,A,Room 201,180,128,71.11,Theory,0,0,0
14-02-2026,Saturday,3,11:15 AM,Python Programming,Prof. Kulkarni,2,MCA,B,Room 202,180,134,74.44,Theory,0,0,0
14-02-2026,Saturday,4,12:15 PM,Web Development,Prof. Sharma,4,MBA,A,Room 202,120,103,85.83,Theory,0,0,0
14-02-2026,Saturday,5,02:00 PM,Python Programming,Akash Upadhayay,4,MCA,B,Lab 1,180,135,75.0,Practical,1,0,0
14-02-2026,Saturday,6,03:00 PM,Python Programming,Prof. Patil,2,MCA,C,Lab 2,180,155,86.11,Practical,0,0,0
15-02-2026,Monday,1,09:00 AM,HR Analytics,Prof. Deshmukh,2,MCA,A,Lab 1,180,126,,Practical,0,0,0
15-02-2026,Monday,2,10:00 AM,Advanced DBMS,Ishwari Gaikwad,2,MBA,A,Room 202,120,112,93.33,Theory,0,0,0
15-02-2026,Monday,3,11:15 AM,Advanced DBMS,Prof. Patil,4,MCA,C,Lab 1,180,134,74.44,Practical,0,0,0
15-02-2026,Monday,4,12:15 PM,Web Development,Prof. Patil,2,MBA,B,Lab 2,120,115,95.83,Practical,0,0,0
15-02-2026,Monday,5,02:00 PM,Web Development,Prof. Sharma,2,MCA,C,Auditorium,180,123,68.33,Theory,0,0,0
15-02-2026,Monday,6,03:00 PM,HR Analytics,Prof. Kulkarni,4,MCA,C,Room 201,180,111,61.67,Theory,0,1,1
15-02-2026,Monday,1,09:00 AM,Python Programming,Akash Upadhayay,4,MCA,B,Auditorium,180,139,77.22,Theory,0,0,0
15-02-2026,Monday,2,10:00 AM,Financial Management,Prof. Kulkarni,2,MBA,A,Room 202,120,87,72.5,Theory,0,0,0
15-02-2026,Monday,3,11:15 AM,Advanced DBMS,Prof. Kulkarni,4,MCA,B,Auditorium,180,130,72.22,Theory,0,0,0
15-02-2026,Monday,4,12:15 PM,Machine Learning,Prof. Sharma,4,MBA,A,Auditorium,120,80,66.67,Theory,0,1,0
15-02-2026,Monday,5,02:00 PM,Web Development,Akash Upadhayay,4,MCA,A,Room 201,180,146,81.11,Theory,0,0,0
15-02-2026,Monday,6,03:00 PM,HR Analytics,Akash Upadhayay,2,MBA,C,Auditorium,120,90,75.0,Theory,0,0,0
15-02-2026,Monday,1,09:00 AM,Cloud Computing,Prof. Deshmukh,2,MCA,C,Lab 2,180,124,68.89,Practical,0,0,0
15-02-2026,Monday,2,10:00 AM,Cloud Computing,Prof. Kulkarni,2,MBA,B,Lab 1,120,109,90.83,Practical,0,0,0
15-02-2026,Monday,3,11:15 AM,Cloud Computing,Ishwari Gaikwad,4,MCA,A,Lab 1,180,136,75.56,Practical,1,0,0
15-02-2026,Monday,4,12:15 PM,Web Development,Prof. Sharma,4,MCA,A,Room 201,180,120,66.67,Theory,0,0,1
15-02-2026,Monday,5,02:00 PM,HR Analytics,Prof. Sharma,2,MBA,C,Room 201,120,89,74.17,Theory,0,0,0
15-02-2026,Monday,6,03:00 PM,Advanced DBMS,Prof. Kulkarni,4,MCA,A,Room 202,180,92,51.11,Theory,0,0,1
15-02-2026,Monday,1,09:00 AM,HR Analytics,Prof. Sharma,4,MBA,B,Room 202,120,80,66.67,Theory,0,0,0
15-02-2026,Monday,2,10:00 AM,Web Development,Akash Upadhayay,2,MBA,B,Room 201,120,78,4.0,Theory,0,0,0
15-02-2026,Monday,3,11:15 AM,Web Development,Prof. Kulkarni,4,MCA,B,Lab 2,180,134,74.44,Practical,0,0,0
15-02-2026,Monday,4,12:15 PM,Advanced DBMS,Prof. Sharma,2,MCA,C,Room 201,180,136,75.56,Theory,0,0,0
15-02-2026,Monday,5,02:00 PM,Web Development,Prof. Patil,4,MBA,B,Auditorium,120,92,76.67,Theory,0,0,0
15-02-2026,Monday,6,03:00 PM,HR Analytics,Prof. Kulkarni,4,MCA,B,Lab 1,180,125,69.44,Practical,0,0,0
16-02-2026,Monday,1,09:00 AM,Python Programming,Prof. Patil,2,MCA,C,Room 202,180,132,73.33,Theory,0,0,0
16-02-2026,Monday,2,10:00 AM,Web Development,Prof. Sharma,2,MCA,B,Lab 1,180,151,83.89,Practical,0,0,0
16-02-2026,Monday,3,11:15 AM,Advanced DBMS,Ishwari Gaikwad,2,MBA,B,Room 201,120,79,65.83,Theory,0,0,0
16-02-2026,Monday,4,12:15 PM,Advanced DBMS,Prof. Kulkarni,2,MBA,B,Lab 2,120,111,92.5,Practical,0,0,0
16-02-2026,Monday,5,02:00 PM,Web Development,Prof. Kulkarni,2,MCA,A,Lab 1,180,162,90.0,Practical,0,0,0
16-02-2026,Monday,6,03:00 PM,Advanced DBMS,Prof. Patil,4,MBA,B,Room 202,120,78,65.0,Theory,0,0,0
16-02-2026,Monday,1,09:00 AM,HR Analytics,Ishwari Gaikwad,2,MCA,A,Lab 1,180,134,74.44,Practical,0,0,0
16-02-2026,Monday,2,10:00 AM,HR Analytics,Prof. Kulkarni,4,MCA,A,Room 202,180,142,78.89,Theory,0,0,0
16-02-2026,Monday,3,11:15 AM,Python Programming,Akash Upadhayay,4,MCA,C,Room 201,180,127,70.56,Theory,1,0,0
16-02-2026,Monday,4,12:15 PM,Machine Learning,Prof. Patil,2,MCA,A,Room 201,180,138,76.67,Theory,0,0,0
16-02-2026,Monday,5,02:00 PM,Advanced DBMS,Ishwari Gaikwad,4,MCA,A,Lab 2,180,148,82.22,Practical,0,0,0
16-02-2026,Monday,6,03:00 PM,Financial Management,Prof. Deshmukh,2,MCA,A,Auditorium,180,132,73.33,Theory,0,1,0
16-02-2026,Monday,1,09:00 AM,HR Analytics,Prof. Deshmukh,4,MCA,A,Room 202,180,147,120.0,Theory,0,0,0
16-02-2026,Monday,2,10:00 AM,Advanced DBMS,Ishwari Gaikwad,4,MCA,A,Room 201,180,143,79.44,Theory,0,0,0
16-02-2026,Monday,3,11:15 AM,Advanced DBMS,Prof. Kulkarni,4,MCA,C,Lab 2,180,171,95.0,Practical,0,0,0
16-02-2026,Monday,4,12:15 PM,Advanced DBMS,Prof. Patil,2,MCA,B,Auditorium,180,133,73.89,Theory,0,0,0
16-02-2026,Monday,5,02:00 PM,Financial Management,Prof. Deshmukh,4,MCA,B,Auditorium,180,150,83.33,Theory,0,0,0
16-02-2026,Monday,6,03:00 PM,Machine Learning,Prof. Deshmukh,2,MCA,B,Room 202,180,113,,Theory,1,0,0
16-02-2026,Monday,1,09:00 AM,HR Analytics,Prof. Deshmukh,2,MCA,B,Lab 2,180,154,85.56,Practical,0,1,0
16-02-2026,Monday,2,10:00 AM,Advanced DBMS,Ishwari Gaikwad,2,MCA,B,Lab 1,180,155,86.11,Practical,0,0,0
16-02-2026,Monday,3,11:15 AM,Cloud Computing,Prof. Sharma,4,MBA,B,Lab 2,120,105,87.5,Practical,0,0,0
16-02-2026,Monday,4,12:15 PM,Advanced DBMS,Prof. Deshmukh,4,MBA,B,Lab 1,120,87,72.5,Practical,0,1,0
16-02-2026,Monday,5,02:00 PM,Machine Learning,Prof. Kulkarni,4,MBA,A,Lab 1,120,109,90.83,Practical,0,0,0
16-02-2026,Monday,6,03:00 PM,Web Development,Akash Upadhayay,4,MCA,A,Auditorium,180,113,62.78,Theory,1,0,0
17-02-2026,Tuesday,1,09:00 AM,Python Programming,Ishwari Gaikwad,2,MCA,B,Lab 1,180,142,78.89,Practical,0,1,0
17-02-2026,Tuesday,2,10:00 AM,HR Analytics,Prof. Patil,4,MCA,A,Lab 2,180,159,,Practical,0,0,0
17-02-2026,Tuesday,3,11:15 AM,Advanced DBMS,Prof. Patil,4,MBA,A,Lab 1,120,96,80.0,Practical,0,1,0
17-02-2026,Tuesday,4,12:15 PM,Cloud Computing,Prof. Sharma,4,MCA,C,Auditorium,180,138,76.67,Theory,1,0,0
17-02-2026,Tuesday,5,02:00 PM,Cloud Computing,Ishwari Gaikwad,2,MCA,A,Room 202,180,152,84.44,Theory,0,1,0
17-02-2026,Tuesday,6,03:00 PM,Web Development,Akash Upadhayay,4,MBA,A,Auditorium,120,92,76.67,Theory,0,0,0
17-02-2026,Tuesday,1,09:00 AM,Cloud Computing,Prof. Sharma,4,MBA,B,Room 202,120,88,73.33,Theory,0,0,0
17-02-2026,Tuesday,2,10:00 AM,Machine Learning,Prof. Sharma,2,MCA,B,Room 202,180,165,91.67,Theory,0,0,0
17-02-2026,Tuesday,3,11:15 AM,Advanced DBMS,Prof. Kulkarni,2,MCA,C,Room 202,180,165,91.67,Theory,0,0,0
17-02-2026,Tuesday,4,12:15 PM,Python Programming,Akash Upadhayay,2,MCA,C,Auditorium,180,144,80.0,Theory,0,0,0
17-02-2026,Tuesday,5,02:00 PM,Cloud Computing,Ishwari Gaikwad,2,MBA,C,Room 201,120,105,87.5,Theory,0,0,0
17-02-2026,Tuesday,6,03:00 PM,Cloud Computing,Ishwari Gaikwad,2,MBA,C,Lab 2,120,89,74.17,Practical,0,0,0
17-02-2026,Tuesday,1,09:00 AM,Financial Management,Ishwari Gaikwad,4,MCA,A,Room 202,180,111,61.67,Theory,0,0,1
17-02-2026,Tuesday,2,10:00 AM,Web Development,Prof. Kulkarni,2,MCA,B,Room 201,180,124,4.0,Theory,1,0,0
17-02-2026,Tuesday,3,11:15 AM,Cloud Computing,Akash Upadhayay,2,MBA,A,Auditorium,120,100,83.33,Theory,0,0,0
17-02-2026,Tuesday,4,12:15 PM,Cloud Computing,Ishwari Gaikwad,4,MCA,B,Lab 2,180,141,78.33,Practical,0,1,1
17-02-2026,Tuesday,5,02:00 PM,Advanced DBMS,Akash Upadhayay,2,MCA,A,Room 201,180,166,92.22,Theory,0,1,0
17-02-2026,Tuesday,6,03:00 PM,HR Analytics,Prof. Patil,4,MCA,C,Lab 1,180,135,75.0,Practical,0,0,0
17-02-2026,Tuesday,1,09:00 AM,Financial Management,Prof. Sharma,4,MCA,C,Lab 2,180,126,70.0,Practical,1,0,0
17-02-2026,Tuesday,2,10:00 AM,Cloud Computing,Prof. Sharma,4,MCA,B,Lab 2,180,127,70.56,Practical,0,0,0
17-02-2026,Tuesday,3,11:15 AM,Financial Management,Prof. Sharma,2,MBA,C,Lab 1,120,108,90.0,Practical,0,0,0
17-02-2026,Tuesday,4,12:15 PM,Python Programming,Prof. Patil,2,MCA,A,Room 201,180,149,82.78,Theory,0,0,0
17-02-2026,Tuesday,5,02:00 PM,Python Programming,Akash Upadhayay,4,MCA,B,Lab 1,180,176,114.0,Practical,0,0,0
17-02-2026,Tuesday,6,03:00 PM,Web Development,Prof. Deshmukh,4,MCA,B,Room 202,180,121,67.22,Theory,0,0,0
18-02-2026,Wednesday,1,09:00 AM,Web Development,Prof. Sharma,4,MBA,C,Lab 1,120,104,4.0,Practical,0,0,0
18-02-2026,Wednesday,2,10:00 AM,Financial Management,Prof. Sharma,2,MBA,A,Room 202,120,80,66.67,Theory,1,0,0
18-02-2026,Wednesday,3,11:15 AM,Python Programming,Prof. Deshmukh,2,MCA,C,Lab 1,180,163,90.56,Practical,0,1,0
18-02-2026,Wednesday,4,12:15 PM,Financial Management,Prof. Sharma,4,MCA,A,Room 202,180,150,83.33,Theory,0,0,0
18-02-2026,Wednesday,5,02:00 PM,Advanced DBMS,Prof. Kulkarni,4,MCA,C,Room 202,180,158,87.78,Theory,0,0,0
18-02-2026,Wednesday,6,03:00 PM,Cloud Computing,Ishwari Gaikwad,4,MCA,A,Lab 1,180,139,77.22,Practical,0,1,0
18-02-2026,Wednesday,1,09:00 AM,Web Development,Prof. Patil,4,MBA,B,Auditorium,120,68,56.67,Theory,0,0,1
18-02-2026,Wednesday,2,10:00 AM,Machine Learning,Akash Upadhayay,2,MCA,B,Lab 2,180,130,72.22,Practical,0,0,1
18-02-2026,Wednesday,3,11:15 AM,Advanced DBMS,Prof. Sharma,2,MCA,A,Room 202,180,158,87.78,Theory,0,0,0
18-02-2026,Wednesday,4,12:15 PM,HR Analytics,Prof. Sharma,4,MCA,A,Auditorium,180,156,86.67,Theory,0,0,0
18-02-2026,Wednesday,5,02:00 PM,Machine Learning,Akash Upadhayay,2,MCA,A,Auditorium,180,153,85.0,Theory,0,0,0
18-02-2026,Wednesday,6,03:00 PM,Machine Learning,Akash Upadhayay,2,MBA,C,Auditorium,120,75,62.5,Theory,0,0,1
18-02-2026,Wednesday,1,09:00 AM,Web Development,Prof. Sharma,2,MCA,A,Lab 2,180,146,81.11,Practical,0,0,0
18-02-2026,Wednesday,2,10:00 AM,HR Analytics,Prof. Deshmukh,4,MCA,B,Room 202,180,157,87.22,Theory,0,0,0
18-02-2026,Wednesday,3,11:15 AM,Cloud Computing,Prof. Deshmukh,4,MCA,C,Auditorium,180,133,73.89,Theory,0,1,0
18-02-2026,Wednesday,4,12:15 PM,Advanced DBMS,Prof. Sharma,4,MCA,B,Lab 1,180,149,,Practical,1,0,0
18-02-2026,Wednesday,5,02:00 PM,Machine Learning,Akash Upadhayay,4,MCA,C,Lab 2,180,171,95.0,Practical,0,1,0
18-02-2026,Wednesday,6,03:00 PM,Financial Management,Akash Upadhayay,2,MBA,B,Room 202,120,99,,Theory,0,0,0
18-02-2026,Wednesday,1,09:00 AM,Web Development,Ishwari Gaikwad,4,MCA,B,Auditorium,180,149,82.78,Theory,0,1,0
18-02-2026,Wednesday,2,10:00 AM,Web Development,Prof. Sharma,2,MCA,C,Lab 1,180,149,82.78,Practical,0,0,0
18-02-2026,Wednesday,3,11:15 AM,Cloud Computing,Prof. Kulkarni,4,MBA,C,Room 201,120,117,120.0,Theory,0,1,0
18-02-2026,Wednesday,4,12:15 PM,Python Programming,Prof. Deshmukh,2,MCA,B,Auditorium,180,116,64.44,Theory,1,0,0
18-02-2026,Wednesday,5,02:00 PM,Web Development,Ishwari Gaikwad,4,MCA,B,Lab 1,180,162,90.0,Practical,0,1,0
18-02-2026,Wednesday,6,03:00 PM,Python Programming,Prof. Patil,4,MCA,C,Lab 2,180,158,87.78,Practical,0,0,0
19-02-2026,Thursday,1,09:00 AM,Machine Learning,Prof. Patil,2,MBA,A,Lab 2,120,109,90.83,Practical,0,0,0
19-02-2026,Thursday,2,10:00 AM,Financial Management,Prof. Kulkarni,2,MBA,C,Auditorium,120,107,89.17,Theory,0,0,0
19-02-2026,Thursday,3,11:15 AM,Machine Learning,Ishwari Gaikwad,4,MBA,A,Room 201,120,78,65.0,Theory,0,0,1
19-02-2026,Thursday,4,12:15 PM,Financial Management,Prof. Patil,2,MCA,A,Room 202,180,158,87.78,Theory,0,0,0
19-02-2026,Thursday,5,02:00 PM,Web Development,Prof. Kulkarni,2,MCA,C,Room 202,180,156,86.67,Theory,0,0,0
19-02-2026,Thursday,6,03:00 PM,Machine Learning,Prof. Deshmukh,4,MCA,A,Auditorium,180,143,79.44,Theory,0,0,0
19-02-2026,Thursday,1,09:00 AM,Python Programming,Prof. Patil,2,MCA,A,Lab 1,180,131,72.78,Practical,0,0,0
19-02-2026,Thursday,2,10:00 AM,Machine Learning,Ishwari Gaikwad,4,MCA,C,Lab 2,180,155,86.11,Practical,0,0,0
19-02-2026,Thursday,3,11:15 AM,Financial Management,Prof. Sharma,4,MCA,C,Lab 2,180,151,83.89,Practical,0,0,0
19-02-2026,Thursday,4,12:15 PM,Cloud Computing,Akash Upadhayay,4,MBA,A,Lab 1,120,110,91.67,Practical,0,0,0
19-02-2026,Thursday,5,02:00 PM,Web Development,Prof. Patil,2,MBA,C,Room 201,120,83,69.17,Theory,0,0,1
19-02-2026,Thursday,6,03:00 PM,Cloud Computing,Ishwari Gaikwad,4,MCA,B,Room 201,180,126,70.0,Theory,0,0,0
19-02-2026,Thursday,1,09:00 AM,Advanced DBMS,Akash Upadhayay,4,MCA,B,Lab 1,180,167,92.78,Practical,0,1,0
19-02-2026,Thursday,2,10:00 AM,Financial Management,Ishwari Gaikwad,2,MCA,C,Room 201,180,145,80.56,Theory,0,0,0
19-02-2026,Thursday,3,11:15 AM,Web Development,Ishwari Gaikwad,2,MBA,A,Room 202,120,95,79.17,Theory,0,0,0
19-02-2026,Thursday,4,12:15 PM,Cloud Computing,Akash Upadhayay,2,MBA,A,Room 201,120,102,85.0,Theory,0,0,0
19-02-2026,Thursday,5,02:00 PM,Machine Learning,Prof. Deshmukh,4,MBA,C,Room 201,120,96,80.0,Theory,0,1,0
19-02-2026,Thursday,6,03:00 PM,Machine Learning,Prof. Kulkarni,2,MCA,B,Room 201,180,134,74.44,Theory,0,0,0
19-02-2026,Thursday,1,09:00 AM,Advanced DBMS,Prof. Patil,4,MBA,C,Lab 1,120,94,78.33,Practical,0,0,0
19-02-2026,Thursday,2,10:00 AM,Machine Learning,Ishwari Gaikwad,4,MBA,A,Room 201,120,103,85.83,Theory,0,0,0
19-02-2026,Thursday,3,11:15 AM,Machine Learning,Prof. Kulkarni,2,MBA,C,Room 201,120,113,94.17,Theory,0,0,0
19-02-2026,Thursday,4,12:15 PM,HR Analytics,Prof. Kulkarni,2,MBA,B,Auditorium,120,98,81.67,Theory,0,0,0
19-02-2026,Thursday,5,02:00 PM,Advanced DBMS,Ishwari Gaikwad,4,MBA,C,Room 202,120,83,69.17,Theory,0,0,1
19-02-2026,Thursday,6,03:00 PM,Python Programming,Akash Upadhayay,4,MCA,B,Room 201,180,158,87.78,Theory,0,1,0
20-02-2026,Friday,1,09:00 AM,HR Analytics,Prof. Deshmukh,2,MCA,B,Room 202,180,106,58.89,Theory,0,0,1
20-02-2026,Friday,2,10:00 AM,Web Development,Prof. Deshmukh,4,MBA,C,Auditorium,120,102,85.0,Theory,0,1,0
20-02-2026,Friday,3,11:15 AM,Machine Learning,Akash Upadhayay,2,MBA,A,Lab 1,120,113,4.0,Practical,0,1,0
20-02-2026,Friday,4,12:15 PM,Advanced DBMS,Ishwari Gaikwad,4,MCA,C,Auditorium,180,166,92.22,Theory,0,1,0
20-02-2026,Friday,5,02:00 PM,Financial Management,Prof. Deshmukh,4,MCA,B,Room 202,180,150,83.33,Theory,0,0,0
20-02-2026,Friday,6,03:00 PM,Machine Learning,Akash Upadhayay,2,MBA,B,Auditorium,120,77,64.17,Theory,1,1,0
20-02-2026,Friday,1,09:00 AM,Machine Learning,Akash Upadhayay,2,MCA,A,Lab 1,180,160,88.89,Practical,0,0,0
20-02-2026,Friday,2,10:00 AM,Machine Learning,Prof. Patil,4,MBA,B,Lab 1,120,94,78.33,Practical,1,0,0
20-02-2026,Friday,3,11:15 AM,Financial Management,Ishwari Gaikwad,2,MBA,C,Room 201,120,105,87.5,Theory,0,0,0
20-02-2026,Friday,4,12:15 PM,HR Analytics,Prof. Sharma,4,MBA,A,Auditorium,120,98,81.67,Theory,0,0,0
20-02-2026,Friday,5,02:00 PM,Cloud Computing,Akash Upadhayay,2,MCA,B,Room 201,180,140,77.78,Theory,0,0,1
20-02-2026,Friday,6,03:00 PM,Cloud Computing,Akash Upadhayay,4,MCA,C,Auditorium,180,114,63.33,Theory,1,0,0
20-02-2026,Friday,1,09:00 AM,HR Analytics,Prof. Patil,2,MCA,B,Lab 2,180,90,50.0,Practical,1,1,1
20-02-2026,Friday,2,10:00 AM,Web Development,Prof. Kulkarni,4,MCA,A,Lab 2,180,167,92.78,Practical,0,0,0
20-02-2026,Friday,3,11:15 AM,Financial Management,Prof. Patil,2,MBA,A,Auditorium,120,99,82.5,Theory,1,0,0
20-02-2026,Friday,4,12:15 PM,Web Development,Prof. Sharma,4,MCA,B,Lab 2,180,159,88.33,Practical,0,0,0
20-02-2026,Friday,5,02:00 PM,Financial Management,Prof. Patil,4,MBA,C,Room 202,120,97,80.83,Theory,0,0,0
20-02-2026,Friday,6,03:00 PM,HR Analytics,Ishwari Gaikwad,4,MCA,B,Room 202,180,123,68.33,Theory,0,0,0
20-02-2026,Friday,1,09:00 AM,Python Programming,Prof. Kulkarni,2,MCA,C,Lab 2,180,145,,Practical,0,0,0
20-02-2026,Friday,2,10:00 AM,Cloud Computing,Prof. Deshmukh,4,MCA,C,Room 201,180,127,70.56,Theory,0,0,1
20-02-2026,Friday,3,11:15 AM,Advanced DBMS,Prof. Deshmukh,4,MBA,B,Room 201,120,99,,Theory,0,0,0
20-02-2026,Friday,4,12:15 PM,Python Programming,Akash Upadhayay,4,MBA,A,Room 201,120,105,87.5,Theory,0,0,0
20-02-2026,Friday,5,02:00 PM,Cloud Computing,Prof. Sharma,4,MCA,A,Auditorium,180,153,85.0,Theory,0,1,0
20-02-2026,Friday,6,03:00 PM,Machine Learning,Prof. Sharma,4,MCA,A,Lab 1,180,125,69.44,Practical,0,0,1
21-02-2026,Saturday,1,09:00 AM,Financial Management,Prof. Deshmukh,2,MBA,A,Lab 1,120,83,69.17,Practical,0,0,0
21-02-2026,Saturday,2,10:00 AM,HR Analytics,Prof. Deshmukh,2,MBA,B,Lab 1,120,108,90.0,Practical,0,0,0
21-02-2026,Saturday,3,11:15 AM,HR Analytics,Prof. Sharma,4,MBA,A,Room 202,120,82,68.33,Theory,0,0,1
21-02-2026,Saturday,4,12:15 PM,Financial Management,Prof. Kulkarni,4,MBA,C,Lab 1,120,117,97.5,Practical,0,1,0
21-02-2026,Saturday,5,02:00 PM,Cloud Computing,Ishwari Gaikwad,4,MCA,C,Room 202,180,113,62.78,Theory,1,0,0
21-02-2026,Saturday,6,03:00 PM,Python Programming,Prof. Deshmukh,4,MCA,A,Lab 2,180,123,68.33,Practical,1,0,0
21-02-2026,Saturday,1,09:00 AM,Web Development,Prof. Deshmukh,2,MCA,C,Auditorium,180,103,4.0,Theory,0,0,0
21-02-2026,Saturday,2,10:00 AM,Web Development,Prof. Deshmukh,2,MCA,A,Auditorium,180,101,56.11,Theory,1,0,0
21-02-2026,Saturday,3,11:15 AM,Financial Management,Akash Upadhayay,2,MBA,B,Room 202,120,75,62.5,Theory,0,0,1
21-02-2026,Saturday,4,12:15 PM,Python Programming,Prof. Kulkarni,4,MCA,C,Lab 2,180,158,87.78,Practical,0,0,0
21-02-2026,Saturday,5,02:00 PM,Web Development,Prof. Sharma,4,MCA,C,Auditorium,180,159,88.33,Theory,0,0,0
21-02-2026,Saturday,6,03:00 PM,Python Programming,Prof. Patil,2,MBA,A,Room 202,120,59,49.17,Theory,1,0,0
21-02-2026,Saturday,1,09:00 AM,HR Analytics,Prof. Sharma,4,MBA,C,Room 202,120,89,74.17,Theory,0,0,0
21-02-2026,Saturday,2,10:00 AM,Web Development,Akash Upadhayay,4,MCA,C,Room 202,180,129,71.67,Theory,0,0,0
21-02-2026,Saturday,3,11:15 AM,Python Programming,Ishwari Gaikwad,2,MCA,C,Room 202,180,107,59.44,Theory,0,0,1
21-02-2026,Saturday,4,12:15 PM,Cloud Computing,Prof. Patil,4,MBA,B,Auditorium,120,90,75.0,Theory,0,0,0
21-02-2026,Saturday,5,02:00 PM,Advanced DBMS,Prof. Deshmukh,4,MCA,A,Room 201,180,116,64.44,Theory,1,0,0
21-02-2026,Saturday,6,03:00 PM,Machine Learning,Ishwari Gaikwad,2,MCA,B,Room 202,180,122,67.78,Theory,0,1,0
21-02-2026,Saturday,1,09:00 AM,Financial Management,Ishwari Gaikwad,2,MBA,B,Room 202,120,92,76.67,Theory,0,0,0
21-02-2026,Saturday,2,10:00 AM,Advanced DBMS,Prof. Kulkarni,4,MBA,C,Lab 2,120,98,81.67,Practical,0,0,0
21-02-2026,Saturday,3,11:15 AM,HR Analytics,Ishwari Gaikwad,4,MBA,A,Room 202,120,94,78.33,Theory,0,0,0
21-02-2026,Saturday,4,12:15 PM,Machine Learning,Akash Upadhayay,2,MCA,B,Lab 1,180,132,73.33,Practical,1,1,0
21-02-2026,Saturday,5,02:00 PM,Cloud Computing,Prof. Kulkarni,2,MBA,A,Lab 2,120,108,90.0,Practical,0,1,0
21-02-2026,Saturday,6,03:00 PM,Machine Learning,Prof. Kulkarni,4,MCA,B,Room 202,180,138,76.67,Theory,0,0,0
22-02-2026,Monday,1,09:00 AM,Python Programming,Ishwari Gaikwad,2,MCA,A,Room 201,180,121,67.22,Theory,0,0,0
22-02-2026,Monday,2,10:00 AM,Financial Management,Ishwari Gaikwad,2,MCA,A,Lab 1,180,149,82.78,Practical,0,0,0
22-02-2026,Monday,3,11:15 AM,Python Programming,Prof. Deshmukh,4,MBA,B,Room 201,120,112,93.33,Theory,0,0,0
22-02-2026,Monday,4,12:15 PM,Financial Management,Prof. Deshmukh,4,MBA,A,Auditorium,120,84,70.0,Theory,0,0,0
22-02-2026,Monday,5,02:00 PM,Machine Learning,Akash Upadhayay,4,MCA,A,Auditorium,180,126,70.0,Theory,1,0,0
22-02-2026,Monday,6,03:00 PM,Machine Learning,Akash Upadhayay,2,MCA,A,Room 201,180,85,47.22,Theory,1,0,0
22-02-2026,Monday,1,09:00 AM,HR Analytics,Prof. Kulkarni,4,MCA,A,Auditorium,180,125,69.44,Theory,0,0,0
22-02-2026,Monday,2,10:00 AM,HR Analytics,Akash Upadhayay,2,MCA,C,Room 201,180,111,61.67,Theory,0,1,1
22-02-2026,Monday,3,11:15 AM,HR Analytics,Prof. Patil,2,MCA,C,Lab 2,180,170,94.44,Practical,0,0,0
22-02-2026,Monday,4,12:15 PM,Python Programming,Ishwari Gaikwad,4,MBA,C,Lab 1,120,103,85.83,Practical,0,0,0
22-02-2026,Monday,5,02:00 PM,Advanced DBMS,Prof. Sharma,4,MBA,B,Lab 2,120,69,57.5,Practical,1,0,1
22-02-2026,Monday,6,03:00 PM,Financial Management,Prof. Deshmukh,4,MBA,B,Auditorium,120,95,79.17,Theory,0,0,0
22-02-2026,Monday,1,09:00 AM,Cloud Computing,Prof. Sharma,4,MCA,C,Auditorium,180,124,68.89,Theory,0,0,0
22-02-2026,Monday,2,10:00 AM,Advanced DBMS,Prof. Kulkarni,4,MBA,B,Lab 2,120,95,79.17,Practical,0,0,0
22-02-2026,Monday,3,11:15 AM,Web Development,Prof. Kulkarni,2,MCA,C,Room 202,180,149,82.78,Theory,0,1,0
22-02-2026,Monday,4,12:15 PM,Machine Learning,Prof. Patil,2,MBA,C,Room 202,120,95,79.17,Theory,0,0,0
22-02-2026,Monday,5,02:00 PM,Machine Learning,Akash Upadhayay,2,MCA,B,Lab 2,180,142,4.0,Practical,0,0,0
22-02-2026,Monday,6,03:00 PM,HR Analytics,Prof. Sharma,2,MCA,C,Room 202,180,131,72.78,Theory,0,0,0
22-02-2026,Monday,1,09:00 AM,Financial Management,Prof. Patil,2,MCA,A,Room 201,180,137,76.11,Theory,0,1,0
22-02-2026,Monday,2,10:00 AM,HR Analytics,Ishwari Gaikwad,4,MBA,A,Room 202,120,75,62.5,Theory,1,0,0
22-02-2026,Monday,3,11:15 AM,Cloud Computing,Prof. Deshmukh,4,MCA,C,Room 201,180,149,82.78,Theory,0,0,0
22-02-2026,Monday,4,12:15 PM,Advanced DBMS,Ishwari Gaikwad,4,MBA,C,Room 201,120,80,66.67,Theory,1,0,0
22-02-2026,Monday,5,02:00 PM,Web Development,Ishwari Gaikwad,2,MCA,C,Lab 2,180,130,72.22,Practical,1,0,0
22-02-2026,Monday,6,03:00 PM,Python Programming,Prof. Deshmukh,4,MCA,C,Lab 2,180,123,68.33,Practical,0,0,0
23-02-2026,Monday,1,09:00 AM,Python Programming,Prof. Patil,4,MCA,C,Auditorium,180,114,63.33,Theory,0,0,0
23-02-2026,Monday,2,10:00 AM,Financial Management,Akash Upadhayay,2,MCA,A,Room 202,180,150,83.33,Theory,0,0,0
23-02-2026,Monday,3,11:15 AM,Advanced DBMS,Prof. Sharma,4,MCA,B,Room 202,180,162,90.0,Theory,0,0,0
23-02-2026,Monday,4,12:15 PM,HR Analytics,Prof. Sharma,4,MCA,C,Auditorium,180,141,78.33,Theory,0,0,0
23-02-2026,Monday,5,02:00 PM,Python Programming,Prof. Sharma,4,MCA,A,Lab 1,180,134,74.44,Practical,0,1,0
23-02-2026,Monday,6,03:00 PM,Advanced DBMS,Prof. Patil,4,MCA,C,Room 202,180,96,53.33,Theory,0,0,1
23-02-2026,Monday,1,09:00 AM,Cloud Computing,Prof. Patil,4,MCA,A,Lab 2,180,139,77.22,Practical,0,1,0
23-02-2026,Monday,2,10:00 AM,Financial Management,Ishwari Gaikwad,4,MBA,C,Auditorium,120,78,65.0,Theory,0,0,0
23-02-2026,Monday,3,11:15 AM,Financial Management,Ishwari Gaikwad,2,MCA,C,Room 202,180,115,63.89,Theory,0,0,1
23-02-2026,Monday,4,12:15 PM,Advanced DBMS,Prof. Patil,2,MBA,C,Auditorium,120,85,,Theory,0,0,0
23-02-2026,Monday,5,02:00 PM,Financial Management,Prof. Deshmukh,4,MCA,C,Room 201,180,153,85.0,Theory,0,0,0
23-02-2026,Monday,6,03:00 PM,Financial Management,Prof. Deshmukh,2,MBA,A,Lab 1,120,58,48.33,Practical,1,0,0
23-02-2026,Monday,1,09:00 AM,Advanced DBMS,Prof. Sharma,2,MBA,A,Room 201,120,76,63.33,Theory,0,0,0
23-02-2026,Monday,2,10:00 AM,HR Analytics,Prof. Patil,4,MBA,B,Lab 2,120,102,85.0,Practical,0,0,0
23-02-2026,Monday,3,11:15 AM,Python Programming,Prof. Sharma,2,MCA,A,Auditorium,180,143,79.44,Theory,0,1,0
23-02-2026,Monday,4,12:15 PM,HR Analytics,Prof. Sharma,2,MCA,A,Room 201,180,144,80.0,Theory,0,1,0
23-02-2026,Monday,5,02:00 PM,Python Programming,Prof. Kulkarni,4,MCA,C,Auditorium,180,127,70.56,Theory,0,0,0
23-02-2026,Monday,6,03:00 PM,Machine Learning,Akash Upadhayay,2,MBA,A,Lab 1,120,104,86.67,Practical,0,0,0
23-02-2026,Monday,1,09:00 AM,Web Development,Prof. Patil,4,MBA,B,Room 201,120,96,80.0,Theory,0,1,0
23-02-2026,Monday,2,10:00 AM,Financial Management,Prof. Kulkarni,2,MCA,B,Room 201,180,116,64.44,Theory,0,0,1
23-02-2026,Monday,3,11:15 AM,Advanced DBMS,Ishwari Gaikwad,4,MCA,A,Room 202,180,129,71.67,Theory,1,0,0
23-02-2026,Monday,4,12:15 PM,Web Development,Akash Upadhayay,2,MCA,A,Lab 2,180,131,72.78,Practical,0,0,1
23-02-2026,Monday,5,02:00 PM,Cloud Computing,Prof. Deshmukh,4,MCA,C,Lab 2,180,132,73.33,Practical,0,0,0
23-02-2026,Monday,6,03:00 PM,Advanced DBMS,Prof. Kulkarni,2,MCA,A,Room 202,180,128,71.11,Theory,0,0,0
24-02-2026,Tuesday,1,09:00 AM,Cloud Computing,Prof. Deshmukh,4,MBA,C,Lab 2,120,94,78.33,Practical,0,0,0
24-02-2026,Tuesday,2,10:00 AM,Advanced DBMS,Prof. Kulkarni,4,MCA,A,Lab 1,180,156,86.67,Practical,0,0,0
24-02-2026,Tuesday,3,11:15 AM,Python Programming,Ishwari Gaikwad,4,MBA,B,Room 202,120,94,78.33,Theory,1,0,0
24-02-2026,Tuesday,4,12:15 PM,HR Analytics,Ishwari Gaikwad,2,MBA,C,Lab 1,120,82,68.33,Practical,0,0,1
24-02-2026,Tuesday,5,02:00 PM,Web Development,Prof. Patil,4,MCA,A,Lab 1,180,131,72.78,Practical,0,0,1
24-02-2026,Tuesday,6,03:00 PM,Machine Learning,Ishwari Gaikwad,2,MBA,C,Lab 1,120,99,82.5,Practical,0,0,0
24-02-2026,Tuesday,1,09:00 AM,Advanced DBMS,Akash Upadhayay,2,MBA,B,Lab 2,120,105,87.5,Practical,0,0,0
24-02-2026,Tuesday,2,10:00 AM,Python Programming,Prof. Patil,2,MCA,C,Room 201,180,144,80.0,Theory,1,0,0
24-02-2026,Tuesday,3,11:15 AM,Financial Management,Prof. Deshmukh,2,MBA,C,Lab 2,120,103,85.83,Practical,0,0,0
24-02-2026,Tuesday,4,12:15 PM,HR Analytics,Prof. Kulkarni,2,MBA,A,Room 201,120,94,78.33,Theory,0,0,0
24-02-2026,Tuesday,5,02:00 PM,Machine Learning,Prof. Sharma,4,MCA,B,Lab 2,180,163,90.56,Practical,0,0,0
24-02-2026,Tuesday,6,03:00 PM,Financial Management,Prof. Sharma,2,MCA,C,Room 201,180,135,75.0,Theory,0,0,0
24-02-2026,Tuesday,1,09:00 AM,Machine Learning,Prof. Kulkarni,2,MCA,B,Lab 2,180,140,77.78,Practical,0,0,0
24-02-2026,Tuesday,2,10:00 AM,Cloud Computing,Prof. Patil,2,MBA,B,Lab 2,120,113,120.0,Practical,0,1,0
24-02-2026,Tuesday,3,11:15 AM,Advanced DBMS,Prof. Patil,2,MCA,C,Lab 1,180,152,84.44,Practical,0,0,0
24-02-2026,Tuesday,4,12:15 PM,Financial Management,Prof. Patil,4,MCA,B,Auditorium,180,149,82.78,Theory,0,0,0
24-02-2026,Tuesday,5,02:00 PM,Cloud Computing,Prof. Patil,2,MCA,C,Room 201,180,176,97.78,Theory,0,0,0
24-02-2026,Tuesday,6,03:00 PM,Financial Management,Prof. Deshmukh,2,MCA,B,Auditorium,180,119,66.11,Theory,0,0,0
24-02-2026,Tuesday,1,09:00 AM,Python Programming,Akash Upadhayay,2,MCA,B,Auditorium,180,154,85.56,Theory,0,0,0
24-02-2026,Tuesday,2,10:00 AM,Web Development,Ishwari Gaikwad,4,MBA,A,Room 201,120,104,86.67,Theory,0,0,0
24-02-2026,Tuesday,3,11:15 AM,Advanced DBMS,Ishwari Gaikwad,2,MBA,B,Room 201,120,105,87.5,Theory,0,1,0
24-02-2026,Tuesday,4,12:15 PM,Financial Management,Prof. Kulkarni,2,MCA,B,Auditorium,180,153,,Theory,0,0,0
24-02-2026,Tuesday,5,02:00 PM,Python Programming,Ishwari Gaikwad,4,MBA,B,Room 201,120,117,97.5,Theory,0,0,0
24-02-2026,Tuesday,6,03:00 PM,Cloud Computing,Prof. Deshmukh,4,MBA,A,Auditorium,120,99,82.5,Theory,0,0,0
25-02-2026,Wednesday,1,09:00 AM,Web Development,Ishwari Gaikwad,2,MCA,B,Auditorium,180,147,81.67,Theory,0,0,0
25-02-2026,Wednesday,2,10:00 AM,Python Programming,Prof. Kulkarni,4,MCA,C,Lab 1,180,140,77.78,Practical,0,1,0
25-02-2026,Wednesday,3,11:15 AM,Python Programming,Prof. Sharma,2,MCA,B,Auditorium,180,149,82.78,Theory,0,0,0
25-02-2026,Wednesday,4,12:15 PM,HR Analytics,Ishwari Gaikwad,2,MCA,C,Lab 2,180,164,4.0,Practical,0,0,0
25-02-2026,Wednesday,5,02:00 PM,Financial Management,Akash Upadhayay,4,MCA,C,Room 201,180,158,87.78,Theory,0,0,0
25-02-2026,Wednesday,6,03:00 PM,HR Analytics,Prof. Patil,4,MCA,A,Auditorium,180,98,54.44,Theory,0,1,1
25-02-2026,Wednesday,1,09:00 AM,Machine Learning,Prof. Patil,4,MCA,B,Auditorium,180,138,76.67,Theory,0,0,0
25-02-2026,Wednesday,2,10:00 AM,Cloud Computing,Prof. Deshmukh,2,MCA,B,Room 201,180,158,87.78,Theory,0,0,0
25-02-2026,Wednesday,3,11:15 AM,HR Analytics,Prof. Patil,4,MCA,C,Lab 1,180,164,91.11,Practical,0,0,0
25-02-2026,Wednesday,4,12:15 PM,HR Analytics,Akash Upadhayay,2,MCA,C,Room 201,180,134,74.44,Theory,1,0,0
25-02-2026,Wednesday,5,02:00 PM,Financial Management,Prof. Patil,2,MCA,A,Room 201,180,176,97.78,Theory,0,0,0
25-02-2026,Wednesday,6,03:00 PM,Machine Learning,Prof. Kulkarni,4,MCA,B,Room 202,180,165,91.67,Theory,0,0,0
25-02-2026,Wednesday,1,09:00 AM,Python Programming,Ishwari Gaikwad,2,MCA,B,Lab 2,180,158,87.78,Practical,0,0,0
25-02-2026,Wednesday,2,10:00 AM,Advanced DBMS,Prof. Patil,4,MBA,A,Lab 2,120,86,71.67,Practical,1,0,0
25-02-2026,Wednesday,3,11:15 AM,HR Analytics,Prof. Deshmukh,2,MBA,B,Lab 1,120,99,82.5,Practical,0,0,0
25-02-2026,Wednesday,4,12:15 PM,Machine Learning,Prof. Patil,2,MCA,A,Lab 1,180,157,87.22,Practical,0,0,0
25-02-2026,Wednesday,5,02:00 PM,Cloud Computing,Akash Upadhayay,4,MCA,A,Lab 2,180,145,80.56,Practical,0,0,0
25-02-2026,Wednesday,6,03:00 PM,Advanced DBMS,Prof. Sharma,4,MBA,A,Lab 2,120,96,80.0,Practical,0,0,0
25-02-2026,Wednesday,1,09:00 AM,Web Development,Ishwari Gaikwad,2,MCA,B,Auditorium,180,145,80.56,Theory,0,0,0
25-02-2026,Wednesday,2,10:00 AM,HR Analytics,Prof. Patil,4,MCA,C,Room 202,180,158,87.78,Theory,0,0,0
25-02-2026,Wednesday,3,11:15 AM,Advanced DBMS,Ishwari Gaikwad,2,MCA,C,Room 201,180,159,88.33,Theory,0,1,0
25-02-2026,Wednesday,4,12:15 PM,Advanced DBMS,Prof. Sharma,4,MBA,B,Room 201,120,102,85.0,Theory,0,0,0
25-02-2026,Wednesday,5,02:00 PM,Cloud Computing,Ishwari Gaikwad,4,MCA,B,Auditorium,180,151,83.89,Theory,0,1,0
25-02-2026,Wednesday,6,03:00 PM,Financial Management,Prof. Sharma,2,MBA,C,Room 201,120,86,71.67,Theory,0,0,0
26-02-2026,Thursday,1,09:00 AM,HR Analytics,Prof. Kulkarni,2,MCA,C,Room 201,180,103,57.22,Theory,0,1,1
26-02-2026,Thursday,2,10:00 AM,Python Programming,Prof. Sharma,2,MCA,A,Room 201,180,127,70.56,Theory,1,0,0
26-02-2026,Thursday,3,11:15 AM,HR Analytics,Prof. Deshmukh,4,MCA,B,Room 202,180,157,87.22,Theory,0,1,0
26-02-2026,Thursday,4,12:15 PM,Machine Learning,Prof. Kulkarni,4,MCA,C,Room 202,180,106,58.89,Theory,0,0,1
26-02-2026,Thursday,5,02:00 PM,Web Development,Prof. Kulkarni,2,MCA,B,Room 202,180,161,89.44,Theory,0,0,0
26-02-2026,Thursday,6,03:00 PM,Web Development,Akash Upadhayay,2,MCA,A,Room 201,180,117,65.0,Theory,0,0,0
26-02-2026,Thursday,1,09:00 AM,Cloud Computing,Prof. Patil,4,MCA,C,Auditorium,180,163,90.56,Theory,0,0,0
26-02-2026,Thursday,2,10:00 AM,Cloud Computing,Prof. Patil,2,MCA,B,Lab 1,180,151,83.89,Practical,0,0,0
26-02-2026,Thursday,3,11:15 AM,HR Analytics,Prof. Patil,4,MCA,A,Auditorium,180,142,78.89,Theory,0,0,0
26-02-2026,Thursday,4,12:15 PM,Financial Management,Prof. Kulkarni,2,MCA,A,Room 202,180,162,90.0,Theory,0,0,0
26-02-2026,Thursday,5,02:00 PM,Machine Learning,Ishwari Gaikwad,4,MCA,B,Lab 2,180,143,79.44,Practical,0,0,0
26-02-2026,Thursday,6,03:00 PM,HR Analytics,Prof. Kulkarni,2,MBA,A,Room 202,120,86,71.67,Theory,0,0,0
26-02-2026,Thursday,1,09:00 AM,Financial Management,Prof. Patil,2,MCA,B,Lab 2,180,147,81.67,Practical,0,0,0
26-02-2026,Thursday,2,10:00 AM,Python Programming,Prof. Sharma,2,MCA,B,Room 202,180,164,91.11,Theory,0,1,0
26-02-2026,Thursday,3,11:15 AM,Machine Learning,Ishwari Gaikwad,2,MCA,A,Room 201,180,167,92.78,Theory,0,1,0
26-02-2026,Thursday,4,12:15 PM,Python Programming,Prof. Kulkarni,4,MCA,A,Room 202,180,160,88.89,Theory,0,0,0
26-02-2026,Thursday,5,02:00 PM,Financial Management,Prof. Sharma,2,MBA,A,Room 202,120,100,83.33,Theory,0,0,0
26-02-2026,Thursday,6,03:00 PM,Machine Learning,Ishwari Gaikwad,2,MBA,A,Room 202,120,45,37.5,Theory,1,0,1
26-02-2026,Thursday,1,09:00 AM,Python Programming,Ishwari Gaikwad,2,MCA,B,Lab 2,180,163,90.56,Practical,0,0,0
26-02-2026,Thursday,2,10:00 AM,Advanced DBMS,Ishwari Gaikwad,4,MCA,C,Lab 2,180,176,97.78,Practical,0,0,0
26-02-2026,Thursday,3,11:15 AM,Python Programming,Prof. Patil,2,MCA,C,Auditorium,180,170,94.44,Theory,0,0,0
26-02-2026,Thursday,4,12:15 PM,Web Development,Prof. Patil,2,MCA,A,Lab 1,180,174,96.67,Practical,0,0,0
26-02-2026,Thursday,5,02:00 PM,Python Programming,Akash Upadhayay,2,MCA,B,Lab 1,180,169,93.89,Practical,0,0,0
26-02-2026,Thursday,6,03:00 PM,Web Development,Prof. Deshmukh,4,MCA,C,Room 201,180,136,75.56,Theory,0,0,0
27-02-2026,Friday,1,09:00 AM,Cloud Computing,Prof. Deshmukh,4,MBA,A,Room 202,120,97,80.83,Theory,0,0,0
27-02-2026,Friday,2,10:00 AM,Financial Management,Prof. Sharma,2,MCA,B,Room 201,180,142,78.89,Theory,0,0,0
27-02-2026,Friday,3,11:15 AM,Financial Management,Ishwari Gaikwad,2,MCA,B,Room 202,180,161,120.0,Theory,0,0,0
27-02-2026,Friday,4,12:15 PM,HR Analytics,Prof. Deshmukh,2,MCA,A,Auditorium,180,143,114.0,Theory,1,0,0
27-02-2026,Friday,5,02:00 PM,Financial Management,Prof. Deshmukh,2,MCA,B,Auditorium,180,136,75.56,Theory,0,1,0
27-02-2026,Friday,6,03:00 PM,Python Programming,Prof. Patil,4,MCA,C,Room 202,180,116,64.44,Theory,0,0,1
27-02-2026,Friday,1,09:00 AM,Python Programming,Prof. Patil,4,MCA,B,Lab 2,180,163,,Practical,0,0,0
27-02-2026,Friday,2,10:00 AM,Advanced DBMS,Prof. Kulkarni,2,MBA,B,Room 201,120,112,93.33,Theory,0,0,0
27-02-2026,Friday,3,11:15 AM,Python Programming,Prof. Sharma,4,MCA,C,Room 202,180,150,83.33,Theory,0,0,0
27-02-2026,Friday,4,12:15 PM,Python Programming,Prof. Patil,2,MBA,B,Room 202,120,106,88.33,Theory,0,1,0
27-02-2026,Friday,5,02:00 PM,Financial Management,Akash Upadhayay,4,MBA,C,Room 201,120,72,60.0,Theory,1,0,0
27-02-2026,Friday,6,03:00 PM,Python Programming,Prof. Kulkarni,4,MBA,C,Room 202,120,79,65.83,Theory,0,0,0
27-02-2026,Friday,1,09:00 AM,Python Programming,Prof. Sharma,2,MBA,A,Room 202,120,79,65.83,Theory,1,0,0
27-02-2026,Friday,2,10:00 AM,Financial Management,Ishwari Gaikwad,4,MCA,C,Lab 1,180,137,76.11,Practical,0,1,0
27-02-2026,Friday,3,11:15 AM,Cloud Computing,Prof. Patil,2,MBA,C,Auditorium,120,116,96.67,Theory,0,0,0
27-02-2026,Friday,4,12:15 PM,Advanced DBMS,Prof. Kulkarni,4,MCA,B,Lab 2,180,154,85.56,Practical,0,0,0
27-02-2026,Friday,5,02:00 PM,Advanced DBMS,Prof. Sharma,2,MCA,B,Lab 1,180,138,76.67,Practical,0,1,1
27-02-2026,Friday,6,03:00 PM,Machine Learning,Prof. Kulkarni,4,MCA,C,Room 201,180,104,57.78,Theory,1,0,0
27-02-2026,Friday,1,09:00 AM,Advanced DBMS,Prof. Patil,4,MCA,B,Lab 2,180,130,72.22,Practical,0,0,0
27-02-2026,Friday,2,10:00 AM,Machine Learning,Prof. Kulkarni,2,MCA,C,Lab 1,180,126,70.0,Practical,0,0,1
27-02-2026,Friday,3,11:15 AM,HR Analytics,Prof. Sharma,4,MBA,B,Room 202,120,95,79.17,Theory,0,0,0
27-02-2026,Friday,4,12:15 PM,Financial Management,Ishwari Gaikwad,2,MCA,A,Room 201,180,145,80.56,Theory,0,0,0
27-02-2026,Friday,5,02:00 PM,Advanced DBMS,Ishwari Gaikwad,2,MCA,B,Room 202,180,145,80.56,Theory,0,0,0
27-02-2026,Friday,6,03:00 PM,Web Development,Prof. Kulkarni,4,MCA,B,Room 201,180,123,68.33,Theory,1,0,0
28-02-2026,Saturday,1,09:00 AM,Advanced DBMS,Ishwari Gaikwad,4,MCA,A,Auditorium,180,124,68.89,Theory,0,0,0
28-02-2026,Saturday,2,10:00 AM,Advanced DBMS,Ishwari Gaikwad,2,MCA,C,Room 201,180,145,80.56,Theory,0,0,0
28-02-2026,Saturday,3,11:15 AM,Cloud Computing,Prof. Kulkarni,2,MBA,C,Lab 1,120,117,97.5,Practical,0,0,0
28-02-2026,Saturday,4,12:15 PM,Machine Learning,Prof. Sharma,4,MBA,B,Lab 2,120,88,73.33,Practical,0,1,0
28-02-2026,Saturday,5,02:00 PM,Financial Management,Prof. Kulkarni,2,MBA,B,Lab 2,120,80,66.67,Practical,1,1,0
28-02-2026,Saturday,6,03:00 PM,Cloud Computing,Prof. Deshmukh,2,MBA,A,Room 202,120,89,74.17,Theory,0,0,0
28-02-2026,Saturday,1,09:00 AM,Machine Learning,Prof. Kulkarni,2,MBA,C,Lab 2,120,83,69.17,Practical,0,0,0
28-02-2026,Saturday,2,10:00 AM,Cloud Computing,Prof. Deshmukh,2,MCA,B,Room 202,180,152,,Theory,0,0,0
28-02-2026,Saturday,3,11:15 AM,Machine Learning,Prof. Patil,2,MBA,C,Lab 2,120,75,62.5,Practical,0,0,1
28-02-2026,Saturday,4,12:15 PM,Advanced DBMS,Prof. Kulkarni,4,MCA,B,Room 201,180,163,90.56,Theory,0,1,0
28-02-2026,Saturday,5,02:00 PM,Web Development,Akash Upadhayay,4,MBA,C,Auditorium,120,103,85.83,Theory,0,0,0
28-02-2026,Saturday,6,03:00 PM,Python Programming,Prof. Kulkarni,2,MBA,C,Room 202,120,94,78.33,Theory,0,0,0
28-02-2026,Saturday,1,09:00 AM,Machine Learning,Prof. Kulkarni,2,MCA,C,Auditorium,180,105,58.33,Theory,0,0,0
28-02-2026,Saturday,2,10:00 AM,Web Development,Prof. Deshmukh,4,MCA,C,Lab 1,180,155,86.11,Practical,0,0,0
28-02-2026,Saturday,3,11:15 AM,Python Programming,Akash Upadhayay,4,MCA,C,Lab 1,180,111,61.67,Practical,0,1,1
28-02-2026,Saturday,4,12:15 PM,Advanced DBMS,Prof. Sharma,2,MBA,A,Lab 1,120,99,82.5,Practical,0,0,0
28-02-2026,Saturday,5,02:00 PM,Python Programming,Prof. Patil,2,MBA,C,Lab 2,120,104,86.67,Practical,0,0,0
28-02-2026,Saturday,6,03:00 PM,Cloud Computing,Prof. Deshmukh,2,MCA,A,Lab 2,180,137,76.11,Practical,0,0,0
28-02-2026,Saturday,1,09:00 AM,Python Programming,Prof. Sharma,4,MCA,C,Lab 2,180,147,81.67,Practical,0,1,0
28-02-2026,Saturday,2,10:00 AM,Advanced DBMS,Prof. Kulkarni,4,MBA,A,Lab 1,120,104,86.67,Practical,0,0,0
28-02-2026,Saturday,3,11:15 AM,Machine Learning,Prof. Sharma,4,MCA,B,Room 201,180,158,87.78,Theory,0,0,0
28-02-2026,Saturday,4,12:15 PM,Advanced DBMS,Prof. Sharma,4,MBA,A,Lab 2,120,93,77.5,Practical,1,0,0
28-02-2026,Saturday,5,02:00 PM,Web Development,Akash Upadhayay,4,MCA,A,Lab 2,180,164,91.11,Practical,0,0,0
28-02-2026,Saturday,6,03:00 PM,HR Analytics,Prof. Deshmukh,4,MBA,C,Room 201,120,67,55.83,Theory,0,1,1
01-03-2026,Monday,1,09:00 AM,Python Programming,Ishwari Gaikwad,2,MCA,C,Room 201,180,112,62.22,Theory,0,0,0
01-03-2026,Monday,2,10:00 AM,Advanced DBMS,Prof. Patil,2,MCA,C,Room 202,180,149,82.78,Theory,0,0,0
01-03-2026,Monday,3,11:15 AM,Cloud Computing,Prof. Sharma,2,MBA,A,Room 201,120,80,66.67,Theory,1,1,0
01-03-2026,Monday,4,12:15 PM,Advanced DBMS,Prof. Patil,2,MBA,C,Auditorium,120,98,81.67,Theory,0,0,0
01-03-2026,Monday,5,02:00 PM,Machine Learning,Prof. Deshmukh,4,MCA,C,Room 202,180,122,120.0,Theory,0,0,0
01-03-2026,Monday,6,03:00 PM,Web Development,Prof. Kulkarni,2,MBA,C,Room 201,120,93,77.5,Theory,0,1,0
01-03-2026,Monday,1,09:00 AM,Machine Learning,Prof. Sharma,4,MCA,C,Room 202,180,119,66.11,Theory,0,0,0
01-03-2026,Monday,2,10:00 AM,Financial Management,Prof. Deshmukh,2,MCA,B,Lab 2,180,116,64.44,Practical,1,1,0
01-03-2026,Monday,3,11:15 AM,Machine Learning,Prof. Kulkarni,4,MCA,B,Auditorium,180,147,81.67,Theory,0,0,0
01-03-2026,Monday,4,12:15 PM,Machine Learning,Ishwari Gaikwad,4,MCA,B,Room 201,180,110,61.11,Theory,0,1,1
01-03-2026,Monday,5,02:00 PM,HR Analytics,Prof. Sharma,2,MCA,B,Room 202,180,143,79.44,Theory,0,0,0
01-03-2026,Monday,6,03:00 PM,Financial Management,Akash Upadhayay,2,MCA,C,Lab 2,180,132,4.0,Practical,0,1,0
01-03-2026,Monday,1,09:00 AM,Machine Learning,Prof. Patil,2,MCA,A,Room 201,180,130,72.22,Theory,0,0,0
01-03-2026,Monday,2,10:00 AM,Financial Management,Ishwari Gaikwad,2,MBA,C,Lab 2,120,100,83.33,Practical,0,0,0
01-03-2026,Monday,3,11:15 AM,Web Development,Prof. Deshmukh,2,MCA,B,Room 201,180,136,75.56,Theory,0,0,0
01-03-2026,Monday,4,12:15 PM,Financial Management,Akash Upadhayay,2,MCA,B,Lab 1,180,146,81.11,Practical,0,0,0
01-03-2026,Monday,5,02:00 PM,Machine Learning,Prof. Patil,2,MBA,B,Auditorium,120,103,85.83,Theory,0,0,0
01-03-2026,Monday,6,03:00 PM,Machine Learning,Prof. Sharma,2,MBA,C,Auditorium,120,37,,Theory,1,0,1
01-03-2026,Monday,1,09:00 AM,HR Analytics,Prof. Kulkarni,2,MCA,B,Room 201,180,127,70.56,Theory,0,0,0
01-03-2026,Monday,2,10:00 AM,HR Analytics,Ishwari Gaikwad,2,MBA,C,Lab 1,120,70,58.33,Practical,0,0,1
01-03-2026,Monday,3,11:15 AM,Python Programming,Prof. Patil,4,MCA,C,Room 202,180,125,120.0,Theory,0,0,1
01-03-2026,Monday,4,12:15 PM,Advanced DBMS,Prof. Sharma,2,MBA,B,Room 201,120,95,79.17,Theory,0,0,0
01-03-2026,Monday,5,02:00 PM,Python Programming,Prof. Patil,4,MCA,C,Lab 2,180,155,86.11,Practical,0,0,0
01-03-2026,Monday,6,03:00 PM,Python Programming,Prof. Kulkarni,4,MCA,B,Lab 1,180,105,58.33,Practical,0,0,1
02-03-2026,Monday,1,09:00 AM,Machine Learning,Prof. Kulkarni,2,MBA,C,Lab 1,120,81,67.5,Practical,0,0,0
02-03-2026,Monday,2,10:00 AM,Web Development,Prof. Kulkarni,4,MCA,C,Lab 2,180,176,97.78,Practical,0,0,0
02-03-2026,Monday,3,11:15 AM,HR Analytics,Prof. Sharma,2,MCA,A,Auditorium,180,152,84.44,Theory,0,0,0
02-03-2026,Monday,4,12:15 PM,Machine Learning,Prof. Sharma,4,MBA,B,Auditorium,120,92,76.67,Theory,0,0,0
02-03-2026,Monday,5,02:00 PM,Web Development,Ishwari Gaikwad,2,MBA,B,Auditorium,120,86,71.67,Theory,0,0,0
02-03-2026,Monday,6,03:00 PM,Web Development,Ishwari Gaikwad,2,MCA,C,Lab 1,180,119,66.11,Practical,0,0,0
02-03-2026,Monday,1,09:00 AM,Web Development,Prof. Kulkarni,4,MCA,B,Room 202,180,144,80.0,Theory,0,0,0
02-03-2026,Monday,2,10:00 AM,Machine Learning,Prof. Sharma,2,MCA,C,Auditorium,180,117,65.0,Theory,1,0,0
02-03-2026,Monday,3,11:15 AM,Machine Learning,Prof. Sharma,4,MCA,B,Lab 2,180,147,81.67,Practical,0,0,0
02-03-2026,Monday,4,12:15 PM,Machine Learning,Prof. Kulkarni,2,MCA,A,Lab 2,180,139,77.22,Practical,0,0,0
02-03-2026,Monday,5,02:00 PM,Financial Management,Prof. Sharma,2,MBA,B,Room 202,120,78,65.0,Theory,0,0,1
02-03-2026,Monday,6,03:00 PM,Python Programming,Prof. Patil,2,MCA,A,Auditorium,180,108,60.0,Theory,0,0,0
02-03-2026,Monday,1,09:00 AM,Web Development,Prof. Kulkarni,2,MCA,B,Lab 1,180,109,60.56,Practical,0,0,1
02-03-2026,Monday,2,10:00 AM,Cloud Computing,Ishwari Gaikwad,2,MCA,B,Lab 2,180,157,87.22,Practical,0,0,0
02-03-2026,Monday,3,11:15 AM,Cloud Computing,Prof. Sharma,2,MCA,A,Room 201,180,118,65.56,Theory,1,0,0
02-03-2026,Monday,4,12:15 PM,Cloud Computing,Prof. Kulkarni,4,MBA,C,Lab 2,120,97,80.83,Practical,0,0,0
02-03-2026,Monday,5,02:00 PM,Cloud Computing,Prof. Sharma,2,MCA,A,Lab 1,180,164,91.11,Practical,0,0,0
02-03-2026,Monday,6,03:00 PM,Machine Learning,Prof. Sharma,4,MBA,A,Room 202,120,88,73.33,Theory,0,0,0
02-03-2026,Monday,1,09:00 AM,Python Programming,Prof. Sharma,4,MCA,C,Room 202,180,132,73.33,Theory,0,0,0
02-03-2026,Monday,2,10:00 AM,Financial Management,Prof. Patil,4,MBA,C,Lab 2,120,104,86.67,Practical,0,1,0
02-03-2026,Monday,3,11:15 AM,Web Development,Prof. Kulkarni,4,MCA,C,Lab 1,180,92,51.11,Practical,1,0,1
02-03-2026,Monday,4,12:15 PM,Advanced DBMS,Prof. Deshmukh,4,MCA,C,Lab 2,180,153,85.0,Practical,0,0,0
02-03-2026,Monday,5,02:00 PM,Web Development,Prof. Deshmukh,4,MCA,B,Room 202,180,160,88.89,Theory,0,0,0
02-03-2026,Monday,6,03:00 PM,Machine Learning,Ishwari Gaikwad,2,MBA,A,Room 202,120,63,52.5,Theory,1,0,0
03-03-2026,Tuesday,1,09:00 AM,Cloud Computing,Prof. Sharma,4,MBA,C,Room 202,120,83,69.17,Theory,0,0,0
03-03-2026,Tuesday,2,10:00 AM,Python Programming,Prof. Patil,4,MBA,B,Lab 1,120,95,79.17,Practical,0,0,0
03-03-2026,Tuesday,3,11:15 AM,HR Analytics,Akash Upadhayay,2,MBA,C,Lab 2,120,112,,Practical,0,0,0
03-03-2026,Tuesday,4,12:15 PM,Cloud Computing,Prof. Patil,4,MCA,A,Lab 2,180,176,97.78,Practical,0,0,0
03-03-2026,Tuesday,5,02:00 PM,Web Development,Prof. Kulkarni,4,MCA,B,Auditorium,180,147,81.67,Theory,0,1,0
03-03-2026,Tuesday,6,03:00 PM,Cloud Computing,Ishwari Gaikwad,4,MCA,A,Lab 1,180,151,83.89,Practical,0,0,0
03-03-2026,Tuesday,1,09:00 AM,Web Development,Ishwari Gaikwad,4,MCA,A,Auditorium,180,134,74.44,Theory,0,1,0
03-03-2026,Tuesday,2,10:00 AM,Python Programming,Prof. Deshmukh,2,MCA,B,Lab 2,180,139,77.22,Practical,0,0,1
03-03-2026,Tuesday,3,11:15 AM,Python Programming,Prof. Sharma,2,MCA,A,Lab 2,180,168,93.33,Practical,0,0,0
03-03-2026,Tuesday,4,12:15 PM,HR Analytics,Prof. Kulkarni,4,MBA,C,Lab 2,120,109,90.83,Practical,0,0,0
03-03-2026,Tuesday,5,02:00 PM,Python Programming,Prof. Deshmukh,4,MCA,B,Lab 1,180,143,79.44,Practical,0,0,0
03-03-2026,Tuesday,6,03:00 PM,Python Programming,Prof. Kulkarni,2,MBA,B,Room 202,120,109,90.83,Theory,0,0,0
03-03-2026,Tuesday,1,09:00 AM,Machine Learning,Ishwari Gaikwad,2,MBA,B,Room 201,120,89,74.17,Theory,0,0,0
03-03-2026,Tuesday,2,10:00 AM,Advanced DBMS,Prof. Patil,2,MBA,C,Room 202,120,82,68.33,Theory,1,0,0
03-03-2026,Tuesday,3,11:15 AM,Cloud Computing,Prof. Kulkarni,4,MBA,C,Auditorium,120,109,4.0,Theory,0,1,0
03-03-2026,Tuesday,4,12:15 PM,Financial Management,Prof. Sharma,4,MCA,A,Lab 1,180,158,87.78,Practical,0,1,0
03-03-2026,Tuesday,5,02:00 PM,Python Programming,Prof. Sharma,4,MBA,A,Lab 2,120,108,90.0,Practical,0,0,0
03-03-2026,Tuesday,6,03:00 PM,Financial Management,Ishwari Gaikwad,4,MCA,C,Lab 2,180,160,88.89,Practical,0,0,0
03-03-2026,Tuesday,1,09:00 AM,Advanced DBMS,Prof. Deshmukh,4,MCA,B,Auditorium,180,154,85.56,Theory,0,1,0
03-03-2026,Tuesday,2,10:00 AM,Machine Learning,Prof. Patil,2,MCA,C,Lab 1,180,170,94.44,Practical,0,0,0
03-03-2026,Tuesday,3,11:15 AM,Web Development,Prof. Kulkarni,2,MBA,C,Lab 2,120,87,72.5,Practical,0,0,0
03-03-2026,Tuesday,4,12:15 PM,Cloud Computing,Ishwari Gaikwad,4,MCA,A,Room 202,180,151,83.89,Theory,0,0,0
03-03-2026,Tuesday,5,02:00 PM,Machine Learning,Ishwari Gaikwad,2,MBA,C,Room 202,120,98,81.67,Theory,0,1,0
03-03-2026,Tuesday,6,03:00 PM,Cloud Computing,Ishwari Gaikwad,4,MCA,B,Lab 2,180,153,85.0,Practical,0,0,0
04-03-2026,Wednesday,1,09:00 AM,Machine Learning,Prof. Kulkarni,4,MCA,C,Room 201,180,176,97.78,Theory,0,0,0
04-03-2026,Wednesday,2,10:00 AM,Advanced DBMS,Prof. Deshmukh,2,MCA,A,Lab 2,180,169,93.89,Practical,0,0,0
04-03-2026,Wednesday,3,11:15 AM,Advanced DBMS,Prof. Deshmukh,4,MCA,A,Lab 2,180,153,85.0,Practical,0,0,0
04-03-2026,Wednesday,4,12:15 PM,Python Programming,Prof. Deshmukh,4,MCA,A,Room 202,180,131,72.78,Theory,0,0,1
04-03-2026,Wednesday,5,02:00 PM,Cloud Computing,Prof. Patil,4,MBA,B,Auditorium,120,96,80.0,Theory,0,0,0
04-03-2026,Wednesday,6,03:00 PM,Web Development,Prof. Kulkarni,2,MBA,C,Room 201,120,87,,Theory,0,0,0
04-03-2026,Wednesday,1,09:00 AM,Web Development,Ishwari Gaikwad,2,MCA,A,Lab 1,180,166,92.22,Practical,0,0,0
04-03-2026,Wednesday,2,10:00 AM,Advanced DBMS,Akash Upadhayay,4,MCA,B,Room 201,180,117,65.0,Theory,0,0,0
04-03-2026,Wednesday,3,11:15 AM,Web Development,Prof. Deshmukh,2,MBA,A,Room 201,120,114,95.0,Theory,0,0,0
04-03-2026,Wednesday,4,12:15 PM,Advanced DBMS,Prof. Deshmukh,2,MCA,B,Auditorium,180,136,75.56,Theory,0,0,0
04-03-2026,Wednesday,5,02:00 PM,Web Development,Ishwari Gaikwad,2,MBA,A,Auditorium,120,72,60.0,Theory,1,0,0
04-03-2026,Wednesday,6,03:00 PM,HR Analytics,Akash Upadhayay,2,MCA,A,Lab 1,180,147,81.67,Practical,0,0,0
04-03-2026,Wednesday,1,09:00 AM,Advanced DBMS,Prof. Sharma,4,MCA,C,Lab 2,180,149,82.78,Practical,0,0,0
04-03-2026,Wednesday,2,10:00 AM,Machine Learning,Prof. Sharma,2,MCA,C,Lab 2,180,176,97.78,Practical,0,0,0
04-03-2026,Wednesday,3,11:15 AM,Cloud Computing,Akash Upadhayay,2,MBA,B,Auditorium,120,103,85.83,Theory,0,0,0
04-03-2026,Wednesday,4,12:15 PM,Cloud Computing,Prof. Patil,2,MCA,A,Room 202,180,169,93.89,Theory,0,0,0
04-03-2026,Wednesday,5,02:00 PM,Python Programming,Prof. Deshmukh,4,MCA,A,Auditorium,180,150,4.0,Theory,0,0,0
04-03-2026,Wednesday,6,03:00 PM,Python Programming,Prof. Kulkarni,2,MBA,A,Lab 1,120,108,90.0,Practical,0,1,0
04-03-2026,Wednesday,1,09:00 AM,Web Development,Akash Upadhayay,2,MBA,C,Lab 2,120,98,81.67,Practical,0,0,0
04-03-2026,Wednesday,2,10:00 AM,Cloud Computing,Ishwari Gaikwad,2,MBA,C,Lab 2,120,108,90.0,Practical,0,0,0
04-03-2026,Wednesday,3,11:15 AM,Cloud Computing,Prof. Kulkarni,4,MCA,A,Lab 2,180,164,91.11,Practical,1,0,0
04-03-2026,Wednesday,4,12:15 PM,HR Analytics,Prof. Kulkarni,4,MCA,B,Auditorium,180,156,86.67,Theory,0,0,0
04-03-2026,Wednesday,5,02:00 PM,Cloud Computing,Prof. Kulkarni,4,MCA,A,Auditorium,180,138,76.67,Theory,0,0,0
04-03-2026,Wednesday,6,03:00 PM,Financial Management,Prof. Deshmukh,4,MCA,C,Lab 1,180,138,76.67,Practical,0,0,0
05-03-2026,Thursday,1,09:00 AM,Financial Management,Prof. Deshmukh,4,MBA,C,Lab 1,120,78,65.0,Practical,0,0,0
05-03-2026,Thursday,2,10:00 AM,Advanced DBMS,Prof. Patil,4,MBA,B,Room 201,120,110,91.67,Theory,0,0,0
05-03-2026,Thursday,3,11:15 AM,Python Programming,Prof. Sharma,2,MCA,C,Lab 2,180,176,97.78,Practical,0,0,0
05-03-2026,Thursday,4,12:15 PM,Machine Learning,Prof. Kulkarni,2,MCA,B,Room 201,180,176,97.78,Theory,0,0,0
05-03-2026,Thursday,5,02:00 PM,HR Analytics,Akash Upadhayay,2,MCA,A,Lab 2,180,176,97.78,Practical,0,0,0
05-03-2026,Thursday,6,03:00 PM,Python Programming,Prof. Sharma,2,MBA,C,Lab 1,120,95,79.17,Practical,0,0,0
05-03-2026,Thursday,1,09:00 AM,HR Analytics,Prof. Patil,4,MBA,B,Room 202,120,89,74.17,Theory,0,0,0
05-03-2026,Thursday,2,10:00 AM,HR Analytics,Akash Upadhayay,4,MCA,C,Lab 1,180,137,76.11,Practical,0,0,1
05-03-2026,Thursday,3,11:15 AM,Machine Learning,Prof. Kulkarni,2,MBA,C,Room 201,120,80,66.67,Theory,0,0,1
05-03-2026,Thursday,4,12:15 PM,Advanced DBMS,Akash Upadhayay,4,MCA,A,Lab 1,180,140,77.78,Practical,1,0,0
05-03-2026,Thursday,5,02:00 PM,Cloud Computing,Prof. Patil,4,MCA,C,Room 202,180,165,91.67,Theory,0,0,0
05-03-2026,Thursday,6,03:00 PM,Python Programming,Prof. Deshmukh,2,MCA,C,Lab 1,180,160,88.89,Practical,0,0,0
05-03-2026,Thursday,1,09:00 AM,Advanced DBMS,Prof. Sharma,4,MCA,B,Room 202,180,125,69.44,Theory,0,0,0
05-03-2026,Thursday,2,10:00 AM,HR Analytics,Prof. Sharma,2,MBA,C,Lab 1,120,110,91.67,Practical,0,1,0
05-03-2026,Thursday,3,11:15 AM,HR Analytics,Prof. Kulkarni,4,MCA,A,Lab 2,180,162,90.0,Practical,0,0,0
05-03-2026,Thursday,4,12:15 PM,Python Programming,Prof. Kulkarni,2,MBA,A,Lab 2,120,86,71.67,Practical,1,0,0
05-03-2026,Thursday,5,02:00 PM,Cloud Computing,Akash Upadhayay,4,MCA,B,Room 201,180,135,75.0,Theory,1,0,0
05-03-2026,Thursday,6,03:00 PM,HR Analytics,Prof. Sharma,4,MBA,B,Lab 2,120,82,68.33,Practical,1,0,0
05-03-2026,Thursday,1,09:00 AM,HR Analytics,Akash Upadhayay,2,MCA,B,Room 201,180,97,53.89,Theory,1,0,1
05-03-2026,Thursday,2,10:00 AM,Financial Management,Prof. Kulkarni,2,MBA,C,Room 201,120,109,90.83,Theory,0,0,0
05-03-2026,Thursday,3,11:15 AM,Web Development,Prof. Patil,4,MCA,C,Auditorium,180,159,88.33,Theory,0,0,0
05-03-2026,Thursday,4,12:15 PM,Python Programming,Prof. Deshmukh,4,MCA,C,Lab 2,180,147,81.67,Practical,0,0,0
05-03-2026,Thursday,5,02:00 PM,Web Development,Prof. Kulkarni,2,MCA,B,Lab 2,180,144,80.0,Practical,0,0,1
05-03-2026,Thursday,6,03:00 PM,HR Analytics,Prof. Patil,4,MBA,C,Lab 2,120,106,88.33,Practical,0,0,0
06-03-2026,Friday,1,09:00 AM,Web Development,Prof. Sharma,2,MCA,A,Lab 2,180,149,82.78,Practical,0,1,0
06-03-2026,Friday,2,10:00 AM,Web Development,Prof. Kulkarni,2,MCA,C,Lab 1,180,147,81.67,Practical,0,0,0
06-03-2026,Friday,3,11:15 AM,Web Development,Prof. Sharma,4,MBA,B,Lab 2,120,90,75.0,Practical,0,0,0
06-03-2026,Friday,4,12:15 PM,Machine Learning,Akash Upadhayay,2,MBA,C,Lab 2,120,117,97.5,Practical,0,0,0
06-03-2026,Friday,5,02:00 PM,Financial Management,Akash Upadhayay,2,MCA,A,Room 201,180,142,78.89,Theory,0,0,0
06-03-2026,Friday,6,03:00 PM,HR Analytics,Prof. Patil,4,MBA,A,Room 202,120,89,74.17,Theory,0,0,0
06-03-2026,Friday,1,09:00 AM,Machine Learning,Prof. Kulkarni,4,MCA,A,Auditorium,180,137,120.0,Theory,0,0,0
06-03-2026,Friday,2,10:00 AM,Cloud Computing,Prof. Deshmukh,2,MBA,C,Room 201,120,102,85.0,Theory,0,1,0
06-03-2026,Friday,3,11:15 AM,Web Development,Prof. Patil,2,MCA,B,Room 201,180,161,89.44,Theory,0,0,0
06-03-2026,Friday,4,12:15 PM,Python Programming,Prof. Patil,2,MBA,A,Lab 1,120,116,96.67,Practical,0,0,0
06-03-2026,Friday,5,02:00 PM,Web Development,Prof. Sharma,2,MCA,A,Room 201,180,144,4.0,Theory,0,0,0
06-03-2026,Friday,6,03:00 PM,Advanced DBMS,Akash Upadhayay,4,MCA,C,Room 202,180,144,80.0,Theory,0,0,0
06-03-2026,Friday,1,09:00 AM,HR Analytics,Akash Upadhayay,2,MCA,A,Room 201,180,140,77.78,Theory,0,0,0
06-03-2026,Friday,2,10:00 AM,HR Analytics,Prof. Deshmukh,4,MCA,C,Auditorium,180,163,,Theory,0,0,0
06-03-2026,Friday,3,11:15 AM,HR Analytics,Prof. Kulkarni,4,MCA,A,Room 201,180,157,87.22,Theory,0,0,0
06-03-2026,Friday,4,12:15 PM,Machine Learning,Prof. Kulkarni,2,MCA,B,Lab 1,180,156,86.67,Practical,0,0,0
06-03-2026,Friday,5,02:00 PM,Python Programming,Akash Upadhayay,4,MBA,C,Auditorium,120,115,95.83,Theory,0,0,0
06-03-2026,Friday,6,03:00 PM,Python Programming,Prof. Sharma,4,MBA,C,Lab 1,120,107,89.17,Practical,0,0,0
06-03-2026,Friday,1,09:00 AM,Cloud Computing,Prof. Patil,2,MBA,C,Lab 2,120,100,83.33,Practical,0,1,0
06-03-2026,Friday,2,10:00 AM,Advanced DBMS,Prof. Patil,2,MCA,B,Auditorium,180,150,83.33,Theory,0,0,0
06-03-2026,Friday,3,11:15 AM,Cloud Computing,Prof. Patil,4,MBA,A,Room 201,120,103,120.0,Theory,0,0,0
06-03-2026,Friday,4,12:15 PM,Machine Learning,Prof. Patil,4,MCA,B,Lab 2,180,155,86.11,Practical,0,0,0
06-03-2026,Friday,5,02:00 PM,Machine Learning,Akash Upadhayay,4,MCA,B,Room 201,180,151,83.89,Theory,0,0,0
06-03-2026,Friday,6,03:00 PM,Machine Learning,Ishwari Gaikwad,4,MCA,B,Room 201,180,151,83.89,Theory,0,0,0
07-03-2026,Saturday,1,09:00 AM,Advanced DBMS,Prof. Deshmukh,4,MCA,A,Room 201,180,126,,Theory,0,0,0
07-03-2026,Saturday,2,10:00 AM,Python Programming,Prof. Deshmukh,4,MCA,A,Room 202,180,126,70.0,Theory,0,0,0
07-03-2026,Saturday,3,11:15 AM,Web Development,Ishwari Gaikwad,4,MBA,A,Room 202,120,93,77.5,Theory,0,1,0
07-03-2026,Saturday,4,12:15 PM,Machine Learning,Prof. Sharma,2,MCA,A,Room 201,180,100,55.56,Theory,1,0,1
07-03-2026,Saturday,5,02:00 PM,Financial Management,Ishwari Gaikwad,4,MCA,A,Lab 2,180,140,77.78,Practical,0,0,0
07-03-2026,Saturday,6,03:00 PM,Python Programming,Prof. Kulkarni,4,MCA,B,Room 201,180,145,,Theory,0,0,0
07-03-2026,Saturday,1,09:00 AM,Financial Management,Prof. Patil,4,MCA,C,Lab 1,180,104,57.78,Practical,0,0,1
07-03-2026,Saturday,2,10:00 AM,HR Analytics,Prof. Patil,2,MCA,C,Room 201,180,145,80.56,Theory,0,0,0
07-03-2026,Saturday,3,11:15 AM,Cloud Computing,Ishwari Gaikwad,4,MCA,B,Lab 1,180,163,90.56,Practical,0,0,0
07-03-2026,Saturday,4,12:15 PM,Python Programming,Prof. Patil,2,MCA,C,Room 201,180,125,69.44,Theory,0,1,1
07-03-2026,Saturday,5,02:00 PM,Machine Learning,Prof. Kulkarni,2,MBA,B,Room 201,120,88,73.33,Theory,0,0,0
07-03-2026,Saturday,6,03:00 PM,Machine Learning,Akash Upadhayay,4,MBA,B,Room 202,120,78,65.0,Theory,0,0,0
07-03-2026,Saturday,1,09:00 AM,Web Development,Akash Upadhayay,4,MCA,C,Room 202,180,115,63.89,Theory,0,0,0
07-03-2026,Saturday,2,10:00 AM,Web Development,Akash Upadhayay,2,MBA,B,Room 201,120,61,50.83,Theory,1,0,1
07-03-2026,Saturday,3,11:15 AM,Machine Learning,Prof. Patil,2,MBA,C,Room 202,120,111,92.5,Theory,0,0,0
07-03-2026,Saturday,4,12:15 PM,Cloud Computing,Ishwari Gaikwad,4,MBA,C,Room 201,120,98,81.67,Theory,0,0,0
07-03-2026,Saturday,5,02:00 PM,Web Development,Prof. Kulkarni,4,MCA,A,Auditorium,180,119,66.11,Theory,0,0,0
07-03-2026,Saturday,6,03:00 PM,Machine Learning,Ishwari Gaikwad,2,MCA,C,Lab 1,180,131,72.78,Practical,0,0,0
07-03-2026,Saturday,1,09:00 AM,Financial Management,Prof. Patil,2,MBA,C,Lab 2,120,110,91.67,Practical,0,0,0
07-03-2026,Saturday,2,10:00 AM,Web Development,Prof. Deshmukh,2,MCA,B,Auditorium,180,159,88.33,Theory,0,0,0
07-03-2026,Saturday,3,11:15 AM,Advanced DBMS,Prof. Sharma,4,MCA,C,Room 201,180,155,,Theory,0,0,0
07-03-2026,Saturday,4,12:15 PM,Python Programming,Prof. Kulkarni,4,MCA,B,Lab 2,180,160,88.89,Practical,0,0,0
07-03-2026,Saturday,5,02:00 PM,Web Development,Prof. Kulkarni,4,MCA,C,Lab 2,180,127,70.56,Practical,0,1,1
07-03-2026,Saturday,6,03:00 PM,Python Programming,Ishwari Gaikwad,2,MCA,B,Room 201,180,125,69.44,Theory,0,1,0
08-03-2026,Monday,1,09:00 AM,HR Analytics,Prof. Patil,4,MBA,A,Auditorium,120,61,50.83,Theory,1,0,0
08-03-2026,Monday,2,10:00 AM,Cloud Computing,Prof. Sharma,2,MBA,C,Auditorium,120,96,80.0,Theory,0,0,0
08-03-2026,Monday,3,11:15 AM,Advanced DBMS,Prof. Deshmukh,4,MCA,A,Room 202,180,137,76.11,Theory,0,0,0
08-03-2026,Monday,4,12:15 PM,Cloud Computing,Prof. Kulkarni,2,MBA,A,Room 202,120,86,71.67,Theory,0,0,0
08-03-2026,Monday,5,02:00 PM,HR Analytics,Akash Upadhayay,2,MCA,A,Room 201,180,160,88.89,Theory,0,0,0
08-03-2026,Monday,6,03:00 PM,Web Development,Prof. Kulkarni,4,MBA,C,Room 201,120,83,69.17,Theory,0,0,0
08-03-2026,Monday,1,09:00 AM,Python Programming,Prof. Sharma,4,MCA,C,Room 202,180,125,69.44,Theory,0,0,0
08-03-2026,Monday,2,10:00 AM,Web Development,Akash Upadhayay,2,MCA,C,Room 202,180,140,77.78,Theory,0,1,0
08-03-2026,Monday,3,11:15 AM,Machine Learning,Ishwari Gaikwad,2,MCA,B,Room 201,180,150,83.33,Theory,0,0,0
08-03-2026,Monday,4,12:15 PM,Web Development,Prof. Patil,2,MCA,A,Auditorium,180,112,62.22,Theory,1,0,0
08-03-2026,Monday,5,02:00 PM,Python Programming,Prof. Sharma,4,MCA,C,Lab 1,180,156,86.67,Practical,0,0,0
08-03-2026,Monday,6,03:00 PM,Web Development,Prof. Deshmukh,2,MCA,B,Lab 2,180,143,79.44,Practical,0,0,0
08-03-2026,Monday,1,09:00 AM,Cloud Computing,Prof. Sharma,2,MCA,B,Lab 2,180,140,77.78,Practical,0,0,0
08-03-2026,Monday,2,10:00 AM,Python Programming,Akash Upadhayay,4,MBA,B,Auditorium,120,83,,Theory,0,0,1
08-03-2026,Monday,3,11:15 AM,Python Programming,Prof. Patil,4,MCA,B,Lab 1,180,158,87.78,Practical,0,0,0
08-03-2026,Monday,4,12:15 PM,Web Development,Prof. Kulkarni,2,MBA,B,Auditorium,120,75,,Theory,0,1,1
08-03-2026,Monday,5,02:00 PM,Python Programming,Prof. Sharma,4,MCA,A,Room 201,180,126,70.0,Theory,0,1,1
08-03-2026,Monday,6,03:00 PM,HR Analytics,Prof. Kulkarni,2,MCA,A,Room 201,180,131,,Theory,0,0,0
08-03-2026,Monday,1,09:00 AM,Advanced DBMS,Prof. Deshmukh,4,MBA,A,Lab 1,120,81,67.5,Practical,0,0,0
08-03-2026,Monday,2,10:00 AM,Web Development,Akash Upadhayay,2,MBA,B,Lab 1,120,95,,Practical,0,0,0
08-03-2026,Monday,3,11:15 AM,HR Analytics,Prof. Deshmukh,2,MCA,A,Lab 1,180,132,73.33,Practical,1,0,0
08-03-2026,Monday,4,12:15 PM,Web Development,Ishwari Gaikwad,4,MBA,C,Auditorium,120,98,81.67,Theory,0,0,0
08-03-2026,Monday,5,02:00 PM,Financial Management,Prof. Sharma,4,MCA,B,Room 201,180,150,83.33,Theory,0,0,0
08-03-2026,Monday,6,03:00 PM,Financial Management,Prof. Patil,2,MCA,C,Lab 1,180,132,73.33,Practical,0,0,0
09-03-2026,Monday,1,09:00 AM,Financial Management,Prof. Deshmukh,4,MCA,A,Room 202,180,130,72.22,Theory,0,0,0
09-03-2026,Monday,2,10:00 AM,HR Analytics,Prof. Deshmukh,4,MBA,C,Room 202,120,99,82.5,Theory,0,0,0
09-03-2026,Monday,3,11:15 AM,Financial Management,Prof. Kulkarni,2,MBA,C,Room 201,120,84,70.0,Theory,0,0,1
09-03-2026,Monday,4,12:15 PM,Advanced DBMS,Ishwari Gaikwad,4,MCA,C,Lab 2,180,157,87.22,Practical,0,0,0
09-03-2026,Monday,5,02:00 PM,Cloud Computing,Prof. Sharma,4,MCA,B,Room 201,180,147,81.67,Theory,0,0,0
09-03-2026,Monday,6,03:00 PM,Python Programming,Prof. Deshmukh,2,MCA,A,Lab 2,180,133,73.89,Practical,1,0,0
09-03-2026,Monday,1,09:00 AM,Cloud Computing,Prof. Kulkarni,2,MBA,C,Room 202,120,67,55.83,Theory,1,0,0
09-03-2026,Monday,2,10:00 AM,Web Development,Ishwari Gaikwad,4,MCA,B,Lab 1,180,124,68.89,Practical,0,0,1
09-03-2026,Monday,3,11:15 AM,Web Development,Prof. Patil,4,MCA,B,Lab 2,180,116,64.44,Practical,1,0,1
09-03-2026,Monday,4,12:15 PM,Python Programming,Prof. Sharma,4,MBA,B,Room 201,120,65,54.17,Theory,0,0,1
09-03-2026,Monday,5,02:00 PM,Cloud Computing,Prof. Patil,4,MCA,C,Room 202,180,166,92.22,Theory,0,1,0
09-03-2026,Monday,6,03:00 PM,HR Analytics,Akash Upadhayay,2,MCA,A,Lab 1,180,112,62.22,Practical,0,0,0
09-03-2026,Monday,1,09:00 AM,Web Development,Ishwari Gaikwad,2,MCA,C,Room 201,180,127,70.56,Theory,0,0,0
09-03-2026,Monday,2,10:00 AM,Web Development,Prof. Sharma,4,MBA,C,Room 201,120,86,71.67,Theory,0,0,0
09-03-2026,Monday,3,11:15 AM,Machine Learning,Prof. Sharma,4,MBA,B,Lab 2,120,59,49.17,Practical,1,0,1
09-03-2026,Monday,4,12:15 PM,Python Programming,Akash Upadhayay,4,MCA,A,Lab 2,180,176,97.78,Practical,0,0,0
09-03-2026,Monday,5,02:00 PM,Cloud Computing,Ishwari Gaikwad,2,MBA,C,Lab 1,120,115,95.83,Practical,0,0,0
09-03-2026,Monday,6,03:00 PM,Python Programming,Prof. Kulkarni,2,MCA,A,Auditorium,180,157,87.22,Theory,0,0,0
09-03-2026,Monday,1,09:00 AM,Python Programming,Ishwari Gaikwad,2,MCA,B,Room 202,180,107,59.44,Theory,0,0,1
09-03-2026,Monday,2,10:00 AM,Advanced DBMS,Akash Upadhayay,4,MCA,C,Auditorium,180,156,86.67,Theory,0,0,0
09-03-2026,Monday,3,11:15 AM,Financial Management,Prof. Deshmukh,4,MBA,A,Room 202,120,92,76.67,Theory,0,0,0
09-03-2026,Monday,4,12:15 PM,Web Development,Prof. Kulkarni,2,MCA,B,Lab 1,180,134,74.44,Practical,0,0,0
09-03-2026,Monday,5,02:00 PM,Financial Management,Akash Upadhayay,4,MCA,A,Auditorium,180,140,77.78,Theory,0,1,0
09-03-2026,Monday,6,03:00 PM,Machine Learning,Prof. Sharma,2,MBA,C,Room 201,120,77,64.17,Theory,0,0,0
10-03-2026,Tuesday,1,09:00 AM,Web Development,Akash Upadhayay,4,MCA,C,Lab 2,180,111,61.67,Practical,1,0,0
10-03-2026,Tuesday,2,10:00 AM,Financial Management,Prof. Deshmukh,4,MCA,B,Lab 1,180,154,85.56,Practical,0,0,0
10-03-2026,Tuesday,3,11:15 AM,HR Analytics,Prof. Patil,2,MCA,B,Room 202,180,152,84.44,Theory,0,0,0
10-03-2026,Tuesday,4,12:15 PM,Machine Learning,Ishwari Gaikwad,4,MCA,C,Room 202,180,134,74.44,Theory,0,0,0
10-03-2026,Tuesday,5,02:00 PM,Machine Learning,Prof. Kulkarni,2,MCA,B,Lab 1,180,167,92.78,Practical,0,0,0
10-03-2026,Tuesday,6,03:00 PM,Machine Learning,Prof. Sharma,2,MBA,C,Lab 2,120,77,,Practical,0,0,1
10-03-2026,Tuesday,1,09:00 AM,HR Analytics,Ishwari Gaikwad,4,MBA,A,Auditorium,120,93,77.5,Theory,0,0,0
10-03-2026,Tuesday,2,10:00 AM,Financial Management,Prof. Kulkarni,4,MBA,C,Lab 2,120,94,78.33,Practical,0,0,1
10-03-2026,Tuesday,3,11:15 AM,Cloud Computing,Prof. Deshmukh,4,MBA,A,Lab 2,120,114,95.0,Practical,0,0,0
10-03-2026,Tuesday,4,12:15 PM,Advanced DBMS,Prof. Deshmukh,4,MBA,C,Room 201,120,94,78.33,Theory,1,0,0
10-03-2026,Tuesday,5,02:00 PM,Python Programming,Prof. Kulkarni,4,MCA,A,Room 202,180,176,,Theory,0,0,0
10-03-2026,Tuesday,6,03:00 PM,Web Development,Prof. Patil,2,MCA,B,Lab 1,180,78,43.33,Practical,1,0,1
10-03-2026,Tuesday,1,09:00 AM,HR Analytics,Prof. Patil,4,MCA,B,Lab 2,180,164,91.11,Practical,0,0,0
10-03-2026,Tuesday,2,10:00 AM,Cloud Computing,Prof. Kulkarni,4,MCA,A,Room 201,180,135,75.0,Theory,0,0,1
10-03-2026,Tuesday,3,11:15 AM,HR Analytics,Prof. Patil,4,MCA,B,Room 201,180,127,4.0,Theory,0,1,1
10-03-2026,Tuesday,4,12:15 PM,Advanced DBMS,Prof. Kulkarni,2,MCA,B,Room 201,180,151,83.89,Theory,0,0,0
10-03-2026,Tuesday,5,02:00 PM,Advanced DBMS,Prof. Deshmukh,4,MCA,C,Room 201,180,173,96.11,Theory,0,0,0
10-03-2026,Tuesday,6,03:00 PM,Financial Management,Prof. Sharma,4,MCA,B,Room 202,180,145,80.56,Theory,0,0,0
10-03-2026,Tuesday,1,09:00 AM,HR Analytics,Prof. Patil,4,MBA,A,Room 202,120,100,83.33,Theory,0,0,0
10-03-2026,Tuesday,2,10:00 AM,Cloud Computing,Prof. Sharma,4,MBA,A,Lab 2,120,96,80.0,Practical,0,0,0
10-03-2026,Tuesday,3,11:15 AM,HR Analytics,Akash Upadhayay,2,MCA,C,Lab 2,180,174,96.67,Practical,0,0,0
10-03-2026,Tuesday,4,12:15 PM,Cloud Computing,Prof. Patil,2,MBA,B,Room 201,120,90,75.0,Theory,0,0,0
10-03-2026,Tuesday,5,02:00 PM,Financial Management,Prof. Sharma,4,MCA,B,Room 201,180,161,89.44,Theory,0,0,0
10-03-2026,Tuesday,6,03:00 PM,Financial Management,Prof. Patil,2,MBA,C,Lab 1,120,102,85.0,Practical,0,0,0
11-03-2026,Wednesday,1,09:00 AM,Machine Learning,Prof. Deshmukh,4,MBA,B,Room 201,120,85,70.83,Theory,0,0,0
11-03-2026,Wednesday,2,10:00 AM,Cloud Computing,Prof. Kulkarni,4,MCA,B,Auditorium,180,165,91.67,Theory,0,0,0
11-03-2026,Wednesday,3,11:15 AM,Web Development,Prof. Deshmukh,4,MBA,B,Auditorium,120,109,90.83,Theory,0,1,0
11-03-2026,Wednesday,4,12:15 PM,Cloud Computing,Ishwari Gaikwad,2,MCA,C,Lab 1,180,163,,Practical,0,1,0
11-03-2026,Wednesday,5,02:00 PM,HR Analytics,Prof. Deshmukh,2,MCA,C,Room 202,180,150,83.33,Theory,0,0,0
11-03-2026,Wednesday,6,03:00 PM,Cloud Computing,Prof. Sharma,2,MCA,B,Room 201,180,147,81.67,Theory,0,0,0
11-03-2026,Wednesday,1,09:00 AM,Web Development,Prof. Sharma,2,MCA,B,Lab 2,180,154,85.56,Practical,0,0,0
11-03-2026,Wednesday,2,10:00 AM,HR Analytics,Ishwari Gaikwad,2,MCA,C,Lab 1,180,156,86.67,Practical,0,1,0
11-03-2026,Wednesday,3,11:15 AM,HR Analytics,Prof. Patil,4,MBA,A,Lab 1,120,108,90.0,Practical,0,0,0
11-03-2026,Wednesday,4,12:15 PM,Cloud Computing,Prof. Deshmukh,2,MBA,C,Room 201,120,99,82.5,Theory,0,0,0
11-03-2026,Wednesday,5,02:00 PM,Machine Learning,Prof. Kulkarni,2,MCA,B,Room 202,180,155,86.11,Theory,0,1,0
11-03-2026,Wednesday,6,03:00 PM,HR Analytics,Prof. Deshmukh,2,MCA,C,Room 201,180,159,88.33,Theory,0,0,0
11-03-2026,Wednesday,1,09:00 AM,Machine Learning,Akash Upadhayay,2,MCA,B,Room 202,180,145,80.56,Theory,0,0,0
11-03-2026,Wednesday,2,10:00 AM,Web Development,Prof. Sharma,2,MBA,C,Auditorium,120,91,75.83,Theory,0,0,0
11-03-2026,Wednesday,3,11:15 AM,Web Development,Prof. Sharma,4,MBA,C,Auditorium,120,72,60.0,Theory,0,1,1
11-03-2026,Wednesday,4,12:15 PM,Financial Management,Prof. Patil,2,MBA,B,Auditorium,120,99,82.5,Theory,0,0,0
11-03-2026,Wednesday,5,02:00 PM,Python Programming,Prof. Kulkarni,4,MBA,C,Auditorium,120,102,85.0,Theory,0,0,0
11-03-2026,Wednesday,6,03:00 PM,Python Programming,Akash Upadhayay,4,MCA,C,Lab 2,180,130,72.22,Practical,0,0,1
11-03-2026,Wednesday,1,09:00 AM,Financial Management,Prof. Deshmukh,4,MBA,A,Room 202,120,103,85.83,Theory,0,0,0
11-03-2026,Wednesday,2,10:00 AM,Python Programming,Prof. Patil,2,MCA,A,Room 202,180,150,83.33,Theory,1,0,0
11-03-2026,Wednesday,3,11:15 AM,Advanced DBMS,Ishwari Gaikwad,2,MCA,C,Auditorium,180,114,63.33,Theory,1,0,0
11-03-2026,Wednesday,4,12:15 PM,HR Analytics,Ishwari Gaikwad,4,MCA,B,Lab 1,180,172,95.56,Practical,0,0,0
11-03-2026,Wednesday,5,02:00 PM,Machine Learning,Prof. Kulkarni,4,MCA,A,Room 202,180,152,84.44,Theory,0,0,0
11-03-2026,Wednesday,6,03:00 PM,Advanced DBMS,Prof. Kulkarni,4,MBA,A,Auditorium,120,86,71.67,Theory,0,0,0
12-03-2026,Thursday,1,09:00 AM,Advanced DBMS,Prof. Kulkarni,2,MCA,C,Room 201,180,134,74.44,Theory,0,0,0
12-03-2026,Thursday,2,10:00 AM,Machine Learning,Akash Upadhayay,4,MCA,C,Room 202,180,156,86.67,Theory,0,0,0
12-03-2026,Thursday,3,11:15 AM,Machine Learning,Prof. Kulkarni,2,MCA,A,Lab 2,180,176,97.78,Practical,0,0,0
12-03-2026,Thursday,4,12:15 PM,Financial Management,Prof. Sharma,4,MBA,C,Room 202,120,111,92.5,Theory,0,0,0
12-03-2026,Thursday,5,02:00 PM,Machine Learning,Prof. Sharma,4,MCA,C,Lab 2,180,127,70.56,Practical,0,0,1
12-03-2026,Thursday,6,03:00 PM,HR Analytics,Prof. Kulkarni,2,MBA,A,Lab 2,120,102,85.0,Practical,0,0,0
12-03-2026,Thursday,1,09:00 AM,Machine Learning,Akash Upadhayay,4,MCA,B,Room 202,180,143,79.44,Theory,0,0,0
12-03-2026,Thursday,2,10:00 AM,Python Programming,Ishwari Gaikwad,2,MBA,B,Lab 1,120,105,87.5,Practical,1,1,0
12-03-2026,Thursday,3,11:15 AM,Advanced DBMS,Ishwari Gaikwad,4,MCA,B,Auditorium,180,155,86.11,Theory,0,0,0
12-03-2026,Thursday,4,12:15 PM,Python Programming,Akash Upadhayay,4,MCA,B,Room 201,180,140,77.78,Theory,0,1,1
12-03-2026,Thursday,5,02:00 PM,Financial Management,Prof. Deshmukh,4,MBA,A,Auditorium,120,108,90.0,Theory,0,0,0
12-03-2026,Thursday,6,03:00 PM,Financial Management,Prof. Patil,4,MBA,B,Auditorium,120,93,77.5,Theory,0,0,0
12-03-2026,Thursday,1,09:00 AM,HR Analytics,Prof. Sharma,2,MBA,B,Room 202,120,93,,Theory,0,1,0
12-03-2026,Thursday,2,10:00 AM,Financial Management,Prof. Patil,4,MBA,A,Lab 1,120,84,70.0,Practical,1,0,0
12-03-2026,Thursday,3,11:15 AM,Python Programming,Prof. Kulkarni,2,MCA,A,Room 201,180,165,4.0,Theory,0,1,0
12-03-2026,Thursday,4,12:15 PM,Advanced DBMS,Ishwari Gaikwad,4,MCA,C,Room 201,180,151,83.89,Theory,0,0,0
12-03-2026,Thursday,5,02:00 PM,Advanced DBMS,Prof. Sharma,2,MBA,A,Auditorium,120,101,84.17,Theory,0,0,0
12-03-2026,Thursday,6,03:00 PM,Machine Learning,Prof. Deshmukh,4,MCA,B,Auditorium,180,135,75.0,Theory,0,0,0
12-03-2026,Thursday,1,09:00 AM,Cloud Computing,Ishwari Gaikwad,2,MBA,C,Lab 1,120,101,84.17,Practical,0,0,0
12-03-2026,Thursday,2,10:00 AM,HR Analytics,Prof. Deshmukh,2,MBA,C,Lab 2,120,117,97.5,Practical,0,0,0
12-03-2026,Thursday,3,11:15 AM,Cloud Computing,Prof. Deshmukh,4,MCA,C,Auditorium,180,155,86.11,Theory,0,1,0
12-03-2026,Thursday,4,12:15 PM,Machine Learning,Ishwari Gaikwad,2,MBA,C,Room 201,120,98,81.67,Theory,0,1,0
12-03-2026,Thursday,5,02:00 PM,Advanced DBMS,Prof. Sharma,4,MCA,A,Lab 1,180,161,89.44,Practical,0,0,0
12-03-2026,Thursday,6,03:00 PM,Cloud Computing,Prof. Kulkarni,2,MBA,A,Lab 1,120,95,79.17,Practical,1,0,0
13-03-2026,Friday,1,09:00 AM,HR Analytics,Prof. Sharma,2,MCA,B,Lab 1,180,147,81.67,Practical,0,1,0
13-03-2026,Friday,2,10:00 AM,HR Analytics,Prof. Patil,4,MBA,C,Room 202,120,106,88.33,Theory,0,0,0
13-03-2026,Friday,3,11:15 AM,Machine Learning,Prof. Sharma,4,MCA,B,Lab 2,180,169,93.89,Practical,0,0,0
13-03-2026,Friday,4,12:15 PM,Financial Management,Ishwari Gaikwad,2,MCA,A,Lab 2,180,150,114.0,Practical,0,0,0
13-03-2026,Friday,5,02:00 PM,Web Development,Ishwari Gaikwad,2,MCA,C,Room 201,180,107,59.44,Theory,0,1,1
13-03-2026,Friday,6,03:00 PM,Financial Management,Ishwari Gaikwad,2,MCA,B,Lab 1,180,106,58.89,Practical,0,0,1
13-03-2026,Friday,1,09:00 AM,Web Development,Prof. Patil,2,MBA,B,Lab 1,120,117,97.5,Practical,0,0,0
13-03-2026,Friday,2,10:00 AM,Web Development,Prof. Deshmukh,2,MBA,C,Room 201,120,104,86.67,Theory,0,0,0
13-03-2026,Friday,3,11:15 AM,Python Programming,Ishwari Gaikwad,2,MCA,C,Auditorium,180,158,87.78,Theory,0,0,0
13-03-2026,Friday,4,12:15 PM,Python Programming,Prof. Patil,4,MCA,A,Lab 2,180,143,79.44,Practical,0,0,0
13-03-2026,Friday,5,02:00 PM,HR Analytics,Prof. Deshmukh,4,MCA,A,Room 201,180,154,85.56,Theory,0,0,0
13-03-2026,Friday,6,03:00 PM,HR Analytics,Prof. Kulkarni,4,MCA,A,Lab 1,180,82,45.56,Practical,1,0,1
13-03-2026,Friday,1,09:00 AM,Financial Management,Prof. Patil,2,MCA,B,Lab 2,180,136,75.56,Practical,0,0,0
13-03-2026,Friday,2,10:00 AM,Python Programming,Prof. Patil,2,MBA,A,Lab 2,120,103,,Practical,1,0,0
13-03-2026,Friday,3,11:15 AM,Python Programming,Akash Upadhayay,4,MCA,A,Room 202,180,144,,Theory,0,0,0
13-03-2026,Friday,4,12:15 PM,Advanced DBMS,Prof. Kulkarni,4,MBA,B,Auditorium,120,109,,Theory,0,1,0
13-03-2026,Friday,5,02:00 PM,Machine Learning,Prof. Deshmukh,2,MBA,B,Lab 1,120,103,,Practical,0,0,0
13-03-2026,Friday,6,03:00 PM,Cloud Computing,Prof. Deshmukh,4,MBA,B,Auditorium,120,88,73.33,Theory,0,0,0
13-03-2026,Friday,1,09:00 AM,HR Analytics,Prof. Patil,4,MBA,C,Room 201,120,90,75.0,Theory,0,0,0
13-03-2026,Friday,2,10:00 AM,Advanced DBMS,Prof. Sharma,4,MBA,A,Auditorium,120,102,85.0,Theory,0,0,0
13-03-2026,Friday,3,11:15 AM,Advanced DBMS,Ishwari Gaikwad,4,MBA,C,Room 202,120,98,81.67,Theory,0,0,0
13-03-2026,Friday,4,12:15 PM,Machine Learning,Prof. Deshmukh,2,MBA,B,Lab 2,120,108,90.0,Practical,0,0,0
13-03-2026,Friday,5,02:00 PM,Machine Learning,Prof. Deshmukh,2,MCA,C,Lab 1,180,158,,Practical,0,0,0
13-03-2026,Friday,6,03:00 PM,Advanced DBMS,Prof. Deshmukh,4,MCA,B,Room 202,180,121,4.0,Theory,0,1,0
14-03-2026,Saturday,1,09:00 AM,Cloud Computing,Akash Upadhayay,4,MCA,C,Lab 2,180,158,87.78,Practical,0,1,0
14-03-2026,Saturday,2,10:00 AM,Cloud Computing,Prof. Patil,4,MCA,A,Lab 1,180,150,83.33,Practical,0,0,0
14-03-2026,Saturday,3,11:15 AM,Financial Management,Prof. Sharma,2,MCA,C,Room 202,180,161,89.44,Theory,0,1,0
14-03-2026,Saturday,4,12:15 PM,Python Programming,Prof. Kulkarni,2,MCA,B,Lab 1,180,131,72.78,Practical,1,1,0
14-03-2026,Saturday,5,02:00 PM,Advanced DBMS,Prof. Kulkarni,4,MCA,B,Auditorium,180,142,78.89,Theory,0,0,0
14-03-2026,Saturday,6,03:00 PM,Advanced DBMS,Akash Upadhayay,2,MCA,B,Room 201,180,151,83.89,Theory,0,0,0
14-03-2026,Saturday,1,09:00 AM,Advanced DBMS,Prof. Kulkarni,4,MCA,C,Room 201,180,132,73.33,Theory,0,1,0
14-03-2026,Saturday,2,10:00 AM,HR Analytics,Prof. Patil,4,MCA,B,Room 201,180,127,70.56,Theory,0,0,0
14-03-2026,Saturday,3,11:15 AM,Web Development,Prof. Deshmukh,4,MBA,C,Room 202,120,84,70.0,Theory,0,0,0
14-03-2026,Saturday,4,12:15 PM,Web Development,Ishwari Gaikwad,2,MBA,B,Room 201,120,101,84.17,Theory,0,0,0
14-03-2026,Saturday,5,02:00 PM,HR Analytics,Akash Upadhayay,4,MCA,C,Lab 2,180,170,94.44,Practical,0,0,0
14-03-2026,Saturday,6,03:00 PM,HR Analytics,Prof. Kulkarni,2,MBA,A,Auditorium,120,69,57.5,Theory,0,0,1
14-03-2026,Saturday,1,09:00 AM,HR Analytics,Prof. Deshmukh,2,MBA,A,Lab 2,120,84,4.0,Practical,0,0,0
14-03-2026,Saturday,2,10:00 AM,HR Analytics,Prof. Patil,4,MBA,A,Auditorium,120,90,75.0,Theory,0,0,0
14-03-2026,Saturday,3,11:15 AM,Financial Management,Akash Upadhayay,4,MCA,A,Lab 2,180,161,89.44,Practical,0,0,0
14-03-2026,Saturday,4,12:15 PM,Python Programming,Prof. Patil,4,MCA,A,Room 201,180,136,75.56,Theory,0,0,0
14-03-2026,Saturday,5,02:00 PM,Web Development,Prof. Kulkarni,4,MBA,B,Room 201,120,76,63.33,Theory,1,0,0
14-03-2026,Saturday,6,03:00 PM,Machine Learning,Prof. Patil,2,MCA,C,Lab 1,180,108,60.0,Practical,0,0,0
14-03-2026,Saturday,1,09:00 AM,Python Programming,Prof. Kulkarni,2,MBA,B,Room 201,120,97,80.83,Theory,0,0,0
14-03-2026,Saturday,2,10:00 AM,Web Development,Ishwari Gaikwad,4,MCA,A,Lab 2,180,136,75.56,Practical,0,0,0
14-03-2026,Saturday,3,11:15 AM,Web Development,Ishwari Gaikwad,4,MCA,B,Auditorium,180,114,63.33,Theory,0,0,0
14-03-2026,Saturday,4,12:15 PM,Cloud Computing,Ishwari Gaikwad,2,MBA,C,Room 202,120,101,4.0,Theory,0,0,0
14-03-2026,Saturday,5,02:00 PM,Cloud Computing,Ishwari Gaikwad,4,MBA,C,Auditorium,120,113,94.17,Theory,0,0,0
14-03-2026,Saturday,6,03:00 PM,Advanced DBMS,Akash Upadhayay,2,MCA,A,Room 201,180,125,69.44,Theory,0,0,0
15-03-2026,Monday,1,09:00 AM,Cloud Computing,Prof. Sharma,2,MCA,B,Room 201,180,90,50.0,Theory,1,0,0
15-03-2026,Monday,2,10:00 AM,Web Development,Prof. Sharma,4,MCA,A,Lab 2,180,148,82.22,Practical,0,0,0
15-03-2026,Monday,3,11:15 AM,HR Analytics,Akash Upadhayay,2,MCA,A,Lab 1,180,126,70.0,Practical,0,0,0
15-03-2026,Monday,4,12:15 PM,Cloud Computing,Akash Upadhayay,4,MBA,C,Lab 1,120,102,85.0,Practical,0,1,0
15-03-2026,Monday,5,02:00 PM,Cloud Computing,Prof. Patil,4,MCA,A,Room 202,180,137,76.11,Theory,0,0,0
15-03-2026,Monday,6,03:00 PM,Financial Management,Prof. Sharma,2,MCA,C,Lab 1,180,142,78.89,Practical,0,0,0
15-03-2026,Monday,1,09:00 AM,Advanced DBMS,Prof. Sharma,2,MBA,C,Lab 1,120,87,72.5,Practical,0,0,0
15-03-2026,Monday,2,10:00 AM,Cloud Computing,Akash Upadhayay,2,MCA,A,Room 201,180,149,82.78,Theory,0,0,0
15-03-2026,Monday,3,11:15 AM,Python Programming,Akash Upadhayay,2,MCA,A,Auditorium,180,143,79.44,Theory,0,0,0
15-03-2026,Monday,4,12:15 PM,Advanced DBMS,Prof. Deshmukh,4,MCA,B,Lab 2,180,141,78.33,Practical,0,0,0
15-03-2026,Monday,5,02:00 PM,Cloud Computing,Akash Upadhayay,4,MBA,C,Auditorium,120,101,84.17,Theory,0,0,0
15-03-2026,Monday,6,03:00 PM,Advanced DBMS,Ishwari Gaikwad,4,MBA,A,Room 202,120,81,,Theory,1,0,0
15-03-2026,Monday,1,09:00 AM,Cloud Computing,Prof. Sharma,2,MBA,B,Lab 2,120,97,80.83,Practical,0,0,0
15-03-2026,Monday,2,10:00 AM,Advanced DBMS,Prof. Patil,4,MBA,A,Lab 2,120,114,95.0,Practical,0,0,0
15-03-2026,Monday,3,11:15 AM,Python Programming,Prof. Patil,2,MBA,A,Room 201,120,99,82.5,Theory,0,0,0
15-03-2026,Monday,4,12:15 PM,HR Analytics,Prof. Kulkarni,4,MBA,C,Room 202,120,91,75.83,Theory,0,0,0
15-03-2026,Monday,5,02:00 PM,Advanced DBMS,Prof. Deshmukh,4,MBA,C,Room 202,120,86,71.67,Theory,1,1,0
15-03-2026,Monday,6,03:00 PM,Advanced DBMS,Prof. Patil,4,MCA,B,Room 202,180,114,63.33,Theory,0,0,0
15-03-2026,Monday,1,09:00 AM,Financial Management,Akash Upadhayay,4,MCA,B,Lab 2,180,139,77.22,Practical,0,1,0
15-03-2026,Monday,2,10:00 AM,Machine Learning,Prof. Sharma,4,MBA,B,Lab 1,120,79,65.83,Practical,0,0,1
15-03-2026,Monday,3,11:15 AM,Financial Management,Akash Upadhayay,4,MBA,A,Lab 1,120,108,90.0,Practical,0,0,0
15-03-2026,Monday,4,12:15 PM,Advanced DBMS,Ishwari Gaikwad,2,MBA,C,Room 202,120,88,73.33,Theory,1,0,0
15-03-2026,Monday,5,02:00 PM,Cloud Computing,Prof. Kulkarni,2,MCA,A,Room 202,180,111,61.67,Theory,0,1,1
15-03-2026,Monday,6,03:00 PM,Machine Learning,Prof. Sharma,4,MBA,C,Room 202,120,91,75.83,Theory,0,0,0
16-03-2026,Monday,1,09:00 AM,Financial Management,Akash Upadhayay,2,MCA,C,Room 201,180,126,70.0,Theory,0,1,0
16-03-2026,Monday,2,10:00 AM,Cloud Computing,Prof. Deshmukh,4,MCA,B,Room 202,180,134,74.44,Theory,1,1,0
16-03-2026,Monday,3,11:15 AM,HR Analytics,Prof. Kulkarni,4,MCA,B,Room 201,180,142,78.89,Theory,0,0,0
16-03-2026,Monday,4,12:15 PM,Web Development,Akash Upadhayay,4,MBA,A,Room 201,120,65,54.17,Theory,0,0,1
16-03-2026,Monday,5,02:00 PM,Machine Learning,Prof. Patil,4,MCA,B,Room 201,180,161,114.0,Theory,0,1,0
16-03-2026,Monday,6,03:00 PM,Financial Management,Prof. Sharma,4,MCA,C,Auditorium,180,109,60.56,Theory,0,0,0
16-03-2026,Monday,1,09:00 AM,Advanced DBMS,Prof. Sharma,4,MCA,C,Auditorium,180,144,80.0,Theory,0,0,0
16-03-2026,Monday,2,10:00 AM,HR Analytics,Prof. Kulkarni,2,MCA,B,Lab 1,180,143,79.44,Practical,0,1,0
16-03-2026,Monday,3,11:15 AM,HR Analytics,Prof. Kulkarni,4,MCA,B,Auditorium,180,157,87.22,Theory,0,1,0
16-03-2026,Monday,4,12:15 PM,Python Programming,Prof. Kulkarni,2,MBA,C,Room 202,120,89,74.17,Theory,0,1,0
16-03-2026,Monday,5,02:00 PM,Web Development,Ishwari Gaikwad,2,MBA,C,Lab 1,120,80,66.67,Practical,1,0,0
16-03-2026,Monday,6,03:00 PM,Machine Learning,Prof. Patil,4,MBA,A,Lab 1,120,97,80.83,Practical,0,0,0
16-03-2026,Monday,1,09:00 AM,Advanced DBMS,Prof. Kulkarni,4,MCA,C,Room 201,180,107,,Theory,0,0,1
16-03-2026,Monday,2,10:00 AM,Web Development,Ishwari Gaikwad,4,MBA,C,Room 201,120,103,85.83,Theory,0,0,0
16-03-2026,Monday,3,11:15 AM,Machine Learning,Prof. Sharma,2,MCA,C,Room 201,180,133,73.89,Theory,1,0,0
16-03-2026,Monday,4,12:15 PM,Python Programming,Ishwari Gaikwad,2,MBA,B,Room 202,120,77,64.17,Theory,0,0,0
16-03-2026,Monday,5,02:00 PM,Machine Learning,Ishwari Gaikwad,4,MCA,B,Room 201,180,152,84.44,Theory,0,0,0
16-03-2026,Monday,6,03:00 PM,Advanced DBMS,Akash Upadhayay,2,MBA,B,Auditorium,120,72,60.0,Theory,0,0,1
16-03-2026,Monday,1,09:00 AM,Advanced DBMS,Prof. Deshmukh,2,MBA,A,Auditorium,120,83,,Theory,0,0,0
16-03-2026,Monday,2,10:00 AM,Web Development,Prof. Deshmukh,4,MCA,A,Lab 2,180,145,80.56,Practical,0,0,0
16-03-2026,Monday,3,11:15 AM,Python Programming,Ishwari Gaikwad,2,MCA,C,Room 201,180,149,82.78,Theory,0,0,0
16-03-2026,Monday,4,12:15 PM,Machine Learning,Akash Upadhayay,4,MCA,A,Room 202,180,150,,Theory,0,0,0
16-03-2026,Monday,5,02:00 PM,Cloud Computing,Prof. Kulkarni,2,MBA,C,Room 201,120,107,89.17,Theory,0,0,0
16-03-2026,Monday,6,03:00 PM,Web Development,Akash Upadhayay,2,MCA,A,Room 201,180,108,60.0,Theory,0,0,0
17-03-2026,Tuesday,1,09:00 AM,Python Programming,Akash Upadhayay,4,MCA,C,Room 202,180,113,62.78,Theory,0,1,0
17-03-2026,Tuesday,2,10:00 AM,Cloud Computing,Akash Upadhayay,2,MCA,C,Room 201,180,143,79.44,Theory,0,1,0
17-03-2026,Tuesday,3,11:15 AM,Machine Learning,Prof. Deshmukh,4,MCA,A,Lab 2,180,171,95.0,Practical,0,0,0
17-03-2026,Tuesday,4,12:15 PM,Cloud Computing,Akash Upadhayay,2,MCA,A,Room 202,180,116,64.44,Theory,0,0,1
17-03-2026,Tuesday,5,02:00 PM,Financial Management,Prof. Kulkarni,2,MBA,B,Lab 2,120,115,95.83,Practical,0,0,0
17-03-2026,Tuesday,6,03:00 PM,Python Programming,Prof. Deshmukh,4,MCA,C,Lab 2,180,148,82.22,Practical,0,0,0
17-03-2026,Tuesday,1,09:00 AM,Web Development,Prof. Deshmukh,4,MBA,B,Room 202,120,85,70.83,Theory,0,1,0
17-03-2026,Tuesday,2,10:00 AM,Web Development,Prof. Kulkarni,4,MBA,B,Room 201,120,95,79.17,Theory,0,0,0
17-03-2026,Tuesday,3,11:15 AM,Machine Learning,Prof. Kulkarni,4,MBA,C,Room 202,120,106,88.33,Theory,0,0,0
17-03-2026,Tuesday,4,12:15 PM,Financial Management,Prof. Deshmukh,2,MBA,B,Lab 1,120,108,90.0,Practical,0,0,0
17-03-2026,Tuesday,5,02:00 PM,Python Programming,Akash Upadhayay,2,MCA,B,Lab 1,180,154,85.56,Practical,0,0,0
17-03-2026,Tuesday,6,03:00 PM,Advanced DBMS,Prof. Sharma,2,MBA,A,Room 202,120,78,65.0,Theory,0,0,1
17-03-2026,Tuesday,1,09:00 AM,Financial Management,Prof. Deshmukh,4,MCA,A,Lab 1,180,145,80.56,Practical,0,0,0
17-03-2026,Tuesday,2,10:00 AM,Financial Management,Akash Upadhayay,2,MBA,A,Room 201,120,113,,Theory,0,1,0
17-03-2026,Tuesday,3,11:15 AM,Machine Learning,Ishwari Gaikwad,2,MCA,A,Lab 2,180,176,97.78,Practical,0,0,0
17-03-2026,Tuesday,4,12:15 PM,HR Analytics,Prof. Sharma,4,MBA,C,Room 202,120,74,61.67,Theory,1,0,0
17-03-2026,Tuesday,5,02:00 PM,Financial Management,Prof. Patil,2,MBA,B,Room 202,120,102,85.0,Theory,0,0,0
17-03-2026,Tuesday,6,03:00 PM,Web Development,Prof. Kulkarni,4,MCA,C,Lab 2,180,151,83.89,Practical,0,0,0
17-03-2026,Tuesday,1,09:00 AM,HR Analytics,Prof. Sharma,4,MCA,A,Room 201,180,147,81.67,Theory,0,0,0
17-03-2026,Tuesday,2,10:00 AM,Advanced DBMS,Prof. Deshmukh,4,MBA,B,Room 201,120,117,,Theory,0,0,0
17-03-2026,Tuesday,3,11:15 AM,Machine Learning,Prof. Patil,4,MBA,A,Room 202,120,106,88.33,Theory,0,0,0
17-03-2026,Tuesday,4,12:15 PM,HR Analytics,Prof. Sharma,4,MBA,A,Room 202,120,104,86.67,Theory,0,1,0
17-03-2026,Tuesday,5,02:00 PM,Cloud Computing,Ishwari Gaikwad,2,MBA,A,Auditorium,120,80,66.67,Theory,1,1,0
17-03-2026,Tuesday,6,03:00 PM,Advanced DBMS,Prof. Patil,4,MCA,C,Lab 2,180,153,85.0,Practical,0,0,0
18-03-2026,Wednesday,1,09:00 AM,Cloud Computing,Ishwari Gaikwad,4,MBA,B,Room 201,120,82,68.33,Theory,0,1,0
18-03-2026,Wednesday,2,10:00 AM,Machine Learning,Prof. Patil,4,MBA,A,Lab 1,120,85,70.83,Practical,0,1,1
18-03-2026,Wednesday,3,11:15 AM,HR Analytics,Prof. Patil,4,MCA,C,Lab 2,180,172,95.56,Practical,0,0,0
18-03-2026,Wednesday,4,12:15 PM,Financial Management,Akash Upadhayay,2,MBA,C,Lab 1,120,95,79.17,Practical,0,1,1
18-03-2026,Wednesday,5,02:00 PM,Python Programming,Prof. Sharma,2,MBA,B,Lab 1,120,107,89.17,Practical,0,0,0
18-03-2026,Wednesday,6,03:00 PM,Financial Management,Akash Upadhayay,4,MBA,A,Room 201,120,72,60.0,Theory,1,1,0
18-03-2026,Wednesday,1,09:00 AM,Machine Learning,Prof. Sharma,2,MCA,C,Lab 1,180,143,79.44,Practical,0,0,0
18-03-2026,Wednesday,2,10:00 AM,HR Analytics,Prof. Sharma,4,MCA,B,Room 202,180,150,83.33,Theory,0,1,0
18-03-2026,Wednesday,3,11:15 AM,HR Analytics,Ishwari Gaikwad,2,MCA,A,Auditorium,180,128,71.11,Theory,0,0,0
18-03-2026,Wednesday,4,12:15 PM,Financial Management,Akash Upadhayay,4,MBA,B,Lab 1,120,102,85.0,Practical,0,0,0
18-03-2026,Wednesday,5,02:00 PM,Python Programming,Prof. Patil,4,MBA,A,Room 202,120,102,85.0,Theory,0,0,0
18-03-2026,Wednesday,6,03:00 PM,Machine Learning,Prof. Kulkarni,4,MBA,B,Lab 1,120,107,89.17,Practical,0,0,0
18-03-2026,Wednesday,1,09:00 AM,Cloud Computing,Ishwari Gaikwad,2,MCA,B,Room 201,180,131,72.78,Theory,0,0,0
18-03-2026,Wednesday,2,10:00 AM,Financial Management,Prof. Kulkarni,2,MCA,A,Auditorium,180,173,96.11,Theory,0,0,0
18-03-2026,Wednesday,3,11:15 AM,HR Analytics,Akash Upadhayay,2,MBA,A,Auditorium,120,104,86.67,Theory,0,0,0
18-03-2026,Wednesday,4,12:15 PM,Python Programming,Ishwari Gaikwad,4,MCA,A,Room 201,180,147,81.67,Theory,0,0,0
18-03-2026,Wednesday,5,02:00 PM,Web Development,Prof. Patil,2,MCA,B,Lab 1,180,167,92.78,Practical,0,0,0
18-03-2026,Wednesday,6,03:00 PM,HR Analytics,Ishwari Gaikwad,2,MBA,A,Lab 1,120,108,4.0,Practical,0,0,0
18-03-2026,Wednesday,1,09:00 AM,Web Development,Prof. Sharma,2,MCA,A,Room 201,180,123,68.33,Theory,0,1,1
18-03-2026,Wednesday,2,10:00 AM,Web Development,Ishwari Gaikwad,4,MCA,C,Auditorium,180,115,63.89,Theory,1,1,0
18-03-2026,Wednesday,3,11:15 AM,HR Analytics,Prof. Deshmukh,4,MBA,C,Lab 2,120,113,94.17,Practical,0,0,0
18-03-2026,Wednesday,4,12:15 PM,Advanced DBMS,Prof. Sharma,2,MBA,A,Room 201,120,91,75.83,Theory,0,0,1
18-03-2026,Wednesday,5,02:00 PM,HR Analytics,Ishwari Gaikwad,4,MCA,A,Room 201,180,119,66.11,Theory,1,0,1
18-03-2026,Wednesday,6,03:00 PM,Web Development,Prof. Patil,2,MCA,C,Lab 1,180,144,80.0,Practical,0,0,0
19-03-2026,Thursday,1,09:00 AM,Web Development,Prof. Patil,2,MCA,C,Auditorium,180,136,75.56,Theory,0,0,0
19-03-2026,Thursday,2,10:00 AM,Machine Learning,Prof. Deshmukh,4,MCA,A,Room 201,180,159,88.33,Theory,0,0,0
19-03-2026,Thursday,3,11:15 AM,Machine Learning,Ishwari Gaikwad,2,MCA,C,Auditorium,180,171,95.0,Theory,0,0,0
19-03-2026,Thursday,4,12:15 PM,Financial Management,Prof. Patil,2,MCA,B,Lab 1,180,176,97.78,Practical,0,0,0
19-03-2026,Thursday,5,02:00 PM,Financial Management,Prof. Patil,2,MCA,C,Room 202,180,153,85.0,Theory,0,0,0
19-03-2026,Thursday,6,03:00 PM,Cloud Computing,Prof. Kulkarni,4,MBA,C,Lab 2,120,83,69.17,Practical,0,0,1
19-03-2026,Thursday,1,09:00 AM,Machine Learning,Prof. Patil,2,MBA,A,Lab 1,120,110,91.67,Practical,0,0,0
19-03-2026,Thursday,2,10:00 AM,HR Analytics,Akash Upadhayay,2,MBA,C,Auditorium,120,98,81.67,Theory,0,0,0
19-03-2026,Thursday,3,11:15 AM,Advanced DBMS,Prof. Patil,2,MCA,B,Auditorium,180,167,92.78,Theory,0,0,0
19-03-2026,Thursday,4,12:15 PM,Python Programming,Ishwari Gaikwad,2,MCA,B,Lab 2,180,123,68.33,Practical,0,0,1
19-03-2026,Thursday,5,02:00 PM,Web Development,Akash Upadhayay,4,MCA,C,Room 202,180,158,87.78,Theory,0,0,0
19-03-2026,Thursday,6,03:00 PM,Web Development,Prof. Kulkarni,2,MBA,C,Auditorium,120,96,80.0,Theory,0,0,0
19-03-2026,Thursday,1,09:00 AM,Financial Management,Prof. Patil,4,MCA,C,Lab 2,180,133,73.89,Practical,0,0,0
19-03-2026,Thursday,2,10:00 AM,Financial Management,Prof. Sharma,2,MCA,A,Lab 2,180,149,82.78,Practical,0,0,0
19-03-2026,Thursday,3,11:15 AM,Financial Management,Akash Upadhayay,2,MCA,C,Room 202,180,142,78.89,Theory,0,0,0
19-03-2026,Thursday,4,12:15 PM,Financial Management,Prof. Deshmukh,4,MCA,C,Lab 2,180,165,91.67,Practical,0,0,0
19-03-2026,Thursday,5,02:00 PM,Cloud Computing,Prof. Kulkarni,4,MBA,C,Auditorium,120,108,90.0,Theory,0,0,0
19-03-2026,Thursday,6,03:00 PM,Web Development,Ishwari Gaikwad,2,MCA,B,Room 202,180,138,76.67,Theory,0,0,0
19-03-2026,Thursday,1,09:00 AM,Machine Learning,Ishwari Gaikwad,2,MBA,C,Auditorium,120,82,68.33,Theory,0,1,1
19-03-2026,Thursday,2,10:00 AM,Machine Learning,Prof. Patil,4,MBA,A,Lab 2,120,105,87.5,Practical,0,0,0
19-03-2026,Thursday,3,11:15 AM,Advanced DBMS,Akash Upadhayay,4,MCA,C,Room 202,180,163,90.56,Theory,0,0,0
19-03-2026,Thursday,4,12:15 PM,HR Analytics,Prof. Sharma,2,MBA,C,Auditorium,120,82,68.33,Theory,0,0,0
19-03-2026,Thursday,5,02:00 PM,Web Development,Prof. Patil,2,MBA,C,Auditorium,120,96,80.0,Theory,0,0,0
19-03-2026,Thursday,6,03:00 PM,Cloud Computing,Akash Upadhayay,2,MCA,A,Lab 1,180,150,83.33,Practical,0,0,0
20-03-2026,Friday,1,09:00 AM,Cloud Computing,Prof. Sharma,2,MCA,A,Room 202,180,132,73.33,Theory,0,0,0
20-03-2026,Friday,2,10:00 AM,Python Programming,Prof. Sharma,4,MBA,A,Room 202,120,74,61.67,Theory,1,0,1
20-03-2026,Friday,3,11:15 AM,Web Development,Prof. Sharma,4,MCA,B,Lab 2,180,162,90.0,Practical,0,0,0
20-03-2026,Friday,4,12:15 PM,Cloud Computing,Prof. Patil,4,MBA,A,Lab 2,120,107,89.17,Practical,0,0,0
20-03-2026,Friday,5,02:00 PM,Advanced DBMS,Prof. Sharma,4,MBA,C,Lab 2,120,70,58.33,Practical,1,0,1
20-03-2026,Friday,6,03:00 PM,Financial Management,Akash Upadhayay,4,MBA,B,Room 201,120,108,,Theory,0,0,0
20-03-2026,Friday,1,09:00 AM,Financial Management,Prof. Patil,2,MCA,B,Room 201,180,148,82.22,Theory,0,0,0
20-03-2026,Friday,2,10:00 AM,Machine Learning,Akash Upadhayay,2,MCA,C,Lab 1,180,169,93.89,Practical,0,0,0
20-03-2026,Friday,3,11:15 AM,Python Programming,Prof. Patil,2,MBA,B,Room 201,120,98,81.67,Theory,0,0,0
20-03-2026,Friday,4,12:15 PM,Machine Learning,Ishwari Gaikwad,2,MCA,B,Room 202,180,149,82.78,Theory,0,0,0
20-03-2026,Friday,5,02:00 PM,Web Development,Prof. Kulkarni,2,MCA,B,Auditorium,180,160,88.89,Theory,0,0,0
20-03-2026,Friday,6,03:00 PM,Python Programming,Prof. Patil,2,MCA,B,Room 202,180,153,85.0,Theory,0,1,0
20-03-2026,Friday,1,09:00 AM,Python Programming,Prof. Deshmukh,4,MBA,B,Room 202,120,99,82.5,Theory,0,0,0
20-03-2026,Friday,2,10:00 AM,Financial Management,Prof. Sharma,2,MBA,A,Auditorium,120,88,73.33,Theory,1,0,0
20-03-2026,Friday,3,11:15 AM,Web Development,Akash Upadhayay,4,MBA,C,Lab 1,120,117,97.5,Practical,0,0,0
20-03-2026,Friday,4,12:15 PM,Advanced DBMS,Prof. Kulkarni,2,MCA,B,Lab 2,180,152,84.44,Practical,0,0,0
20-03-2026,Friday,5,02:00 PM,Python Programming,Prof. Sharma,4,MCA,B,Room 202,180,162,90.0,Theory,0,1,0
20-03-2026,Friday,6,03:00 PM,HR Analytics,Ishwari Gaikwad,2,MCA,B,Lab 2,180,114,63.33,Practical,1,1,0
20-03-2026,Friday,1,09:00 AM,Advanced DBMS,Prof. Sharma,4,MCA,C,Room 201,180,142,78.89,Theory,0,0,1
20-03-2026,Friday,2,10:00 AM,Machine Learning,Akash Upadhayay,2,MBA,C,Lab 2,120,112,,Practical,0,0,0
20-03-2026,Friday,3,11:15 AM,HR Analytics,Prof. Sharma,2,MBA,C,Room 201,120,102,85.0,Theory,0,0,0
20-03-2026,Friday,4,12:15 PM,Cloud Computing,Ishwari Gaikwad,2,MBA,C,Lab 2,120,117,97.5,Practical,0,0,0
20-03-2026,Friday,5,02:00 PM,Machine Learning,Prof. Patil,2,MBA,B,Lab 1,120,117,97.5,Practical,0,0,0
20-03-2026,Friday,6,03:00 PM,Cloud Computing,Prof. Patil,2,MBA,B,Lab 1,120,56,46.67,Practical,1,0,1
21-03-2026,Saturday,1,09:00 AM,Advanced DBMS,Ishwari Gaikwad,4,MCA,C,Lab 2,180,123,68.33,Practical,0,0,0
21-03-2026,Saturday,2,10:00 AM,Web Development,Prof. Patil,2,MCA,C,Lab 2,180,163,120.0,Practical,0,0,0
21-03-2026,Saturday,3,11:15 AM,Cloud Computing,Ishwari Gaikwad,2,MBA,A,Auditorium,120,96,80.0,Theory,1,0,0
21-03-2026,Saturday,4,12:15 PM,Advanced DBMS,Prof. Deshmukh,4,MBA,A,Lab 2,120,101,84.17,Practical,0,0,0
21-03-2026,Saturday,5,02:00 PM,Machine Learning,Prof. Sharma,4,MBA,A,Auditorium,120,104,86.67,Theory,0,0,0
21-03-2026,Saturday,6,03:00 PM,Financial Management,Ishwari Gaikwad,4,MCA,B,Room 201,180,75,41.67,Theory,1,0,0
21-03-2026,Saturday,1,09:00 AM,HR Analytics,Ishwari Gaikwad,2,MBA,C,Lab 2,120,91,75.83,Practical,0,0,0
21-03-2026,Saturday,2,10:00 AM,Web Development,Akash Upadhayay,2,MCA,B,Lab 1,180,148,82.22,Practical,0,0,0
21-03-2026,Saturday,3,11:15 AM,Python Programming,Prof. Deshmukh,2,MBA,C,Lab 2,120,109,,Practical,0,0,0
21-03-2026,Saturday,4,12:15 PM,Web Development,Prof. Kulkarni,2,MCA,A,Lab 2,180,139,77.22,Practical,0,0,0
21-03-2026,Saturday,5,02:00 PM,Cloud Computing,Ishwari Gaikwad,4,MCA,A,Room 202,180,136,75.56,Theory,0,1,0
21-03-2026,Saturday,6,03:00 PM,Financial Management,Prof. Deshmukh,4,MCA,A,Room 202,180,131,72.78,Theory,0,0,0
21-03-2026,Saturday,1,09:00 AM,Web Development,Prof. Patil,4,MBA,C,Auditorium,120,81,67.5,Theory,0,0,0
21-03-2026,Saturday,2,10:00 AM,Web Development,Prof. Kulkarni,4,MCA,A,Room 201,180,148,82.22,Theory,0,0,0
21-03-2026,Saturday,3,11:15 AM,Advanced DBMS,Prof. Deshmukh,4,MCA,C,Lab 2,180,168,93.33,Practical,0,0,0
21-03-2026,Saturday,4,12:15 PM,Cloud Computing,Prof. Deshmukh,2,MCA,A,Room 202,180,114,63.33,Theory,1,1,0
21-03-2026,Saturday,5,02:00 PM,Machine Learning,Prof. Patil,2,MCA,A,Auditorium,180,127,70.56,Theory,0,0,0
21-03-2026,Saturday,6,03:00 PM,Web Development,Ishwari Gaikwad,2,MCA,A,Lab 1,180,155,86.11,Practical,0,0,0
21-03-2026,Saturday,1,09:00 AM,Machine Learning,Ishwari Gaikwad,4,MCA,C,Lab 2,180,159,88.33,Practical,0,0,0
21-03-2026,Saturday,2,10:00 AM,HR Analytics,Prof. Sharma,2,MCA,C,Room 201,180,146,81.11,Theory,0,1,0
21-03-2026,Saturday,3,11:15 AM,Financial Management,Prof. Sharma,4,MCA,A,Room 201,180,149,82.78,Theory,0,0,0
21-03-2026,Saturday,4,12:15 PM,HR Analytics,Ishwari Gaikwad,4,MCA,A,Auditorium,180,122,67.78,Theory,1,0,0
21-03-2026,Saturday,5,02:00 PM,Financial Management,Prof. Kulkarni,2,MBA,C,Room 201,120,105,87.5,Theory,0,1,0
21-03-2026,Saturday,6,03:00 PM,HR Analytics,Prof. Kulkarni,2,MCA,B,Auditorium,180,114,120.0,Theory,1,0,0
22-03-2026,Monday,1,09:00 AM,Python Programming,Prof. Kulkarni,4,MCA,A,Auditorium,180,111,61.67,Theory,0,1,0
22-03-2026,Monday,2,10:00 AM,Machine Learning,Akash Upadhayay,4,MCA,B,Room 201,180,153,85.0,Theory,0,0,0
22-03-2026,Monday,3,11:15 AM,Web Development,Prof. Deshmukh,4,MCA,C,Lab 1,180,174,96.67,Practical,0,0,0
22-03-2026,Monday,4,12:15 PM,Cloud Computing,Prof. Patil,2,MBA,A,Room 201,120,80,66.67,Theory,0,0,1
22-03-2026,Monday,5,02:00 PM,Cloud Computing,Akash Upadhayay,2,MCA,C,Lab 1,180,138,76.67,Practical,0,0,0
22-03-2026,Monday,6,03:00 PM,Web Development,Ishwari Gaikwad,2,MCA,A,Lab 1,180,135,75.0,Practical,0,0,0
22-03-2026,Monday,1,09:00 AM,Python Programming,Ishwari Gaikwad,2,MBA,C,Lab 2,120,69,57.5,Practical,0,0,1
22-03-2026,Monday,2,10:00 AM,Cloud Computing,Prof. Sharma,4,MBA,B,Room 201,120,105,87.5,Theory,0,0,0
22-03-2026,Monday,3,11:15 AM,Financial Management,Prof. Kulkarni,4,MCA,A,Auditorium,180,176,97.78,Theory,0,0,0
22-03-2026,Monday,4,12:15 PM,HR Analytics,Prof. Deshmukh,4,MBA,A,Lab 1,120,101,84.17,Practical,0,0,0
22-03-2026,Monday,5,02:00 PM,Advanced DBMS,Akash Upadhayay,2,MBA,B,Lab 2,120,106,,Practical,0,0,0
22-03-2026,Monday,6,03:00 PM,HR Analytics,Prof. Kulkarni,2,MBA,A,Room 201,120,65,54.17,Theory,0,0,1
22-03-2026,Monday,1,09:00 AM,Advanced DBMS,Prof. Patil,2,MBA,B,Room 201,120,94,78.33,Theory,0,0,0
22-03-2026,Monday,2,10:00 AM,Web Development,Prof. Kulkarni,2,MCA,A,Room 201,180,123,68.33,Theory,0,0,0
22-03-2026,Monday,3,11:15 AM,Machine Learning,Prof. Patil,2,MCA,C,Lab 2,180,107,4.0,Practical,1,1,0
22-03-2026,Monday,4,12:15 PM,Financial Management,Prof. Kulkarni,4,MCA,B,Room 202,180,136,75.56,Theory,0,0,0
22-03-2026,Monday,5,02:00 PM,Web Development,Akash Upadhayay,4,MCA,A,Lab 1,180,154,85.56,Practical,0,0,0
22-03-2026,Monday,6,03:00 PM,Machine Learning,Prof. Kulkarni,2,MBA,A,Lab 1,120,73,60.83,Practical,0,0,1
22-03-2026,Monday,1,09:00 AM,Financial Management,Prof. Deshmukh,4,MCA,C,Room 201,180,128,71.11,Theory,0,0,0
22-03-2026,Monday,2,10:00 AM,Python Programming,Prof. Patil,4,MCA,B,Lab 2,180,166,92.22,Practical,0,1,0
22-03-2026,Monday,3,11:15 AM,Python Programming,Prof. Deshmukh,2,MCA,C,Auditorium,180,118,65.56,Theory,1,0,0
22-03-2026,Monday,4,12:15 PM,Cloud Computing,Prof. Patil,2,MCA,B,Room 201,180,116,114.0,Theory,1,0,0
22-03-2026,Monday,5,02:00 PM,Cloud Computing,Ishwari Gaikwad,2,MBA,C,Lab 1,120,90,75.0,Practical,0,0,0
22-03-2026,Monday,6,03:00 PM,Advanced DBMS,Ishwari Gaikwad,4,MCA,C,Lab 2,180,109,60.56,Practical,0,0,1
23-03-2026,Monday,1,09:00 AM,Advanced DBMS,Prof. Sharma,4,MBA,C,Lab 2,120,77,64.17,Practical,0,0,0
23-03-2026,Monday,2,10:00 AM,Machine Learning,Prof. Deshmukh,4,MCA,C,Room 202,180,69,38.33,Theory,1,1,1
23-03-2026,Monday,3,11:15 AM,Web Development,Prof. Deshmukh,4,MCA,A,Auditorium,180,140,77.78,Theory,0,0,0
23-03-2026,Monday,4,12:15 PM,Web Development,Prof. Kulkarni,4,MBA,A,Lab 1,120,113,94.17,Practical,0,0,0
23-03-2026,Monday,5,02:00 PM,Cloud Computing,Akash Upadhayay,4,MCA,B,Room 202,180,122,67.78,Theory,0,0,0
23-03-2026,Monday,6,03:00 PM,Web Development,Prof. Deshmukh,4,MBA,A,Auditorium,120,71,120.0,Theory,1,0,0
23-03-2026,Monday,1,09:00 AM,Machine Learning,Prof. Kulkarni,2,MCA,A,Lab 1,180,128,71.11,Practical,0,0,0
23-03-2026,Monday,2,10:00 AM,Financial Management,Ishwari Gaikwad,2,MBA,C,Auditorium,120,86,120.0,Theory,0,0,0
23-03-2026,Monday,3,11:15 AM,HR Analytics,Prof. Kulkarni,2,MCA,C,Lab 2,180,158,87.78,Practical,0,0,0
23-03-2026,Monday,4,12:15 PM,Cloud Computing,Prof. Patil,4,MBA,C,Lab 2,120,109,90.83,Practical,0,0,0
23-03-2026,Monday,5,02:00 PM,Advanced DBMS,Ishwari Gaikwad,4,MBA,A,Lab 1,120,100,83.33,Practical,0,0,0
23-03-2026,Monday,6,03:00 PM,Cloud Computing,Prof. Patil,4,MCA,C,Room 201,180,142,78.89,Theory,0,0,0
23-03-2026,Monday,1,09:00 AM,HR Analytics,Prof. Deshmukh,4,MCA,C,Lab 2,180,134,74.44,Practical,0,0,0
23-03-2026,Monday,2,10:00 AM,Financial Management,Prof. Patil,4,MBA,C,Lab 2,120,97,80.83,Practical,0,1,0
23-03-2026,Monday,3,11:15 AM,Web Development,Akash Upadhayay,4,MCA,B,Room 201,180,100,55.56,Theory,1,1,1
23-03-2026,Monday,4,12:15 PM,Cloud Computing,Prof. Patil,2,MCA,B,Lab 2,180,152,84.44,Practical,0,0,0
23-03-2026,Monday,5,02:00 PM,Advanced DBMS,Prof. Kulkarni,2,MCA,A,Auditorium,180,126,70.0,Theory,0,0,0
23-03-2026,Monday,6,03:00 PM,Python Programming,Prof. Sharma,4,MBA,C,Lab 1,120,84,70.0,Practical,0,0,0
23-03-2026,Monday,1,09:00 AM,Financial Management,Prof. Patil,4,MCA,A,Auditorium,180,133,,Theory,0,0,0
23-03-2026,Monday,2,10:00 AM,HR Analytics,Prof. Deshmukh,4,MCA,C,Room 202,180,114,63.33,Theory,0,0,1
23-03-2026,Monday,3,11:15 AM,Advanced DBMS,Prof. Kulkarni,4,MCA,C,Lab 1,180,161,89.44,Practical,0,0,0
23-03-2026,Monday,4,12:15 PM,HR Analytics,Prof. Kulkarni,2,MBA,A,Room 201,120,84,70.0,Theory,0,0,0
23-03-2026,Monday,5,02:00 PM,Python Programming,Prof. Kulkarni,4,MBA,C,Auditorium,120,104,86.67,Theory,0,0,0
23-03-2026,Monday,6,03:00 PM,Web Development,Prof. Patil,2,MBA,C,Lab 1,120,80,,Practical,0,0,0
24-03-2026,Tuesday,1,09:00 AM,Advanced DBMS,Akash Upadhayay,2,MCA,B,Lab 2,180,136,75.56,Practical,0,0,0
24-03-2026,Tuesday,2,10:00 AM,Machine Learning,Prof. Deshmukh,2,MCA,A,Room 201,180,133,73.89,Theory,0,0,0
24-03-2026,Tuesday,3,11:15 AM,Financial Management,Akash Upadhayay,2,MBA,A,Lab 1,120,117,97.5,Practical,0,0,0
24-03-2026,Tuesday,4,12:15 PM,Web Development,Prof. Patil,4,MBA,B,Lab 2,120,89,74.17,Practical,0,0,1
24-03-2026,Tuesday,5,02:00 PM,Cloud Computing,Ishwari Gaikwad,2,MBA,B,Lab 2,120,101,,Practical,0,0,0
24-03-2026,Tuesday,6,03:00 PM,Advanced DBMS,Ishwari Gaikwad,2,MCA,C,Lab 2,180,101,56.11,Practical,0,0,1
24-03-2026,Tuesday,1,09:00 AM,Machine Learning,Prof. Patil,2,MCA,B,Auditorium,180,165,91.67,Theory,0,1,0
24-03-2026,Tuesday,2,10:00 AM,Machine Learning,Prof. Deshmukh,4,MCA,A,Lab 2,180,176,97.78,Practical,0,0,0
24-03-2026,Tuesday,3,11:15 AM,Financial Management,Prof. Patil,2,MBA,A,Room 201,120,69,57.5,Theory,1,0,0
24-03-2026,Tuesday,4,12:15 PM,Advanced DBMS,Prof. Kulkarni,4,MCA,A,Auditorium,180,164,91.11,Theory,0,0,0
24-03-2026,Tuesday,5,02:00 PM,Web Development,Prof. Deshmukh,2,MCA,B,Lab 1,180,176,97.78,Practical,0,0,0
24-03-2026,Tuesday,6,03:00 PM,Machine Learning,Prof. Sharma,2,MBA,B,Auditorium,120,83,69.17,Theory,0,0,0
24-03-2026,Tuesday,1,09:00 AM,Machine Learning,Prof. Kulkarni,2,MCA,A,Auditorium,180,120,66.67,Theory,0,0,0
24-03-2026,Tuesday,2,10:00 AM,HR Analytics,Prof. Deshmukh,2,MCA,A,Lab 1,180,156,86.67,Practical,0,0,0
24-03-2026,Tuesday,3,11:15 AM,HR Analytics,Prof. Sharma,2,MBA,C,Auditorium,120,96,80.0,Theory,0,1,1
24-03-2026,Tuesday,4,12:15 PM,Advanced DBMS,Ishwari Gaikwad,2,MCA,A,Auditorium,180,140,77.78,Theory,1,0,0
24-03-2026,Tuesday,5,02:00 PM,Web Development,Ishwari Gaikwad,2,MBA,B,Room 202,120,112,,Theory,0,0,0
24-03-2026,Tuesday,6,03:00 PM,Python Programming,Prof. Sharma,2,MCA,B,Lab 2,180,150,83.33,Practical,0,0,0
24-03-2026,Tuesday,1,09:00 AM,Financial Management,Prof. Sharma,2,MBA,C,Lab 2,120,94,78.33,Practical,0,0,0
24-03-2026,Tuesday,2,10:00 AM,Python Programming,Akash Upadhayay,4,MCA,C,Auditorium,180,148,82.22,Theory,0,1,0
24-03-2026,Tuesday,3,11:15 AM,Cloud Computing,Akash Upadhayay,2,MBA,B,Room 201,120,96,80.0,Theory,1,0,0
24-03-2026,Tuesday,4,12:15 PM,HR Analytics,Prof. Sharma,2,MCA,C,Room 202,180,150,83.33,Theory,0,0,0
24-03-2026,Tuesday,5,02:00 PM,Financial Management,Ishwari Gaikwad,2,MCA,C,Lab 2,180,176,97.78,Practical,0,0,0
24-03-2026,Tuesday,6,03:00 PM,Cloud Computing,Prof. Kulkarni,4,MBA,A,Lab 2,120,75,62.5,Practical,0,0,0
25-03-2026,Wednesday,1,09:00 AM,Cloud Computing,Prof. Deshmukh,2,MBA,A,Lab 1,120,89,74.17,Practical,0,0,0
25-03-2026,Wednesday,2,10:00 AM,Advanced DBMS,Prof. Patil,4,MBA,A,Lab 1,120,83,69.17,Practical,1,0,1
25-03-2026,Wednesday,3,11:15 AM,Python Programming,Prof. Deshmukh,2,MBA,B,Lab 1,120,117,97.5,Practical,0,0,0
25-03-2026,Wednesday,4,12:15 PM,Financial Management,Prof. Sharma,4,MCA,A,Lab 1,180,142,78.89,Practical,0,0,1
25-03-2026,Wednesday,5,02:00 PM,Financial Management,Akash Upadhayay,2,MBA,C,Lab 2,120,114,95.0,Practical,0,1,0
25-03-2026,Wednesday,6,03:00 PM,Machine Learning,Prof. Kulkarni,4,MBA,A,Room 202,120,82,68.33,Theory,0,0,0
25-03-2026,Wednesday,1,09:00 AM,HR Analytics,Prof. Sharma,4,MCA,B,Room 202,180,125,69.44,Theory,0,1,0
25-03-2026,Wednesday,2,10:00 AM,Cloud Computing,Akash Upadhayay,2,MCA,C,Room 201,180,131,72.78,Theory,1,0,0
25-03-2026,Wednesday,3,11:15 AM,Financial Management,Prof. Patil,4,MBA,C,Auditorium,120,91,75.83,Theory,1,0,0
25-03-2026,Wednesday,4,12:15 PM,Financial Management,Akash Upadhayay,4,MCA,A,Room 202,180,168,93.33,Theory,0,0,0
25-03-2026,Wednesday,5,02:00 PM,HR Analytics,Akash Upadhayay,2,MCA,A,Lab 2,180,127,70.56,Practical,0,0,1
25-03-2026,Wednesday,6,03:00 PM,Cloud Computing,Prof. Patil,4,MBA,B,Lab 2,120,92,76.67,Practical,0,0,0
25-03-2026,Wednesday,1,09:00 AM,Advanced DBMS,Prof. Kulkarni,2,MBA,C,Auditorium,120,71,59.17,Theory,1,0,1
25-03-2026,Wednesday,2,10:00 AM,Advanced DBMS,Prof. Sharma,2,MCA,A,Room 201,180,136,75.56,Theory,0,0,0
25-03-2026,Wednesday,3,11:15 AM,Web Development,Akash Upadhayay,2,MCA,B,Lab 1,180,158,87.78,Practical,0,0,0
25-03-2026,Wednesday,4,12:15 PM,Web Development,Akash Upadhayay,2,MBA,C,Lab 2,120,92,76.67,Practical,0,0,0
25-03-2026,Wednesday,5,02:00 PM,Financial Management,Prof. Patil,4,MCA,A,Room 201,180,131,72.78,Theory,0,0,1
25-03-2026,Wednesday,6,03:00 PM,Python Programming,Prof. Sharma,4,MBA,A,Room 202,120,73,60.83,Theory,0,0,1
25-03-2026,Wednesday,1,09:00 AM,HR Analytics,Prof. Kulkarni,2,MCA,C,Lab 2,180,140,77.78,Practical,1,0,0
25-03-2026,Wednesday,2,10:00 AM,Cloud Computing,Ishwari Gaikwad,2,MBA,B,Lab 2,120,101,84.17,Practical,0,0,0
25-03-2026,Wednesday,3,11:15 AM,Web Development,Prof. Patil,2,MCA,B,Auditorium,180,130,72.22,Theory,1,1,0
25-03-2026,Wednesday,4,12:15 PM,Python Programming,Prof. Patil,4,MBA,C,Lab 2,120,116,96.67,Practical,0,0,0
25-03-2026,Wednesday,5,02:00 PM,Cloud Computing,Prof. Sharma,2,MBA,A,Room 202,120,103,85.83,Theory,0,0,0
25-03-2026,Wednesday,6,03:00 PM,Cloud Computing,Ishwari Gaikwad,4,MCA,C,Lab 2,180,159,88.33,Practical,0,0,0
26-03-2026,Thursday,1,09:00 AM,Web Development,Prof. Patil,4,MCA,A,Lab 2,180,154,85.56,Practical,0,0,0
26-03-2026,Thursday,2,10:00 AM,Machine Learning,Ishwari Gaikwad,4,MCA,C,Room 201,180,149,82.78,Theory,0,0,0
26-03-2026,Thursday,3,11:15 AM,Cloud Computing,Prof. Deshmukh,2,MBA,C,Room 202,120,107,89.17,Theory,0,0,0
26-03-2026,Thursday,4,12:15 PM,Python Programming,Prof. Deshmukh,2,MBA,B,Lab 1,120,100,83.33,Practical,0,0,0
26-03-2026,Thursday,5,02:00 PM,Machine Learning,Prof. Deshmukh,4,MBA,A,Room 202,120,109,90.83,Theory,0,0,0
26-03-2026,Thursday,6,03:00 PM,Cloud Computing,Prof. Deshmukh,2,MCA,C,Lab 2,180,124,68.89,Practical,1,0,0
26-03-2026,Thursday,1,09:00 AM,Machine Learning,Akash Upadhayay,2,MBA,A,Room 202,120,81,67.5,Theory,0,0,0
26-03-2026,Thursday,2,10:00 AM,Financial Management,Prof. Kulkarni,2,MCA,C,Room 202,180,162,90.0,Theory,0,0,0
26-03-2026,Thursday,3,11:15 AM,Web Development,Akash Upadhayay,4,MCA,B,Lab 2,180,166,92.22,Practical,0,1,0
26-03-2026,Thursday,4,12:15 PM,Machine Learning,Prof. Kulkarni,2,MCA,A,Room 201,180,165,91.67,Theory,0,0,0
26-03-2026,Thursday,5,02:00 PM,Cloud Computing,Prof. Sharma,2,MCA,C,Lab 2,180,136,75.56,Practical,0,0,0
26-03-2026,Thursday,6,03:00 PM,Python Programming,Akash Upadhayay,4,MBA,B,Lab 2,120,101,84.17,Practical,0,0,0
26-03-2026,Thursday,1,09:00 AM,Advanced DBMS,Prof. Patil,2,MBA,B,Room 202,120,84,70.0,Theory,0,1,0
26-03-2026,Thursday,2,10:00 AM,Web Development,Prof. Kulkarni,4,MCA,C,Auditorium,180,151,83.89,Theory,0,0,0
26-03-2026,Thursday,3,11:15 AM,Machine Learning,Akash Upadhayay,4,MBA,B,Room 202,120,103,120.0,Theory,0,1,0
26-03-2026,Thursday,4,12:15 PM,HR Analytics,Ishwari Gaikwad,4,MCA,C,Lab 1,180,173,96.11,Practical,0,0,0
26-03-2026,Thursday,5,02:00 PM,Web Development,Prof. Kulkarni,4,MCA,B,Lab 1,180,157,87.22,Practical,0,0,0
26-03-2026,Thursday,6,03:00 PM,Advanced DBMS,Ishwari Gaikwad,2,MBA,C,Auditorium,120,99,82.5,Theory,0,1,0
26-03-2026,Thursday,1,09:00 AM,Financial Management,Prof. Patil,4,MBA,B,Room 201,120,86,71.67,Theory,0,0,0
26-03-2026,Thursday,2,10:00 AM,Advanced DBMS,Prof. Deshmukh,4,MBA,B,Lab 2,120,117,97.5,Practical,0,0,0
26-03-2026,Thursday,3,11:15 AM,Advanced DBMS,Prof. Patil,4,MBA,A,Room 202,120,96,80.0,Theory,0,0,0
26-03-2026,Thursday,4,12:15 PM,Python Programming,Akash Upadhayay,4,MCA,B,Room 202,180,99,55.0,Theory,1,0,0
26-03-2026,Thursday,5,02:00 PM,HR Analytics,Akash Upadhayay,4,MCA,B,Lab 1,180,160,88.89,Practical,0,0,0
26-03-2026,Thursday,6,03:00 PM,HR Analytics,Prof. Deshmukh,2,MCA,A,Auditorium,180,157,87.22,Theory,0,0,0
27-03-2026,Friday,1,09:00 AM,Advanced DBMS,Prof. Deshmukh,2,MBA,B,Lab 2,120,101,84.17,Practical,0,0,0
27-03-2026,Friday,2,10:00 AM,Web Development,Prof. Patil,2,MCA,B,Lab 1,180,154,85.56,Practical,1,0,0
27-03-2026,Friday,3,11:15 AM,Python Programming,Prof. Patil,2,MCA,B,Lab 2,180,131,72.78,Practical,1,0,0
27-03-2026,Friday,4,12:15 PM,HR Analytics,Prof. Deshmukh,2,MCA,B,Room 202,180,176,97.78,Theory,0,0,0
27-03-2026,Friday,5,02:00 PM,Web Development,Prof. Sharma,4,MCA,C,Room 201,180,162,90.0,Theory,0,0,0
27-03-2026,Friday,6,03:00 PM,HR Analytics,Prof. Deshmukh,2,MCA,A,Room 201,180,135,75.0,Theory,0,1,0
27-03-2026,Friday,1,09:00 AM,Financial Management,Prof. Sharma,4,MCA,A,Auditorium,180,135,4.0,Theory,0,1,0
27-03-2026,Friday,2,10:00 AM,HR Analytics,Akash Upadhayay,4,MCA,C,Auditorium,180,148,120.0,Theory,0,0,0
27-03-2026,Friday,3,11:15 AM,Cloud Computing,Ishwari Gaikwad,2,MCA,B,Auditorium,180,143,79.44,Theory,0,0,0
27-03-2026,Friday,4,12:15 PM,Python Programming,Akash Upadhayay,2,MCA,B,Lab 2,180,176,97.78,Practical,0,0,0
27-03-2026,Friday,5,02:00 PM,Financial Management,Prof. Sharma,4,MCA,A,Room 202,180,125,69.44,Theory,0,0,1
27-03-2026,Friday,6,03:00 PM,Python Programming,Ishwari Gaikwad,2,MCA,B,Room 201,180,164,91.11,Theory,0,0,0
27-03-2026,Friday,1,09:00 AM,Financial Management,Ishwari Gaikwad,2,MBA,B,Lab 2,120,69,57.5,Practical,1,1,0
27-03-2026,Friday,2,10:00 AM,Advanced DBMS,Prof. Sharma,4,MCA,A,Lab 2,180,157,87.22,Practical,0,1,0
27-03-2026,Friday,3,11:15 AM,Financial Management,Prof. Deshmukh,2,MCA,C,Room 202,180,151,83.89,Theory,0,0,0
27-03-2026,Friday,4,12:15 PM,Machine Learning,Prof. Deshmukh,2,MBA,A,Auditorium,120,99,82.5,Theory,0,0,0
27-03-2026,Friday,5,02:00 PM,HR Analytics,Prof. Sharma,4,MCA,B,Lab 2,180,169,93.89,Practical,0,1,0
27-03-2026,Friday,6,03:00 PM,Cloud Computing,Ishwari Gaikwad,2,MCA,A,Auditorium,180,133,73.89,Theory,0,0,0
27-03-2026,Friday,1,09:00 AM,Web Development,Prof. Sharma,4,MCA,A,Room 201,180,137,76.11,Theory,0,0,0
27-03-2026,Friday,2,10:00 AM,Cloud Computing,Akash Upadhayay,4,MCA,B,Room 201,180,138,76.67,Theory,0,0,1
27-03-2026,Friday,3,11:15 AM,Python Programming,Prof. Patil,4,MCA,B,Auditorium,180,129,71.67,Theory,0,0,0
27-03-2026,Friday,4,12:15 PM,Machine Learning,Akash Upadhayay,2,MBA,B,Lab 2,120,90,75.0,Practical,0,0,1
27-03-2026,Friday,5,02:00 PM,Cloud Computing,Prof. Deshmukh,4,MCA,A,Auditorium,180,153,85.0,Theory,0,1,0
27-03-2026,Friday,6,03:00 PM,Web Development,Prof. Kulkarni,2,MCA,B,Lab 1,180,141,78.33,Practical,0,0,0
28-03-2026,Saturday,1,09:00 AM,Web Development,Prof. Patil,2,MCA,B,Room 202,180,86,47.78,Theory,1,0,0
28-03-2026,Saturday,2,10:00 AM,HR Analytics,Prof. Deshmukh,4,MCA,C,Room 202,180,117,65.0,Theory,0,0,1
28-03-2026,Saturday,3,11:15 AM,Python Programming,Prof. Deshmukh,4,MBA,B,Room 202,120,98,4.0,Theory,0,0,0
28-03-2026,Saturday,4,12:15 PM,Advanced DBMS,Prof. Patil,4,MCA,C,Room 201,180,148,82.22,Theory,0,0,0
28-03-2026,Saturday,5,02:00 PM,Web Development,Prof. Patil,4,MCA,A,Auditorium,180,171,95.0,Theory,0,0,0
28-03-2026,Saturday,6,03:00 PM,Cloud Computing,Prof. Kulkarni,4,MBA,B,Room 201,120,82,68.33,Theory,0,0,0
28-03-2026,Saturday,1,09:00 AM,Python Programming,Prof. Sharma,4,MCA,A,Auditorium,180,133,73.89,Theory,0,1,0
28-03-2026,Saturday,2,10:00 AM,HR Analytics,Prof. Sharma,2,MBA,B,Auditorium,120,93,77.5,Theory,0,0,0
28-03-2026,Saturday,3,11:15 AM,HR Analytics,Prof. Kulkarni,4,MBA,B,Room 202,120,90,75.0,Theory,1,0,0
28-03-2026,Saturday,4,12:15 PM,Cloud Computing,Prof. Patil,2,MBA,B,Auditorium,120,95,79.17,Theory,0,1,0
28-03-2026,Saturday,5,02:00 PM,Machine Learning,Prof. Sharma,2,MCA,B,Lab 2,180,162,,Practical,0,0,0
28-03-2026,Saturday,6,03:00 PM,Cloud Computing,Prof. Deshmukh,2,MCA,B,Room 202,180,121,,Theory,0,0,0
28-03-2026,Saturday,1,09:00 AM,Cloud Computing,Prof. Sharma,2,MBA,B,Room 202,120,72,60.0,Theory,0,0,0
28-03-2026,Saturday,2,10:00 AM,Web Development,Prof. Patil,4,MBA,A,Room 201,120,97,80.83,Theory,0,0,0
28-03-2026,Saturday,3,11:15 AM,Cloud Computing,Prof. Patil,2,MBA,B,Auditorium,120,79,65.83,Theory,1,0,0
28-03-2026,Saturday,4,12:15 PM,HR Analytics,Prof. Kulkarni,2,MBA,B,Lab 2,120,111,92.5,Practical,0,0,0
28-03-2026,Saturday,5,02:00 PM,Web Development,Akash Upadhayay,2,MCA,B,Auditorium,180,129,71.67,Theory,0,0,1
28-03-2026,Saturday,6,03:00 PM,Python Programming,Ishwari Gaikwad,4,MCA,A,Lab 2,180,132,73.33,Practical,0,0,0
28-03-2026,Saturday,1,09:00 AM,Financial Management,Prof. Kulkarni,2,MBA,B,Auditorium,120,85,70.83,Theory,0,0,0
28-03-2026,Saturday,2,10:00 AM,Python Programming,Prof. Patil,4,MCA,B,Auditorium,180,114,63.33,Theory,1,0,0
28-03-2026,Saturday,3,11:15 AM,Machine Learning,Prof. Deshmukh,4,MCA,C,Room 202,180,148,82.22,Theory,0,0,0
28-03-2026,Saturday,4,12:15 PM,Financial Management,Prof. Kulkarni,2,MCA,C,Room 202,180,148,82.22,Theory,0,0,0
28-03-2026,Saturday,5,02:00 PM,Web Development,Prof. Patil,4,MBA,C,Room 202,120,94,78.33,Theory,0,0,0
28-03-2026,Saturday,6,03:00 PM,Machine Learning,Prof. Patil,2,MCA,B,Lab 1,180,141,78.33,Practical,0,0,0
29-03-2026,Monday,1,09:00 AM,Web Development,Akash Upadhayay,2,MBA,A,Lab 2,120,82,68.33,Practical,0,1,0
29-03-2026,Monday,2,10:00 AM,Advanced DBMS,Akash Upadhayay,4,MBA,B,Room 202,120,71,59.17,Theory,1,0,0
29-03-2026,Monday,3,11:15 AM,Cloud Computing,Prof. Patil,4,MCA,B,Lab 1,180,147,81.67,Practical,0,1,0
29-03-2026,Monday,4,12:15 PM,Python Programming,Ishwari Gaikwad,4,MBA,B,Lab 2,120,69,57.5,Practical,1,0,0
29-03-2026,Monday,5,02:00 PM,Web Development,Akash Upadhayay,4,MCA,A,Lab 1,180,169,93.89,Practical,0,0,0
29-03-2026,Monday,6,03:00 PM,Machine Learning,Prof. Patil,2,MCA,C,Lab 2,180,124,68.89,Practical,0,0,0
29-03-2026,Monday,1,09:00 AM,Advanced DBMS,Prof. Deshmukh,4,MCA,C,Room 201,180,130,72.22,Theory,0,0,0
29-03-2026,Monday,2,10:00 AM,Machine Learning,Prof. Kulkarni,4,MBA,C,Room 202,120,79,65.83,Theory,1,1,0
29-03-2026,Monday,3,11:15 AM,Financial Management,Akash Upadhayay,4,MCA,C,Lab 1,180,170,94.44,Practical,0,1,0
29-03-2026,Monday,4,12:15 PM,Python Programming,Prof. Deshmukh,2,MBA,A,Lab 1,120,51,42.5,Practical,1,0,1
29-03-2026,Monday,5,02:00 PM,Web Development,Prof. Deshmukh,2,MCA,A,Room 201,180,152,,Theory,0,0,0
29-03-2026,Monday,6,03:00 PM,Cloud Computing,Prof. Patil,4,MCA,B,Room 201,180,121,120.0,Theory,0,1,0
29-03-2026,Monday,1,09:00 AM,Advanced DBMS,Prof. Sharma,2,MBA,C,Room 202,120,67,55.83,Theory,1,0,0
29-03-2026,Monday,2,10:00 AM,Machine Learning,Prof. Deshmukh,4,MBA,B,Lab 1,120,106,88.33,Practical,0,1,0
29-03-2026,Monday,3,11:15 AM,Web Development,Prof. Sharma,2,MBA,C,Auditorium,120,80,66.67,Theory,0,0,0
29-03-2026,Monday,4,12:15 PM,Web Development,Prof. Sharma,4,MCA,B,Lab 2,180,151,83.89,Practical,0,0,0
29-03-2026,Monday,5,02:00 PM,Machine Learning,Akash Upadhayay,2,MBA,C,Room 202,120,54,45.0,Theory,1,1,0
29-03-2026,Monday,6,03:00 PM,Python Programming,Akash Upadhayay,4,MBA,A,Lab 1,120,95,,Practical,0,0,0
29-03-2026,Monday,1,09:00 AM,Advanced DBMS,Akash Upadhayay,2,MCA,B,Lab 2,180,105,58.33,Practical,1,0,0
29-03-2026,Monday,2,10:00 AM,Web Development,Prof. Kulkarni,4,MCA,A,Lab 1,180,128,71.11,Practical,0,0,0
29-03-2026,Monday,3,11:15 AM,Cloud Computing,Prof. Deshmukh,2,MBA,C,Auditorium,120,93,77.5,Theory,0,0,0
29-03-2026,Monday,4,12:15 PM,Machine Learning,Ishwari Gaikwad,2,MCA,C,Lab 1,180,153,85.0,Practical,0,0,0
29-03-2026,Monday,5,02:00 PM,Cloud Computing,Ishwari Gaikwad,4,MCA,A,Auditorium,180,157,,Theory,0,0,0
29-03-2026,Monday,6,03:00 PM,Advanced DBMS,Prof. Kulkarni,2,MBA,B,Auditorium,120,93,77.5,Theory,0,1,0
30-03-2026,Monday,1,09:00 AM,Cloud Computing,Prof. Patil,4,MBA,B,Lab 2,120,67,55.83,Practical,1,0,0
30-03-2026,Monday,2,10:00 AM,Python Programming,Prof. Sharma,2,MCA,B,Room 202,180,168,93.33,Theory,0,1,0
30-03-2026,Monday,3,11:15 AM,Python Programming,Ishwari Gaikwad,2,MBA,A,Room 202,120,93,77.5,Theory,0,0,0
30-03-2026,Monday,4,12:15 PM,Advanced DBMS,Prof. Sharma,2,MCA,A,Lab 1,180,162,90.0,Practical,0,0,0
30-03-2026,Monday,5,02:00 PM,Financial Management,Prof. Patil,2,MBA,A,Lab 1,120,73,60.83,Practical,1,0,0
30-03-2026,Monday,6,03:00 PM,Financial Management,Prof. Sharma,2,MCA,A,Room 202,180,127,114.0,Theory,0,0,0
30-03-2026,Monday,1,09:00 AM,Financial Management,Prof. Sharma,4,MBA,B,Room 201,120,56,46.67,Theory,0,0,1
30-03-2026,Monday,2,10:00 AM,Machine Learning,Prof. Patil,2,MBA,A,Room 201,120,85,70.83,Theory,0,0,0
30-03-2026,Monday,3,11:15 AM,HR Analytics,Ishwari Gaikwad,2,MCA,B,Room 202,180,161,89.44,Theory,0,1,0
30-03-2026,Monday,4,12:15 PM,Cloud Computing,Prof. Deshmukh,2,MCA,A,Lab 2,180,127,70.56,Practical,1,0,0
30-03-2026,Monday,5,02:00 PM,Python Programming,Ishwari Gaikwad,4,MBA,C,Room 202,120,96,80.0,Theory,0,0,0
30-03-2026,Monday,6,03:00 PM,HR Analytics,Prof. Patil,4,MCA,C,Lab 1,180,163,90.56,Practical,0,0,0
30-03-2026,Monday,1,09:00 AM,Cloud Computing,Ishwari Gaikwad,2,MBA,A,Lab 1,120,81,67.5,Practical,0,0,0
30-03-2026,Monday,2,10:00 AM,Python Programming,Ishwari Gaikwad,4,MBA,A,Room 202,120,97,80.83,Theory,0,0,0
30-03-2026,Monday,3,11:15 AM,HR Analytics,Prof. Patil,4,MCA,C,Room 202,180,114,63.33,Theory,0,1,1
30-03-2026,Monday,4,12:15 PM,Advanced DBMS,Prof. Sharma,2,MCA,A,Lab 2,180,163,90.56,Practical,0,0,0
30-03-2026,Monday,5,02:00 PM,HR Analytics,Prof. Patil,2,MCA,B,Auditorium,180,154,,Theory,0,1,0
30-03-2026,Monday,6,03:00 PM,Web Development,Prof. Deshmukh,4,MBA,A,Lab 2,120,91,75.83,Practical,0,0,0
30-03-2026,Monday,1,09:00 AM,Financial Management,Prof. Kulkarni,2,MBA,C,Lab 1,120,84,70.0,Practical,0,0,0
30-03-2026,Monday,2,10:00 AM,HR Analytics,Prof. Deshmukh,2,MCA,C,Lab 2,180,170,94.44,Practical,0,1,0
30-03-2026,Monday,3,11:15 AM,Web Development,Ishwari Gaikwad,4,MCA,C,Auditorium,180,146,81.11,Theory,0,0,0
30-03-2026,Monday,4,12:15 PM,Cloud Computing,Prof. Kulkarni,2,MCA,B,Auditorium,180,153,85.0,Theory,0,0,0
30-03-2026,Monday,5,02:00 PM,Cloud Computing,Prof. Deshmukh,4,MBA,B,Lab 1,120,113,94.17,Practical,0,1,0
30-03-2026,Monday,6,03:00 PM,Web Development,Prof. Deshmukh,4,MCA,A,Auditorium,180,113,62.78,Theory,0,0,1
31-03-2026,Tuesday,1,09:00 AM,Python Programming,Akash Upadhayay,4,MBA,A,Lab 2,120,88,4.0,Practical,0,0,0
31-03-2026,Tuesday,2,10:00 AM,HR Analytics,Prof. Patil,4,MCA,B,Room 202,180,144,80.0,Theory,0,0,0
31-03-2026,Tuesday,3,11:15 AM,Python Programming,Akash Upadhayay,4,MBA,B,Auditorium,120,90,75.0,Theory,0,0,0
31-03-2026,Tuesday,4,12:15 PM,Advanced DBMS,Prof. Sharma,2,MCA,C,Auditorium,180,147,81.67,Theory,0,1,0
31-03-2026,Tuesday,5,02:00 PM,HR Analytics,Prof. Deshmukh,4,MCA,B,Auditorium,180,156,86.67,Theory,0,0,0
31-03-2026,Tuesday,6,03:00 PM,Web Development,Prof. Patil,4,MCA,A,Auditorium,180,119,66.11,Theory,1,0,0
31-03-2026,Tuesday,1,09:00 AM,Web Development,Akash Upadhayay,4,MBA,C,Auditorium,120,86,71.67,Theory,1,0,0
31-03-2026,Tuesday,2,10:00 AM,Python Programming,Prof. Patil,4,MBA,A,Room 202,120,101,84.17,Theory,0,0,0
31-03-2026,Tuesday,3,11:15 AM,Web Development,Prof. Deshmukh,2,MBA,C,Lab 2,120,116,96.67,Practical,0,0,0
31-03-2026,Tuesday,4,12:15 PM,Cloud Computing,Prof. Kulkarni,4,MCA,B,Lab 2,180,133,73.89,Practical,1,0,0
31-03-2026,Tuesday,5,02:00 PM,Python Programming,Ishwari Gaikwad,4,MCA,C,Lab 2,180,153,85.0,Practical,0,0,0
31-03-2026,Tuesday,6,03:00 PM,Advanced DBMS,Prof. Kulkarni,2,MCA,B,Lab 1,180,149,82.78,Practical,0,0,0
31-03-2026,Tuesday,1,09:00 AM,Advanced DBMS,Akash Upadhayay,2,MBA,B,Room 201,120,101,84.17,Theory,0,0,0
31-03-2026,Tuesday,2,10:00 AM,Cloud Computing,Akash Upadhayay,4,MCA,A,Room 201,180,124,68.89,Theory,0,0,0
31-03-2026,Tuesday,3,11:15 AM,Advanced DBMS,Akash Upadhayay,4,MBA,A,Room 202,120,103,85.83,Theory,0,0,0
31-03-2026,Tuesday,4,12:15 PM,Machine Learning,Prof. Deshmukh,4,MCA,A,Room 202,180,121,67.22,Theory,0,0,1
31-03-2026,Tuesday,5,02:00 PM,Cloud Computing,Akash Upadhayay,2,MCA,A,Auditorium,180,111,61.67,Theory,0,1,1
31-03-2026,Tuesday,6,03:00 PM,Advanced DBMS,Prof. Patil,4,MCA,A,Lab 2,180,153,85.0,Practical,0,1,0
31-03-2026,Tuesday,1,09:00 AM,Advanced DBMS,Ishwari Gaikwad,2,MCA,A,Auditorium,180,132,73.33,Theory,0,0,0
31-03-2026,Tuesday,2,10:00 AM,Cloud Computing,Prof. Patil,4,MBA,A,Auditorium,120,95,79.17,Theory,0,0,0
31-03-2026,Tuesday,3,11:15 AM,Python Programming,Ishwari Gaikwad,4,MBA,A,Lab 2,120,99,,Practical,1,0,0
31-03-2026,Tuesday,4,12:15 PM,Web Development,Prof. Deshmukh,2,MCA,C,Room 201,180,161,89.44,Theory,0,0,0
31-03-2026,Tuesday,5,02:00 PM,Web Development,Akash Upadhayay,4,MBA,A,Lab 2,120,106,88.33,Practical,0,0,0
31-03-2026,Tuesday,6,03:00 PM,Financial Management,Prof. Kulkarni,2,MCA,C,Room 202,180,126,70.0,Theory,0,0,0
01-04-2026,Wednesday,1,09:00 AM,Cloud Computing,Prof. Deshmukh,2,MBA,A,Lab 1,120,81,67.5,Practical,0,0,0
01-04-2026,Wednesday,2,10:00 AM,HR Analytics,Akash Upadhayay,2,MBA,C,Auditorium,120,88,73.33,Theory,0,0,1
01-04-2026,Wednesday,3,11:15 AM,Web Development,Ishwari Gaikwad,4,MCA,B,Lab 2,180,176,97.78,Practical,0,0,0
01-04-2026,Wednesday,4,12:15 PM,Cloud Computing,Akash Upadhayay,2,MCA,A,Auditorium,180,127,70.56,Theory,0,1,0
01-04-2026,Wednesday,5,02:00 PM,Advanced DBMS,Prof. Kulkarni,2,MBA,C,Auditorium,120,108,90.0,Theory,0,0,0
01-04-2026,Wednesday,6,03:00 PM,Financial Management,Prof. Deshmukh,2,MBA,A,Lab 2,120,78,,Practical,0,0,0
01-04-2026,Wednesday,1,09:00 AM,Web Development,Akash Upadhayay,4,MCA,C,Lab 2,180,129,71.67,Practical,0,1,0
01-04-2026,Wednesday,2,10:00 AM,Cloud Computing,Prof. Patil,2,MBA,B,Auditorium,120,99,82.5,Theory,0,0,0
01-04-2026,Wednesday,3,11:15 AM,Cloud Computing,Prof. Deshmukh,4,MBA,B,Lab 2,120,99,82.5,Practical,0,0,0
01-04-2026,Wednesday,4,12:15 PM,Financial Management,Prof. Patil,4,MCA,C,Lab 1,180,104,57.78,Practical,0,0,1
01-04-2026,Wednesday,5,02:00 PM,Cloud Computing,Akash Upadhayay,4,MCA,A,Room 202,180,119,66.11,Theory,0,0,1
01-04-2026,Wednesday,6,03:00 PM,Machine Learning,Prof. Patil,4,MCA,B,Room 202,180,107,59.44,Theory,0,0,1
01-04-2026,Wednesday,1,09:00 AM,Cloud Computing,Prof. Deshmukh,4,MCA,C,Lab 2,180,155,86.11,Practical,0,0,0
01-04-2026,Wednesday,2,10:00 AM,Python Programming,Prof. Kulkarni,4,MCA,C,Auditorium,180,166,92.22,Theory,0,0,0
01-04-2026,Wednesday,3,11:15 AM,Advanced DBMS,Prof. Kulkarni,2,MBA,A,Lab 1,120,96,80.0,Practical,0,0,1
01-04-2026,Wednesday,4,12:15 PM,HR Analytics,Prof. Deshmukh,4,MCA,A,Lab 1,180,166,92.22,Practical,0,0,0
01-04-2026,Wednesday,5,02:00 PM,Web Development,Prof. Deshmukh,2,MBA,C,Lab 1,120,109,90.83,Practical,0,1,0
01-04-2026,Wednesday,6,03:00 PM,Web Development,Prof. Deshmukh,2,MCA,B,Room 202,180,104,57.78,Theory,0,0,1
01-04-2026,Wednesday,1,09:00 AM,Advanced DBMS,Prof. Patil,2,MBA,C,Lab 1,120,102,85.0,Practical,0,1,0
01-04-2026,Wednesday,2,10:00 AM,Machine Learning,Akash Upadhayay,4,MCA,B,Auditorium,180,150,83.33,Theory,0,0,0
01-04-2026,Wednesday,3,11:15 AM,Web Development,Prof. Sharma,2,MBA,C,Lab 2,120,107,89.17,Practical,0,0,0
01-04-2026,Wednesday,4,12:15 PM,Financial Management,Prof. Kulkarni,4,MCA,A,Lab 2,180,165,91.67,Practical,0,0,0
01-04-2026,Wednesday,5,02:00 PM,Python Programming,Akash Upadhayay,2,MCA,C,Lab 2,180,155,86.11,Practical,0,0,0
01-04-2026,Wednesday,6,03:00 PM,Financial Management,Akash Upadhayay,4,MBA,B,Room 202,120,90,75.0,Theory,0,0,0
02-04-2026,Thursday,1,09:00 AM,Python Programming,Akash Upadhayay,2,MBA,C,Lab 2,120,97,80.83,Practical,0,0,0
02-04-2026,Thursday,2,10:00 AM,Web Development,Prof. Sharma,2,MCA,B,Room 201,180,107,59.44,Theory,1,0,1
02-04-2026,Thursday,3,11:15 AM,Machine Learning,Ishwari Gaikwad,4,MCA,C,Lab 1,180,163,90.56,Practical,0,0,0
02-04-2026,Thursday,4,12:15 PM,Cloud Computing,Prof. Kulkarni,2,MCA,B,Room 202,180,175,97.22,Theory,0,0,0
02-04-2026,Thursday,5,02:00 PM,Cloud Computing,Prof. Patil,2,MBA,C,Lab 2,120,110,91.67,Practical,1,0,0
02-04-2026,Thursday,6,03:00 PM,Machine Learning,Akash Upadhayay,4,MBA,C,Room 202,120,89,114.0,Theory,0,1,0
02-04-2026,Thursday,1,09:00 AM,Python Programming,Prof. Patil,4,MCA,B,Auditorium,180,139,77.22,Theory,0,0,0
02-04-2026,Thursday,2,10:00 AM,Python Programming,Prof. Deshmukh,4,MBA,B,Room 202,120,95,79.17,Theory,0,0,0
02-04-2026,Thursday,3,11:15 AM,Python Programming,Ishwari Gaikwad,4,MCA,A,Lab 1,180,161,89.44,Practical,0,0,0
02-04-2026,Thursday,4,12:15 PM,Python Programming,Prof. Deshmukh,2,MCA,B,Lab 2,180,161,89.44,Practical,0,0,0
02-04-2026,Thursday,5,02:00 PM,HR Analytics,Prof. Sharma,2,MCA,B,Room 202,180,153,85.0,Theory,0,0,0
02-04-2026,Thursday,6,03:00 PM,Advanced DBMS,Akash Upadhayay,4,MCA,C,Auditorium,180,120,66.67,Theory,0,0,1
02-04-2026,Thursday,1,09:00 AM,Cloud Computing,Ishwari Gaikwad,4,MBA,A,Auditorium,120,100,83.33,Theory,0,0,0
02-04-2026,Thursday,2,10:00 AM,Web Development,Prof. Patil,4,MBA,A,Lab 2,120,104,86.67,Practical,0,0,0
02-04-2026,Thursday,3,11:15 AM,Financial Management,Prof. Patil,4,MCA,B,Auditorium,180,157,87.22,Theory,0,1,0
02-04-2026,Thursday,4,12:15 PM,HR Analytics,Prof. Kulkarni,2,MBA,A,Room 201,120,110,91.67,Theory,0,0,0
02-04-2026,Thursday,5,02:00 PM,HR Analytics,Akash Upadhayay,4,MBA,C,Lab 1,120,94,78.33,Practical,0,1,0
02-04-2026,Thursday,6,03:00 PM,Machine Learning,Prof. Deshmukh,4,MCA,B,Auditorium,180,113,62.78,Theory,0,0,0
02-04-2026,Thursday,1,09:00 AM,Cloud Computing,Prof. Deshmukh,2,MCA,A,Room 202,180,155,86.11,Theory,0,0,0
02-04-2026,Thursday,2,10:00 AM,Cloud Computing,Prof. Kulkarni,4,MCA,C,Auditorium,180,161,89.44,Theory,0,0,0
02-04-2026,Thursday,3,11:15 AM,HR Analytics,Prof. Deshmukh,2,MCA,A,Auditorium,180,123,68.33,Theory,1,0,0
02-04-2026,Thursday,4,12:15 PM,Web Development,Prof. Deshmukh,4,MCA,C,Lab 2,180,146,81.11,Practical,0,0,0
02-04-2026,Thursday,5,02:00 PM,Financial Management,Prof. Sharma,2,MCA,B,Lab 2,180,166,92.22,Practical,0,0,0
02-04-2026,Thursday,6,03:00 PM,Machine Learning,Prof. Deshmukh,4,MCA,A,Room 201,180,144,80.0,Theory,0,1,0
03-04-2026,Friday,1,09:00 AM,Web Development,Prof. Deshmukh,2,MCA,C,Lab 1,180,154,85.56,Practical,0,1,0
03-04-2026,Friday,2,10:00 AM,Web Development,Akash Upadhayay,4,MCA,A,Room 202,180,105,58.33,Theory,0,0,1
03-04-2026,Friday,3,11:15 AM,HR Analytics,Prof. Kulkarni,2,MCA,C,Lab 1,180,150,83.33,Practical,0,1,0
03-04-2026,Friday,4,12:15 PM,Cloud Computing,Ishwari Gaikwad,2,MCA,B,Room 201,180,155,86.11,Theory,0,0,0
03-04-2026,Friday,5,02:00 PM,Python Programming,Prof. Deshmukh,4,MBA,A,Auditorium,120,90,75.0,Theory,0,1,0
03-04-2026,Friday,6,03:00 PM,HR Analytics,Prof. Deshmukh,2,MCA,B,Lab 2,180,163,90.56,Practical,0,0,0
03-04-2026,Friday,1,09:00 AM,Advanced DBMS,Prof. Deshmukh,4,MBA,B,Lab 1,120,87,72.5,Practical,0,0,0
03-04-2026,Friday,2,10:00 AM,Machine Learning,Prof. Kulkarni,2,MBA,A,Lab 1,120,117,97.5,Practical,0,0,0
03-04-2026,Friday,3,11:15 AM,Machine Learning,Prof. Kulkarni,2,MCA,A,Room 202,180,161,,Theory,0,0,0
03-04-2026,Friday,4,12:15 PM,HR Analytics,Prof. Sharma,4,MBA,C,Room 202,120,106,88.33,Theory,0,0,0
03-04-2026,Friday,5,02:00 PM,Financial Management,Akash Upadhayay,2,MCA,C,Auditorium,180,118,65.56,Theory,1,0,0
03-04-2026,Friday,6,03:00 PM,Python Programming,Prof. Patil,2,MCA,B,Auditorium,180,162,90.0,Theory,0,0,0
03-04-2026,Friday,1,09:00 AM,Financial Management,Ishwari Gaikwad,4,MBA,A,Lab 2,120,74,61.67,Practical,1,1,0
03-04-2026,Friday,2,10:00 AM,Python Programming,Prof. Kulkarni,4,MBA,A,Lab 2,120,77,64.17,Practical,1,0,0
03-04-2026,Friday,3,11:15 AM,Advanced DBMS,Prof. Deshmukh,2,MBA,B,Room 201,120,105,87.5,Theory,0,1,0
03-04-2026,Friday,4,12:15 PM,Machine Learning,Akash Upadhayay,2,MCA,A,Room 201,180,159,88.33,Theory,0,0,0
03-04-2026,Friday,5,02:00 PM,Python Programming,Prof. Deshmukh,2,MCA,C,Lab 1,180,156,86.67,Practical,1,0,0
03-04-2026,Friday,6,03:00 PM,Cloud Computing,Akash Upadhayay,2,MBA,A,Lab 2,120,72,60.0,Practical,1,0,0
03-04-2026,Friday,1,09:00 AM,Machine Learning,Prof. Deshmukh,4,MCA,C,Auditorium,180,105,,Theory,0,0,0
03-04-2026,Friday,2,10:00 AM,Financial Management,Prof. Deshmukh,4,MCA,B,Lab 2,180,136,75.56,Practical,1,0,0
03-04-2026,Friday,3,11:15 AM,Financial Management,Prof. Kulkarni,4,MCA,A,Lab 1,180,171,114.0,Practical,0,1,0
03-04-2026,Friday,4,12:15 PM,Advanced DBMS,Akash Upadhayay,4,MCA,C,Auditorium,180,176,97.78,Theory,0,0,0
03-04-2026,Friday,5,02:00 PM,Cloud Computing,Akash Upadhayay,2,MCA,A,Room 202,180,163,90.56,Theory,0,0,0
03-04-2026,Friday,6,03:00 PM,Cloud Computing,Prof. Patil,4,MBA,B,Room 202,120,89,74.17,Theory,0,1,0
04-04-2026,Saturday,1,09:00 AM,Web Development,Prof. Kulkarni,2,MBA,B,Room 201,120,75,62.5,Theory,0,0,0
04-04-2026,Saturday,2,10:00 AM,Advanced DBMS,Akash Upadhayay,2,MBA,A,Lab 2,120,103,85.83,Practical,0,0,0
04-04-2026,Saturday,3,11:15 AM,Advanced DBMS,Prof. Sharma,2,MBA,B,Room 201,120,95,79.17,Theory,0,0,0
04-04-2026,Saturday,4,12:15 PM,Cloud Computing,Prof. Deshmukh,4,MBA,A,Lab 2,120,95,79.17,Practical,0,0,0
04-04-2026,Saturday,5,02:00 PM,Python Programming,Prof. Patil,2,MBA,B,Room 201,120,100,83.33,Theory,0,0,0
04-04-2026,Saturday,6,03:00 PM,HR Analytics,Ishwari Gaikwad,4,MCA,C,Auditorium,180,123,68.33,Theory,0,0,0
04-04-2026,Saturday,1,09:00 AM,HR Analytics,Prof. Patil,4,MCA,B,Lab 2,180,130,72.22,Practical,0,0,0
04-04-2026,Saturday,2,10:00 AM,Machine Learning,Prof. Deshmukh,4,MBA,C,Lab 1,120,98,81.67,Practical,0,0,0
04-04-2026,Saturday,3,11:15 AM,Web Development,Prof. Deshmukh,2,MBA,C,Room 201,120,100,83.33,Theory,0,0,0
04-04-2026,Saturday,4,12:15 PM,HR Analytics,Prof. Patil,4,MCA,B,Room 202,180,157,87.22,Theory,0,0,0
04-04-2026,Saturday,5,02:00 PM,Web Development,Prof. Patil,2,MCA,A,Room 201,180,135,,Theory,0,0,1
04-04-2026,Saturday,6,03:00 PM,Financial Management,Prof. Sharma,2,MCA,C,Lab 2,180,140,77.78,Practical,0,0,0
04-04-2026,Saturday,1,09:00 AM,HR Analytics,Prof. Sharma,4,MBA,B,Lab 1,120,94,78.33,Practical,0,0,0
04-04-2026,Saturday,2,10:00 AM,Advanced DBMS,Prof. Sharma,4,MBA,B,Auditorium,120,108,,Theory,0,0,0
04-04-2026,Saturday,3,11:15 AM,Python Programming,Ishwari Gaikwad,4,MCA,A,Lab 1,180,158,87.78,Practical,0,0,0
04-04-2026,Saturday,4,12:15 PM,Cloud Computing,Prof. Kulkarni,4,MCA,C,Room 201,180,132,73.33,Theory,0,0,1
04-04-2026,Saturday,5,02:00 PM,Machine Learning,Ishwari Gaikwad,2,MBA,A,Auditorium,120,66,55.0,Theory,0,0,1
04-04-2026,Saturday,6,03:00 PM,Financial Management,Prof. Patil,2,MCA,C,Auditorium,180,132,73.33,Theory,0,1,0
04-04-2026,Saturday,1,09:00 AM,Cloud Computing,Prof. Kulkarni,2,MCA,B,Room 201,180,136,75.56,Theory,0,1,0
04-04-2026,Saturday,2,10:00 AM,Financial Management,Ishwari Gaikwad,2,MBA,A,Auditorium,120,109,90.83,Theory,0,0,0
04-04-2026,Saturday,3,11:15 AM,Machine Learning,Prof. Sharma,4,MCA,A,Room 202,180,155,86.11,Theory,0,1,0
04-04-2026,Saturday,4,12:15 PM,Python Programming,Ishwari Gaikwad,4,MCA,C,Auditorium,180,155,86.11,Theory,0,0,0
04-04-2026,Saturday,5,02:00 PM,Cloud Computing,Ishwari Gaikwad,4,MBA,C,Auditorium,120,99,82.5,Theory,0,0,0
04-04-2026,Saturday,6,03:00 PM,Cloud Computing,Prof. Sharma,4,MCA,B,Auditorium,180,131,72.78,Theory,0,1,0
05-04-2026,Monday,1,09:00 AM,Cloud Computing,Prof. Deshmukh,4,MCA,C,Auditorium,180,92,51.11,Theory,1,0,0
05-04-2026,Monday,2,10:00 AM,HR Analytics,Prof. Sharma,2,MCA,C,Lab 2,180,142,78.89,Practical,0,0,0
05-04-2026,Monday,3,11:15 AM,Python Programming,Prof. Kulkarni,4,MBA,A,Room 202,120,85,114.0,Theory,0,1,0
05-04-2026,Monday,4,12:15 PM,Cloud Computing,Prof. Sharma,2,MBA,A,Room 201,120,97,80.83,Theory,0,0,0
05-04-2026,Monday,5,02:00 PM,Python Programming,Ishwari Gaikwad,2,MBA,B,Room 201,120,107,89.17,Theory,0,0,0
05-04-2026,Monday,6,03:00 PM,Financial Management,Prof. Sharma,4,MBA,B,Lab 1,120,97,80.83,Practical,0,0,0
05-04-2026,Monday,1,09:00 AM,Web Development,Prof. Kulkarni,4,MBA,B,Auditorium,120,76,63.33,Theory,0,0,0
05-04-2026,Monday,2,10:00 AM,Cloud Computing,Prof. Sharma,2,MBA,A,Lab 1,120,112,93.33,Practical,0,0,0
05-04-2026,Monday,3,11:15 AM,Python Programming,Prof. Deshmukh,2,MCA,C,Room 202,180,129,71.67,Theory,0,0,1
05-04-2026,Monday,4,12:15 PM,Financial Management,Prof. Kulkarni,2,MCA,A,Lab 2,180,151,83.89,Practical,0,1,0
05-04-2026,Monday,5,02:00 PM,Web Development,Akash Upadhayay,4,MCA,C,Room 201,180,157,87.22,Theory,0,1,0
05-04-2026,Monday,6,03:00 PM,Financial Management,Akash Upadhayay,2,MCA,A,Room 201,180,132,73.33,Theory,0,1,0
05-04-2026,Monday,1,09:00 AM,Advanced DBMS,Prof. Deshmukh,2,MBA,C,Room 202,120,96,,Theory,0,0,0
05-04-2026,Monday,2,10:00 AM,Machine Learning,Akash Upadhayay,4,MCA,B,Auditorium,180,89,49.44,Theory,0,0,1
05-04-2026,Monday,3,11:15 AM,Web Development,Prof. Sharma,4,MBA,B,Auditorium,120,94,78.33,Theory,0,0,0
05-04-2026,Monday,4,12:15 PM,Web Development,Prof. Sharma,2,MBA,A,Room 201,120,70,58.33,Theory,1,0,0
05-04-2026,Monday,5,02:00 PM,Cloud Computing,Prof. Deshmukh,4,MBA,B,Room 202,120,104,86.67,Theory,0,1,0
05-04-2026,Monday,6,03:00 PM,Python Programming,Akash Upadhayay,4,MCA,C,Lab 2,180,117,65.0,Practical,0,0,1
05-04-2026,Monday,1,09:00 AM,Advanced DBMS,Prof. Sharma,4,MCA,A,Lab 2,180,145,80.56,Practical,0,0,0
05-04-2026,Monday,2,10:00 AM,Cloud Computing,Prof. Sharma,4,MCA,B,Lab 1,180,158,87.78,Practical,0,0,0
05-04-2026,Monday,3,11:15 AM,Financial Management,Prof. Deshmukh,2,MCA,C,Lab 2,180,147,81.67,Practical,0,0,0
05-04-2026,Monday,4,12:15 PM,Web Development,Akash Upadhayay,4,MBA,B,Lab 2,120,105,87.5,Practical,0,1,0
05-04-2026,Monday,5,02:00 PM,Advanced DBMS,Prof. Sharma,2,MBA,B,Room 202,120,89,74.17,Theory,0,0,0
05-04-2026,Monday,6,03:00 PM,Advanced DBMS,Prof. Kulkarni,2,MCA,A,Auditorium,180,117,65.0,Theory,0,0,0
06-04-2026,Monday,1,09:00 AM,Financial Management,Akash Upadhayay,2,MBA,B,Room 201,120,67,55.83,Theory,0,0,1
06-04-2026,Monday,2,10:00 AM,Advanced DBMS,Prof. Kulkarni,2,MBA,C,Lab 2,120,96,80.0,Practical,0,0,0
06-04-2026,Monday,3,11:15 AM,Python Programming,Prof. Kulkarni,2,MBA,C,Auditorium,120,73,60.83,Theory,1,0,0
06-04-2026,Monday,4,12:15 PM,Advanced DBMS,Prof. Deshmukh,2,MBA,C,Lab 1,120,100,83.33,Practical,0,0,0
06-04-2026,Monday,5,02:00 PM,HR Analytics,Prof. Sharma,2,MBA,C,Auditorium,120,101,114.0,Theory,0,0,0
06-04-2026,Monday,6,03:00 PM,Advanced DBMS,Akash Upadhayay,2,MCA,C,Room 201,180,119,66.11,Theory,0,0,0
06-04-2026,Monday,1,09:00 AM,Cloud Computing,Akash Upadhayay,2,MBA,A,Lab 1,120,67,55.83,Practical,1,0,0
06-04-2026,Monday,2,10:00 AM,HR Analytics,Prof. Kulkarni,4,MBA,B,Lab 2,120,103,85.83,Practical,0,0,0
06-04-2026,Monday,3,11:15 AM,Advanced DBMS,Prof. Deshmukh,2,MBA,B,Lab 1,120,98,81.67,Practical,0,0,0
06-04-2026,Monday,4,12:15 PM,HR Analytics,Prof. Kulkarni,2,MCA,A,Auditorium,180,140,77.78,Theory,0,1,0
06-04-2026,Monday,5,02:00 PM,Cloud Computing,Akash Upadhayay,4,MBA,B,Lab 1,120,98,81.67,Practical,0,0,0
06-04-2026,Monday,6,03:00 PM,HR Analytics,Prof. Patil,4,MBA,C,Lab 2,120,75,114.0,Practical,0,1,0
06-04-2026,Monday,1,09:00 AM,Web Development,Prof. Deshmukh,2,MCA,C,Auditorium,180,107,59.44,Theory,0,0,0
06-04-2026,Monday,2,10:00 AM,Python Programming,Prof. Kulkarni,4,MCA,A,Lab 2,180,131,72.78,Practical,1,0,0
06-04-2026,Monday,3,11:15 AM,Web Development,Prof. Deshmukh,4,MCA,C,Room 201,180,139,77.22,Theory,0,0,0
06-04-2026,Monday,4,12:15 PM,Web Development,Prof. Deshmukh,2,MBA,A,Auditorium,120,75,62.5,Theory,0,1,0
06-04-2026,Monday,5,02:00 PM,HR Analytics,Prof. Deshmukh,4,MBA,C,Lab 1,120,104,86.67,Practical,0,0,0
06-04-2026,Monday,6,03:00 PM,Web Development,Prof. Deshmukh,2,MCA,A,Room 202,180,117,65.0,Theory,0,0,0
06-04-2026,Monday,1,09:00 AM,Cloud Computing,Ishwari Gaikwad,4,MBA,C,Room 202,120,72,60.0,Theory,0,0,1
06-04-2026,Monday,2,10:00 AM,Web Development,Prof. Patil,4,MCA,A,Room 202,180,147,81.67,Theory,0,0,0
06-04-2026,Monday,3,11:15 AM,Python Programming,Prof. Sharma,4,MCA,B,Room 201,180,140,77.78,Theory,0,1,0
06-04-2026,Monday,4,12:15 PM,Machine Learning,Ishwari Gaikwad,2,MCA,C,Room 201,180,170,94.44,Theory,0,0,0
06-04-2026,Monday,5,02:00 PM,Advanced DBMS,Prof. Sharma,2,MCA,A,Room 201,180,92,51.11,Theory,1,1,1
06-04-2026,Monday,6,03:00 PM,Python Programming,Prof. Patil,4,MCA,B,Lab 1,180,134,74.44,Practical,0,1,0
07-04-2026,Tuesday,1,09:00 AM,Cloud Computing,Prof. Patil,2,MCA,B,Room 202,180,93,51.67,Theory,0,0,1
07-04-2026,Tuesday,2,10:00 AM,Web Development,Prof. Patil,4,MBA,C,Room 202,120,87,72.5,Theory,0,0,1
07-04-2026,Tuesday,3,11:15 AM,Financial Management,Prof. Sharma,2,MBA,B,Lab 2,120,113,94.17,Practical,0,0,0
07-04-2026,Tuesday,4,12:15 PM,Machine Learning,Prof. Sharma,2,MCA,C,Room 202,180,138,76.67,Theory,0,1,0
07-04-2026,Tuesday,5,02:00 PM,Python Programming,Prof. Patil,2,MCA,C,Lab 1,180,174,96.67,Practical,0,0,0
07-04-2026,Tuesday,6,03:00 PM,HR Analytics,Prof. Sharma,2,MBA,C,Room 201,120,94,78.33,Theory,0,0,0
07-04-2026,Tuesday,1,09:00 AM,Cloud Computing,Prof. Sharma,2,MCA,B,Lab 1,180,153,85.0,Practical,0,0,0
07-04-2026,Tuesday,2,10:00 AM,Web Development,Prof. Sharma,2,MCA,B,Auditorium,180,106,58.89,Theory,0,0,1
07-04-2026,Tuesday,3,11:15 AM,Financial Management,Prof. Patil,4,MBA,C,Auditorium,120,103,85.83,Theory,0,0,0
07-04-2026,Tuesday,4,12:15 PM,Machine Learning,Prof. Patil,2,MCA,B,Room 201,180,127,70.56,Theory,1,1,0
07-04-2026,Tuesday,5,02:00 PM,Web Development,Akash Upadhayay,2,MBA,C,Room 201,120,116,96.67,Theory,0,0,0
07-04-2026,Tuesday,6,03:00 PM,Web Development,Prof. Patil,2,MCA,C,Auditorium,180,127,70.56,Theory,0,0,0
07-04-2026,Tuesday,1,09:00 AM,HR Analytics,Prof. Kulkarni,4,MBA,A,Lab 1,120,86,71.67,Practical,0,0,1
07-04-2026,Tuesday,2,10:00 AM,Financial Management,Prof. Patil,2,MCA,C,Auditorium,180,129,71.67,Theory,0,0,0
07-04-2026,Tuesday,3,11:15 AM,Machine Learning,Prof. Kulkarni,4,MCA,C,Auditorium,180,144,80.0,Theory,0,0,0
07-04-2026,Tuesday,4,12:15 PM,Web Development,Akash Upadhayay,4,MCA,B,Room 202,180,160,88.89,Theory,0,0,0
07-04-2026,Tuesday,5,02:00 PM,Machine Learning,Prof. Deshmukh,4,MBA,B,Room 202,120,107,89.17,Theory,0,0,0
07-04-2026,Tuesday,6,03:00 PM,Web Development,Prof. Patil,2,MCA,A,Lab 2,180,154,,Practical,0,0,0
07-04-2026,Tuesday,1,09:00 AM,Python Programming,Prof. Sharma,2,MBA,C,Room 202,120,95,79.17,Theory,0,0,0
07-04-2026,Tuesday,2,10:00 AM,Python Programming,Prof. Sharma,4,MCA,A,Room 202,180,149,82.78,Theory,0,1,0
07-04-2026,Tuesday,3,11:15 AM,Python Programming,Prof. Kulkarni,2,MBA,C,Auditorium,120,102,85.0,Theory,0,0,0
07-04-2026,Tuesday,4,12:15 PM,Cloud Computing,Akash Upadhayay,4,MCA,A,Auditorium,180,146,81.11,Theory,0,0,0
07-04-2026,Tuesday,5,02:00 PM,HR Analytics,Prof. Kulkarni,4,MCA,C,Room 201,180,170,94.44,Theory,0,1,0
07-04-2026,Tuesday,6,03:00 PM,HR Analytics,Prof. Sharma,4,MCA,C,Room 201,180,100,55.56,Theory,1,0,0
08-04-2026,Wednesday,1,09:00 AM,Web Development,Prof. Kulkarni,4,MBA,C,Lab 2,120,97,,Practical,0,0,0
08-04-2026,Wednesday,2,10:00 AM,Cloud Computing,Prof. Kulkarni,2,MBA,A,Lab 1,120,102,85.0,Practical,0,0,0
08-04-2026,Wednesday,3,11:15 AM,Web Development,Prof. Patil,4,MCA,B,Room 201,180,166,92.22,Theory,0,0,0
08-04-2026,Wednesday,4,12:15 PM,Advanced DBMS,Akash Upadhayay,2,MCA,A,Room 202,180,147,81.67,Theory,0,0,0
08-04-2026,Wednesday,5,02:00 PM,Cloud Computing,Akash Upadhayay,2,MCA,A,Room 202,180,144,80.0,Theory,0,0,0
08-04-2026,Wednesday,6,03:00 PM,Cloud Computing,Prof. Patil,2,MCA,B,Room 202,180,157,,Theory,0,0,0
08-04-2026,Wednesday,1,09:00 AM,Cloud Computing,Prof. Patil,2,MBA,C,Room 201,120,70,58.33,Theory,1,0,0
08-04-2026,Wednesday,2,10:00 AM,Advanced DBMS,Prof. Patil,4,MCA,A,Room 201,180,161,89.44,Theory,0,0,0
08-04-2026,Wednesday,3,11:15 AM,Web Development,Prof. Kulkarni,2,MCA,C,Room 201,180,146,81.11,Theory,0,0,0
08-04-2026,Wednesday,4,12:15 PM,Machine Learning,Prof. Deshmukh,4,MBA,B,Auditorium,120,100,83.33,Theory,0,0,0
08-04-2026,Wednesday,5,02:00 PM,Python Programming,Prof. Deshmukh,4,MBA,B,Room 201,120,105,87.5,Theory,0,0,0
08-04-2026,Wednesday,6,03:00 PM,Advanced DBMS,Prof. Kulkarni,2,MCA,B,Lab 2,180,175,97.22,Practical,0,0,0
08-04-2026,Wednesday,1,09:00 AM,Web Development,Akash Upadhayay,4,MCA,A,Room 202,180,145,80.56,Theory,0,0,0
08-04-2026,Wednesday,2,10:00 AM,HR Analytics,Prof. Kulkarni,2,MCA,A,Auditorium,180,128,71.11,Theory,0,0,0
08-04-2026,Wednesday,3,11:15 AM,Machine Learning,Prof. Sharma,4,MCA,A,Room 202,180,146,81.11,Theory,0,0,0
08-04-2026,Wednesday,4,12:15 PM,HR Analytics,Ishwari Gaikwad,2,MBA,B,Room 201,120,114,95.0,Theory,0,0,0
08-04-2026,Wednesday,5,02:00 PM,Web Development,Akash Upadhayay,4,MBA,C,Lab 2,120,108,90.0,Practical,0,0,0
08-04-2026,Wednesday,6,03:00 PM,Python Programming,Prof. Deshmukh,2,MCA,A,Auditorium,180,133,73.89,Theory,0,0,0
08-04-2026,Wednesday,1,09:00 AM,Financial Management,Prof. Kulkarni,2,MCA,B,Lab 1,180,150,83.33,Practical,0,1,0
08-04-2026,Wednesday,2,10:00 AM,Web Development,Prof. Deshmukh,4,MBA,B,Room 202,120,107,89.17,Theory,0,0,0
08-04-2026,Wednesday,3,11:15 AM,Machine Learning,Prof. Deshmukh,4,MCA,A,Lab 2,180,142,78.89,Practical,0,0,0
08-04-2026,Wednesday,4,12:15 PM,Machine Learning,Ishwari Gaikwad,4,MCA,A,Lab 2,180,176,97.78,Practical,0,0,0
08-04-2026,Wednesday,5,02:00 PM,Financial Management,Prof. Sharma,2,MBA,A,Lab 2,120,117,97.5,Practical,0,0,0
08-04-2026,Wednesday,6,03:00 PM,Web Development,Ishwari Gaikwad,2,MCA,B,Lab 1,180,163,90.56,Practical,0,0,0
09-04-2026,Thursday,1,09:00 AM,Python Programming,Prof. Patil,2,MCA,C,Lab 2,180,143,79.44,Practical,0,1,0
09-04-2026,Thursday,2,10:00 AM,Financial Management,Akash Upadhayay,2,MCA,A,Room 201,180,164,91.11,Theory,0,0,0
09-04-2026,Thursday,3,11:15 AM,Financial Management,Prof. Kulkarni,4,MCA,A,Auditorium,180,148,82.22,Theory,0,0,0
09-04-2026,Thursday,4,12:15 PM,Financial Management,Prof. Kulkarni,4,MCA,B,Auditorium,180,149,82.78,Theory,0,0,0
09-04-2026,Thursday,5,02:00 PM,HR Analytics,Ishwari Gaikwad,4,MCA,A,Room 202,180,123,68.33,Theory,1,0,0
09-04-2026,Thursday,6,03:00 PM,Machine Learning,Prof. Patil,4,MCA,C,Lab 2,180,134,74.44,Practical,0,0,1
09-04-2026,Thursday,1,09:00 AM,Machine Learning,Prof. Deshmukh,2,MCA,A,Room 202,180,146,81.11,Theory,0,0,0
09-04-2026,Thursday,2,10:00 AM,HR Analytics,Prof. Patil,4,MBA,A,Room 201,120,107,89.17,Theory,0,1,0
09-04-2026,Thursday,3,11:15 AM,Advanced DBMS,Akash Upadhayay,2,MCA,A,Room 201,180,153,85.0,Theory,0,0,0
09-04-2026,Thursday,4,12:15 PM,Cloud Computing,Prof. Sharma,4,MCA,A,Room 202,180,119,66.11,Theory,1,0,0
09-04-2026,Thursday,5,02:00 PM,HR Analytics,Ishwari Gaikwad,2,MCA,C,Lab 2,180,135,75.0,Practical,1,1,0
09-04-2026,Thursday,6,03:00 PM,HR Analytics,Prof. Deshmukh,2,MBA,C,Room 202,120,70,58.33,Theory,0,0,1
09-04-2026,Thursday,1,09:00 AM,Machine Learning,Prof. Deshmukh,2,MBA,A,Lab 1,120,101,84.17,Practical,0,0,0
09-04-2026,Thursday,2,10:00 AM,Financial Management,Ishwari Gaikwad,2,MCA,B,Room 202,180,159,88.33,Theory,0,1,0
09-04-2026,Thursday,3,11:15 AM,Web Development,Akash Upadhayay,4,MCA,C,Room 201,180,161,89.44,Theory,0,0,0
09-04-2026,Thursday,4,12:15 PM,Cloud Computing,Prof. Kulkarni,2,MCA,B,Lab 1,180,156,86.67,Practical,0,0,0
09-04-2026,Thursday,5,02:00 PM,Machine Learning,Ishwari Gaikwad,2,MBA,A,Auditorium,120,100,83.33,Theory,0,1,0
09-04-2026,Thursday,6,03:00 PM,Financial Management,Prof. Kulkarni,2,MBA,A,Room 201,120,99,82.5,Theory,0,0,0
09-04-2026,Thursday,1,09:00 AM,HR Analytics,Prof. Deshmukh,2,MBA,C,Lab 1,120,79,65.83,Practical,0,1,1
09-04-2026,Thursday,2,10:00 AM,Machine Learning,Prof. Kulkarni,2,MCA,B,Room 201,180,140,77.78,Theory,0,0,0
09-04-2026,Thursday,3,11:15 AM,Cloud Computing,Ishwari Gaikwad,4,MCA,C,Lab 2,180,176,97.78,Practical,0,0,0
09-04-2026,Thursday,4,12:15 PM,HR Analytics,Prof. Patil,2,MCA,A,Lab 2,180,176,97.78,Practical,0,1,0
09-04-2026,Thursday,5,02:00 PM,Python Programming,Prof. Sharma,4,MCA,C,Auditorium,180,173,96.11,Theory,0,0,0
09-04-2026,Thursday,6,03:00 PM,Python Programming,Prof. Kulkarni,4,MCA,A,Room 202,180,141,78.33,Theory,0,0,0
10-04-2026,Friday,1,09:00 AM,Financial Management,Ishwari Gaikwad,4,MCA,B,Room 201,180,135,75.0,Theory,0,0,0
10-04-2026,Friday,2,10:00 AM,Web Development,Prof. Deshmukh,2,MCA,C,Lab 1,180,176,97.78,Practical,0,0,0
10-04-2026,Friday,3,11:15 AM,Financial Management,Prof. Deshmukh,2,MCA,B,Lab 1,180,157,87.22,Practical,1,1,0
10-04-2026,Friday,4,12:15 PM,Advanced DBMS,Prof. Patil,4,MBA,B,Room 201,120,116,96.67,Theory,0,0,0
10-04-2026,Friday,5,02:00 PM,Web Development,Ishwari Gaikwad,2,MBA,A,Lab 2,120,104,86.67,Practical,0,0,0
10-04-2026,Friday,6,03:00 PM,HR Analytics,Ishwari Gaikwad,4,MCA,A,Auditorium,180,106,58.89,Theory,0,0,1
10-04-2026,Friday,1,09:00 AM,Financial Management,Prof. Patil,4,MBA,B,Lab 1,120,89,74.17,Practical,0,0,0
10-04-2026,Friday,2,10:00 AM,Financial Management,Prof. Kulkarni,2,MCA,C,Room 201,180,151,83.89,Theory,0,0,0
10-04-2026,Friday,3,11:15 AM,Financial Management,Prof. Sharma,2,MCA,A,Lab 1,180,117,65.0,Practical,1,0,0
10-04-2026,Friday,4,12:15 PM,HR Analytics,Prof. Deshmukh,2,MCA,C,Auditorium,180,149,,Theory,0,0,0
10-04-2026,Friday,5,02:00 PM,Machine Learning,Ishwari Gaikwad,2,MCA,B,Room 201,180,145,80.56,Theory,0,1,0
10-04-2026,Friday,6,03:00 PM,Financial Management,Akash Upadhayay,2,MCA,A,Auditorium,180,158,87.78,Theory,0,1,0
10-04-2026,Friday,1,09:00 AM,Financial Management,Ishwari Gaikwad,4,MCA,C,Lab 1,180,107,59.44,Practical,0,0,1
10-04-2026,Friday,2,10:00 AM,Machine Learning,Ishwari Gaikwad,4,MBA,B,Auditorium,120,106,88.33,Theory,0,0,0
10-04-2026,Friday,3,11:15 AM,Advanced DBMS,Akash Upadhayay,2,MCA,C,Lab 2,180,155,86.11,Practical,0,0,0
10-04-2026,Friday,4,12:15 PM,HR Analytics,Prof. Deshmukh,4,MBA,B,Auditorium,120,97,80.83,Theory,0,0,0
10-04-2026,Friday,5,02:00 PM,Advanced DBMS,Prof. Sharma,2,MCA,C,Lab 1,180,157,87.22,Practical,0,1,0
10-04-2026,Friday,6,03:00 PM,Python Programming,Prof. Sharma,4,MCA,A,Room 202,180,141,78.33,Theory,0,0,0
10-04-2026,Friday,1,09:00 AM,Financial Management,Akash Upadhayay,4,MCA,A,Room 202,180,131,72.78,Theory,0,0,0
10-04-2026,Friday,2,10:00 AM,Machine Learning,Prof. Patil,2,MBA,A,Lab 1,120,82,68.33,Practical,1,1,1
10-04-2026,Friday,3,11:15 AM,Python Programming,Akash Upadhayay,2,MCA,A,Auditorium,180,127,70.56,Theory,0,0,0
10-04-2026,Friday,4,12:15 PM,Advanced DBMS,Prof. Deshmukh,4,MBA,C,Room 201,120,88,73.33,Theory,1,0,0
10-04-2026,Friday,5,02:00 PM,Machine Learning,Ishwari Gaikwad,4,MBA,B,Auditorium,120,106,88.33,Theory,0,1,0
10-04-2026,Friday,6,03:00 PM,Python Programming,Ishwari Gaikwad,2,MCA,B,Room 201,180,125,4.0,Theory,1,0,0
11-04-2026,Saturday,1,09:00 AM,Python Programming,Prof. Patil,4,MBA,B,Auditorium,120,76,63.33,Theory,0,0,0
11-04-2026,Saturday,2,10:00 AM,Financial Management,Prof. Deshmukh,4,MCA,B,Lab 1,180,138,76.67,Practical,0,1,0
11-04-2026,Saturday,3,11:15 AM,HR Analytics,Prof. Patil,4,MCA,B,Lab 2,180,141,78.33,Practical,0,0,0
11-04-2026,Saturday,4,12:15 PM,Web Development,Prof. Sharma,4,MCA,A,Lab 1,180,164,91.11,Practical,0,0,0
11-04-2026,Saturday,5,02:00 PM,Financial Management,Ishwari Gaikwad,4,MBA,B,Auditorium,120,89,74.17,Theory,0,0,0
11-04-2026,Saturday,6,03:00 PM,Financial Management,Prof. Sharma,4,MCA,C,Room 202,180,104,,Theory,0,0,0
11-04-2026,Saturday,1,09:00 AM,Advanced DBMS,Akash Upadhayay,2,MBA,A,Lab 1,120,85,70.83,Practical,0,0,0
11-04-2026,Saturday,2,10:00 AM,Financial Management,Prof. Deshmukh,4,MCA,A,Lab 1,180,154,85.56,Practical,0,0,0
11-04-2026,Saturday,3,11:15 AM,Python Programming,Ishwari Gaikwad,2,MCA,C,Lab 2,180,132,73.33,Practical,0,0,0
11-04-2026,Saturday,4,12:15 PM,Financial Management,Prof. Patil,4,MBA,B,Room 202,120,100,83.33,Theory,0,0,0
11-04-2026,Saturday,5,02:00 PM,Web Development,Prof. Sharma,4,MCA,A,Room 202,180,114,63.33,Theory,0,1,1
11-04-2026,Saturday,6,03:00 PM,Financial Management,Prof. Kulkarni,4,MBA,A,Lab 2,120,89,74.17,Practical,0,0,0
11-04-2026,Saturday,1,09:00 AM,Python Programming,Prof. Sharma,4,MCA,B,Auditorium,180,121,67.22,Theory,0,1,0
11-04-2026,Saturday,2,10:00 AM,Machine Learning,Prof. Kulkarni,2,MBA,B,Auditorium,120,99,82.5,Theory,0,0,0
11-04-2026,Saturday,3,11:15 AM,Advanced DBMS,Prof. Patil,2,MBA,A,Lab 2,120,89,74.17,Practical,1,0,0
11-04-2026,Saturday,4,12:15 PM,Python Programming,Prof. Sharma,2,MBA,A,Auditorium,120,80,66.67,Theory,0,1,0
11-04-2026,Saturday,5,02:00 PM,Financial Management,Akash Upadhayay,2,MBA,B,Room 201,120,104,86.67,Theory,0,0,0
11-04-2026,Saturday,6,03:00 PM,Python Programming,Ishwari Gaikwad,2,MCA,C,Auditorium,180,114,63.33,Theory,0,0,1
11-04-2026,Saturday,1,09:00 AM,Python Programming,Akash Upadhayay,2,MCA,C,Auditorium,180,129,71.67,Theory,0,0,0
11-04-2026,Saturday,2,10:00 AM,HR Analytics,Akash Upadhayay,2,MBA,A,Lab 1,120,113,94.17,Practical,0,0,0
11-04-2026,Saturday,3,11:15 AM,Machine Learning,Akash Upadhayay,2,MCA,A,Room 201,180,91,50.56,Theory,1,0,1
11-04-2026,Saturday,4,12:15 PM,Advanced DBMS,Akash Upadhayay,4,MCA,B,Lab 2,180,137,76.11,Practical,0,1,0
11-04-2026,Saturday,5,02:00 PM,Cloud Computing,Ishwari Gaikwad,4,MCA,A,Room 201,180,159,120.0,Theory,0,0,0
11-04-2026,Saturday,6,03:00 PM,Financial Management,Prof. Deshmukh,4,MBA,A,Room 202,120,67,55.83,Theory,0,0,0
12-04-2026,Monday,1,09:00 AM,Python Programming,Ishwari Gaikwad,4,MCA,C,Lab 2,180,158,87.78,Practical,0,0,0
12-04-2026,Monday,2,10:00 AM,Web Development,Prof. Kulkarni,4,MCA,C,Room 201,180,109,60.56,Theory,0,0,1
12-04-2026,Monday,3,11:15 AM,Python Programming,Prof. Kulkarni,2,MCA,C,Room 201,180,112,62.22,Theory,1,1,0
12-04-2026,Monday,4,12:15 PM,Web Development,Prof. Sharma,4,MBA,B,Lab 2,120,111,92.5,Practical,0,0,0
12-04-2026,Monday,5,02:00 PM,HR Analytics,Akash Upadhayay,2,MCA,B,Room 202,180,133,,Theory,0,0,0
12-04-2026,Monday,6,03:00 PM,Cloud Computing,Prof. Kulkarni,4,MCA,B,Lab 1,180,148,82.22,Practical,0,0,0
12-04-2026,Monday,1,09:00 AM,Web Development,Prof. Deshmukh,4,MBA,A,Room 201,120,72,60.0,Theory,1,0,0
12-04-2026,Monday,2,10:00 AM,Machine Learning,Prof. Patil,4,MCA,C,Room 201,180,135,75.0,Theory,0,0,0
12-04-2026,Monday,3,11:15 AM,Cloud Computing,Prof. Patil,2,MCA,B,Lab 2,180,154,85.56,Practical,0,1,0
12-04-2026,Monday,4,12:15 PM,Financial Management,Prof. Sharma,2,MBA,B,Lab 2,120,107,89.17,Practical,0,1,0
12-04-2026,Monday,5,02:00 PM,Machine Learning,Prof. Deshmukh,2,MCA,C,Lab 2,180,137,76.11,Practical,0,0,0
12-04-2026,Monday,6,03:00 PM,HR Analytics,Prof. Sharma,4,MCA,C,Room 202,180,133,73.89,Theory,0,0,0
12-04-2026,Monday,1,09:00 AM,Financial Management,Prof. Deshmukh,2,MBA,A,Lab 1,120,90,75.0,Practical,0,0,0
12-04-2026,Monday,2,10:00 AM,Advanced DBMS,Prof. Patil,2,MCA,C,Room 201,180,165,91.67,Theory,0,1,0
12-04-2026,Monday,3,11:15 AM,HR Analytics,Akash Upadhayay,4,MBA,C,Room 202,120,71,59.17,Theory,0,1,1
12-04-2026,Monday,4,12:15 PM,Advanced DBMS,Prof. Sharma,2,MCA,A,Auditorium,180,142,78.89,Theory,0,0,0
12-04-2026,Monday,5,02:00 PM,Advanced DBMS,Prof. Kulkarni,4,MCA,A,Room 202,180,119,66.11,Theory,0,0,0
12-04-2026,Monday,6,03:00 PM,HR Analytics,Prof. Deshmukh,4,MBA,B,Room 202,120,93,77.5,Theory,0,0,0
12-04-2026,Monday,1,09:00 AM,Python Programming,Prof. Deshmukh,2,MCA,A,Room 202,180,131,72.78,Theory,0,0,0
12-04-2026,Monday,2,10:00 AM,Advanced DBMS,Prof. Deshmukh,4,MCA,A,Room 201,180,144,80.0,Theory,0,0,0
12-04-2026,Monday,3,11:15 AM,Advanced DBMS,Prof. Patil,4,MBA,B,Auditorium,120,95,79.17,Theory,0,0,0
12-04-2026,Monday,4,12:15 PM,Advanced DBMS,Akash Upadhayay,4,MBA,C,Lab 2,120,103,85.83,Practical,0,1,0
12-04-2026,Monday,5,02:00 PM,Machine Learning,Prof. Kulkarni,2,MBA,C,Auditorium,120,94,78.33,Theory,0,1,0
12-04-2026,Monday,6,03:00 PM,Advanced DBMS,Prof. Deshmukh,4,MCA,C,Room 201,180,147,,Theory,0,0,0
13-04-2026,Monday,1,09:00 AM,Cloud Computing,Akash Upadhayay,2,MCA,B,Lab 2,180,140,77.78,Practical,0,0,0
13-04-2026,Monday,2,10:00 AM,Web Development,Akash Upadhayay,2,MCA,B,Lab 1,180,122,67.78,Practical,0,0,0
13-04-2026,Monday,3,11:15 AM,Machine Learning,Ishwari Gaikwad,2,MCA,A,Lab 1,180,157,87.22,Practical,0,0,0
13-04-2026,Monday,4,12:15 PM,Cloud Computing,Prof. Deshmukh,2,MBA,C,Auditorium,120,77,64.17,Theory,0,1,1
13-04-2026,Monday,5,02:00 PM,Python Programming,Ishwari Gaikwad,2,MBA,C,Lab 2,120,110,91.67,Practical,0,0,0
13-04-2026,Monday,6,03:00 PM,Python Programming,Prof. Kulkarni,2,MBA,B,Lab 2,120,97,80.83,Practical,0,0,0
13-04-2026,Monday,1,09:00 AM,Web Development,Prof. Kulkarni,2,MCA,B,Auditorium,180,109,60.56,Theory,1,0,0
13-04-2026,Monday,2,10:00 AM,HR Analytics,Ishwari Gaikwad,2,MCA,B,Room 202,180,137,76.11,Theory,0,1,0
13-04-2026,Monday,3,11:15 AM,Machine Learning,Prof. Sharma,4,MCA,A,Room 201,180,145,80.56,Theory,0,0,0
13-04-2026,Monday,4,12:15 PM,Machine Learning,Akash Upadhayay,4,MBA,B,Lab 1,120,96,80.0,Practical,0,0,0
13-04-2026,Monday,5,02:00 PM,Financial Management,Prof. Patil,4,MBA,B,Lab 2,120,74,61.67,Practical,0,0,1
13-04-2026,Monday,6,03:00 PM,Python Programming,Prof. Patil,2,MCA,A,Room 202,180,144,80.0,Theory,0,0,0
13-04-2026,Monday,1,09:00 AM,Web Development,Prof. Kulkarni,4,MCA,A,Lab 1,180,115,63.89,Practical,0,0,1
13-04-2026,Monday,2,10:00 AM,Machine Learning,Prof. Kulkarni,2,MBA,B,Room 201,120,79,114.0,Theory,1,0,0
13-04-2026,Monday,3,11:15 AM,Machine Learning,Prof. Kulkarni,2,MCA,C,Lab 2,180,125,114.0,Practical,0,1,0
13-04-2026,Monday,4,12:15 PM,Web Development,Akash Upadhayay,2,MCA,B,Room 202,180,124,68.89,Theory,1,0,0
13-04-2026,Monday,5,02:00 PM,Advanced DBMS,Prof. Deshmukh,4,MBA,B,Auditorium,120,76,63.33,Theory,1,0,0
13-04-2026,Monday,6,03:00 PM,Python Programming,Prof. Kulkarni,4,MCA,C,Room 201,180,115,63.89,Theory,0,0,0
13-04-2026,Monday,1,09:00 AM,HR Analytics,Prof. Patil,4,MCA,B,Auditorium,180,131,72.78,Theory,0,0,0
13-04-2026,Monday,2,10:00 AM,Web Development,Akash Upadhayay,4,MCA,C,Auditorium,180,140,77.78,Theory,0,0,0
13-04-2026,Monday,3,11:15 AM,Python Programming,Prof. Patil,2,MBA,A,Room 202,120,101,84.17,Theory,0,0,0
13-04-2026,Monday,4,12:15 PM,Web Development,Prof. Sharma,4,MCA,C,Auditorium,180,148,82.22,Theory,0,0,0
13-04-2026,Monday,5,02:00 PM,Python Programming,Prof. Sharma,2,MBA,A,Lab 1,120,114,95.0,Practical,0,0,0
13-04-2026,Monday,6,03:00 PM,Python Programming,Prof. Patil,2,MBA,A,Lab 1,120,97,80.83,Practical,0,1,0
14-04-2026,Tuesday,1,09:00 AM,HR Analytics,Prof. Kulkarni,4,MCA,A,Room 201,180,61,33.89,Theory,0,1,1
14-04-2026,Tuesday,2,10:00 AM,Python Programming,Prof. Kulkarni,4,MBA,B,Room 202,120,112,93.33,Theory,0,0,0
14-04-2026,Tuesday,3,11:15 AM,Python Programming,Prof. Patil,2,MCA,A,Auditorium,180,156,86.67,Theory,0,0,0
14-04-2026,Tuesday,4,12:15 PM,Python Programming,Prof. Sharma,4,MCA,B,Room 201,180,121,67.22,Theory,1,0,0
14-04-2026,Tuesday,5,02:00 PM,HR Analytics,Prof. Sharma,2,MCA,A,Room 202,180,133,73.89,Theory,0,0,1
14-04-2026,Tuesday,6,03:00 PM,Cloud Computing,Prof. Sharma,2,MCA,C,Auditorium,180,124,68.89,Theory,0,0,0
14-04-2026,Tuesday,1,09:00 AM,Cloud Computing,Prof. Patil,4,MCA,B,Room 201,180,146,120.0,Theory,0,0,0
14-04-2026,Tuesday,2,10:00 AM,HR Analytics,Prof. Deshmukh,2,MBA,B,Lab 2,120,110,91.67,Practical,0,0,1
14-04-2026,Tuesday,3,11:15 AM,HR Analytics,Prof. Deshmukh,4,MCA,A,Auditorium,180,146,81.11,Theory,0,0,0
14-04-2026,Tuesday,4,12:15 PM,Cloud Computing,Ishwari Gaikwad,4,MBA,C,Auditorium,120,102,85.0,Theory,0,0,0
14-04-2026,Tuesday,5,02:00 PM,Cloud Computing,Prof. Deshmukh,4,MCA,C,Auditorium,180,176,97.78,Theory,0,1,0
14-04-2026,Tuesday,6,03:00 PM,Cloud Computing,Prof. Patil,4,MBA,C,Room 201,120,90,,Theory,0,0,0
14-04-2026,Tuesday,1,09:00 AM,Cloud Computing,Prof. Kulkarni,2,MBA,C,Auditorium,120,74,61.67,Theory,0,0,0
14-04-2026,Tuesday,2,10:00 AM,Financial Management,Prof. Sharma,4,MCA,B,Lab 2,180,159,88.33,Practical,0,0,0
14-04-2026,Tuesday,3,11:15 AM,HR Analytics,Prof. Sharma,2,MBA,A,Lab 1,120,93,77.5,Practical,0,0,1
14-04-2026,Tuesday,4,12:15 PM,Cloud Computing,Prof. Sharma,4,MBA,A,Lab 1,120,101,84.17,Practical,0,0,0
14-04-2026,Tuesday,5,02:00 PM,HR Analytics,Prof. Patil,2,MBA,A,Room 201,120,117,97.5,Theory,0,1,0
14-04-2026,Tuesday,6,03:00 PM,Python Programming,Akash Upadhayay,4,MBA,A,Room 201,120,112,93.33,Theory,0,0,0
14-04-2026,Tuesday,1,09:00 AM,Cloud Computing,Ishwari Gaikwad,4,MBA,C,Lab 2,120,100,83.33,Practical,0,0,0
14-04-2026,Tuesday,2,10:00 AM,Web Development,Prof. Patil,4,MCA,C,Lab 1,180,144,80.0,Practical,1,0,0
14-04-2026,Tuesday,3,11:15 AM,Cloud Computing,Prof. Kulkarni,2,MCA,A,Lab 1,180,150,83.33,Practical,0,0,0
14-04-2026,Tuesday,4,12:15 PM,Python Programming,Prof. Kulkarni,2,MCA,C,Room 202,180,155,86.11,Theory,0,0,0
14-04-2026,Tuesday,5,02:00 PM,HR Analytics,Prof. Patil,2,MCA,B,Room 201,180,161,89.44,Theory,0,1,0
14-04-2026,Tuesday,6,03:00 PM,Python Programming,Prof. Patil,4,MCA,B,Room 202,180,159,88.33,Theory,0,0,0
15-04-2026,Wednesday,1,09:00 AM,Financial Management,Prof. Sharma,2,MCA,C,Room 201,180,156,86.67,Theory,0,0,0
15-04-2026,Wednesday,2,10:00 AM,Financial Management,Prof. Kulkarni,2,MBA,B,Room 202,120,83,69.17,Theory,0,0,1
15-04-2026,Wednesday,3,11:15 AM,Financial Management,Akash Upadhayay,2,MBA,A,Lab 2,120,115,95.83,Practical,0,1,0
15-04-2026,Wednesday,4,12:15 PM,Web Development,Prof. Kulkarni,2,MBA,A,Lab 1,120,86,71.67,Practical,1,0,0
15-04-2026,Wednesday,5,02:00 PM,Financial Management,Prof. Kulkarni,2,MCA,B,Lab 2,180,156,86.67,Practical,0,0,0
15-04-2026,Wednesday,6,03:00 PM,HR Analytics,Prof. Deshmukh,4,MBA,A,Auditorium,120,76,63.33,Theory,0,0,0
15-04-2026,Wednesday,1,09:00 AM,Cloud Computing,Ishwari Gaikwad,2,MBA,B,Room 202,120,98,81.67,Theory,0,0,0
15-04-2026,Wednesday,2,10:00 AM,Machine Learning,Prof. Deshmukh,4,MCA,A,Room 201,180,145,80.56,Theory,0,0,0
15-04-2026,Wednesday,3,11:15 AM,Machine Learning,Prof. Sharma,2,MBA,A,Room 202,120,107,89.17,Theory,0,1,0
15-04-2026,Wednesday,4,12:15 PM,Web Development,Akash Upadhayay,2,MCA,A,Room 201,180,157,87.22,Theory,0,1,0
15-04-2026,Wednesday,5,02:00 PM,Machine Learning,Prof. Kulkarni,2,MCA,C,Lab 1,180,109,60.56,Practical,1,0,1
15-04-2026,Wednesday,6,03:00 PM,HR Analytics,Prof. Sharma,4,MCA,A,Lab 2,180,156,86.67,Practical,0,0,0
15-04-2026,Wednesday,1,09:00 AM,Cloud Computing,Prof. Patil,4,MBA,C,Lab 1,120,92,76.67,Practical,0,1,0
15-04-2026,Wednesday,2,10:00 AM,Advanced DBMS,Ishwari Gaikwad,4,MCA,B,Auditorium,180,155,86.11,Theory,0,0,0
15-04-2026,Wednesday,3,11:15 AM,Financial Management,Prof. Deshmukh,2,MCA,B,Room 201,180,159,,Theory,0,0,0
15-04-2026,Wednesday,4,12:15 PM,Web Development,Ishwari Gaikwad,2,MCA,B,Lab 1,180,173,96.11,Practical,0,0,0
15-04-2026,Wednesday,5,02:00 PM,Cloud Computing,Prof. Kulkarni,2,MBA,B,Auditorium,120,95,79.17,Theory,0,1,0
15-04-2026,Wednesday,6,03:00 PM,Advanced DBMS,Ishwari Gaikwad,4,MBA,B,Lab 1,120,113,94.17,Practical,0,0,0
15-04-2026,Wednesday,1,09:00 AM,Machine Learning,Prof. Sharma,4,MBA,A,Room 201,120,93,77.5,Theory,0,0,0
15-04-2026,Wednesday,2,10:00 AM,HR Analytics,Ishwari Gaikwad,4,MCA,A,Lab 2,180,133,73.89,Practical,0,1,1
15-04-2026,Wednesday,3,11:15 AM,HR Analytics,Prof. Sharma,4,MCA,A,Lab 1,180,155,86.11,Practical,0,0,0
15-04-2026,Wednesday,4,12:15 PM,Web Development,Prof. Sharma,2,MCA,C,Lab 1,180,176,97.78,Practical,0,0,0
15-04-2026,Wednesday,5,02:00 PM,Python Programming,Prof. Patil,4,MCA,B,Auditorium,180,129,71.67,Theory,1,0,0
15-04-2026,Wednesday,6,03:00 PM,Web Development,Akash Upadhayay,2,MCA,B,Lab 2,180,158,87.78,Practical,0,0,0
16-04-2026,Thursday,1,09:00 AM,Web Development,Ishwari Gaikwad,2,MBA,C,Lab 2,120,79,65.83,Practical,1,0,0
16-04-2026,Thursday,2,10:00 AM,Web Development,Prof. Sharma,4,MCA,A,Auditorium,180,137,76.11,Theory,0,0,0
16-04-2026,Thursday,3,11:15 AM,Web Development,Prof. Patil,2,MCA,A,Lab 1,180,153,85.0,Practical,1,0,0
16-04-2026,Thursday,4,12:15 PM,Python Programming,Akash Upadhayay,4,MCA,C,Room 202,180,142,78.89,Theory,0,1,1
16-04-2026,Thursday,5,02:00 PM,Machine Learning,Prof. Sharma,2,MCA,C,Room 201,180,169,93.89,Theory,0,0,0
16-04-2026,Thursday,6,03:00 PM,Financial Management,Prof. Sharma,4,MBA,A,Room 202,120,82,68.33,Theory,0,0,1
16-04-2026,Thursday,1,09:00 AM,Advanced DBMS,Prof. Kulkarni,2,MBA,B,Lab 2,120,83,69.17,Practical,0,0,0
16-04-2026,Thursday,2,10:00 AM,HR Analytics,Prof. Sharma,4,MCA,A,Room 201,180,152,84.44,Theory,0,0,0
16-04-2026,Thursday,3,11:15 AM,Machine Learning,Akash Upadhayay,2,MBA,B,Room 201,120,87,72.5,Theory,1,0,0
16-04-2026,Thursday,4,12:15 PM,Web Development,Ishwari Gaikwad,2,MCA,B,Lab 2,180,166,92.22,Practical,1,1,0
16-04-2026,Thursday,5,02:00 PM,Machine Learning,Prof. Sharma,2,MCA,C,Auditorium,180,152,84.44,Theory,0,1,0
16-04-2026,Thursday,6,03:00 PM,Web Development,Prof. Kulkarni,2,MCA,C,Lab 2,180,112,62.22,Practical,1,1,0
16-04-2026,Thursday,1,09:00 AM,Web Development,Prof. Patil,4,MCA,B,Auditorium,180,137,76.11,Theory,0,0,0
16-04-2026,Thursday,2,10:00 AM,Cloud Computing,Akash Upadhayay,2,MBA,B,Lab 2,120,113,94.17,Practical,0,1,0
16-04-2026,Thursday,3,11:15 AM,Web Development,Akash Upadhayay,2,MBA,A,Lab 1,120,109,90.83,Practical,0,0,0
16-04-2026,Thursday,4,12:15 PM,Financial Management,Prof. Patil,4,MCA,B,Auditorium,180,163,,Theory,0,0,0
16-04-2026,Thursday,5,02:00 PM,Web Development,Prof. Kulkarni,4,MBA,A,Lab 2,120,115,95.83,Practical,0,0,0
16-04-2026,Thursday,6,03:00 PM,Advanced DBMS,Prof. Patil,4,MBA,A,Lab 2,120,101,84.17,Practical,0,0,0
16-04-2026,Thursday,1,09:00 AM,Cloud Computing,Ishwari Gaikwad,4,MCA,C,Lab 1,180,126,70.0,Practical,0,0,0
16-04-2026,Thursday,2,10:00 AM,Financial Management,Prof. Kulkarni,2,MBA,C,Lab 2,120,106,88.33,Practical,0,1,0
16-04-2026,Thursday,3,11:15 AM,Cloud Computing,Ishwari Gaikwad,2,MBA,A,Auditorium,120,110,91.67,Theory,0,0,0
16-04-2026,Thursday,4,12:15 PM,Advanced DBMS,Prof. Sharma,2,MCA,B,Room 202,180,172,95.56,Theory,0,0,0
16-04-2026,Thursday,5,02:00 PM,Cloud Computing,Ishwari Gaikwad,4,MCA,C,Lab 1,180,128,71.11,Practical,0,0,1
16-04-2026,Thursday,6,03:00 PM,Advanced DBMS,Prof. Patil,2,MCA,A,Lab 1,180,148,120.0,Practical,0,0,0
17-04-2026,Friday,1,09:00 AM,HR Analytics,Prof. Kulkarni,4,MBA,B,Lab 1,120,84,,Practical,1,0,0
17-04-2026,Friday,2,10:00 AM,Cloud Computing,Prof. Kulkarni,2,MCA,B,Room 202,180,148,82.22,Theory,0,0,0
17-04-2026,Friday,3,11:15 AM,Python Programming,Ishwari Gaikwad,4,MBA,A,Lab 2,120,117,97.5,Practical,0,0,0
17-04-2026,Friday,4,12:15 PM,Financial Management,Prof. Patil,2,MCA,C,Room 201,180,150,114.0,Theory,0,0,0
17-04-2026,Friday,5,02:00 PM,Web Development,Akash Upadhayay,2,MBA,C,Room 201,120,99,82.5,Theory,0,1,0
17-04-2026,Friday,6,03:00 PM,Financial Management,Ishwari Gaikwad,2,MCA,B,Lab 2,180,152,84.44,Practical,0,0,0
17-04-2026,Friday,1,09:00 AM,Python Programming,Akash Upadhayay,4,MCA,C,Lab 1,180,151,83.89,Practical,0,0,0
17-04-2026,Friday,2,10:00 AM,Web Development,Prof. Kulkarni,2,MBA,A,Lab 1,120,100,83.33,Practical,0,0,0
17-04-2026,Friday,3,11:15 AM,Web Development,Prof. Sharma,2,MCA,B,Auditorium,180,144,80.0,Theory,0,0,0
17-04-2026,Friday,4,12:15 PM,Advanced DBMS,Prof. Sharma,2,MCA,A,Room 202,180,168,93.33,Theory,0,0,0
17-04-2026,Friday,5,02:00 PM,Advanced DBMS,Ishwari Gaikwad,2,MBA,A,Room 202,120,79,65.83,Theory,1,0,0
17-04-2026,Friday,6,03:00 PM,Advanced DBMS,Prof. Sharma,4,MCA,C,Auditorium,180,129,71.67,Theory,0,0,0
17-04-2026,Friday,1,09:00 AM,Advanced DBMS,Ishwari Gaikwad,2,MBA,B,Auditorium,120,95,79.17,Theory,0,0,0
17-04-2026,Friday,2,10:00 AM,Web Development,Prof. Patil,2,MCA,B,Auditorium,180,154,85.56,Theory,0,0,0
17-04-2026,Friday,3,11:15 AM,HR Analytics,Ishwari Gaikwad,2,MCA,A,Room 201,180,175,4.0,Theory,0,0,0
17-04-2026,Friday,4,12:15 PM,Financial Management,Prof. Deshmukh,4,MCA,C,Auditorium,180,157,,Theory,0,0,0
17-04-2026,Friday,5,02:00 PM,Python Programming,Prof. Sharma,4,MCA,B,Lab 2,180,142,78.89,Practical,0,0,0
17-04-2026,Friday,6,03:00 PM,Web Development,Prof. Kulkarni,4,MBA,A,Room 201,120,78,65.0,Theory,1,0,0
17-04-2026,Friday,1,09:00 AM,Web Development,Prof. Sharma,4,MBA,A,Auditorium,120,81,67.5,Theory,0,0,0
17-04-2026,Friday,2,10:00 AM,Cloud Computing,Prof. Patil,2,MBA,C,Auditorium,120,104,86.67,Theory,0,0,0
17-04-2026,Friday,3,11:15 AM,Advanced DBMS,Prof. Deshmukh,4,MCA,A,Room 201,180,138,76.67,Theory,0,0,0
17-04-2026,Friday,4,12:15 PM,Web Development,Prof. Kulkarni,4,MCA,C,Lab 1,180,172,95.56,Practical,0,1,0
17-04-2026,Friday,5,02:00 PM,Advanced DBMS,Akash Upadhayay,2,MCA,A,Auditorium,180,125,69.44,Theory,1,1,0
17-04-2026,Friday,6,03:00 PM,Web Development,Prof. Sharma,2,MBA,B,Auditorium,120,104,86.67,Theory,0,0,0
18-04-2026,Saturday,1,09:00 AM,Advanced DBMS,Prof. Kulkarni,2,MBA,B,Auditorium,120,78,65.0,Theory,0,0,0
18-04-2026,Saturday,2,10:00 AM,Advanced DBMS,Prof. Deshmukh,2,MCA,A,Room 201,180,143,79.44,Theory,0,0,0
18-04-2026,Saturday,3,11:15 AM,Advanced DBMS,Ishwari Gaikwad,2,MBA,C,Room 201,120,88,73.33,Theory,0,0,0
18-04-2026,Saturday,4,12:15 PM,Python Programming,Prof. Kulkarni,2,MCA,B,Lab 2,180,111,61.67,Practical,1,0,0
18-04-2026,Saturday,5,02:00 PM,HR Analytics,Akash Upadhayay,2,MCA,A,Lab 1,180,159,88.33,Practical,0,1,0
18-04-2026,Saturday,6,03:00 PM,Financial Management,Akash Upadhayay,2,MCA,C,Room 202,180,112,62.22,Theory,0,0,0
18-04-2026,Saturday,1,09:00 AM,Web Development,Prof. Patil,2,MCA,B,Auditorium,180,107,59.44,Theory,1,1,0
18-04-2026,Saturday,2,10:00 AM,Web Development,Prof. Sharma,4,MCA,B,Room 202,180,149,82.78,Theory,0,0,0
18-04-2026,Saturday,3,11:15 AM,Advanced DBMS,Prof. Patil,4,MCA,A,Auditorium,180,111,61.67,Theory,1,0,0
18-04-2026,Saturday,4,12:15 PM,HR Analytics,Prof. Sharma,2,MBA,B,Lab 2,120,105,87.5,Practical,0,0,0
18-04-2026,Saturday,5,02:00 PM,Cloud Computing,Prof. Sharma,2,MCA,C,Lab 1,180,162,90.0,Practical,0,0,0
18-04-2026,Saturday,6,03:00 PM,HR Analytics,Prof. Patil,2,MCA,C,Auditorium,180,83,46.11,Theory,1,1,0
18-04-2026,Saturday,1,09:00 AM,Machine Learning,Akash Upadhayay,4,MCA,A,Lab 1,180,137,,Practical,0,0,0
18-04-2026,Saturday,2,10:00 AM,Machine Learning,Prof. Sharma,2,MCA,C,Lab 2,180,153,85.0,Practical,0,0,0
18-04-2026,Saturday,3,11:15 AM,Advanced DBMS,Akash Upadhayay,2,MBA,C,Lab 2,120,103,85.83,Practical,0,1,0
18-04-2026,Saturday,4,12:15 PM,Machine Learning,Ishwari Gaikwad,4,MCA,C,Lab 2,180,113,62.78,Practical,0,0,1
18-04-2026,Saturday,5,02:00 PM,Cloud Computing,Prof. Kulkarni,4,MCA,B,Lab 2,180,128,71.11,Practical,0,0,0
18-04-2026,Saturday,6,03:00 PM,Python Programming,Prof. Sharma,2,MBA,C,Lab 2,120,84,70.0,Practical,0,0,0
18-04-2026,Saturday,1,09:00 AM,Python Programming,Prof. Sharma,2,MBA,B,Lab 1,120,90,75.0,Practical,0,0,0
18-04-2026,Saturday,2,10:00 AM,Cloud Computing,Prof. Sharma,4,MCA,B,Room 202,180,159,88.33,Theory,0,0,0
18-04-2026,Saturday,3,11:15 AM,Web Development,Ishwari Gaikwad,4,MCA,B,Room 202,180,146,81.11,Theory,0,0,0
18-04-2026,Saturday,4,12:15 PM,Cloud Computing,Prof. Kulkarni,4,MBA,A,Lab 1,120,105,87.5,Practical,0,0,0
18-04-2026,Saturday,5,02:00 PM,HR Analytics,Prof. Deshmukh,4,MCA,B,Room 201,180,149,82.78,Theory,0,0,0
18-04-2026,Saturday,6,03:00 PM,Machine Learning,Ishwari Gaikwad,2,MCA,C,Lab 1,180,155,86.11,Practical,0,0,0
19-04-2026,Monday,1,09:00 AM,HR Analytics,Prof. Deshmukh,4,MCA,C,Room 202,180,100,55.56,Theory,0,0,1
19-04-2026,Monday,2,10:00 AM,Cloud Computing,Ishwari Gaikwad,4,MBA,B,Auditorium,120,93,77.5,Theory,0,0,0
19-04-2026,Monday,3,11:15 AM,Financial Management,Prof. Sharma,4,MBA,A,Auditorium,120,89,74.17,Theory,0,0,0
19-04-2026,Monday,4,12:15 PM,Machine Learning,Prof. Patil,4,MBA,A,Room 201,120,93,77.5,Theory,0,0,0
19-04-2026,Monday,5,02:00 PM,Cloud Computing,Prof. Sharma,4,MCA,C,Auditorium,180,125,69.44,Theory,0,0,0
19-04-2026,Monday,6,03:00 PM,Advanced DBMS,Ishwari Gaikwad,2,MCA,B,Room 201,180,96,,Theory,1,0,0
19-04-2026,Monday,1,09:00 AM,Cloud Computing,Prof. Kulkarni,4,MBA,C,Lab 1,120,65,54.17,Practical,1,0,0
19-04-2026,Monday,2,10:00 AM,Financial Management,Ishwari Gaikwad,2,MCA,A,Auditorium,180,122,67.78,Theory,0,0,0
19-04-2026,Monday,3,11:15 AM,Web Development,Akash Upadhayay,4,MCA,A,Room 201,180,111,61.67,Theory,0,0,1
19-04-2026,Monday,4,12:15 PM,Machine Learning,Prof. Kulkarni,4,MBA,A,Room 201,120,92,76.67,Theory,0,0,0
19-04-2026,Monday,5,02:00 PM,Cloud Computing,Ishwari Gaikwad,4,MCA,C,Auditorium,180,165,91.67,Theory,0,0,0
19-04-2026,Monday,6,03:00 PM,HR Analytics,Prof. Patil,4,MBA,B,Room 201,120,87,72.5,Theory,0,0,0
19-04-2026,Monday,1,09:00 AM,Web Development,Prof. Sharma,2,MCA,C,Room 201,180,136,75.56,Theory,0,1,0
19-04-2026,Monday,2,10:00 AM,Python Programming,Akash Upadhayay,2,MCA,B,Room 202,180,134,120.0,Theory,0,0,0
19-04-2026,Monday,3,11:15 AM,Cloud Computing,Prof. Sharma,2,MCA,C,Auditorium,180,111,61.67,Theory,0,0,0
19-04-2026,Monday,4,12:15 PM,Web Development,Prof. Deshmukh,2,MBA,A,Auditorium,120,85,70.83,Theory,0,0,0
19-04-2026,Monday,5,02:00 PM,Financial Management,Prof. Sharma,4,MBA,A,Room 202,120,89,74.17,Theory,0,0,0
19-04-2026,Monday,6,03:00 PM,HR Analytics,Prof. Deshmukh,4,MCA,C,Auditorium,180,113,62.78,Theory,0,0,0
19-04-2026,Monday,1,09:00 AM,Machine Learning,Prof. Sharma,4,MBA,A,Room 201,120,95,79.17,Theory,0,0,0
19-04-2026,Monday,2,10:00 AM,Financial Management,Akash Upadhayay,2,MCA,A,Auditorium,180,131,,Theory,0,0,0
19-04-2026,Monday,3,11:15 AM,HR Analytics,Prof. Patil,4,MBA,C,Lab 2,120,101,84.17,Practical,0,0,0
19-04-2026,Monday,4,12:15 PM,Python Programming,Prof. Patil,4,MCA,C,Lab 1,180,154,85.56,Practical,0,0,0
19-04-2026,Monday,5,02:00 PM,Advanced DBMS,Prof. Kulkarni,2,MCA,B,Lab 2,180,159,88.33,Practical,0,1,0
19-04-2026,Monday,6,03:00 PM,HR Analytics,Prof. Kulkarni,4,MCA,C,Lab 2,180,118,65.56,Practical,0,1,0
20-04-2026,Monday,1,09:00 AM,Cloud Computing,Prof. Patil,4,MCA,B,Room 201,180,143,79.44,Theory,0,0,0
20-04-2026,Monday,2,10:00 AM,Advanced DBMS,Akash Upadhayay,2,MCA,B,Auditorium,180,128,71.11,Theory,0,0,0
20-04-2026,Monday,3,11:15 AM,Financial Management,Prof. Sharma,2,MBA,C,Auditorium,120,97,80.83,Theory,0,0,0
20-04-2026,Monday,4,12:15 PM,Python Programming,Akash Upadhayay,2,MCA,A,Room 201,180,131,72.78,Theory,0,0,0
20-04-2026,Monday,5,02:00 PM,HR Analytics,Prof. Patil,2,MBA,B,Lab 1,120,108,90.0,Practical,0,0,0
20-04-2026,Monday,6,03:00 PM,Python Programming,Prof. Deshmukh,2,MCA,C,Auditorium,180,101,56.11,Theory,1,1,0
20-04-2026,Monday,1,09:00 AM,Python Programming,Prof. Patil,4,MCA,B,Room 202,180,137,76.11,Theory,0,0,0
20-04-2026,Monday,2,10:00 AM,Financial Management,Ishwari Gaikwad,4,MCA,A,Lab 1,180,123,68.33,Practical,1,0,0
20-04-2026,Monday,3,11:15 AM,HR Analytics,Prof. Patil,2,MCA,C,Room 202,180,157,87.22,Theory,0,0,0
20-04-2026,Monday,4,12:15 PM,Machine Learning,Prof. Sharma,4,MCA,A,Lab 1,180,110,61.11,Practical,0,0,1
20-04-2026,Monday,5,02:00 PM,Web Development,Prof. Kulkarni,2,MBA,B,Lab 2,120,103,85.83,Practical,0,0,0
20-04-2026,Monday,6,03:00 PM,Python Programming,Prof. Deshmukh,4,MCA,C,Room 201,180,87,48.33,Theory,0,0,1
20-04-2026,Monday,1,09:00 AM,Cloud Computing,Prof. Kulkarni,2,MBA,C,Lab 2,120,80,66.67,Practical,0,1,0
20-04-2026,Monday,2,10:00 AM,Cloud Computing,Akash Upadhayay,4,MCA,A,Room 202,180,113,62.78,Theory,1,0,0
20-04-2026,Monday,3,11:15 AM,Advanced DBMS,Ishwari Gaikwad,2,MCA,A,Room 202,180,140,77.78,Theory,0,0,0
20-04-2026,Monday,4,12:15 PM,Web Development,Prof. Deshmukh,2,MCA,C,Room 201,180,137,76.11,Theory,0,0,0
20-04-2026,Monday,5,02:00 PM,Advanced DBMS,Prof. Kulkarni,2,MCA,C,Auditorium,180,142,78.89,Theory,0,0,0
20-04-2026,Monday,6,03:00 PM,Web Development,Ishwari Gaikwad,4,MCA,A,Room 202,180,120,66.67,Theory,0,0,0
20-04-2026,Monday,1,09:00 AM,HR Analytics,Akash Upadhayay,4,MBA,B,Lab 2,120,75,62.5,Practical,0,0,0
20-04-2026,Monday,2,10:00 AM,Python Programming,Akash Upadhayay,2,MCA,B,Room 202,180,121,,Theory,0,0,0
20-04-2026,Monday,3,11:15 AM,Machine Learning,Prof. Deshmukh,2,MCA,C,Lab 2,180,166,92.22,Practical,0,0,0
20-04-2026,Monday,4,12:15 PM,Advanced DBMS,Prof. Kulkarni,4,MCA,C,Auditorium,180,163,90.56,Theory,0,0,0
20-04-2026,Monday,5,02:00 PM,Machine Learning,Prof. Kulkarni,4,MCA,C,Room 202,180,148,82.22,Theory,0,0,0
20-04-2026,Monday,6,03:00 PM,Financial Management,Akash Upadhayay,2,MBA,A,Room 201,120,80,66.67,Theory,0,0,0
21-04-2026,Tuesday,1,09:00 AM,Financial Management,Prof. Kulkarni,2,MCA,A,Lab 1,180,152,84.44,Practical,0,0,0
21-04-2026,Tuesday,2,10:00 AM,Financial Management,Prof. Sharma,4,MCA,C,Lab 1,180,176,97.78,Practical,0,0,0
21-04-2026,Tuesday,3,11:15 AM,Financial Management,Akash Upadhayay,2,MCA,C,Lab 1,180,138,76.67,Practical,0,0,1
21-04-2026,Tuesday,4,12:15 PM,Web Development,Prof. Kulkarni,2,MCA,B,Lab 2,180,149,82.78,Practical,0,0,0
21-04-2026,Tuesday,5,02:00 PM,Python Programming,Prof. Kulkarni,4,MCA,B,Room 201,180,151,83.89,Theory,0,1,0
21-04-2026,Tuesday,6,03:00 PM,HR Analytics,Ishwari Gaikwad,4,MBA,C,Lab 2,120,67,55.83,Practical,1,0,0
21-04-2026,Tuesday,1,09:00 AM,Advanced DBMS,Akash Upadhayay,2,MCA,A,Lab 1,180,162,90.0,Practical,0,1,0
21-04-2026,Tuesday,2,10:00 AM,Financial Management,Prof. Sharma,2,MCA,A,Room 202,180,152,84.44,Theory,0,0,0
21-04-2026,Tuesday,3,11:15 AM,Machine Learning,Prof. Patil,2,MBA,A,Room 201,120,105,87.5,Theory,0,0,0
21-04-2026,Tuesday,4,12:15 PM,Advanced DBMS,Prof. Kulkarni,4,MCA,C,Room 202,180,134,74.44,Theory,0,1,1
21-04-2026,Tuesday,5,02:00 PM,Web Development,Prof. Sharma,2,MBA,A,Auditorium,120,106,88.33,Theory,0,0,0
21-04-2026,Tuesday,6,03:00 PM,HR Analytics,Prof. Sharma,2,MCA,B,Lab 2,180,169,93.89,Practical,0,0,0
21-04-2026,Tuesday,1,09:00 AM,Web Development,Prof. Patil,2,MBA,B,Lab 2,120,94,78.33,Practical,0,0,0
21-04-2026,Tuesday,2,10:00 AM,Financial Management,Akash Upadhayay,2,MCA,C,Room 202,180,153,85.0,Theory,0,0,0
21-04-2026,Tuesday,3,11:15 AM,HR Analytics,Prof. Patil,4,MCA,C,Room 202,180,140,77.78,Theory,0,0,0
21-04-2026,Tuesday,4,12:15 PM,Machine Learning,Akash Upadhayay,2,MCA,B,Lab 2,180,173,96.11,Practical,0,0,0
21-04-2026,Tuesday,5,02:00 PM,Machine Learning,Prof. Sharma,2,MBA,C,Auditorium,120,95,79.17,Theory,0,0,0
21-04-2026,Tuesday,6,03:00 PM,Python Programming,Prof. Sharma,4,MCA,B,Auditorium,180,96,53.33,Theory,0,0,1
21-04-2026,Tuesday,1,09:00 AM,Cloud Computing,Prof. Sharma,2,MBA,A,Room 201,120,87,72.5,Theory,0,0,0
21-04-2026,Tuesday,2,10:00 AM,Web Development,Prof. Deshmukh,4,MCA,B,Room 202,180,95,52.78,Theory,1,1,1
21-04-2026,Tuesday,3,11:15 AM,Advanced DBMS,Prof. Patil,2,MBA,C,Room 201,120,77,64.17,Theory,1,1,0
21-04-2026,Tuesday,4,12:15 PM,HR Analytics,Prof. Patil,2,MBA,B,Room 202,120,104,86.67,Theory,0,0,0
21-04-2026,Tuesday,5,02:00 PM,Python Programming,Ishwari Gaikwad,2,MBA,C,Auditorium,120,108,90.0,Theory,0,0,0
21-04-2026,Tuesday,6,03:00 PM,Machine Learning,Prof. Sharma,2,MBA,B,Auditorium,120,71,59.17,Theory,0,1,1
22-04-2026,Wednesday,1,09:00 AM,Financial Management,Prof. Sharma,2,MCA,B,Lab 2,180,144,80.0,Practical,0,0,0
22-04-2026,Wednesday,2,10:00 AM,Financial Management,Prof. Patil,2,MBA,B,Lab 2,120,113,94.17,Practical,0,0,0
22-04-2026,Wednesday,3,11:15 AM,Advanced DBMS,Prof. Sharma,4,MCA,C,Lab 2,180,158,87.78,Practical,0,0,0
22-04-2026,Wednesday,4,12:15 PM,Cloud Computing,Prof. Sharma,2,MCA,C,Room 201,180,171,95.0,Theory,0,0,0
22-04-2026,Wednesday,5,02:00 PM,Machine Learning,Prof. Patil,2,MCA,A,Room 201,180,171,95.0,Theory,0,0,0
22-04-2026,Wednesday,6,03:00 PM,Python Programming,Prof. Patil,2,MCA,C,Auditorium,180,131,72.78,Theory,0,1,0
22-04-2026,Wednesday,1,09:00 AM,HR Analytics,Prof. Sharma,2,MCA,A,Auditorium,180,150,83.33,Theory,0,0,0
22-04-2026,Wednesday,2,10:00 AM,Machine Learning,Prof. Patil,2,MBA,B,Auditorium,120,110,114.0,Theory,0,0,0
22-04-2026,Wednesday,3,11:15 AM,Python Programming,Prof. Patil,2,MCA,C,Lab 1,180,159,88.33,Practical,0,0,0
22-04-2026,Wednesday,4,12:15 PM,Financial Management,Ishwari Gaikwad,2,MBA,A,Lab 1,120,87,72.5,Practical,1,0,0
22-04-2026,Wednesday,5,02:00 PM,Cloud Computing,Prof. Sharma,2,MCA,C,Lab 2,180,163,90.56,Practical,0,0,0
22-04-2026,Wednesday,6,03:00 PM,HR Analytics,Prof. Sharma,2,MBA,A,Room 201,120,67,55.83,Theory,1,0,0
22-04-2026,Wednesday,1,09:00 AM,HR Analytics,Prof. Kulkarni,2,MCA,A,Auditorium,180,146,81.11,Theory,0,0,0
22-04-2026,Wednesday,2,10:00 AM,Advanced DBMS,Ishwari Gaikwad,2,MCA,A,Room 201,180,156,86.67,Theory,0,0,0
22-04-2026,Wednesday,3,11:15 AM,Web Development,Akash Upadhayay,4,MCA,A,Auditorium,180,165,91.67,Theory,0,0,0
22-04-2026,Wednesday,4,12:15 PM,Financial Management,Prof. Patil,2,MBA,B,Lab 2,120,111,92.5,Practical,0,1,0
22-04-2026,Wednesday,5,02:00 PM,Web Development,Prof. Kulkarni,2,MBA,C,Lab 2,120,86,71.67,Practical,0,0,0
22-04-2026,Wednesday,6,03:00 PM,Cloud Computing,Prof. Deshmukh,4,MBA,A,Lab 2,120,107,89.17,Practical,0,0,0
22-04-2026,Wednesday,1,09:00 AM,HR Analytics,Ishwari Gaikwad,2,MBA,C,Room 202,120,96,80.0,Theory,0,1,0
22-04-2026,Wednesday,2,10:00 AM,Financial Management,Ishwari Gaikwad,2,MCA,B,Auditorium,180,151,83.89,Theory,0,0,0
22-04-2026,Wednesday,3,11:15 AM,Financial Management,Prof. Deshmukh,4,MBA,B,Room 201,120,105,87.5,Theory,0,0,0
22-04-2026,Wednesday,4,12:15 PM,Advanced DBMS,Prof. Deshmukh,4,MBA,B,Room 201,120,95,79.17,Theory,0,0,0
22-04-2026,Wednesday,5,02:00 PM,HR Analytics,Ishwari Gaikwad,2,MBA,C,Room 202,120,99,82.5,Theory,0,0,0
22-04-2026,Wednesday,6,03:00 PM,Cloud Computing,Prof. Sharma,4,MCA,B,Lab 1,180,146,81.11,Practical,0,0,0
23-04-2026,Thursday,1,09:00 AM,Machine Learning,Akash Upadhayay,4,MCA,B,Room 202,180,132,73.33,Theory,0,0,0
23-04-2026,Thursday,2,10:00 AM,Cloud Computing,Prof. Sharma,4,MCA,A,Room 202,180,157,87.22,Theory,0,0,0
23-04-2026,Thursday,3,11:15 AM,Cloud Computing,Akash Upadhayay,4,MCA,C,Room 201,180,150,83.33,Theory,0,0,0
23-04-2026,Thursday,4,12:15 PM,HR Analytics,Prof. Sharma,2,MCA,B,Room 202,180,123,68.33,Theory,0,0,1
23-04-2026,Thursday,5,02:00 PM,Web Development,Prof. Deshmukh,2,MCA,B,Lab 1,180,148,82.22,Practical,1,0,0
23-04-2026,Thursday,6,03:00 PM,HR Analytics,Prof. Deshmukh,4,MCA,A,Lab 1,180,153,85.0,Practical,0,0,0
23-04-2026,Thursday,1,09:00 AM,Web Development,Prof. Sharma,2,MCA,B,Lab 2,180,107,59.44,Practical,1,1,0
23-04-2026,Thursday,2,10:00 AM,Financial Management,Prof. Deshmukh,4,MCA,C,Lab 1,180,172,95.56,Practical,0,0,0
23-04-2026,Thursday,3,11:15 AM,Financial Management,Prof. Deshmukh,4,MCA,A,Lab 2,180,176,97.78,Practical,0,0,0
23-04-2026,Thursday,4,12:15 PM,Python Programming,Ishwari Gaikwad,4,MBA,B,Auditorium,120,102,85.0,Theory,0,1,0
23-04-2026,Thursday,5,02:00 PM,HR Analytics,Akash Upadhayay,2,MCA,C,Room 201,180,139,77.22,Theory,0,0,0
23-04-2026,Thursday,6,03:00 PM,Web Development,Prof. Kulkarni,4,MCA,C,Room 202,180,158,87.78,Theory,0,0,0
23-04-2026,Thursday,1,09:00 AM,Advanced DBMS,Akash Upadhayay,2,MBA,A,Room 201,120,96,80.0,Theory,0,0,0
23-04-2026,Thursday,2,10:00 AM,Machine Learning,Prof. Patil,2,MBA,A,Auditorium,120,111,92.5,Theory,0,0,0
23-04-2026,Thursday,3,11:15 AM,HR Analytics,Prof. Kulkarni,2,MBA,A,Lab 1,120,107,89.17,Practical,0,0,0
23-04-2026,Thursday,4,12:15 PM,Python Programming,Prof. Sharma,2,MCA,C,Auditorium,180,167,92.78,Theory,0,1,0
23-04-2026,Thursday,5,02:00 PM,Advanced DBMS,Akash Upadhayay,2,MBA,B,Lab 1,120,110,91.67,Practical,0,0,0
23-04-2026,Thursday,6,03:00 PM,HR Analytics,Ishwari Gaikwad,2,MBA,A,Room 202,120,82,68.33,Theory,0,1,0
23-04-2026,Thursday,1,09:00 AM,Advanced DBMS,Akash Upadhayay,4,MCA,B,Room 202,180,115,63.89,Theory,1,0,0
23-04-2026,Thursday,2,10:00 AM,Financial Management,Prof. Deshmukh,4,MBA,A,Lab 2,120,117,97.5,Practical,0,1,0
23-04-2026,Thursday,3,11:15 AM,Financial Management,Prof. Sharma,2,MBA,A,Auditorium,120,97,80.83,Theory,0,0,0
23-04-2026,Thursday,4,12:15 PM,Cloud Computing,Ishwari Gaikwad,2,MBA,A,Room 202,120,100,83.33,Theory,0,1,0
23-04-2026,Thursday,5,02:00 PM,Machine Learning,Prof. Sharma,2,MCA,C,Lab 2,180,155,86.11,Practical,0,0,0
23-04-2026,Thursday,6,03:00 PM,Web Development,Prof. Patil,2,MCA,C,Auditorium,180,136,75.56,Theory,0,0,0
24-04-2026,Friday,1,09:00 AM,Python Programming,Prof. Deshmukh,2,MBA,C,Lab 2,120,99,82.5,Practical,0,0,0
24-04-2026,Friday,2,10:00 AM,Advanced DBMS,Prof. Sharma,2,MBA,A,Room 201,120,107,89.17,Theory,0,0,0
24-04-2026,Friday,3,11:15 AM,Advanced DBMS,Akash Upadhayay,4,MBA,A,Lab 2,120,117,97.5,Practical,0,0,0
24-04-2026,Friday,4,12:15 PM,Cloud Computing,Prof. Sharma,2,MBA,B,Lab 2,120,117,97.5,Practical,0,0,0
24-04-2026,Friday,5,02:00 PM,Python Programming,Prof. Deshmukh,4,MBA,A,Auditorium,120,109,90.83,Theory,0,0,0
24-04-2026,Friday,6,03:00 PM,HR Analytics,Prof. Kulkarni,2,MBA,C,Room 201,120,59,49.17,Theory,1,0,0
24-04-2026,Friday,1,09:00 AM,Advanced DBMS,Prof. Deshmukh,2,MBA,A,Room 202,120,74,61.67,Theory,0,0,1
24-04-2026,Friday,2,10:00 AM,Web Development,Akash Upadhayay,4,MCA,B,Room 201,180,133,73.89,Theory,0,0,0
24-04-2026,Friday,3,11:15 AM,Python Programming,Akash Upadhayay,4,MBA,C,Lab 1,120,113,94.17,Practical,0,0,0
24-04-2026,Friday,4,12:15 PM,Web Development,Prof. Kulkarni,4,MBA,C,Auditorium,120,90,75.0,Theory,0,0,1
24-04-2026,Friday,5,02:00 PM,Cloud Computing,Ishwari Gaikwad,4,MCA,A,Lab 1,180,121,67.22,Practical,0,0,1
24-04-2026,Friday,6,03:00 PM,Cloud Computing,Ishwari Gaikwad,2,MBA,A,Lab 2,120,106,88.33,Practical,0,0,0
24-04-2026,Friday,1,09:00 AM,Web Development,Prof. Kulkarni,4,MBA,C,Lab 2,120,80,66.67,Practical,1,0,0
24-04-2026,Friday,2,10:00 AM,Python Programming,Prof. Sharma,4,MCA,B,Room 201,180,160,88.89,Theory,0,0,0
24-04-2026,Friday,3,11:15 AM,Cloud Computing,Prof. Patil,2,MCA,A,Auditorium,180,154,85.56,Theory,0,0,0
24-04-2026,Friday,4,12:15 PM,Cloud Computing,Prof. Deshmukh,2,MCA,B,Room 202,180,133,73.89,Theory,0,0,0
24-04-2026,Friday,5,02:00 PM,Cloud Computing,Prof. Deshmukh,2,MCA,B,Auditorium,180,141,78.33,Theory,0,0,0
24-04-2026,Friday,6,03:00 PM,Financial Management,Prof. Deshmukh,2,MCA,B,Room 201,180,152,84.44,Theory,0,0,0
24-04-2026,Friday,1,09:00 AM,HR Analytics,Akash Upadhayay,4,MBA,A,Lab 2,120,81,67.5,Practical,0,1,1
24-04-2026,Friday,2,10:00 AM,Financial Management,Prof. Deshmukh,4,MCA,C,Room 201,180,148,82.22,Theory,0,0,0
24-04-2026,Friday,3,11:15 AM,HR Analytics,Prof. Kulkarni,4,MBA,B,Room 201,120,99,82.5,Theory,0,1,0
24-04-2026,Friday,4,12:15 PM,Cloud Computing,Prof. Deshmukh,2,MCA,B,Lab 2,180,126,70.0,Practical,1,0,0
24-04-2026,Friday,5,02:00 PM,Python Programming,Prof. Kulkarni,4,MCA,B,Room 202,180,149,82.78,Theory,0,0,0
24-04-2026,Friday,6,03:00 PM,Cloud Computing,Ishwari Gaikwad,2,MBA,C,Auditorium,120,95,79.17,Theory,0,0,0
25-04-2026,Saturday,1,09:00 AM,Financial Management,Akash Upadhayay,2,MBA,A,Lab 1,120,84,114.0,Practical,0,0,0
25-04-2026,Saturday,2,10:00 AM,Python Programming,Prof. Kulkarni,2,MCA,A,Room 202,180,135,75.0,Theory,0,0,0
25-04-2026,Saturday,3,11:15 AM,Cloud Computing,Prof. Sharma,2,MBA,C,Lab 2,120,78,65.0,Practical,1,0,0
25-04-2026,Saturday,4,12:15 PM,HR Analytics,Prof. Deshmukh,4,MBA,A,Lab 1,120,103,85.83,Practical,0,1,0
25-04-2026,Saturday,5,02:00 PM,Web Development,Ishwari Gaikwad,2,MBA,B,Room 202,120,92,120.0,Theory,0,0,0
25-04-2026,Saturday,6,03:00 PM,Financial Management,Prof. Deshmukh,2,MCA,A,Lab 2,180,128,71.11,Practical,0,1,0
25-04-2026,Saturday,1,09:00 AM,Machine Learning,Akash Upadhayay,4,MBA,B,Room 202,120,81,67.5,Theory,0,0,0
25-04-2026,Saturday,2,10:00 AM,Cloud Computing,Prof. Kulkarni,2,MBA,C,Lab 1,120,95,79.17,Practical,0,0,0
25-04-2026,Saturday,3,11:15 AM,Machine Learning,Ishwari Gaikwad,2,MCA,B,Lab 2,180,149,82.78,Practical,0,0,0
25-04-2026,Saturday,4,12:15 PM,Financial Management,Prof. Sharma,2,MCA,B,Lab 2,180,161,89.44,Practical,0,0,0
25-04-2026,Saturday,5,02:00 PM,Python Programming,Prof. Deshmukh,4,MBA,C,Lab 2,120,105,,Practical,0,1,0
25-04-2026,Saturday,6,03:00 PM,Financial Management,Akash Upadhayay,4,MCA,B,Lab 1,180,152,84.44,Practical,0,1,0
25-04-2026,Saturday,1,09:00 AM,Python Programming,Prof. Deshmukh,2,MCA,A,Lab 1,180,126,70.0,Practical,0,0,0
25-04-2026,Saturday,2,10:00 AM,Python Programming,Ishwari Gaikwad,4,MCA,B,Room 202,180,165,91.67,Theory,0,0,0
25-04-2026,Saturday,3,11:15 AM,Cloud Computing,Prof. Patil,4,MBA,C,Room 202,120,96,80.0,Theory,0,0,0
25-04-2026,Saturday,4,12:15 PM,Advanced DBMS,Prof. Patil,4,MCA,B,Room 202,180,141,78.33,Theory,0,0,0
25-04-2026,Saturday,5,02:00 PM,Python Programming,Prof. Deshmukh,2,MCA,C,Room 201,180,115,63.89,Theory,1,1,0
25-04-2026,Saturday,6,03:00 PM,Financial Management,Prof. Patil,4,MCA,A,Lab 1,180,150,83.33,Practical,0,0,0
25-04-2026,Saturday,1,09:00 AM,HR Analytics,Prof. Deshmukh,2,MCA,A,Lab 1,180,137,76.11,Practical,0,0,0
25-04-2026,Saturday,2,10:00 AM,Cloud Computing,Ishwari Gaikwad,4,MCA,C,Room 201,180,140,77.78,Theory,0,0,0
25-04-2026,Saturday,3,11:15 AM,Web Development,Prof. Patil,4,MBA,B,Room 201,120,81,67.5,Theory,0,0,0
25-04-2026,Saturday,4,12:15 PM,Python Programming,Prof. Kulkarni,4,MBA,B,Room 202,120,109,90.83,Theory,0,0,0
25-04-2026,Saturday,5,02:00 PM,Advanced DBMS,Prof. Sharma,2,MBA,B,Lab 1,120,108,90.0,Practical,0,0,0
25-04-2026,Saturday,6,03:00 PM,Cloud Computing,Prof. Kulkarni,2,MBA,B,Lab 1,120,84,70.0,Practical,0,0,0
26-04-2026,Monday,1,09:00 AM,Advanced DBMS,Prof. Patil,2,MCA,C,Room 201,180,135,75.0,Theory,0,1,0
26-04-2026,Monday,2,10:00 AM,Web Development,Prof. Patil,4,MBA,C,Lab 2,120,100,83.33,Practical,0,0,0
26-04-2026,Monday,3,11:15 AM,Advanced DBMS,Prof. Kulkarni,4,MCA,B,Auditorium,180,136,75.56,Theory,0,0,0
26-04-2026,Monday,4,12:15 PM,Cloud Computing,Akash Upadhayay,2,MCA,B,Room 202,180,153,85.0,Theory,0,0,0
26-04-2026,Monday,5,02:00 PM,Advanced DBMS,Prof. Deshmukh,4,MCA,B,Auditorium,180,93,51.67,Theory,0,0,1
26-04-2026,Monday,6,03:00 PM,HR Analytics,Prof. Patil,2,MCA,C,Auditorium,180,130,72.22,Theory,0,0,0
26-04-2026,Monday,1,09:00 AM,Machine Learning,Prof. Sharma,4,MCA,C,Auditorium,180,103,57.22,Theory,1,0,0
26-04-2026,Monday,2,10:00 AM,Advanced DBMS,Ishwari Gaikwad,4,MBA,B,Room 201,120,88,73.33,Theory,0,0,0
26-04-2026,Monday,3,11:15 AM,Cloud Computing,Ishwari Gaikwad,4,MBA,A,Lab 1,120,103,85.83,Practical,0,0,0
26-04-2026,Monday,4,12:15 PM,Cloud Computing,Ishwari Gaikwad,2,MBA,C,Auditorium,120,71,59.17,Theory,1,1,0
26-04-2026,Monday,5,02:00 PM,Advanced DBMS,Akash Upadhayay,4,MCA,A,Auditorium,180,118,,Theory,0,0,0
26-04-2026,Monday,6,03:00 PM,Python Programming,Ishwari Gaikwad,4,MBA,B,Lab 2,120,79,65.83,Practical,0,0,0
26-04-2026,Monday,1,09:00 AM,Web Development,Prof. Deshmukh,4,MCA,A,Lab 2,180,137,76.11,Practical,0,0,0
26-04-2026,Monday,2,10:00 AM,Python Programming,Prof. Kulkarni,4,MCA,C,Lab 1,180,139,,Practical,0,0,0
26-04-2026,Monday,3,11:15 AM,Machine Learning,Ishwari Gaikwad,2,MCA,C,Room 202,180,137,76.11,Theory,0,1,0
26-04-2026,Monday,4,12:15 PM,Advanced DBMS,Prof. Patil,2,MCA,A,Auditorium,180,120,66.67,Theory,0,0,0
26-04-2026,Monday,5,02:00 PM,Financial Management,Ishwari Gaikwad,2,MCA,A,Room 202,180,133,73.89,Theory,0,0,0
26-04-2026,Monday,6,03:00 PM,HR Analytics,Prof. Sharma,4,MBA,A,Auditorium,120,81,67.5,Theory,0,1,0
26-04-2026,Monday,1,09:00 AM,Advanced DBMS,Ishwari Gaikwad,2,MBA,C,Room 201,120,94,78.33,Theory,0,0,0
26-04-2026,Monday,2,10:00 AM,Machine Learning,Akash Upadhayay,2,MCA,A,Room 202,180,137,,Theory,0,0,0
26-04-2026,Monday,3,11:15 AM,Cloud Computing,Prof. Deshmukh,2,MBA,B,Room 201,120,103,85.83,Theory,0,1,0
26-04-2026,Monday,4,12:15 PM,Web Development,Akash Upadhayay,2,MCA,B,Room 201,180,161,89.44,Theory,0,1,0
26-04-2026,Monday,5,02:00 PM,Web Development,Prof. Kulkarni,4,MCA,C,Room 202,180,117,65.0,Theory,0,1,1
26-04-2026,Monday,6,03:00 PM,Python Programming,Ishwari Gaikwad,4,MBA,B,Auditorium,120,56,,Theory,1,0,0
27-04-2026,Monday,1,09:00 AM,HR Analytics,Prof. Sharma,4,MCA,A,Auditorium,180,124,68.89,Theory,0,1,0
27-04-2026,Monday,2,10:00 AM,Advanced DBMS,Prof. Deshmukh,4,MBA,B,Lab 2,120,99,82.5,Practical,0,0,0
27-04-2026,Monday,3,11:15 AM,Web Development,Ishwari Gaikwad,2,MCA,B,Room 201,180,161,89.44,Theory,0,0,0
27-04-2026,Monday,4,12:15 PM,Advanced DBMS,Ishwari Gaikwad,4,MCA,B,Lab 2,180,158,87.78,Practical,0,0,0
27-04-2026,Monday,5,02:00 PM,Financial Management,Ishwari Gaikwad,4,MCA,B,Auditorium,180,130,72.22,Theory,1,0,0
27-04-2026,Monday,6,03:00 PM,HR Analytics,Ishwari Gaikwad,2,MCA,A,Room 201,180,106,58.89,Theory,0,1,0
27-04-2026,Monday,1,09:00 AM,Cloud Computing,Ishwari Gaikwad,2,MCA,B,Room 202,180,110,61.11,Theory,0,0,0
27-04-2026,Monday,2,10:00 AM,Web Development,Ishwari Gaikwad,2,MBA,A,Lab 1,120,110,91.67,Practical,0,0,0
27-04-2026,Monday,3,11:15 AM,Python Programming,Ishwari Gaikwad,4,MBA,A,Room 201,120,110,91.67,Theory,0,1,0
27-04-2026,Monday,4,12:15 PM,Machine Learning,Prof. Patil,4,MCA,A,Room 201,180,133,114.0,Theory,0,0,0
27-04-2026,Monday,5,02:00 PM,Cloud Computing,Prof. Patil,2,MBA,A,Lab 2,120,105,87.5,Practical,0,0,0
27-04-2026,Monday,6,03:00 PM,HR Analytics,Prof. Patil,4,MCA,B,Lab 1,180,134,114.0,Practical,0,0,0
27-04-2026,Monday,1,09:00 AM,Python Programming,Ishwari Gaikwad,4,MBA,C,Lab 1,120,82,68.33,Practical,0,0,0
27-04-2026,Monday,2,10:00 AM,HR Analytics,Prof. Patil,4,MBA,B,Lab 2,120,77,64.17,Practical,1,0,0
27-04-2026,Monday,3,11:15 AM,Machine Learning,Akash Upadhayay,4,MBA,C,Room 202,120,91,75.83,Theory,1,1,0
27-04-2026,Monday,4,12:15 PM,Advanced DBMS,Akash Upadhayay,2,MCA,C,Lab 1,180,98,54.44,Practical,1,1,1
27-04-2026,Monday,5,02:00 PM,Financial Management,Prof. Sharma,4,MBA,B,Room 202,120,106,88.33,Theory,0,0,0
27-04-2026,Monday,6,03:00 PM,Financial Management,Prof. Patil,4,MBA,B,Lab 2,120,102,85.0,Practical,0,0,0
27-04-2026,Monday,1,09:00 AM,Web Development,Ishwari Gaikwad,2,MBA,C,Room 202,120,93,77.5,Theory,0,0,0
27-04-2026,Monday,2,10:00 AM,Web Development,Prof. Patil,4,MCA,A,Lab 2,180,147,81.67,Practical,0,0,0
27-04-2026,Monday,3,11:15 AM,Machine Learning,Prof. Deshmukh,2,MCA,B,Lab 1,180,176,97.78,Practical,0,0,0
27-04-2026,Monday,4,12:15 PM,Python Programming,Prof. Kulkarni,4,MBA,C,Room 202,120,67,114.0,Theory,1,0,0
27-04-2026,Monday,5,02:00 PM,Financial Management,Prof. Kulkarni,4,MCA,A,Lab 1,180,149,82.78,Practical,0,1,0
27-04-2026,Monday,6,03:00 PM,Web Development,Akash Upadhayay,2,MBA,A,Lab 1,120,86,71.67,Practical,1,1,0
28-04-2026,Tuesday,1,09:00 AM,HR Analytics,Prof. Deshmukh,4,MCA,A,Lab 1,180,160,88.89,Practical,0,0,0
28-04-2026,Tuesday,2,10:00 AM,Cloud Computing,Prof. Sharma,4,MCA,A,Lab 2,180,159,88.33,Practical,0,0,0
28-04-2026,Tuesday,3,11:15 AM,Python Programming,Akash Upadhayay,4,MBA,B,Lab 1,120,110,91.67,Practical,0,1,0
28-04-2026,Tuesday,4,12:15 PM,Web Development,Prof. Kulkarni,2,MCA,A,Lab 2,180,111,61.67,Practical,0,0,1
28-04-2026,Tuesday,5,02:00 PM,Cloud Computing,Prof. Kulkarni,4,MCA,B,Lab 2,180,92,51.11,Practical,1,1,0
28-04-2026,Tuesday,6,03:00 PM,Financial Management,Prof. Deshmukh,2,MCA,B,Lab 2,180,112,62.22,Practical,0,0,1
28-04-2026,Tuesday,1,09:00 AM,Machine Learning,Prof. Deshmukh,4,MCA,A,Lab 2,180,113,62.78,Practical,0,0,1
28-04-2026,Tuesday,2,10:00 AM,Python Programming,Ishwari Gaikwad,2,MBA,B,Auditorium,120,103,85.83,Theory,0,1,0
28-04-2026,Tuesday,3,11:15 AM,Cloud Computing,Prof. Deshmukh,2,MCA,A,Lab 1,180,115,63.89,Practical,0,0,1
28-04-2026,Tuesday,4,12:15 PM,Python Programming,Prof. Deshmukh,4,MCA,A,Room 202,180,172,95.56,Theory,0,0,0
28-04-2026,Tuesday,5,02:00 PM,HR Analytics,Ishwari Gaikwad,2,MCA,A,Room 201,180,161,89.44,Theory,0,1,0
28-04-2026,Tuesday,6,03:00 PM,Cloud Computing,Prof. Sharma,4,MBA,C,Room 202,120,101,84.17,Theory,0,0,0
28-04-2026,Tuesday,1,09:00 AM,HR Analytics,Prof. Sharma,4,MCA,C,Lab 1,180,124,68.89,Practical,1,1,0
28-04-2026,Tuesday,2,10:00 AM,Python Programming,Akash Upadhayay,2,MCA,A,Lab 1,180,176,97.78,Practical,0,0,0
28-04-2026,Tuesday,3,11:15 AM,Web Development,Prof. Kulkarni,4,MCA,C,Lab 1,180,166,92.22,Practical,0,0,0
28-04-2026,Tuesday,4,12:15 PM,Web Development,Ishwari Gaikwad,2,MBA,B,Lab 1,120,84,70.0,Practical,0,0,1
28-04-2026,Tuesday,5,02:00 PM,Python Programming,Prof. Patil,4,MBA,A,Lab 1,120,112,93.33,Practical,0,0,0
28-04-2026,Tuesday,6,03:00 PM,Advanced DBMS,Prof. Deshmukh,4,MCA,C,Lab 1,180,153,85.0,Practical,0,1,0
28-04-2026,Tuesday,1,09:00 AM,Web Development,Ishwari Gaikwad,2,MBA,C,Room 202,120,71,59.17,Theory,1,0,1
28-04-2026,Tuesday,2,10:00 AM,Cloud Computing,Prof. Patil,2,MCA,C,Auditorium,180,141,78.33,Theory,0,0,0
28-04-2026,Tuesday,3,11:15 AM,Web Development,Prof. Patil,2,MBA,C,Room 201,120,94,78.33,Theory,0,1,0
28-04-2026,Tuesday,4,12:15 PM,Financial Management,Prof. Deshmukh,4,MBA,B,Room 202,120,105,87.5,Theory,0,1,0
28-04-2026,Tuesday,5,02:00 PM,Cloud Computing,Prof. Patil,2,MCA,C,Room 201,180,138,76.67,Theory,1,0,0
28-04-2026,Tuesday,6,03:00 PM,HR Analytics,Prof. Sharma,2,MCA,C,Room 202,180,103,57.22,Theory,0,0,1
29-04-2026,Wednesday,1,09:00 AM,Cloud Computing,Prof. Kulkarni,4,MCA,C,Room 202,180,138,76.67,Theory,0,0,0
29-04-2026,Wednesday,2,10:00 AM,Financial Management,Akash Upadhayay,4,MBA,A,Room 201,120,105,87.5,Theory,0,0,0
29-04-2026,Wednesday,3,11:15 AM,Web Development,Ishwari Gaikwad,2,MCA,A,Auditorium,180,162,90.0,Theory,0,0,0
29-04-2026,Wednesday,4,12:15 PM,HR Analytics,Prof. Deshmukh,2,MBA,C,Room 201,120,88,73.33,Theory,0,0,0
29-04-2026,Wednesday,5,02:00 PM,HR Analytics,Prof. Sharma,4,MCA,B,Room 201,180,164,91.11,Theory,0,0,0
29-04-2026,Wednesday,6,03:00 PM,Financial Management,Prof. Kulkarni,2,MBA,A,Lab 1,120,99,82.5,Practical,0,1,0
29-04-2026,Wednesday,1,09:00 AM,Financial Management,Prof. Sharma,2,MCA,A,Room 201,180,137,76.11,Theory,0,0,0
29-04-2026,Wednesday,2,10:00 AM,Web Development,Prof. Patil,2,MCA,C,Auditorium,180,144,80.0,Theory,0,0,0
29-04-2026,Wednesday,3,11:15 AM,Cloud Computing,Prof. Sharma,4,MCA,B,Lab 2,180,130,72.22,Practical,1,1,0
29-04-2026,Wednesday,4,12:15 PM,Web Development,Akash Upadhayay,4,MCA,B,Lab 2,180,154,85.56,Practical,1,0,0
29-04-2026,Wednesday,5,02:00 PM,Advanced DBMS,Akash Upadhayay,4,MCA,A,Lab 2,180,165,91.67,Practical,0,0,1
29-04-2026,Wednesday,6,03:00 PM,Python Programming,Akash Upadhayay,2,MCA,C,Auditorium,180,152,84.44,Theory,0,0,0
29-04-2026,Wednesday,1,09:00 AM,Cloud Computing,Prof. Kulkarni,2,MBA,B,Room 202,120,84,70.0,Theory,0,0,0
29-04-2026,Wednesday,2,10:00 AM,Cloud Computing,Prof. Sharma,4,MBA,B,Room 201,120,110,120.0,Theory,0,0,0
29-04-2026,Wednesday,3,11:15 AM,Cloud Computing,Prof. Kulkarni,2,MCA,B,Auditorium,180,133,73.89,Theory,0,0,0
29-04-2026,Wednesday,4,12:15 PM,Cloud Computing,Prof. Sharma,2,MCA,C,Room 201,180,159,88.33,Theory,0,0,0
29-04-2026,Wednesday,5,02:00 PM,HR Analytics,Prof. Patil,2,MBA,B,Lab 2,120,104,86.67,Practical,0,0,0
29-04-2026,Wednesday,6,03:00 PM,Machine Learning,Prof. Deshmukh,4,MBA,B,Auditorium,120,84,70.0,Theory,0,0,0
29-04-2026,Wednesday,1,09:00 AM,Python Programming,Prof. Kulkarni,2,MCA,A,Lab 1,180,160,88.89,Practical,0,1,0
29-04-2026,Wednesday,2,10:00 AM,Advanced DBMS,Prof. Deshmukh,2,MBA,B,Room 202,120,94,78.33,Theory,0,1,0
29-04-2026,Wednesday,3,11:15 AM,Web Development,Prof. Patil,2,MBA,B,Auditorium,120,92,76.67,Theory,0,0,1
29-04-2026,Wednesday,4,12:15 PM,Cloud Computing,Prof. Kulkarni,4,MBA,A,Lab 2,120,117,97.5,Practical,0,0,0
29-04-2026,Wednesday,5,02:00 PM,Web Development,Prof. Sharma,2,MCA,C,Room 201,180,151,83.89,Theory,0,1,0
29-04-2026,Wednesday,6,03:00 PM,Cloud Computing,Prof. Kulkarni,4,MCA,C,Lab 2,180,146,81.11,Practical,0,1,0
30-04-2026,Thursday,1,09:00 AM,Advanced DBMS,Prof. Sharma,4,MCA,C,Room 201,180,123,4.0,Theory,0,1,0
30-04-2026,Thursday,2,10:00 AM,Web Development,Akash Upadhayay,4,MBA,C,Room 202,120,115,95.83,Theory,0,0,0
30-04-2026,Thursday,3,11:15 AM,Web Development,Ishwari Gaikwad,2,MCA,B,Room 202,180,143,79.44,Theory,0,0,0
30-04-2026,Thursday,4,12:15 PM,Advanced DBMS,Prof. Kulkarni,4,MCA,A,Auditorium,180,131,72.78,Theory,0,0,0
30-04-2026,Thursday,5,02:00 PM,Financial Management,Ishwari Gaikwad,4,MBA,A,Lab 2,120,88,73.33,Practical,1,0,0
30-04-2026,Thursday,6,03:00 PM,Web Development,Prof. Patil,4,MCA,A,Auditorium,180,140,77.78,Theory,0,0,0
30-04-2026,Thursday,1,09:00 AM,Advanced DBMS,Prof. Kulkarni,2,MCA,B,Room 201,180,135,75.0,Theory,0,0,0
30-04-2026,Thursday,2,10:00 AM,Advanced DBMS,Prof. Kulkarni,2,MBA,A,Lab 1,120,117,97.5,Practical,0,1,0
30-04-2026,Thursday,3,11:15 AM,Cloud Computing,Akash Upadhayay,2,MCA,C,Room 201,180,147,81.67,Theory,0,0,0
30-04-2026,Thursday,4,12:15 PM,Financial Management,Akash Upadhayay,4,MCA,B,Room 202,180,162,90.0,Theory,0,0,0
30-04-2026,Thursday,5,02:00 PM,Financial Management,Prof. Patil,4,MBA,C,Auditorium,120,100,83.33,Theory,0,1,0
30-04-2026,Thursday,6,03:00 PM,Advanced DBMS,Prof. Kulkarni,4,MCA,A,Room 202,180,118,65.56,Theory,1,0,0
30-04-2026,Thursday,1,09:00 AM,HR Analytics,Prof. Sharma,2,MCA,B,Room 202,180,110,61.11,Theory,0,0,1
30-04-2026,Thursday,2,10:00 AM,Machine Learning,Prof. Sharma,2,MCA,A,Auditorium,180,145,80.56,Theory,0,0,0
30-04-2026,Thursday,3,11:15 AM,Python Programming,Ishwari Gaikwad,4,MBA,A,Auditorium,120,96,80.0,Theory,0,0,0
30-04-2026,Thursday,4,12:15 PM,Machine Learning,Prof. Patil,4,MCA,B,Lab 1,180,158,87.78,Practical,0,0,0
30-04-2026,Thursday,5,02:00 PM,Financial Management,Prof. Deshmukh,2,MBA,C,Room 202,120,114,95.0,Theory,0,0,0
30-04-2026,Thursday,6,03:00 PM,Advanced DBMS,Prof. Kulkarni,2,MCA,C,Auditorium,180,141,78.33,Theory,0,0,0
30-04-2026,Thursday,1,09:00 AM,Financial Management,Prof. Sharma,4,MBA,B,Lab 2,120,93,77.5,Practical,0,1,0
30-04-2026,Thursday,2,10:00 AM,Advanced DBMS,Akash Upadhayay,2,MCA,B,Lab 1,180,176,97.78,Practical,0,0,0
30-04-2026,Thursday,3,11:15 AM,Machine Learning,Akash Upadhayay,4,MCA,A,Room 201,180,147,81.67,Theory,0,0,0
30-04-2026,Thursday,4,12:15 PM,Advanced DBMS,Akash Upadhayay,2,MBA,B,Auditorium,120,102,85.0,Theory,0,0,0
30-04-2026,Thursday,5,02:00 PM,Cloud Computing,Prof. Deshmukh,4,MBA,C,Room 202,120,76,63.33,Theory,1,0,0
30-04-2026,Thursday,6,03:00 PM,Python Programming,Prof. Patil,2,MCA,B,Room 202,180,141,78.33,Theory,0,0,0
01-05-2026,Friday,1,09:00 AM,Advanced DBMS,Akash Upadhayay,4,MBA,B,Auditorium,120,79,65.83,Theory,0,0,1
01-05-2026,Friday,2,10:00 AM,Machine Learning,Prof. Patil,4,MCA,A,Room 201,180,117,65.0,Theory,1,0,0
01-05-2026,Friday,3,11:15 AM,Web Development,Akash Upadhayay,2,MCA,B,Room 201,180,154,85.56,Theory,1,0,0
01-05-2026,Friday,4,12:15 PM,Cloud Computing,Prof. Deshmukh,2,MCA,C,Room 201,180,158,87.78,Theory,0,0,0
01-05-2026,Friday,5,02:00 PM,Machine Learning,Prof. Sharma,4,MBA,A,Auditorium,120,103,85.83,Theory,0,1,0
01-05-2026,Friday,6,03:00 PM,Advanced DBMS,Prof. Patil,2,MCA,B,Auditorium,180,153,85.0,Theory,0,0,0
01-05-2026,Friday,1,09:00 AM,Web Development,Ishwari Gaikwad,2,MCA,A,Lab 2,180,107,59.44,Practical,0,0,1
01-05-2026,Friday,2,10:00 AM,Advanced DBMS,Prof. Kulkarni,2,MBA,C,Room 202,120,95,79.17,Theory,0,1,0
01-05-2026,Friday,3,11:15 AM,Cloud Computing,Prof. Kulkarni,2,MCA,B,Lab 2,180,159,88.33,Practical,0,0,0
01-05-2026,Friday,4,12:15 PM,Advanced DBMS,Prof. Sharma,4,MCA,C,Room 202,180,169,93.89,Theory,0,0,0
01-05-2026,Friday,5,02:00 PM,Financial Management,Prof. Deshmukh,2,MBA,C,Lab 1,120,81,67.5,Practical,0,0,1
01-05-2026,Friday,6,03:00 PM,Advanced DBMS,Akash Upadhayay,4,MBA,C,Room 202,120,69,57.5,Theory,0,0,1
01-05-2026,Friday,1,09:00 AM,Advanced DBMS,Prof. Patil,4,MCA,C,Room 201,180,139,77.22,Theory,0,0,0
01-05-2026,Friday,2,10:00 AM,Financial Management,Prof. Deshmukh,2,MBA,B,Auditorium,120,108,90.0,Theory,0,0,0
01-05-2026,Friday,3,11:15 AM,Python Programming,Prof. Kulkarni,4,MCA,B,Lab 1,180,176,97.78,Practical,0,0,0
01-05-2026,Friday,4,12:15 PM,Web Development,Prof. Sharma,2,MCA,C,Room 202,180,176,97.78,Theory,0,1,0
01-05-2026,Friday,5,02:00 PM,Web Development,Ishwari Gaikwad,4,MCA,A,Lab 2,180,176,97.78,Practical,0,1,0
01-05-2026,Friday,6,03:00 PM,Cloud Computing,Ishwari Gaikwad,2,MBA,B,Room 202,120,93,77.5,Theory,0,0,0
01-05-2026,Friday,1,09:00 AM,Web Development,Ishwari Gaikwad,4,MCA,C,Lab 2,180,154,85.56,Practical,0,1,0
01-05-2026,Friday,2,10:00 AM,Machine Learning,Ishwari Gaikwad,2,MCA,C,Lab 2,180,160,114.0,Practical,0,0,0
01-05-2026,Friday,3,11:15 AM,Web Development,Prof. Kulkarni,4,MBA,B,Room 202,120,78,65.0,Theory,1,0,0
01-05-2026,Friday,4,12:15 PM,HR Analytics,Prof. Kulkarni,4,MBA,B,Auditorium,120,96,80.0,Theory,1,0,0
01-05-2026,Friday,5,02:00 PM,Financial Management,Prof. Patil,4,MCA,C,Room 201,180,154,85.56,Theory,0,0,0
01-05-2026,Friday,6,03:00 PM,Python Programming,Prof. Sharma,4,MCA,C,Room 202,180,92,51.11,Theory,1,0,0
02-05-2026,Saturday,1,09:00 AM,HR Analytics,Prof. Sharma,2,MCA,C,Lab 1,180,98,114.0,Practical,1,1,1
02-05-2026,Saturday,2,10:00 AM,Python Programming,Prof. Deshmukh,4,MCA,A,Lab 2,180,159,88.33,Practical,0,0,0
02-05-2026,Saturday,3,11:15 AM,Machine Learning,Prof. Deshmukh,4,MBA,A,Lab 2,120,105,87.5,Practical,0,0,0
02-05-2026,Saturday,4,12:15 PM,Web Development,Akash Upadhayay,2,MCA,A,Room 201,180,135,75.0,Theory,0,0,0
02-05-2026,Saturday,5,02:00 PM,Machine Learning,Prof. Deshmukh,4,MBA,A,Room 202,120,95,79.17,Theory,0,0,0
02-05-2026,Saturday,6,03:00 PM,Cloud Computing,Ishwari Gaikwad,2,MCA,B,Lab 1,180,133,73.89,Practical,0,0,0
02-05-2026,Saturday,1,09:00 AM,Cloud Computing,Prof. Patil,4,MCA,A,Auditorium,180,99,55.0,Theory,0,1,1
02-05-2026,Saturday,2,10:00 AM,Advanced DBMS,Prof. Deshmukh,4,MCA,A,Auditorium,180,120,66.67,Theory,1,0,0
02-05-2026,Saturday,3,11:15 AM,Web Development,Akash Upadhayay,2,MCA,B,Room 201,180,155,86.11,Theory,0,0,0
02-05-2026,Saturday,4,12:15 PM,Cloud Computing,Ishwari Gaikwad,4,MCA,C,Auditorium,180,138,76.67,Theory,0,0,0
02-05-2026,Saturday,5,02:00 PM,Web Development,Ishwari Gaikwad,2,MBA,A,Room 202,120,112,93.33,Theory,0,0,0
02-05-2026,Saturday,6,03:00 PM,HR Analytics,Prof. Kulkarni,2,MCA,C,Lab 2,180,142,78.89,Practical,0,0,0
02-05-2026,Saturday,1,09:00 AM,Machine Learning,Ishwari Gaikwad,2,MBA,C,Room 201,120,89,74.17,Theory,0,0,0
02-05-2026,Saturday,2,10:00 AM,Financial Management,Prof. Deshmukh,4,MCA,A,Lab 2,180,169,93.89,Practical,0,0,0
02-05-2026,Saturday,3,11:15 AM,HR Analytics,Ishwari Gaikwad,2,MBA,C,Lab 1,120,82,68.33,Practical,0,0,1
02-05-2026,Saturday,4,12:15 PM,HR Analytics,Prof. Kulkarni,4,MBA,C,Room 202,120,90,75.0,Theory,0,1,0
02-05-2026,Saturday,5,02:00 PM,Python Programming,Akash Upadhayay,2,MBA,B,Lab 2,120,94,78.33,Practical,0,1,0
02-05-2026,Saturday,6,03:00 PM,Financial Management,Prof. Patil,2,MBA,B,Room 202,120,74,61.67,Theory,0,1,0
02-05-2026,Saturday,1,09:00 AM,Python Programming,Prof. Patil,4,MBA,B,Room 201,120,89,74.17,Theory,0,1,0
02-05-2026,Saturday,2,10:00 AM,Machine Learning,Prof. Kulkarni,2,MCA,A,Room 202,180,124,68.89,Theory,0,0,0
02-05-2026,Saturday,3,11:15 AM,HR Analytics,Akash Upadhayay,2,MCA,C,Room 201,180,155,86.11,Theory,0,1,0
02-05-2026,Saturday,4,12:15 PM,Advanced DBMS,Prof. Patil,2,MBA,C,Auditorium,120,106,88.33,Theory,0,1,0
02-05-2026,Saturday,5,02:00 PM,HR Analytics,Prof. Kulkarni,2,MCA,B,Lab 1,180,160,88.89,Practical,0,0,0
02-05-2026,Saturday,6,03:00 PM,Financial Management,Prof. Sharma,4,MBA,C,Room 202,120,76,63.33,Theory,0,0,0
03-05-2026,Monday,1,09:00 AM,HR Analytics,Prof. Deshmukh,2,MCA,B,Lab 2,180,127,70.56,Practical,0,0,0
03-05-2026,Monday,2,10:00 AM,Financial Management,Ishwari Gaikwad,2,MCA,B,Lab 1,180,142,78.89,Practical,0,0,0
03-05-2026,Monday,3,11:15 AM,Advanced DBMS,Prof. Deshmukh,4,MCA,B,Lab 1,180,133,73.89,Practical,0,0,0
03-05-2026,Monday,4,12:15 PM,Financial Management,Prof. Sharma,4,MCA,B,Room 201,180,143,79.44,Theory,0,0,1
03-05-2026,Monday,5,02:00 PM,Web Development,Ishwari Gaikwad,4,MBA,A,Auditorium,120,106,88.33,Theory,0,0,0
03-05-2026,Monday,6,03:00 PM,Machine Learning,Prof. Deshmukh,4,MCA,B,Lab 2,180,147,120.0,Practical,0,0,0
03-05-2026,Monday,1,09:00 AM,Python Programming,Ishwari Gaikwad,2,MBA,C,Room 202,120,89,74.17,Theory,0,0,0
03-05-2026,Monday,2,10:00 AM,Python Programming,Prof. Patil,4,MCA,B,Lab 2,180,143,79.44,Practical,0,0,0
03-05-2026,Monday,3,11:15 AM,Web Development,Prof. Patil,2,MCA,C,Room 201,180,136,75.56,Theory,0,0,0
03-05-2026,Monday,4,12:15 PM,Python Programming,Akash Upadhayay,4,MCA,C,Lab 1,180,141,78.33,Practical,0,0,0
03-05-2026,Monday,5,02:00 PM,HR Analytics,Prof. Kulkarni,2,MCA,A,Room 201,180,133,73.89,Theory,0,0,0
03-05-2026,Monday,6,03:00 PM,Cloud Computing,Prof. Patil,4,MBA,C,Room 201,120,98,81.67,Theory,0,1,0
03-05-2026,Monday,1,09:00 AM,Financial Management,Prof. Sharma,4,MBA,B,Auditorium,120,82,68.33,Theory,0,0,0
03-05-2026,Monday,2,10:00 AM,Advanced DBMS,Akash Upadhayay,4,MCA,B,Lab 2,180,165,91.67,Practical,0,0,0
03-05-2026,Monday,3,11:15 AM,Cloud Computing,Prof. Deshmukh,2,MCA,C,Room 202,180,130,72.22,Theory,0,0,0
03-05-2026,Monday,4,12:15 PM,Machine Learning,Prof. Deshmukh,2,MCA,C,Lab 1,180,159,88.33,Practical,0,0,0
03-05-2026,Monday,5,02:00 PM,Python Programming,Ishwari Gaikwad,2,MCA,B,Auditorium,180,136,75.56,Theory,0,0,0
03-05-2026,Monday,6,03:00 PM,HR Analytics,Prof. Sharma,2,MBA,B,Lab 2,120,70,58.33,Practical,0,0,1
03-05-2026,Monday,1,09:00 AM,Python Programming,Ishwari Gaikwad,2,MCA,C,Auditorium,180,126,,Theory,0,0,0
03-05-2026,Monday,2,10:00 AM,Cloud Computing,Prof. Sharma,4,MBA,A,Auditorium,120,91,75.83,Theory,0,0,0
03-05-2026,Monday,3,11:15 AM,HR Analytics,Prof. Deshmukh,2,MBA,B,Lab 2,120,83,69.17,Practical,0,0,1
03-05-2026,Monday,4,12:15 PM,Cloud Computing,Prof. Deshmukh,2,MCA,C,Room 201,180,141,78.33,Theory,0,0,0
03-05-2026,Monday,5,02:00 PM,Machine Learning,Prof. Patil,2,MBA,B,Room 201,120,99,82.5,Theory,0,0,0
03-05-2026,Monday,6,03:00 PM,Cloud Computing,Prof. Sharma,2,MCA,A,Lab 2,180,144,80.0,Practical,0,0,0
04-05-2026,Monday,1,09:00 AM,Machine Learning,Prof. Sharma,4,MCA,B,Lab 2,180,142,78.89,Practical,0,0,0
04-05-2026,Monday,2,10:00 AM,Cloud Computing,Prof. Kulkarni,2,MBA,B,Room 202,120,84,70.0,Theory,0,0,0
04-05-2026,Monday,3,11:15 AM,Cloud Computing,Akash Upadhayay,2,MBA,A,Room 201,120,86,71.67,Theory,0,0,0
04-05-2026,Monday,4,12:15 PM,Python Programming,Prof. Kulkarni,4,MCA,B,Lab 2,180,163,90.56,Practical,0,0,0
04-05-2026,Monday,5,02:00 PM,Web Development,Prof. Sharma,4,MCA,A,Room 202,180,126,70.0,Theory,1,1,0
04-05-2026,Monday,6,03:00 PM,Financial Management,Ishwari Gaikwad,2,MCA,B,Auditorium,180,136,75.56,Theory,0,0,0
04-05-2026,Monday,1,09:00 AM,Machine Learning,Prof. Kulkarni,2,MBA,C,Lab 2,120,68,56.67,Practical,0,0,1
04-05-2026,Monday,2,10:00 AM,Cloud Computing,Prof. Patil,2,MCA,A,Room 201,180,112,62.22,Theory,1,0,0
04-05-2026,Monday,3,11:15 AM,HR Analytics,Ishwari Gaikwad,4,MCA,B,Room 202,180,143,79.44,Theory,0,0,0
04-05-2026,Monday,4,12:15 PM,Web Development,Prof. Sharma,4,MCA,A,Lab 2,180,176,97.78,Practical,0,0,0
04-05-2026,Monday,5,02:00 PM,Machine Learning,Ishwari Gaikwad,4,MCA,A,Room 202,180,164,91.11,Theory,0,0,0
04-05-2026,Monday,6,03:00 PM,Machine Learning,Prof. Kulkarni,4,MCA,C,Lab 2,180,151,83.89,Practical,0,0,0
04-05-2026,Monday,1,09:00 AM,Cloud Computing,Prof. Deshmukh,2,MCA,B,Lab 2,180,127,70.56,Practical,0,0,0
04-05-2026,Monday,2,10:00 AM,HR Analytics,Prof. Patil,2,MCA,B,Room 202,180,150,83.33,Theory,0,0,0
04-05-2026,Monday,3,11:15 AM,Web Development,Prof. Patil,4,MCA,C,Lab 1,180,125,120.0,Practical,1,0,0
04-05-2026,Monday,4,12:15 PM,Financial Management,Prof. Sharma,2,MBA,C,Room 202,120,83,69.17,Theory,0,0,0
04-05-2026,Monday,5,02:00 PM,Financial Management,Prof. Sharma,4,MCA,A,Room 201,180,138,76.67,Theory,0,0,0
04-05-2026,Monday,6,03:00 PM,Web Development,Ishwari Gaikwad,2,MCA,C,Lab 1,180,144,80.0,Practical,0,0,0
04-05-2026,Monday,1,09:00 AM,Advanced DBMS,Akash Upadhayay,4,MBA,A,Lab 2,120,83,69.17,Practical,0,0,0
04-05-2026,Monday,2,10:00 AM,HR Analytics,Ishwari Gaikwad,4,MBA,B,Lab 2,120,113,94.17,Practical,0,1,0
04-05-2026,Monday,3,11:15 AM,Machine Learning,Prof. Sharma,4,MCA,C,Lab 1,180,174,4.0,Practical,0,0,0
04-05-2026,Monday,4,12:15 PM,Cloud Computing,Ishwari Gaikwad,2,MCA,C,Auditorium,180,126,70.0,Theory,0,0,0
04-05-2026,Monday,5,02:00 PM,Advanced DBMS,Ishwari Gaikwad,4,MCA,C,Lab 1,180,122,67.78,Practical,0,0,1
04-05-2026,Monday,6,03:00 PM,HR Analytics,Ishwari Gaikwad,2,MBA,C,Lab 1,120,94,78.33,Practical,0,1,0
05-05-2026,Tuesday,1,09:00 AM,HR Analytics,Prof. Sharma,4,MBA,A,Room 201,120,108,90.0,Theory,0,0,0
05-05-2026,Tuesday,2,10:00 AM,Advanced DBMS,Prof. Kulkarni,2,MCA,C,Lab 1,180,99,55.0,Practical,1,0,1
05-05-2026,Tuesday,3,11:15 AM,Web Development,Ishwari Gaikwad,2,MBA,A,Lab 1,120,117,97.5,Practical,0,0,0
05-05-2026,Tuesday,4,12:15 PM,Financial Management,Akash Upadhayay,2,MBA,B,Room 201,120,102,85.0,Theory,0,1,0
05-05-2026,Tuesday,5,02:00 PM,Machine Learning,Akash Upadhayay,2,MBA,B,Room 201,120,79,65.83,Theory,0,0,0
05-05-2026,Tuesday,6,03:00 PM,HR Analytics,Ishwari Gaikwad,4,MBA,A,Lab 1,120,107,89.17,Practical,0,0,0
05-05-2026,Tuesday,1,09:00 AM,Python Programming,Ishwari Gaikwad,2,MBA,B,Lab 2,120,113,94.17,Practical,0,0,0
05-05-2026,Tuesday,2,10:00 AM,Advanced DBMS,Prof. Kulkarni,4,MCA,B,Lab 1,180,151,83.89,Practical,0,0,0
05-05-2026,Tuesday,3,11:15 AM,Web Development,Prof. Patil,4,MCA,B,Room 201,180,163,90.56,Theory,0,0,0
05-05-2026,Tuesday,4,12:15 PM,Web Development,Prof. Deshmukh,4,MCA,A,Auditorium,180,139,77.22,Theory,0,1,1
05-05-2026,Tuesday,5,02:00 PM,Web Development,Akash Upadhayay,4,MBA,A,Room 202,120,103,85.83,Theory,0,0,0
05-05-2026,Tuesday,6,03:00 PM,Advanced DBMS,Ishwari Gaikwad,4,MCA,A,Room 201,180,152,84.44,Theory,0,0,0
05-05-2026,Tuesday,1,09:00 AM,Advanced DBMS,Prof. Kulkarni,2,MBA,B,Lab 1,120,114,95.0,Practical,0,0,0
05-05-2026,Tuesday,2,10:00 AM,Python Programming,Ishwari Gaikwad,2,MCA,A,Room 201,180,142,78.89,Theory,0,0,0
05-05-2026,Tuesday,3,11:15 AM,Cloud Computing,Prof. Sharma,2,MBA,B,Lab 2,120,114,95.0,Practical,0,1,0
05-05-2026,Tuesday,4,12:15 PM,Python Programming,Prof. Deshmukh,2,MCA,C,Lab 2,180,164,91.11,Practical,0,0,0
05-05-2026,Tuesday,5,02:00 PM,Web Development,Prof. Kulkarni,4,MBA,C,Auditorium,120,100,83.33,Theory,0,0,0
05-05-2026,Tuesday,6,03:00 PM,Machine Learning,Prof. Sharma,4,MCA,B,Auditorium,180,147,81.67,Theory,0,0,0
05-05-2026,Tuesday,1,09:00 AM,Advanced DBMS,Prof. Sharma,4,MCA,B,Room 202,180,147,81.67,Theory,0,1,0
05-05-2026,Tuesday,2,10:00 AM,Machine Learning,Prof. Kulkarni,2,MCA,A,Lab 1,180,164,91.11,Practical,0,0,0
05-05-2026,Tuesday,3,11:15 AM,Web Development,Prof. Deshmukh,2,MCA,B,Room 201,180,135,75.0,Theory,1,0,0
05-05-2026,Tuesday,4,12:15 PM,Cloud Computing,Prof. Sharma,4,MCA,C,Room 202,180,143,79.44,Theory,0,0,0
05-05-2026,Tuesday,5,02:00 PM,Cloud Computing,Prof. Patil,2,MCA,C,Lab 1,180,152,84.44,Practical,0,0,0
05-05-2026,Tuesday,6,03:00 PM,Python Programming,Prof. Sharma,2,MBA,C,Lab 1,120,90,75.0,Practical,0,0,0
06-05-2026,Wednesday,1,09:00 AM,Cloud Computing,Ishwari Gaikwad,4,MBA,C,Room 201,120,107,89.17,Theory,0,0,0
06-05-2026,Wednesday,2,10:00 AM,Advanced DBMS,Prof. Sharma,4,MCA,B,Lab 2,180,159,88.33,Practical,0,0,0
06-05-2026,Wednesday,3,11:15 AM,Python Programming,Prof. Patil,2,MCA,C,Room 202,180,176,97.78,Theory,0,0,0
06-05-2026,Wednesday,4,12:15 PM,Advanced DBMS,Prof. Sharma,2,MCA,B,Lab 2,180,175,97.22,Practical,0,0,0
06-05-2026,Wednesday,5,02:00 PM,Advanced DBMS,Prof. Patil,4,MBA,C,Room 202,120,101,84.17,Theory,0,0,0
06-05-2026,Wednesday,6,03:00 PM,Cloud Computing,Akash Upadhayay,2,MCA,C,Room 202,180,153,85.0,Theory,0,0,0
06-05-2026,Wednesday,1,09:00 AM,Machine Learning,Prof. Patil,4,MCA,A,Room 202,180,138,76.67,Theory,0,0,0
06-05-2026,Wednesday,2,10:00 AM,Machine Learning,Ishwari Gaikwad,4,MCA,C,Lab 1,180,173,96.11,Practical,0,0,0
06-05-2026,Wednesday,3,11:15 AM,Cloud Computing,Prof. Deshmukh,2,MCA,B,Room 201,180,135,75.0,Theory,1,0,0
06-05-2026,Wednesday,4,12:15 PM,Advanced DBMS,Akash Upadhayay,2,MCA,B,Auditorium,180,167,92.78,Theory,0,1,0
06-05-2026,Wednesday,5,02:00 PM,HR Analytics,Prof. Deshmukh,2,MCA,A,Room 202,180,163,90.56,Theory,0,0,0
06-05-2026,Wednesday,6,03:00 PM,HR Analytics,Prof. Kulkarni,4,MBA,B,Lab 2,120,112,114.0,Practical,0,0,0
06-05-2026,Wednesday,1,09:00 AM,Advanced DBMS,Prof. Patil,2,MCA,B,Room 201,180,114,63.33,Theory,0,1,0
06-05-2026,Wednesday,2,10:00 AM,Financial Management,Akash Upadhayay,4,MCA,C,Auditorium,180,172,95.56,Theory,0,1,0
06-05-2026,Wednesday,3,11:15 AM,Machine Learning,Prof. Deshmukh,4,MCA,B,Lab 1,180,149,82.78,Practical,0,0,0
06-05-2026,Wednesday,4,12:15 PM,Machine Learning,Ishwari Gaikwad,2,MCA,B,Auditorium,180,170,94.44,Theory,0,0,0
06-05-2026,Wednesday,5,02:00 PM,Web Development,Prof. Kulkarni,4,MBA,B,Auditorium,120,110,91.67,Theory,0,1,0
06-05-2026,Wednesday,6,03:00 PM,Advanced DBMS,Akash Upadhayay,4,MCA,B,Lab 2,180,144,80.0,Practical,0,1,0
06-05-2026,Wednesday,1,09:00 AM,Advanced DBMS,Ishwari Gaikwad,2,MBA,A,Room 201,120,76,63.33,Theory,1,0,0
06-05-2026,Wednesday,2,10:00 AM,HR Analytics,Prof. Deshmukh,4,MBA,A,Room 202,120,98,81.67,Theory,0,0,0
06-05-2026,Wednesday,3,11:15 AM,Cloud Computing,Prof. Sharma,2,MCA,C,Room 202,180,157,87.22,Theory,0,1,0
06-05-2026,Wednesday,4,12:15 PM,Web Development,Prof. Sharma,2,MBA,A,Lab 2,120,106,88.33,Practical,0,0,0
06-05-2026,Wednesday,5,02:00 PM,Machine Learning,Prof. Patil,4,MCA,C,Room 201,180,126,70.0,Theory,0,1,1
06-05-2026,Wednesday,6,03:00 PM,Financial Management,Prof. Sharma,2,MCA,B,Room 201,180,127,70.56,Theory,0,0,0
07-05-2026,Thursday,1,09:00 AM,Financial Management,Akash Upadhayay,2,MCA,B,Room 202,180,139,,Theory,0,0,0
07-05-2026,Thursday,2,10:00 AM,Python Programming,Prof. Sharma,4,MBA,A,Lab 2,120,117,97.5,Practical,0,0,0
07-05-2026,Thursday,3,11:15 AM,Advanced DBMS,Prof. Sharma,4,MBA,A,Lab 1,120,109,90.83,Practical,0,0,0
07-05-2026,Thursday,4,12:15 PM,Web Development,Prof. Patil,2,MBA,C,Auditorium,120,108,90.0,Theory,0,0,0
07-05-2026,Thursday,5,02:00 PM,Cloud Computing,Akash Upadhayay,2,MBA,B,Lab 2,120,84,70.0,Practical,1,0,0
07-05-2026,Thursday,6,03:00 PM,Financial Management,Prof. Sharma,2,MBA,B,Room 202,120,92,76.67,Theory,0,0,0
07-05-2026,Thursday,1,09:00 AM,Cloud Computing,Prof. Patil,4,MCA,C,Auditorium,180,126,70.0,Theory,0,0,0
07-05-2026,Thursday,2,10:00 AM,Web Development,Prof. Sharma,2,MCA,C,Lab 1,180,174,96.67,Practical,0,1,0
07-05-2026,Thursday,3,11:15 AM,Advanced DBMS,Prof. Patil,4,MCA,C,Auditorium,180,137,76.11,Theory,0,0,0
07-05-2026,Thursday,4,12:15 PM,Cloud Computing,Prof. Patil,2,MCA,C,Auditorium,180,108,60.0,Theory,1,0,0
07-05-2026,Thursday,5,02:00 PM,Web Development,Akash Upadhayay,4,MBA,A,Lab 2,120,117,97.5,Practical,0,1,0
07-05-2026,Thursday,6,03:00 PM,Web Development,Prof. Sharma,4,MCA,B,Room 201,180,124,68.89,Theory,0,0,0
07-05-2026,Thursday,1,09:00 AM,Cloud Computing,Akash Upadhayay,4,MCA,C,Lab 2,180,155,,Practical,0,0,0
07-05-2026,Thursday,2,10:00 AM,Python Programming,Ishwari Gaikwad,4,MCA,B,Auditorium,180,99,55.0,Theory,0,0,1
07-05-2026,Thursday,3,11:15 AM,Advanced DBMS,Prof. Patil,2,MCA,B,Lab 1,180,171,95.0,Practical,0,1,0
07-05-2026,Thursday,4,12:15 PM,Web Development,Akash Upadhayay,4,MCA,A,Auditorium,180,167,92.78,Theory,0,0,0
07-05-2026,Thursday,5,02:00 PM,Financial Management,Prof. Deshmukh,2,MCA,A,Lab 2,180,171,95.0,Practical,0,0,0
07-05-2026,Thursday,6,03:00 PM,Web Development,Prof. Kulkarni,4,MCA,C,Auditorium,180,114,63.33,Theory,1,1,0
07-05-2026,Thursday,1,09:00 AM,Python Programming,Prof. Kulkarni,2,MCA,A,Lab 1,180,124,68.89,Practical,0,0,0
07-05-2026,Thursday,2,10:00 AM,Cloud Computing,Prof. Patil,4,MBA,B,Room 201,120,107,,Theory,0,0,0
07-05-2026,Thursday,3,11:15 AM,Web Development,Akash Upadhayay,4,MCA,C,Lab 1,180,166,92.22,Practical,0,0,0
07-05-2026,Thursday,4,12:15 PM,Python Programming,Prof. Deshmukh,2,MCA,B,Auditorium,180,122,67.78,Theory,0,0,1
07-05-2026,Thursday,5,02:00 PM,HR Analytics,Prof. Sharma,4,MCA,B,Lab 1,180,173,96.11,Practical,0,0,0
07-05-2026,Thursday,6,03:00 PM,Financial Management,Akash Upadhayay,2,MBA,C,Lab 1,120,84,70.0,Practical,0,0,1
08-05-2026,Friday,1,09:00 AM,Machine Learning,Prof. Sharma,2,MCA,B,Room 201,180,157,87.22,Theory,0,0,0
08-05-2026,Friday,2,10:00 AM,Web Development,Ishwari Gaikwad,4,MBA,C,Room 201,120,102,85.0,Theory,1,0,0
08-05-2026,Friday,3,11:15 AM,Python Programming,Ishwari Gaikwad,2,MCA,C,Lab 1,180,176,97.78,Practical,0,0,0
08-05-2026,Friday,4,12:15 PM,Python Programming,Ishwari Gaikwad,2,MBA,C,Auditorium,120,111,92.5,Theory,0,1,0
08-05-2026,Friday,5,02:00 PM,Web Development,Prof. Deshmukh,4,MCA,B,Auditorium,180,160,88.89,Theory,0,0,0
08-05-2026,Friday,6,03:00 PM,Cloud Computing,Akash Upadhayay,2,MCA,C,Lab 2,180,132,73.33,Practical,0,0,0
08-05-2026,Friday,1,09:00 AM,Advanced DBMS,Prof. Kulkarni,2,MCA,B,Auditorium,180,117,65.0,Theory,0,0,0
08-05-2026,Friday,2,10:00 AM,Machine Learning,Akash Upadhayay,4,MCA,C,Room 201,180,169,93.89,Theory,0,0,0
08-05-2026,Friday,3,11:15 AM,Advanced DBMS,Prof. Patil,4,MBA,C,Room 201,120,101,84.17,Theory,0,0,0
08-05-2026,Friday,4,12:15 PM,HR Analytics,Prof. Patil,2,MBA,A,Room 202,120,99,82.5,Theory,0,0,0
08-05-2026,Friday,5,02:00 PM,Financial Management,Prof. Kulkarni,4,MBA,C,Lab 2,120,94,78.33,Practical,0,1,0
08-05-2026,Friday,6,03:00 PM,Web Development,Prof. Deshmukh,4,MBA,B,Lab 1,120,79,65.83,Practical,0,0,1
08-05-2026,Friday,1,09:00 AM,Machine Learning,Akash Upadhayay,4,MBA,A,Room 201,120,84,70.0,Theory,0,0,0
08-05-2026,Friday,2,10:00 AM,Cloud Computing,Akash Upadhayay,4,MCA,C,Lab 1,180,150,83.33,Practical,0,0,0
08-05-2026,Friday,3,11:15 AM,Python Programming,Ishwari Gaikwad,2,MCA,A,Auditorium,180,158,87.78,Theory,0,1,0
08-05-2026,Friday,4,12:15 PM,Financial Management,Prof. Deshmukh,4,MCA,A,Room 202,180,169,93.89,Theory,0,0,0
08-05-2026,Friday,5,02:00 PM,Advanced DBMS,Prof. Kulkarni,2,MBA,B,Lab 2,120,112,4.0,Practical,0,0,0
08-05-2026,Friday,6,03:00 PM,Web Development,Prof. Sharma,4,MBA,C,Lab 1,120,87,72.5,Practical,0,1,0
08-05-2026,Friday,1,09:00 AM,Python Programming,Ishwari Gaikwad,4,MBA,C,Lab 2,120,80,66.67,Practical,0,0,1
08-05-2026,Friday,2,10:00 AM,Web Development,Akash Upadhayay,2,MCA,B,Room 201,180,162,90.0,Theory,0,0,0
08-05-2026,Friday,3,11:15 AM,HR Analytics,Prof. Deshmukh,4,MCA,C,Room 201,180,141,78.33,Theory,0,0,0
08-05-2026,Friday,4,12:15 PM,Financial Management,Prof. Deshmukh,4,MCA,B,Lab 1,180,118,65.56,Practical,1,0,0
08-05-2026,Friday,5,02:00 PM,Advanced DBMS,Prof. Kulkarni,4,MBA,A,Lab 1,120,114,95.0,Practical,0,0,0
08-05-2026,Friday,6,03:00 PM,Financial Management,Prof. Patil,4,MCA,B,Room 202,180,121,67.22,Theory,0,0,1
09-05-2026,Saturday,1,09:00 AM,Cloud Computing,Akash Upadhayay,4,MBA,C,Lab 1,120,69,57.5,Practical,0,0,0
09-05-2026,Saturday,2,10:00 AM,Machine Learning,Prof. Kulkarni,4,MCA,B,Auditorium,180,146,81.11,Theory,0,1,0
09-05-2026,Saturday,3,11:15 AM,Advanced DBMS,Akash Upadhayay,4,MBA,C,Auditorium,120,93,77.5,Theory,0,0,0
09-05-2026,Saturday,4,12:15 PM,Cloud Computing,Prof. Deshmukh,4,MCA,C,Room 201,180,133,73.89,Theory,1,1,0
09-05-2026,Saturday,5,02:00 PM,Web Development,Prof. Sharma,4,MCA,A,Lab 1,180,150,83.33,Practical,0,0,1
09-05-2026,Saturday,6,03:00 PM,Financial Management,Prof. Sharma,4,MCA,A,Auditorium,180,113,62.78,Theory,0,0,0
09-05-2026,Saturday,1,09:00 AM,Cloud Computing,Ishwari Gaikwad,2,MBA,C,Auditorium,120,79,65.83,Theory,0,0,0
09-05-2026,Saturday,2,10:00 AM,Web Development,Prof. Patil,2,MCA,B,Room 201,180,141,78.33,Theory,0,1,0
09-05-2026,Saturday,3,11:15 AM,Cloud Computing,Akash Upadhayay,4,MCA,A,Auditorium,180,129,71.67,Theory,1,0,0
09-05-2026,Saturday,4,12:15 PM,HR Analytics,Prof. Sharma,4,MBA,B,Auditorium,120,106,88.33,Theory,0,0,0
09-05-2026,Saturday,5,02:00 PM,Advanced DBMS,Prof. Sharma,4,MCA,A,Lab 1,180,148,82.22,Practical,0,0,0
09-05-2026,Saturday,6,03:00 PM,Machine Learning,Prof. Deshmukh,4,MCA,C,Room 201,180,121,67.22,Theory,0,1,0
09-05-2026,Saturday,1,09:00 AM,Python Programming,Prof. Patil,4,MCA,A,Room 202,180,126,70.0,Theory,0,0,0
09-05-2026,Saturday,2,10:00 AM,Cloud Computing,Prof. Patil,4,MBA,B,Room 201,120,101,84.17,Theory,0,1,0
09-05-2026,Saturday,3,11:15 AM,Machine Learning,Akash Upadhayay,2,MBA,A,Auditorium,120,84,70.0,Theory,0,0,0
09-05-2026,Saturday,4,12:15 PM,Machine Learning,Prof. Patil,2,MBA,A,Room 201,120,108,90.0,Theory,0,0,0
09-05-2026,Saturday,5,02:00 PM,HR Analytics,Prof. Deshmukh,4,MCA,C,Room 201,180,131,72.78,Theory,0,0,0
09-05-2026,Saturday,6,03:00 PM,Machine Learning,Prof. Kulkarni,2,MCA,B,Auditorium,180,109,60.56,Theory,0,1,0
09-05-2026,Saturday,1,09:00 AM,Advanced DBMS,Prof. Patil,4,MBA,A,Room 201,120,74,4.0,Theory,1,0,0
09-05-2026,Saturday,2,10:00 AM,Financial Management,Prof. Patil,4,MBA,C,Room 202,120,103,85.83,Theory,0,1,0
09-05-2026,Saturday,3,11:15 AM,Advanced DBMS,Prof. Sharma,2,MCA,B,Lab 2,180,162,90.0,Practical,0,0,0
09-05-2026,Saturday,4,12:15 PM,Advanced DBMS,Prof. Patil,2,MBA,B,Room 202,120,87,72.5,Theory,0,0,0
09-05-2026,Saturday,5,02:00 PM,Python Programming,Ishwari Gaikwad,4,MCA,C,Lab 1,180,126,70.0,Practical,1,0,0
09-05-2026,Saturday,6,03:00 PM,HR Analytics,Prof. Patil,4,MBA,A,Room 201,120,96,80.0,Theory,0,0,0
10-05-2026,Monday,1,09:00 AM,Web Development,Akash Upadhayay,2,MCA,C,Lab 2,180,135,75.0,Practical,0,0,0
10-05-2026,Monday,2,10:00 AM,Financial Management,Ishwari Gaikwad,4,MBA,A,Lab 2,120,93,77.5,Practical,0,0,0
10-05-2026,Monday,3,11:15 AM,Advanced DBMS,Prof. Deshmukh,2,MBA,B,Room 201,120,90,75.0,Theory,0,0,0
10-05-2026,Monday,4,12:15 PM,HR Analytics,Prof. Patil,2,MBA,A,Auditorium,120,102,85.0,Theory,0,0,0
10-05-2026,Monday,5,02:00 PM,Cloud Computing,Prof. Patil,2,MBA,A,Lab 2,120,99,82.5,Practical,0,0,0
10-05-2026,Monday,6,03:00 PM,Cloud Computing,Prof. Patil,4,MBA,B,Auditorium,120,69,57.5,Theory,0,0,0
10-05-2026,Monday,1,09:00 AM,Python Programming,Prof. Kulkarni,2,MCA,A,Lab 2,180,129,71.67,Practical,1,0,0
10-05-2026,Monday,2,10:00 AM,Python Programming,Prof. Deshmukh,4,MBA,C,Room 202,120,80,66.67,Theory,1,0,0
10-05-2026,Monday,3,11:15 AM,Advanced DBMS,Prof. Deshmukh,4,MCA,A,Lab 1,180,114,63.33,Practical,1,0,0
10-05-2026,Monday,4,12:15 PM,Web Development,Akash Upadhayay,2,MCA,C,Room 202,180,157,87.22,Theory,0,1,0
10-05-2026,Monday,5,02:00 PM,Machine Learning,Akash Upadhayay,4,MCA,A,Auditorium,180,124,68.89,Theory,0,0,1
10-05-2026,Monday,6,03:00 PM,HR Analytics,Akash Upadhayay,4,MCA,B,Lab 1,180,117,65.0,Practical,0,1,0
10-05-2026,Monday,1,09:00 AM,Advanced DBMS,Prof. Patil,4,MBA,B,Lab 1,120,81,,Practical,0,1,0
10-05-2026,Monday,2,10:00 AM,Cloud Computing,Prof. Deshmukh,2,MBA,B,Room 202,120,85,70.83,Theory,0,0,0
10-05-2026,Monday,3,11:15 AM,HR Analytics,Prof. Deshmukh,2,MCA,A,Room 201,180,125,69.44,Theory,1,0,0
10-05-2026,Monday,4,12:15 PM,Advanced DBMS,Prof. Patil,4,MCA,C,Lab 1,180,145,120.0,Practical,0,1,0
10-05-2026,Monday,5,02:00 PM,Financial Management,Prof. Kulkarni,4,MBA,B,Room 202,120,91,4.0,Theory,0,0,0
10-05-2026,Monday,6,03:00 PM,Financial Management,Ishwari Gaikwad,4,MBA,C,Room 202,120,96,80.0,Theory,0,0,0
10-05-2026,Monday,1,09:00 AM,Advanced DBMS,Akash Upadhayay,4,MCA,B,Room 201,180,104,57.78,Theory,0,1,1
10-05-2026,Monday,2,10:00 AM,Web Development,Prof. Sharma,2,MBA,A,Room 201,120,101,84.17,Theory,0,0,0
10-05-2026,Monday,3,11:15 AM,HR Analytics,Prof. Deshmukh,4,MCA,C,Room 201,180,151,83.89,Theory,0,0,0
10-05-2026,Monday,4,12:15 PM,Machine Learning,Akash Upadhayay,2,MBA,B,Room 202,120,73,60.83,Theory,0,0,1
10-05-2026,Monday,5,02:00 PM,HR Analytics,Prof. Patil,4,MBA,C,Auditorium,120,87,72.5,Theory,0,0,0
10-05-2026,Monday,6,03:00 PM,Machine Learning,Akash Upadhayay,2,MCA,A,Room 201,180,119,66.11,Theory,0,0,0
11-05-2026,Monday,1,09:00 AM,Financial Management,Ishwari Gaikwad,2,MBA,A,Auditorium,120,55,45.83,Theory,0,0,1
11-05-2026,Monday,2,10:00 AM,Advanced DBMS,Akash Upadhayay,2,MCA,B,Lab 1,180,160,88.89,Practical,0,0,0
11-05-2026,Monday,3,11:15 AM,Cloud Computing,Akash Upadhayay,2,MCA,A,Lab 2,180,133,73.89,Practical,1,0,0
11-05-2026,Monday,4,12:15 PM,Cloud Computing,Ishwari Gaikwad,4,MBA,B,Room 201,120,89,74.17,Theory,0,0,0
11-05-2026,Monday,5,02:00 PM,Machine Learning,Ishwari Gaikwad,4,MCA,A,Room 202,180,142,78.89,Theory,0,0,0
11-05-2026,Monday,6,03:00 PM,Advanced DBMS,Akash Upadhayay,4,MBA,A,Auditorium,120,49,40.83,Theory,1,0,0
11-05-2026,Monday,1,09:00 AM,Financial Management,Prof. Patil,4,MCA,A,Lab 2,180,112,62.22,Practical,1,0,0
11-05-2026,Monday,2,10:00 AM,Cloud Computing,Akash Upadhayay,2,MBA,A,Auditorium,120,78,65.0,Theory,1,0,0
11-05-2026,Monday,3,11:15 AM,HR Analytics,Ishwari Gaikwad,4,MCA,B,Lab 2,180,155,86.11,Practical,0,1,0
11-05-2026,Monday,4,12:15 PM,Advanced DBMS,Prof. Kulkarni,2,MBA,A,Lab 2,120,102,85.0,Practical,0,1,0
11-05-2026,Monday,5,02:00 PM,Cloud Computing,Akash Upadhayay,2,MCA,B,Auditorium,180,157,4.0,Theory,0,0,0
11-05-2026,Monday,6,03:00 PM,Web Development,Akash Upadhayay,2,MBA,B,Lab 1,120,84,70.0,Practical,0,0,0
11-05-2026,Monday,1,09:00 AM,Web Development,Prof. Kulkarni,2,MCA,B,Room 201,180,134,74.44,Theory,0,0,0
11-05-2026,Monday,2,10:00 AM,HR Analytics,Prof. Sharma,2,MCA,B,Room 201,180,132,73.33,Theory,0,0,0
11-05-2026,Monday,3,11:15 AM,Cloud Computing,Akash Upadhayay,4,MCA,C,Lab 1,180,149,82.78,Practical,0,0,0
11-05-2026,Monday,4,12:15 PM,Cloud Computing,Prof. Patil,4,MCA,B,Lab 1,180,157,87.22,Practical,0,1,0
11-05-2026,Monday,5,02:00 PM,Web Development,Akash Upadhayay,2,MCA,C,Lab 2,180,168,93.33,Practical,0,1,0
11-05-2026,Monday,6,03:00 PM,Machine Learning,Prof. Deshmukh,4,MBA,A,Lab 2,120,80,66.67,Practical,0,0,0
11-05-2026,Monday,1,09:00 AM,Cloud Computing,Prof. Deshmukh,2,MCA,A,Auditorium,180,105,58.33,Theory,1,0,0
11-05-2026,Monday,2,10:00 AM,Machine Learning,Prof. Deshmukh,2,MCA,C,Lab 1,180,145,80.56,Practical,0,0,0
11-05-2026,Monday,3,11:15 AM,Machine Learning,Prof. Sharma,4,MCA,C,Room 202,180,167,92.78,Theory,0,1,0
11-05-2026,Monday,4,12:15 PM,HR Analytics,Prof. Sharma,4,MBA,B,Lab 1,120,97,80.83,Practical,0,0,0
11-05-2026,Monday,5,02:00 PM,Advanced DBMS,Akash Upadhayay,4,MCA,B,Room 202,180,158,87.78,Theory,0,0,0
11-05-2026,Monday,6,03:00 PM,HR Analytics,Prof. Deshmukh,4,MCA,C,Lab 1,180,86,47.78,Practical,1,0,0
12-05-2026,Tuesday,1,09:00 AM,Web Development,Prof. Kulkarni,4,MCA,A,Lab 2,180,157,87.22,Practical,0,0,0
12-05-2026,Tuesday,2,10:00 AM,Financial Management,Prof. Patil,4,MCA,A,Auditorium,180,147,81.67,Theory,0,0,0
12-05-2026,Tuesday,3,11:15 AM,Cloud Computing,Prof. Deshmukh,4,MCA,C,Room 201,180,176,97.78,Theory,0,0,0
12-05-2026,Tuesday,4,12:15 PM,HR Analytics,Prof. Kulkarni,2,MBA,C,Lab 1,120,110,91.67,Practical,0,0,0
12-05-2026,Tuesday,5,02:00 PM,Web Development,Prof. Deshmukh,4,MCA,C,Lab 1,180,136,75.56,Practical,0,1,0
12-05-2026,Tuesday,6,03:00 PM,Python Programming,Ishwari Gaikwad,2,MCA,A,Lab 2,180,157,87.22,Practical,0,0,0
12-05-2026,Tuesday,1,09:00 AM,Advanced DBMS,Prof. Kulkarni,4,MBA,C,Room 201,120,87,72.5,Theory,0,0,0
12-05-2026,Tuesday,2,10:00 AM,Machine Learning,Akash Upadhayay,2,MCA,A,Room 201,180,118,65.56,Theory,1,0,0
12-05-2026,Tuesday,3,11:15 AM,Machine Learning,Prof. Kulkarni,4,MBA,C,Lab 2,120,107,89.17,Practical,0,1,0
12-05-2026,Tuesday,4,12:15 PM,HR Analytics,Prof. Deshmukh,2,MBA,B,Auditorium,120,95,79.17,Theory,0,0,0
12-05-2026,Tuesday,5,02:00 PM,Python Programming,Ishwari Gaikwad,2,MCA,B,Auditorium,180,150,83.33,Theory,0,0,1
12-05-2026,Tuesday,6,03:00 PM,Machine Learning,Prof. Patil,2,MBA,C,Lab 1,120,95,79.17,Practical,0,0,0
12-05-2026,Tuesday,1,09:00 AM,HR Analytics,Akash Upadhayay,2,MCA,A,Auditorium,180,139,77.22,Theory,0,1,0
12-05-2026,Tuesday,2,10:00 AM,Cloud Computing,Akash Upadhayay,2,MCA,C,Room 201,180,106,58.89,Theory,0,0,1
12-05-2026,Tuesday,3,11:15 AM,Machine Learning,Prof. Patil,2,MCA,B,Room 201,180,167,92.78,Theory,0,0,0
12-05-2026,Tuesday,4,12:15 PM,HR Analytics,Prof. Patil,2,MCA,A,Lab 2,180,151,83.89,Practical,0,0,0
12-05-2026,Tuesday,5,02:00 PM,Financial Management,Prof. Sharma,4,MBA,A,Room 201,120,94,78.33,Theory,1,0,0
12-05-2026,Tuesday,6,03:00 PM,HR Analytics,Ishwari Gaikwad,2,MCA,C,Lab 2,180,140,77.78,Practical,0,0,0
12-05-2026,Tuesday,1,09:00 AM,Advanced DBMS,Ishwari Gaikwad,2,MCA,A,Auditorium,180,110,,Theory,0,0,1
12-05-2026,Tuesday,2,10:00 AM,Machine Learning,Ishwari Gaikwad,4,MCA,B,Room 202,180,155,86.11,Theory,0,0,0
12-05-2026,Tuesday,3,11:15 AM,Cloud Computing,Prof. Patil,4,MCA,B,Room 201,180,152,84.44,Theory,0,1,0
12-05-2026,Tuesday,4,12:15 PM,Cloud Computing,Prof. Kulkarni,2,MBA,A,Lab 1,120,115,,Practical,0,0,0
12-05-2026,Tuesday,5,02:00 PM,Cloud Computing,Prof. Patil,2,MBA,A,Lab 1,120,117,97.5,Practical,0,0,0
12-05-2026,Tuesday,6,03:00 PM,Python Programming,Prof. Deshmukh,2,MCA,A,Room 201,180,121,67.22,Theory,0,0,0
13-05-2026,Wednesday,1,09:00 AM,Advanced DBMS,Prof. Deshmukh,4,MBA,B,Room 202,120,89,74.17,Theory,0,0,0
13-05-2026,Wednesday,2,10:00 AM,HR Analytics,Prof. Patil,2,MCA,B,Room 201,180,144,80.0,Theory,0,0,0
13-05-2026,Wednesday,3,11:15 AM,Web Development,Prof. Sharma,2,MBA,B,Room 201,120,115,95.83,Theory,0,0,0
13-05-2026,Wednesday,4,12:15 PM,Cloud Computing,Prof. Kulkarni,4,MCA,C,Auditorium,180,144,80.0,Theory,0,0,0
13-05-2026,Wednesday,5,02:00 PM,Machine Learning,Akash Upadhayay,4,MBA,B,Room 202,120,75,62.5,Theory,1,0,0
13-05-2026,Wednesday,6,03:00 PM,Python Programming,Prof. Deshmukh,4,MBA,C,Room 202,120,87,72.5,Theory,0,0,0
13-05-2026,Wednesday,1,09:00 AM,Financial Management,Prof. Sharma,2,MBA,B,Room 201,120,89,,Theory,0,0,0
13-05-2026,Wednesday,2,10:00 AM,Machine Learning,Prof. Kulkarni,4,MCA,B,Lab 1,180,129,71.67,Practical,1,0,0
13-05-2026,Wednesday,3,11:15 AM,Machine Learning,Prof. Deshmukh,2,MBA,C,Lab 2,120,106,88.33,Practical,0,1,0
13-05-2026,Wednesday,4,12:15 PM,Machine Learning,Akash Upadhayay,4,MCA,B,Lab 1,180,151,83.89,Practical,0,0,0
13-05-2026,Wednesday,5,02:00 PM,Cloud Computing,Prof. Sharma,2,MCA,A,Room 201,180,135,,Theory,0,0,0
13-05-2026,Wednesday,6,03:00 PM,HR Analytics,Prof. Deshmukh,4,MBA,C,Auditorium,120,92,76.67,Theory,0,0,0
13-05-2026,Wednesday,1,09:00 AM,Cloud Computing,Akash Upadhayay,4,MCA,C,Lab 1,180,146,81.11,Practical,0,0,0
13-05-2026,Wednesday,2,10:00 AM,Financial Management,Akash Upadhayay,2,MBA,A,Lab 2,120,96,80.0,Practical,0,0,0
13-05-2026,Wednesday,3,11:15 AM,Cloud Computing,Prof. Kulkarni,2,MCA,A,Lab 1,180,173,96.11,Practical,0,0,0
13-05-2026,Wednesday,4,12:15 PM,HR Analytics,Prof. Sharma,4,MBA,A,Lab 1,120,107,89.17,Practical,0,0,0
13-05-2026,Wednesday,5,02:00 PM,Web Development,Prof. Sharma,2,MBA,C,Lab 1,120,117,97.5,Practical,0,0,0
13-05-2026,Wednesday,6,03:00 PM,HR Analytics,Prof. Sharma,2,MCA,B,Lab 2,180,143,79.44,Practical,0,0,0
13-05-2026,Wednesday,1,09:00 AM,Web Development,Prof. Kulkarni,4,MBA,C,Room 202,120,76,63.33,Theory,0,1,0
13-05-2026,Wednesday,2,10:00 AM,Web Development,Ishwari Gaikwad,2,MCA,C,Room 201,180,169,93.89,Theory,0,0,0
13-05-2026,Wednesday,3,11:15 AM,Machine Learning,Akash Upadhayay,2,MCA,A,Room 201,180,166,120.0,Theory,0,0,0
13-05-2026,Wednesday,4,12:15 PM,HR Analytics,Ishwari Gaikwad,4,MCA,C,Auditorium,180,157,87.22,Theory,0,0,0
13-05-2026,Wednesday,5,02:00 PM,Financial Management,Prof. Sharma,2,MCA,C,Lab 1,180,141,78.33,Practical,1,1,0
13-05-2026,Wednesday,6,03:00 PM,Machine Learning,Prof. Sharma,4,MBA,C,Auditorium,120,69,120.0,Theory,1,1,0
14-05-2026,Thursday,1,09:00 AM,Web Development,Prof. Deshmukh,2,MCA,B,Room 201,180,103,57.22,Theory,1,0,0
14-05-2026,Thursday,2,10:00 AM,Cloud Computing,Prof. Deshmukh,2,MCA,B,Room 201,180,141,114.0,Theory,0,0,0
14-05-2026,Thursday,3,11:15 AM,HR Analytics,Prof. Kulkarni,2,MBA,A,Auditorium,120,89,,Theory,0,0,1
14-05-2026,Thursday,4,12:15 PM,Python Programming,Akash Upadhayay,4,MBA,B,Lab 1,120,100,83.33,Practical,0,1,0
14-05-2026,Thursday,5,02:00 PM,Advanced DBMS,Ishwari Gaikwad,4,MCA,C,Lab 2,180,172,95.56,Practical,0,0,0
14-05-2026,Thursday,6,03:00 PM,Web Development,Prof. Deshmukh,4,MCA,A,Room 202,180,119,66.11,Theory,1,1,0
14-05-2026,Thursday,1,09:00 AM,Financial Management,Prof. Sharma,2,MBA,B,Room 201,120,92,76.67,Theory,0,0,0
14-05-2026,Thursday,2,10:00 AM,HR Analytics,Prof. Sharma,2,MCA,B,Room 202,180,150,83.33,Theory,0,0,0
14-05-2026,Thursday,3,11:15 AM,HR Analytics,Prof. Sharma,4,MCA,C,Auditorium,180,155,86.11,Theory,0,0,0
14-05-2026,Thursday,4,12:15 PM,Financial Management,Prof. Patil,4,MCA,A,Room 202,180,140,77.78,Theory,0,1,0
14-05-2026,Thursday,5,02:00 PM,Machine Learning,Ishwari Gaikwad,4,MCA,A,Room 201,180,132,73.33,Theory,0,1,0
14-05-2026,Thursday,6,03:00 PM,Financial Management,Ishwari Gaikwad,2,MCA,B,Auditorium,180,148,82.22,Theory,0,0,0
14-05-2026,Thursday,1,09:00 AM,Advanced DBMS,Prof. Sharma,4,MCA,A,Lab 1,180,176,120.0,Practical,0,0,0
14-05-2026,Thursday,2,10:00 AM,Financial Management,Prof. Deshmukh,2,MBA,A,Room 201,120,81,67.5,Theory,1,1,0
14-05-2026,Thursday,3,11:15 AM,Python Programming,Prof. Patil,4,MCA,C,Room 201,180,137,76.11,Theory,0,0,0
14-05-2026,Thursday,4,12:15 PM,Cloud Computing,Prof. Deshmukh,2,MBA,A,Auditorium,120,106,88.33,Theory,0,0,0
14-05-2026,Thursday,5,02:00 PM,HR Analytics,Prof. Deshmukh,2,MCA,B,Room 202,180,163,90.56,Theory,0,0,0
14-05-2026,Thursday,6,03:00 PM,HR Analytics,Akash Upadhayay,4,MCA,B,Room 202,180,123,68.33,Theory,0,0,1
14-05-2026,Thursday,1,09:00 AM,HR Analytics,Ishwari Gaikwad,4,MCA,C,Room 201,180,158,87.78,Theory,0,0,0
14-05-2026,Thursday,2,10:00 AM,Financial Management,Prof. Patil,2,MBA,B,Lab 1,120,89,74.17,Practical,0,0,1
14-05-2026,Thursday,3,11:15 AM,Machine Learning,Prof. Sharma,2,MCA,A,Room 202,180,140,77.78,Theory,1,0,0
14-05-2026,Thursday,4,12:15 PM,Cloud Computing,Prof. Sharma,2,MCA,C,Lab 1,180,171,95.0,Practical,0,0,0
14-05-2026,Thursday,5,02:00 PM,Python Programming,Prof. Patil,2,MBA,A,Room 201,120,104,86.67,Theory,0,0,0
14-05-2026,Thursday,6,03:00 PM,Cloud Computing,Prof. Patil,2,MCA,A,Auditorium,180,141,78.33,Theory,0,0,0
15-05-2026,Friday,1,09:00 AM,Financial Management,Prof. Kulkarni,2,MCA,B,Room 202,180,142,78.89,Theory,0,0,0
15-05-2026,Friday,2,10:00 AM,Cloud Computing,Prof. Deshmukh,4,MCA,B,Room 202,180,161,89.44,Theory,0,0,0
15-05-2026,Friday,3,11:15 AM,Web Development,Prof. Deshmukh,4,MBA,A,Auditorium,120,82,68.33,Theory,1,1,0
15-05-2026,Friday,4,12:15 PM,HR Analytics,Prof. Deshmukh,4,MCA,A,Auditorium,180,139,77.22,Theory,0,1,0
15-05-2026,Friday,5,02:00 PM,HR Analytics,Prof. Kulkarni,2,MCA,A,Room 202,180,154,85.56,Theory,0,0,0
15-05-2026,Friday,6,03:00 PM,Advanced DBMS,Akash Upadhayay,4,MBA,A,Lab 1,120,98,81.67,Practical,0,0,0
15-05-2026,Friday,1,09:00 AM,HR Analytics,Prof. Deshmukh,4,MBA,A,Room 201,120,86,71.67,Theory,0,0,0
15-05-2026,Friday,2,10:00 AM,HR Analytics,Prof. Sharma,2,MCA,C,Auditorium,180,158,87.78,Theory,0,0,0
15-05-2026,Friday,3,11:15 AM,Python Programming,Prof. Patil,2,MBA,A,Auditorium,120,101,84.17,Theory,0,0,0
15-05-2026,Friday,4,12:15 PM,Advanced DBMS,Prof. Sharma,4,MBA,A,Lab 1,120,69,57.5,Practical,1,0,1
15-05-2026,Friday,5,02:00 PM,Machine Learning,Prof. Deshmukh,2,MCA,C,Lab 1,180,158,87.78,Practical,0,0,0
15-05-2026,Friday,6,03:00 PM,Web Development,Ishwari Gaikwad,2,MCA,B,Room 201,180,150,83.33,Theory,0,0,0
15-05-2026,Friday,1,09:00 AM,Web Development,Prof. Patil,2,MCA,A,Auditorium,180,135,75.0,Theory,0,0,0
15-05-2026,Friday,2,10:00 AM,HR Analytics,Prof. Sharma,4,MCA,B,Room 202,180,154,85.56,Theory,0,0,0
15-05-2026,Friday,3,11:15 AM,Advanced DBMS,Ishwari Gaikwad,4,MBA,C,Lab 2,120,114,95.0,Practical,0,1,0
15-05-2026,Friday,4,12:15 PM,Python Programming,Prof. Kulkarni,2,MBA,A,Room 202,120,112,93.33,Theory,0,1,0
15-05-2026,Friday,5,02:00 PM,Financial Management,Prof. Patil,4,MBA,A,Lab 2,120,114,4.0,Practical,0,0,0
15-05-2026,Friday,6,03:00 PM,Python Programming,Akash Upadhayay,2,MCA,A,Lab 1,180,154,85.56,Practical,0,0,0
15-05-2026,Friday,1,09:00 AM,Machine Learning,Prof. Patil,4,MBA,C,Auditorium,120,93,77.5,Theory,0,0,0
15-05-2026,Friday,2,10:00 AM,Machine Learning,Prof. Patil,2,MBA,A,Room 202,120,103,85.83,Theory,0,0,0
15-05-2026,Friday,3,11:15 AM,Python Programming,Ishwari Gaikwad,4,MCA,C,Room 201,180,135,75.0,Theory,0,0,1
15-05-2026,Friday,4,12:15 PM,Machine Learning,Prof. Patil,2,MBA,B,Room 202,120,99,82.5,Theory,0,1,0
15-05-2026,Friday,5,02:00 PM,Python Programming,Akash Upadhayay,4,MCA,B,Room 201,180,137,76.11,Theory,0,0,0
15-05-2026,Friday,6,03:00 PM,Machine Learning,Prof. Patil,4,MBA,C,Lab 1,120,107,89.17,Practical,0,0,0
16-05-2026,Saturday,1,09:00 AM,Python Programming,Akash Upadhayay,4,MCA,B,Room 202,180,135,75.0,Theory,0,0,0
16-05-2026,Saturday,2,10:00 AM,Advanced DBMS,Prof. Patil,4,MBA,A,Room 201,120,93,77.5,Theory,0,0,0
16-05-2026,Saturday,3,11:15 AM,Advanced DBMS,Prof. Sharma,4,MBA,C,Auditorium,120,91,75.83,Theory,0,0,0
16-05-2026,Saturday,4,12:15 PM,Advanced DBMS,Prof. Patil,2,MCA,C,Room 201,180,145,80.56,Theory,0,0,0
16-05-2026,Saturday,5,02:00 PM,Web Development,Prof. Deshmukh,4,MCA,B,Auditorium,180,141,78.33,Theory,0,1,0
16-05-2026,Saturday,6,03:00 PM,HR Analytics,Akash Upadhayay,2,MBA,C,Auditorium,120,74,61.67,Theory,0,1,0
16-05-2026,Saturday,1,09:00 AM,Advanced DBMS,Ishwari Gaikwad,2,MCA,B,Lab 1,180,156,86.67,Practical,0,0,0
16-05-2026,Saturday,2,10:00 AM,HR Analytics,Prof. Sharma,2,MCA,A,Lab 1,180,96,53.33,Practical,1,0,1
16-05-2026,Saturday,3,11:15 AM,HR Analytics,Prof. Patil,4,MCA,A,Room 201,180,124,68.89,Theory,0,1,0
16-05-2026,Saturday,4,12:15 PM,Cloud Computing,Prof. Sharma,2,MCA,B,Lab 2,180,167,,Practical,0,0,0
16-05-2026,Saturday,5,02:00 PM,Cloud Computing,Prof. Patil,2,MBA,B,Lab 1,120,77,64.17,Practical,1,0,0
16-05-2026,Saturday,6,03:00 PM,Financial Management,Prof. Sharma,4,MCA,C,Room 202,180,140,77.78,Theory,0,0,0
16-05-2026,Saturday,1,09:00 AM,Advanced DBMS,Akash Upadhayay,2,MCA,B,Room 202,180,145,80.56,Theory,0,0,0
16-05-2026,Saturday,2,10:00 AM,HR Analytics,Prof. Kulkarni,2,MCA,A,Lab 2,180,123,68.33,Practical,0,0,1
16-05-2026,Saturday,3,11:15 AM,Advanced DBMS,Ishwari Gaikwad,4,MCA,C,Auditorium,180,134,74.44,Theory,0,1,0
16-05-2026,Saturday,4,12:15 PM,HR Analytics,Ishwari Gaikwad,2,MBA,A,Room 201,120,88,73.33,Theory,0,0,0
16-05-2026,Saturday,5,02:00 PM,Web Development,Ishwari Gaikwad,2,MBA,A,Room 202,120,87,72.5,Theory,0,1,0
16-05-2026,Saturday,6,03:00 PM,HR Analytics,Prof. Kulkarni,2,MBA,B,Lab 2,120,88,73.33,Practical,0,0,0
16-05-2026,Saturday,1,09:00 AM,Machine Learning,Akash Upadhayay,4,MCA,B,Lab 2,180,134,,Practical,0,0,0
16-05-2026,Saturday,2,10:00 AM,Financial Management,Prof. Kulkarni,4,MCA,A,Room 202,180,138,76.67,Theory,0,0,0
16-05-2026,Saturday,3,11:15 AM,Python Programming,Prof. Sharma,2,MCA,A,Auditorium,180,153,85.0,Theory,0,1,0
16-05-2026,Saturday,4,12:15 PM,HR Analytics,Ishwari Gaikwad,4,MCA,C,Room 202,180,133,73.89,Theory,0,1,0
16-05-2026,Saturday,5,02:00 PM,Machine Learning,Prof. Patil,4,MCA,B,Lab 2,180,160,88.89,Practical,0,0,0
16-05-2026,Saturday,6,03:00 PM,Advanced DBMS,Prof. Deshmukh,2,MBA,B,Room 201,120,82,68.33,Theory,0,1,0
17-05-2026,Monday,1,09:00 AM,Web Development,Prof. Sharma,4,MCA,C,Lab 1,180,116,,Practical,1,0,0
17-05-2026,Monday,2,10:00 AM,Cloud Computing,Prof. Patil,4,MCA,C,Room 202,180,153,85.0,Theory,0,0,0
17-05-2026,Monday,3,11:15 AM,Cloud Computing,Prof. Patil,4,MCA,A,Lab 2,180,161,89.44,Practical,0,0,0
17-05-2026,Monday,4,12:15 PM,Python Programming,Prof. Sharma,4,MCA,C,Auditorium,180,92,51.11,Theory,1,0,1
17-05-2026,Monday,5,02:00 PM,Advanced DBMS,Prof. Deshmukh,2,MBA,C,Lab 1,120,100,83.33,Practical,0,0,1
17-05-2026,Monday,6,03:00 PM,Advanced DBMS,Prof. Kulkarni,2,MBA,C,Room 202,120,95,79.17,Theory,0,0,0
17-05-2026,Monday,1,09:00 AM,Financial Management,Prof. Patil,4,MCA,B,Room 201,180,116,64.44,Theory,0,1,0
17-05-2026,Monday,2,10:00 AM,Financial Management,Ishwari Gaikwad,2,MBA,A,Lab 1,120,116,114.0,Practical,0,0,0
17-05-2026,Monday,3,11:15 AM,Financial Management,Ishwari Gaikwad,2,MBA,C,Room 201,120,80,66.67,Theory,1,1,0
17-05-2026,Monday,4,12:15 PM,HR Analytics,Prof. Kulkarni,4,MBA,B,Room 202,120,86,71.67,Theory,0,0,1
17-05-2026,Monday,5,02:00 PM,Cloud Computing,Akash Upadhayay,2,MCA,C,Lab 2,180,169,93.89,Practical,0,0,0
17-05-2026,Monday,6,03:00 PM,HR Analytics,Prof. Kulkarni,4,MCA,C,Room 201,180,138,76.67,Theory,0,0,0
17-05-2026,Monday,1,09:00 AM,Advanced DBMS,Prof. Kulkarni,2,MCA,B,Auditorium,180,128,71.11,Theory,0,1,0
17-05-2026,Monday,2,10:00 AM,Machine Learning,Prof. Patil,4,MCA,C,Room 202,180,118,65.56,Theory,0,0,0
17-05-2026,Monday,3,11:15 AM,HR Analytics,Prof. Sharma,4,MBA,B,Lab 1,120,79,65.83,Practical,0,1,1
17-05-2026,Monday,4,12:15 PM,HR Analytics,Akash Upadhayay,4,MCA,B,Room 202,180,131,72.78,Theory,1,0,0
17-05-2026,Monday,5,02:00 PM,Machine Learning,Prof. Patil,4,MBA,B,Lab 2,120,100,83.33,Practical,0,0,0
17-05-2026,Monday,6,03:00 PM,Cloud Computing,Akash Upadhayay,4,MBA,B,Auditorium,120,83,69.17,Theory,0,0,0
17-05-2026,Monday,1,09:00 AM,Financial Management,Prof. Sharma,4,MBA,A,Auditorium,120,66,55.0,Theory,1,1,0
17-05-2026,Monday,2,10:00 AM,Cloud Computing,Akash Upadhayay,4,MBA,B,Room 202,120,91,75.83,Theory,0,1,0
17-05-2026,Monday,3,11:15 AM,Web Development,Prof. Deshmukh,4,MBA,B,Auditorium,120,60,50.0,Theory,1,0,0
17-05-2026,Monday,4,12:15 PM,Web Development,Prof. Deshmukh,2,MBA,A,Room 202,120,99,82.5,Theory,0,0,0
17-05-2026,Monday,5,02:00 PM,Financial Management,Prof. Sharma,4,MCA,B,Lab 2,180,157,87.22,Practical,0,0,0
17-05-2026,Monday,6,03:00 PM,HR Analytics,Ishwari Gaikwad,2,MCA,B,Room 201,180,136,75.56,Theory,0,0,0
18-05-2026,Monday,1,09:00 AM,HR Analytics,Prof. Sharma,2,MCA,C,Lab 2,180,142,78.89,Practical,0,0,0
18-05-2026,Monday,2,10:00 AM,Web Development,Prof. Patil,2,MCA,B,Room 202,180,115,63.89,Theory,0,1,0
18-05-2026,Monday,3,11:15 AM,Python Programming,Prof. Sharma,4,MBA,A,Room 202,120,111,92.5,Theory,0,0,0
18-05-2026,Monday,4,12:15 PM,Machine Learning,Prof. Deshmukh,4,MCA,B,Room 201,180,166,92.22,Theory,0,1,0
18-05-2026,Monday,5,02:00 PM,Advanced DBMS,Prof. Kulkarni,2,MCA,A,Auditorium,180,173,96.11,Theory,0,0,0
18-05-2026,Monday,6,03:00 PM,Cloud Computing,Ishwari Gaikwad,2,MCA,C,Room 201,180,103,57.22,Theory,0,0,1
18-05-2026,Monday,1,09:00 AM,Machine Learning,Prof. Deshmukh,4,MCA,C,Lab 1,180,109,60.56,Practical,1,0,0
18-05-2026,Monday,2,10:00 AM,Machine Learning,Prof. Kulkarni,2,MCA,B,Lab 2,180,138,76.67,Practical,0,0,0
18-05-2026,Monday,3,11:15 AM,Financial Management,Prof. Deshmukh,2,MCA,B,Lab 1,180,163,90.56,Practical,0,1,0
18-05-2026,Monday,4,12:15 PM,Machine Learning,Prof. Deshmukh,4,MCA,B,Room 201,180,141,78.33,Theory,0,0,0
18-05-2026,Monday,5,02:00 PM,Machine Learning,Akash Upadhayay,4,MBA,B,Room 202,120,111,92.5,Theory,0,0,0
18-05-2026,Monday,6,03:00 PM,Web Development,Prof. Patil,4,MCA,B,Lab 1,180,142,78.89,Practical,0,0,0
18-05-2026,Monday,1,09:00 AM,Cloud Computing,Ishwari Gaikwad,4,MCA,B,Room 202,180,121,67.22,Theory,0,0,0
18-05-2026,Monday,2,10:00 AM,Cloud Computing,Prof. Patil,4,MCA,B,Room 201,180,112,62.22,Theory,1,0,0
18-05-2026,Monday,3,11:15 AM,Cloud Computing,Prof. Sharma,4,MCA,A,Room 202,180,151,83.89,Theory,0,1,0
18-05-2026,Monday,4,12:15 PM,HR Analytics,Prof. Sharma,2,MCA,C,Lab 2,180,153,85.0,Practical,0,0,1
18-05-2026,Monday,5,02:00 PM,Cloud Computing,Prof. Patil,2,MCA,C,Auditorium,180,150,83.33,Theory,0,0,0
18-05-2026,Monday,6,03:00 PM,Financial Management,Prof. Kulkarni,2,MBA,B,Room 201,120,79,65.83,Theory,0,0,0
18-05-2026,Monday,1,09:00 AM,Web Development,Prof. Sharma,2,MBA,C,Room 201,120,62,51.67,Theory,0,0,1
18-05-2026,Monday,2,10:00 AM,Web Development,Prof. Patil,4,MCA,C,Lab 1,180,156,,Practical,0,0,0
18-05-2026,Monday,3,11:15 AM,Advanced DBMS,Prof. Deshmukh,2,MBA,A,Room 201,120,96,80.0,Theory,0,0,0
18-05-2026,Monday,4,12:15 PM,Machine Learning,Prof. Patil,2,MCA,C,Lab 1,180,134,74.44,Practical,1,0,0
18-05-2026,Monday,5,02:00 PM,Cloud Computing,Akash Upadhayay,2,MBA,B,Room 201,120,102,85.0,Theory,0,0,0
18-05-2026,Monday,6,03:00 PM,Machine Learning,Ishwari Gaikwad,4,MCA,A,Lab 2,180,121,67.22,Practical,0,1,0
19-05-2026,Tuesday,1,09:00 AM,Python Programming,Ishwari Gaikwad,2,MCA,B,Auditorium,180,133,73.89,Theory,0,0,0
19-05-2026,Tuesday,2,10:00 AM,Python Programming,Prof. Deshmukh,4,MBA,A,Room 202,120,112,,Theory,0,0,0
19-05-2026,Tuesday,3,11:15 AM,Advanced DBMS,Prof. Patil,2,MCA,C,Room 202,180,152,84.44,Theory,0,0,0
19-05-2026,Tuesday,4,12:15 PM,Python Programming,Prof. Kulkarni,4,MBA,C,Auditorium,120,75,62.5,Theory,0,0,1
19-05-2026,Tuesday,5,02:00 PM,Cloud Computing,Prof. Deshmukh,4,MBA,A,Auditorium,120,102,85.0,Theory,0,0,0
19-05-2026,Tuesday,6,03:00 PM,Advanced DBMS,Prof. Kulkarni,2,MCA,A,Auditorium,180,122,67.78,Theory,0,0,0
19-05-2026,Tuesday,1,09:00 AM,HR Analytics,Ishwari Gaikwad,2,MBA,A,Room 202,120,82,68.33,Theory,0,0,0
19-05-2026,Tuesday,2,10:00 AM,HR Analytics,Prof. Patil,2,MCA,C,Room 201,180,165,4.0,Theory,0,0,0
19-05-2026,Tuesday,3,11:15 AM,Financial Management,Ishwari Gaikwad,2,MCA,B,Room 201,180,169,93.89,Theory,0,0,0
19-05-2026,Tuesday,4,12:15 PM,Advanced DBMS,Akash Upadhayay,4,MCA,C,Lab 1,180,165,91.67,Practical,0,1,0
19-05-2026,Tuesday,5,02:00 PM,Machine Learning,Ishwari Gaikwad,4,MCA,C,Auditorium,180,158,87.78,Theory,0,0,0
19-05-2026,Tuesday,6,03:00 PM,Machine Learning,Prof. Sharma,4,MCA,C,Auditorium,180,140,77.78,Theory,0,0,0
19-05-2026,Tuesday,1,09:00 AM,HR Analytics,Akash Upadhayay,2,MBA,C,Room 201,120,94,78.33,Theory,0,0,0
19-05-2026,Tuesday,2,10:00 AM,Cloud Computing,Prof. Kulkarni,4,MCA,A,Room 202,180,147,81.67,Theory,0,0,0
19-05-2026,Tuesday,3,11:15 AM,Financial Management,Akash Upadhayay,4,MCA,C,Lab 2,180,158,87.78,Practical,0,0,0
19-05-2026,Tuesday,4,12:15 PM,Financial Management,Prof. Kulkarni,2,MBA,A,Auditorium,120,99,82.5,Theory,0,0,0
19-05-2026,Tuesday,5,02:00 PM,Financial Management,Prof. Kulkarni,4,MCA,A,Lab 1,180,158,87.78,Practical,0,0,0
19-05-2026,Tuesday,6,03:00 PM,Financial Management,Prof. Deshmukh,2,MCA,B,Lab 2,180,133,73.89,Practical,0,0,0
19-05-2026,Tuesday,1,09:00 AM,Financial Management,Prof. Deshmukh,2,MBA,A,Lab 1,120,66,55.0,Practical,1,0,1
19-05-2026,Tuesday,2,10:00 AM,Python Programming,Ishwari Gaikwad,2,MCA,B,Lab 1,180,166,92.22,Practical,0,0,0
19-05-2026,Tuesday,3,11:15 AM,Cloud Computing,Ishwari Gaikwad,2,MBA,A,Room 202,120,94,78.33,Theory,0,0,0
19-05-2026,Tuesday,4,12:15 PM,Financial Management,Prof. Kulkarni,4,MBA,C,Auditorium,120,105,87.5,Theory,0,1,0
19-05-2026,Tuesday,5,02:00 PM,Python Programming,Prof. Kulkarni,4,MBA,A,Lab 2,120,60,120.0,Practical,1,0,1
19-05-2026,Tuesday,6,03:00 PM,Cloud Computing,Prof. Kulkarni,2,MBA,B,Room 201,120,86,71.67,Theory,0,0,0
20-05-2026,Wednesday,1,09:00 AM,HR Analytics,Prof. Deshmukh,2,MCA,C,Lab 1,180,139,77.22,Practical,0,1,0
20-05-2026,Wednesday,2,10:00 AM,Python Programming,Ishwari Gaikwad,4,MBA,C,Auditorium,120,107,89.17,Theory,0,0,0
20-05-2026,Wednesday,3,11:15 AM,Advanced DBMS,Prof. Sharma,4,MCA,C,Room 202,180,163,90.56,Theory,0,0,0
20-05-2026,Wednesday,4,12:15 PM,Machine Learning,Akash Upadhayay,4,MCA,B,Lab 1,180,166,92.22,Practical,0,0,0
20-05-2026,Wednesday,5,02:00 PM,HR Analytics,Ishwari Gaikwad,2,MCA,B,Auditorium,180,125,69.44,Theory,1,0,0
20-05-2026,Wednesday,6,03:00 PM,HR Analytics,Akash Upadhayay,2,MBA,C,Auditorium,120,95,79.17,Theory,0,0,0
20-05-2026,Wednesday,1,09:00 AM,Cloud Computing,Prof. Kulkarni,2,MBA,A,Lab 1,120,102,85.0,Practical,0,0,0
20-05-2026,Wednesday,2,10:00 AM,Python Programming,Prof. Patil,4,MBA,B,Room 201,120,96,80.0,Theory,0,0,0
20-05-2026,Wednesday,3,11:15 AM,Python Programming,Akash Upadhayay,4,MCA,C,Room 202,180,131,72.78,Theory,1,0,0
20-05-2026,Wednesday,4,12:15 PM,Cloud Computing,Ishwari Gaikwad,2,MBA,A,Room 202,120,94,78.33,Theory,0,0,0
20-05-2026,Wednesday,5,02:00 PM,Web Development,Akash Upadhayay,2,MCA,B,Room 202,180,176,97.78,Theory,0,0,0
20-05-2026,Wednesday,6,03:00 PM,Cloud Computing,Prof. Patil,4,MBA,B,Room 202,120,90,75.0,Theory,0,0,0
20-05-2026,Wednesday,1,09:00 AM,Machine Learning,Akash Upadhayay,2,MBA,C,Lab 1,120,97,80.83,Practical,1,0,0
20-05-2026,Wednesday,2,10:00 AM,Web Development,Prof. Patil,4,MBA,C,Auditorium,120,101,84.17,Theory,0,1,0
20-05-2026,Wednesday,3,11:15 AM,Machine Learning,Prof. Sharma,4,MBA,A,Auditorium,120,93,77.5,Theory,1,0,0
20-05-2026,Wednesday,4,12:15 PM,Python Programming,Akash Upadhayay,4,MBA,A,Lab 1,120,107,89.17,Practical,0,0,0
20-05-2026,Wednesday,5,02:00 PM,Financial Management,Ishwari Gaikwad,2,MBA,B,Lab 1,120,109,90.83,Practical,0,0,0
20-05-2026,Wednesday,6,03:00 PM,Python Programming,Prof. Deshmukh,4,MCA,B,Room 202,180,131,72.78,Theory,0,1,0
20-05-2026,Wednesday,1,09:00 AM,Advanced DBMS,Ishwari Gaikwad,2,MBA,A,Room 202,120,89,74.17,Theory,0,0,0
20-05-2026,Wednesday,2,10:00 AM,Cloud Computing,Prof. Sharma,2,MBA,A,Lab 2,120,99,82.5,Practical,0,0,0
20-05-2026,Wednesday,3,11:15 AM,HR Analytics,Ishwari Gaikwad,4,MCA,C,Room 201,180,133,73.89,Theory,0,0,0
20-05-2026,Wednesday,4,12:15 PM,HR Analytics,Prof. Deshmukh,2,MBA,C,Room 202,120,101,84.17,Theory,0,1,0
20-05-2026,Wednesday,5,02:00 PM,Advanced DBMS,Prof. Patil,2,MCA,C,Room 201,180,151,83.89,Theory,0,0,0
20-05-2026,Wednesday,6,03:00 PM,Machine Learning,Prof. Sharma,2,MBA,B,Auditorium,120,74,61.67,Theory,1,0,0
21-05-2026,Thursday,1,09:00 AM,Cloud Computing,Prof. Deshmukh,4,MBA,A,Lab 1,120,109,90.83,Practical,0,0,0
21-05-2026,Thursday,2,10:00 AM,Cloud Computing,Prof. Patil,2,MCA,A,Lab 1,180,176,97.78,Practical,0,1,0
21-05-2026,Thursday,3,11:15 AM,Web Development,Prof. Patil,4,MCA,B,Room 202,180,113,62.78,Theory,0,0,1
21-05-2026,Thursday,4,12:15 PM,Python Programming,Prof. Patil,2,MCA,C,Auditorium,180,165,91.67,Theory,0,0,0
21-05-2026,Thursday,5,02:00 PM,Machine Learning,Prof. Patil,2,MCA,B,Lab 2,180,176,97.78,Practical,0,1,0
21-05-2026,Thursday,6,03:00 PM,Financial Management,Ishwari Gaikwad,4,MCA,C,Room 202,180,74,41.11,Theory,0,0,1
21-05-2026,Thursday,1,09:00 AM,Advanced DBMS,Prof. Deshmukh,4,MCA,A,Room 201,180,134,74.44,Theory,0,0,0
21-05-2026,Thursday,2,10:00 AM,Advanced DBMS,Akash Upadhayay,2,MCA,B,Room 201,180,171,95.0,Theory,0,0,0
21-05-2026,Thursday,3,11:15 AM,Web Development,Prof. Sharma,4,MCA,A,Lab 2,180,144,80.0,Practical,1,1,0
21-05-2026,Thursday,4,12:15 PM,Web Development,Prof. Patil,4,MBA,C,Room 202,120,110,91.67,Theory,0,1,0
21-05-2026,Thursday,5,02:00 PM,Advanced DBMS,Prof. Kulkarni,2,MCA,B,Auditorium,180,159,88.33,Theory,0,0,0
21-05-2026,Thursday,6,03:00 PM,Cloud Computing,Prof. Kulkarni,2,MBA,A,Room 201,120,83,69.17,Theory,0,0,0
21-05-2026,Thursday,1,09:00 AM,Advanced DBMS,Prof. Kulkarni,4,MCA,B,Room 202,180,138,76.67,Theory,0,0,0
21-05-2026,Thursday,2,10:00 AM,Cloud Computing,Prof. Patil,2,MCA,B,Lab 1,180,176,97.78,Practical,0,0,0
21-05-2026,Thursday,3,11:15 AM,Advanced DBMS,Prof. Patil,4,MBA,C,Lab 2,120,117,97.5,Practical,0,0,0
21-05-2026,Thursday,4,12:15 PM,Cloud Computing,Prof. Deshmukh,2,MBA,B,Auditorium,120,112,93.33,Theory,0,0,0
21-05-2026,Thursday,5,02:00 PM,Machine Learning,Prof. Deshmukh,4,MCA,B,Room 202,180,141,78.33,Theory,0,0,0
21-05-2026,Thursday,6,03:00 PM,Cloud Computing,Prof. Deshmukh,4,MBA,C,Room 202,120,85,70.83,Theory,0,0,0
21-05-2026,Thursday,1,09:00 AM,Cloud Computing,Prof. Kulkarni,2,MBA,A,Room 202,120,72,60.0,Theory,1,1,0
21-05-2026,Thursday,2,10:00 AM,Advanced DBMS,Ishwari Gaikwad,4,MBA,B,Room 201,120,97,80.83,Theory,0,0,0
21-05-2026,Thursday,3,11:15 AM,Cloud Computing,Akash Upadhayay,4,MCA,A,Lab 1,180,148,82.22,Practical,0,0,1
21-05-2026,Thursday,4,12:15 PM,Advanced DBMS,Prof. Sharma,4,MCA,A,Auditorium,180,176,97.78,Theory,0,0,0
21-05-2026,Thursday,5,02:00 PM,Python Programming,Prof. Patil,4,MBA,B,Room 202,120,104,86.67,Theory,0,0,0
21-05-2026,Thursday,6,03:00 PM,Web Development,Prof. Sharma,4,MCA,C,Lab 1,180,147,81.67,Practical,0,0,0
22-05-2026,Friday,1,09:00 AM,Financial Management,Prof. Kulkarni,4,MCA,A,Room 201,180,130,72.22,Theory,0,0,0
22-05-2026,Friday,2,10:00 AM,Advanced DBMS,Ishwari Gaikwad,2,MCA,A,Lab 2,180,153,85.0,Practical,0,1,0
22-05-2026,Friday,3,11:15 AM,Cloud Computing,Ishwari Gaikwad,2,MCA,B,Auditorium,180,156,86.67,Theory,0,0,0
22-05-2026,Friday,4,12:15 PM,Financial Management,Prof. Sharma,2,MCA,A,Lab 1,180,155,86.11,Practical,0,0,0
22-05-2026,Friday,5,02:00 PM,HR Analytics,Prof. Kulkarni,4,MCA,C,Lab 1,180,154,85.56,Practical,0,0,0
22-05-2026,Friday,6,03:00 PM,Advanced DBMS,Ishwari Gaikwad,4,MCA,A,Auditorium,180,153,85.0,Theory,0,0,0
22-05-2026,Friday,1,09:00 AM,Cloud Computing,Prof. Deshmukh,4,MCA,A,Lab 1,180,146,81.11,Practical,0,0,0
22-05-2026,Friday,2,10:00 AM,Web Development,Prof. Patil,2,MCA,B,Lab 2,180,167,,Practical,0,0,0
22-05-2026,Friday,3,11:15 AM,Python Programming,Akash Upadhayay,4,MCA,B,Auditorium,180,156,86.67,Theory,0,0,0
22-05-2026,Friday,4,12:15 PM,Cloud Computing,Prof. Kulkarni,4,MCA,C,Room 201,180,169,93.89,Theory,0,1,0
22-05-2026,Friday,5,02:00 PM,Financial Management,Prof. Patil,2,MBA,A,Room 201,120,71,59.17,Theory,0,0,1
22-05-2026,Friday,6,03:00 PM,Web Development,Prof. Sharma,2,MBA,A,Lab 1,120,98,81.67,Practical,0,1,0
22-05-2026,Friday,1,09:00 AM,Python Programming,Ishwari Gaikwad,4,MCA,C,Lab 2,180,124,68.89,Practical,0,1,1
22-05-2026,Friday,2,10:00 AM,Financial Management,Prof. Patil,4,MCA,A,Lab 2,180,157,,Practical,0,0,0
22-05-2026,Friday,3,11:15 AM,Cloud Computing,Prof. Kulkarni,2,MCA,A,Room 201,180,157,87.22,Theory,0,0,0
22-05-2026,Friday,4,12:15 PM,Financial Management,Prof. Patil,4,MBA,B,Room 202,120,99,82.5,Theory,0,0,0
22-05-2026,Friday,5,02:00 PM,Cloud Computing,Ishwari Gaikwad,2,MCA,B,Room 201,180,155,86.11,Theory,0,1,0
22-05-2026,Friday,6,03:00 PM,Financial Management,Prof. Kulkarni,2,MCA,C,Lab 2,180,123,,Practical,0,0,1
22-05-2026,Friday,1,09:00 AM,Financial Management,Ishwari Gaikwad,4,MCA,B,Lab 1,180,121,67.22,Practical,0,0,0
22-05-2026,Friday,2,10:00 AM,HR Analytics,Ishwari Gaikwad,2,MCA,A,Lab 1,180,176,97.78,Practical,0,0,0
22-05-2026,Friday,3,11:15 AM,Advanced DBMS,Prof. Patil,4,MCA,B,Room 202,180,134,74.44,Theory,0,1,1
22-05-2026,Friday,4,12:15 PM,Financial Management,Akash Upadhayay,2,MCA,C,Lab 1,180,151,83.89,Practical,0,0,0
22-05-2026,Friday,5,02:00 PM,Cloud Computing,Prof. Patil,2,MBA,A,Lab 2,120,117,97.5,Practical,0,1,0
22-05-2026,Friday,6,03:00 PM,Web Development,Prof. Deshmukh,2,MBA,C,Room 201,120,54,45.0,Theory,1,0,1
23-05-2026,Saturday,1,09:00 AM,Advanced DBMS,Prof. Deshmukh,2,MCA,C,Auditorium,180,71,39.44,Theory,0,1,1
23-05-2026,Saturday,2,10:00 AM,HR Analytics,Prof. Deshmukh,2,MBA,A,Room 202,120,88,73.33,Theory,0,0,0
23-05-2026,Saturday,3,11:15 AM,HR Analytics,Akash Upadhayay,4,MBA,B,Lab 1,120,117,97.5,Practical,0,0,0
23-05-2026,Saturday,4,12:15 PM,Machine Learning,Prof. Kulkarni,4,MCA,A,Auditorium,180,135,75.0,Theory,0,0,0
23-05-2026,Saturday,5,02:00 PM,Machine Learning,Akash Upadhayay,2,MBA,B,Lab 2,120,83,69.17,Practical,0,1,0
23-05-2026,Saturday,6,03:00 PM,Machine Learning,Prof. Deshmukh,2,MCA,C,Auditorium,180,146,81.11,Theory,0,0,0
23-05-2026,Saturday,1,09:00 AM,Python Programming,Prof. Patil,2,MCA,A,Auditorium,180,120,66.67,Theory,0,0,0
23-05-2026,Saturday,2,10:00 AM,Cloud Computing,Akash Upadhayay,4,MBA,A,Auditorium,120,94,78.33,Theory,0,0,0
23-05-2026,Saturday,3,11:15 AM,Web Development,Prof. Sharma,4,MBA,A,Lab 1,120,87,72.5,Practical,0,0,0
23-05-2026,Saturday,4,12:15 PM,Advanced DBMS,Ishwari Gaikwad,2,MCA,B,Room 201,180,142,78.89,Theory,0,0,0
23-05-2026,Saturday,5,02:00 PM,Machine Learning,Akash Upadhayay,4,MCA,A,Lab 2,180,155,86.11,Practical,0,0,0
23-05-2026,Saturday,6,03:00 PM,Advanced DBMS,Prof. Patil,4,MCA,A,Auditorium,180,143,4.0,Theory,0,0,0
23-05-2026,Saturday,1,09:00 AM,Web Development,Prof. Patil,4,MBA,A,Room 201,120,93,77.5,Theory,0,0,0
23-05-2026,Saturday,2,10:00 AM,HR Analytics,Prof. Sharma,4,MBA,B,Auditorium,120,85,70.83,Theory,0,0,0
23-05-2026,Saturday,3,11:15 AM,Advanced DBMS,Ishwari Gaikwad,2,MBA,C,Room 202,120,93,77.5,Theory,0,1,0
23-05-2026,Saturday,4,12:15 PM,Machine Learning,Prof. Kulkarni,2,MCA,B,Auditorium,180,152,84.44,Theory,0,0,0
23-05-2026,Saturday,5,02:00 PM,Advanced DBMS,Prof. Deshmukh,2,MBA,C,Lab 2,120,108,90.0,Practical,0,0,0
23-05-2026,Saturday,6,03:00 PM,Advanced DBMS,Ishwari Gaikwad,2,MCA,A,Room 202,180,115,63.89,Theory,0,0,0
23-05-2026,Saturday,1,09:00 AM,HR Analytics,Prof. Kulkarni,4,MCA,B,Room 201,180,120,66.67,Theory,0,0,0
23-05-2026,Saturday,2,10:00 AM,Financial Management,Prof. Kulkarni,4,MBA,B,Auditorium,120,94,78.33,Theory,0,0,0
23-05-2026,Saturday,3,11:15 AM,Web Development,Prof. Patil,4,MCA,A,Lab 1,180,148,82.22,Practical,0,0,0
23-05-2026,Saturday,4,12:15 PM,Web Development,Prof. Kulkarni,2,MBA,B,Auditorium,120,92,76.67,Theory,0,0,1
23-05-2026,Saturday,5,02:00 PM,Machine Learning,Prof. Kulkarni,4,MCA,A,Lab 1,180,161,89.44,Practical,0,0,0
23-05-2026,Saturday,6,03:00 PM,Cloud Computing,Prof. Sharma,2,MCA,A,Lab 1,180,141,78.33,Practical,0,0,0
24-05-2026,Monday,1,09:00 AM,Python Programming,Prof. Kulkarni,2,MCA,C,Lab 1,180,141,78.33,Practical,0,0,0
24-05-2026,Monday,2,10:00 AM,Web Development,Prof. Patil,2,MBA,B,Auditorium,120,91,75.83,Theory,0,0,0
24-05-2026,Monday,3,11:15 AM,Web Development,Ishwari Gaikwad,2,MCA,B,Auditorium,180,133,,Theory,0,1,0
24-05-2026,Monday,4,12:15 PM,HR Analytics,Ishwari Gaikwad,2,MCA,B,Room 201,180,138,76.67,Theory,0,0,0
24-05-2026,Monday,5,02:00 PM,Advanced DBMS,Prof. Deshmukh,4,MCA,C,Auditorium,180,172,95.56,Theory,0,0,0
24-05-2026,Monday,6,03:00 PM,Python Programming,Ishwari Gaikwad,2,MBA,B,Room 202,120,70,,Theory,0,0,0
24-05-2026,Monday,1,09:00 AM,Web Development,Akash Upadhayay,2,MCA,A,Lab 2,180,138,76.67,Practical,1,0,0
24-05-2026,Monday,2,10:00 AM,HR Analytics,Prof. Deshmukh,2,MCA,B,Auditorium,180,157,87.22,Theory,0,0,0
24-05-2026,Monday,3,11:15 AM,HR Analytics,Prof. Sharma,4,MCA,B,Lab 2,180,176,97.78,Practical,0,1,0
24-05-2026,Monday,4,12:15 PM,Machine Learning,Prof. Kulkarni,4,MBA,A,Room 201,120,107,89.17,Theory,0,0,0
24-05-2026,Monday,5,02:00 PM,Machine Learning,Akash Upadhayay,4,MBA,B,Room 201,120,73,60.83,Theory,0,0,1
24-05-2026,Monday,6,03:00 PM,HR Analytics,Prof. Kulkarni,2,MCA,A,Auditorium,180,134,74.44,Theory,0,0,0
24-05-2026,Monday,1,09:00 AM,Cloud Computing,Akash Upadhayay,4,MBA,C,Lab 2,120,100,83.33,Practical,0,0,0
24-05-2026,Monday,2,10:00 AM,HR Analytics,Ishwari Gaikwad,4,MCA,A,Room 202,180,126,70.0,Theory,0,0,0
24-05-2026,Monday,3,11:15 AM,HR Analytics,Akash Upadhayay,4,MBA,B,Room 201,120,88,73.33,Theory,0,0,0
24-05-2026,Monday,4,12:15 PM,Cloud Computing,Prof. Sharma,2,MCA,B,Room 202,180,147,81.67,Theory,0,0,0
24-05-2026,Monday,5,02:00 PM,Machine Learning,Prof. Sharma,4,MCA,B,Room 202,180,156,86.67,Theory,0,0,0
24-05-2026,Monday,6,03:00 PM,Web Development,Prof. Kulkarni,4,MBA,A,Lab 2,120,103,85.83,Practical,0,0,0
24-05-2026,Monday,1,09:00 AM,Machine Learning,Prof. Sharma,2,MCA,A,Room 201,180,128,71.11,Theory,0,0,0
24-05-2026,Monday,2,10:00 AM,Advanced DBMS,Ishwari Gaikwad,2,MCA,B,Lab 1,180,143,79.44,Practical,1,0,0
24-05-2026,Monday,3,11:15 AM,Web Development,Prof. Deshmukh,2,MCA,A,Lab 2,180,155,86.11,Practical,0,0,0
24-05-2026,Monday,4,12:15 PM,Web Development,Ishwari Gaikwad,2,MCA,B,Room 201,180,163,90.56,Theory,0,0,0
24-05-2026,Monday,5,02:00 PM,Cloud Computing,Akash Upadhayay,4,MBA,C,Lab 1,120,79,65.83,Practical,0,0,1
24-05-2026,Monday,6,03:00 PM,Web Development,Prof. Kulkarni,4,MBA,B,Room 202,120,86,71.67,Theory,0,0,0
25-05-2026,Monday,1,09:00 AM,Web Development,Ishwari Gaikwad,4,MBA,C,Lab 1,120,64,53.33,Practical,1,0,0
25-05-2026,Monday,2,10:00 AM,Cloud Computing,Akash Upadhayay,4,MCA,C,Room 201,180,107,59.44,Theory,1,0,0
25-05-2026,Monday,3,11:15 AM,HR Analytics,Akash Upadhayay,4,MBA,C,Room 201,120,98,,Theory,0,1,0
25-05-2026,Monday,4,12:15 PM,Machine Learning,Ishwari Gaikwad,2,MBA,A,Lab 1,120,61,50.83,Practical,1,0,1
25-05-2026,Monday,5,02:00 PM,Financial Management,Prof. Sharma,4,MCA,B,Room 202,180,150,83.33,Theory,0,0,0
25-05-2026,Monday,6,03:00 PM,HR Analytics,Ishwari Gaikwad,2,MBA,C,Auditorium,120,88,73.33,Theory,0,1,0
25-05-2026,Monday,1,09:00 AM,Cloud Computing,Prof. Sharma,4,MBA,C,Auditorium,120,95,79.17,Theory,0,0,0
25-05-2026,Monday,2,10:00 AM,Financial Management,Prof. Kulkarni,4,MBA,B,Room 201,120,97,80.83,Theory,0,0,1
25-05-2026,Monday,3,11:15 AM,Financial Management,Prof. Deshmukh,4,MBA,A,Room 201,120,97,80.83,Theory,0,0,0
25-05-2026,Monday,4,12:15 PM,Machine Learning,Ishwari Gaikwad,2,MCA,B,Lab 2,180,143,79.44,Practical,0,0,0
25-05-2026,Monday,5,02:00 PM,Cloud Computing,Prof. Kulkarni,4,MCA,B,Room 201,180,133,73.89,Theory,0,0,0
25-05-2026,Monday,6,03:00 PM,Cloud Computing,Prof. Deshmukh,2,MCA,C,Lab 1,180,110,61.11,Practical,0,0,0
25-05-2026,Monday,1,09:00 AM,Python Programming,Prof. Kulkarni,2,MCA,A,Room 201,180,143,79.44,Theory,0,1,0
25-05-2026,Monday,2,10:00 AM,Financial Management,Prof. Sharma,4,MBA,A,Room 202,120,88,73.33,Theory,0,0,0
25-05-2026,Monday,3,11:15 AM,Advanced DBMS,Prof. Kulkarni,2,MCA,B,Lab 2,180,168,93.33,Practical,0,0,0
25-05-2026,Monday,4,12:15 PM,HR Analytics,Prof. Kulkarni,4,MBA,C,Lab 2,120,117,97.5,Practical,0,0,0
25-05-2026,Monday,5,02:00 PM,Web Development,Prof. Patil,2,MCA,C,Lab 1,180,141,78.33,Practical,0,0,0
25-05-2026,Monday,6,03:00 PM,Cloud Computing,Prof. Sharma,4,MBA,B,Room 202,120,77,64.17,Theory,0,0,0
25-05-2026,Monday,1,09:00 AM,Python Programming,Prof. Deshmukh,4,MCA,B,Room 202,180,115,63.89,Theory,0,0,0
25-05-2026,Monday,2,10:00 AM,HR Analytics,Prof. Kulkarni,2,MCA,A,Auditorium,180,142,78.89,Theory,0,0,0
25-05-2026,Monday,3,11:15 AM,Cloud Computing,Prof. Sharma,2,MCA,B,Room 202,180,126,70.0,Theory,0,0,0
25-05-2026,Monday,4,12:15 PM,Machine Learning,Prof. Deshmukh,2,MCA,A,Lab 2,180,154,85.56,Practical,0,0,0
25-05-2026,Monday,5,02:00 PM,Cloud Computing,Prof. Kulkarni,2,MBA,A,Room 202,120,78,65.0,Theory,1,0,0
25-05-2026,Monday,6,03:00 PM,Python Programming,Prof. Deshmukh,2,MBA,B,Lab 1,120,95,79.17,Practical,0,0,0
26-05-2026,Tuesday,1,09:00 AM,Cloud Computing,Prof. Sharma,4,MBA,B,Room 202,120,90,75.0,Theory,0,0,0
26-05-2026,Tuesday,2,10:00 AM,Advanced DBMS,Prof. Deshmukh,4,MCA,A,Lab 2,180,134,74.44,Practical,0,0,1
26-05-2026,Tuesday,3,11:15 AM,Machine Learning,Prof. Deshmukh,2,MCA,A,Room 201,180,129,71.67,Theory,1,0,0
26-05-2026,Tuesday,4,12:15 PM,Cloud Computing,Prof. Sharma,4,MBA,B,Room 202,120,84,70.0,Theory,0,0,1
26-05-2026,Tuesday,5,02:00 PM,Cloud Computing,Prof. Deshmukh,2,MCA,A,Room 202,180,140,77.78,Theory,0,0,0
26-05-2026,Tuesday,6,03:00 PM,HR Analytics,Prof. Sharma,4,MBA,B,Room 202,120,90,75.0,Theory,0,0,0
26-05-2026,Tuesday,1,09:00 AM,HR Analytics,Ishwari Gaikwad,4,MCA,C,Room 201,180,131,72.78,Theory,0,0,0
26-05-2026,Tuesday,2,10:00 AM,Advanced DBMS,Prof. Sharma,4,MBA,B,Room 201,120,101,120.0,Theory,0,0,0
26-05-2026,Tuesday,3,11:15 AM,Cloud Computing,Prof. Kulkarni,2,MCA,C,Room 202,180,134,74.44,Theory,0,0,1
26-05-2026,Tuesday,4,12:15 PM,Advanced DBMS,Prof. Kulkarni,4,MCA,C,Room 201,180,127,70.56,Theory,1,0,0
26-05-2026,Tuesday,5,02:00 PM,Advanced DBMS,Prof. Kulkarni,2,MCA,A,Room 201,180,161,114.0,Theory,0,0,0
26-05-2026,Tuesday,6,03:00 PM,Cloud Computing,Ishwari Gaikwad,2,MCA,C,Lab 2,180,93,51.67,Practical,1,0,0
26-05-2026,Tuesday,1,09:00 AM,Advanced DBMS,Akash Upadhayay,4,MBA,C,Auditorium,120,94,78.33,Theory,0,0,0
26-05-2026,Tuesday,2,10:00 AM,HR Analytics,Prof. Sharma,2,MCA,A,Room 201,180,146,81.11,Theory,1,0,0
26-05-2026,Tuesday,3,11:15 AM,Cloud Computing,Prof. Sharma,2,MCA,C,Lab 1,180,160,88.89,Practical,0,1,0
26-05-2026,Tuesday,4,12:15 PM,HR Analytics,Prof. Kulkarni,2,MBA,A,Auditorium,120,76,63.33,Theory,1,1,0
26-05-2026,Tuesday,5,02:00 PM,Financial Management,Prof. Kulkarni,2,MCA,A,Room 202,180,153,85.0,Theory,0,0,0
26-05-2026,Tuesday,6,03:00 PM,Web Development,Ishwari Gaikwad,2,MCA,A,Room 201,180,133,73.89,Theory,0,0,0
26-05-2026,Tuesday,1,09:00 AM,Advanced DBMS,Akash Upadhayay,4,MCA,A,Room 202,180,136,75.56,Theory,0,0,0
26-05-2026,Tuesday,2,10:00 AM,HR Analytics,Prof. Sharma,4,MBA,A,Room 202,120,103,85.83,Theory,0,0,0
26-05-2026,Tuesday,3,11:15 AM,Advanced DBMS,Prof. Patil,2,MCA,C,Auditorium,180,108,114.0,Theory,0,1,1
26-05-2026,Tuesday,4,12:15 PM,Machine Learning,Prof. Patil,4,MBA,B,Auditorium,120,80,66.67,Theory,0,0,1
26-05-2026,Tuesday,5,02:00 PM,Advanced DBMS,Prof. Sharma,4,MCA,B,Room 202,180,165,91.67,Theory,0,0,0
26-05-2026,Tuesday,6,03:00 PM,Financial Management,Akash Upadhayay,4,MBA,A,Room 201,120,95,79.17,Theory,1,0,0
27-05-2026,Wednesday,1,09:00 AM,Advanced DBMS,Akash Upadhayay,2,MCA,C,Room 202,180,91,50.56,Theory,0,0,1
27-05-2026,Wednesday,2,10:00 AM,Financial Management,Akash Upadhayay,2,MBA,C,Auditorium,120,106,88.33,Theory,0,0,0
27-05-2026,Wednesday,3,11:15 AM,Financial Management,Prof. Patil,4,MCA,A,Room 201,180,157,87.22,Theory,0,1,0
27-05-2026,Wednesday,4,12:15 PM,Python Programming,Prof. Patil,4,MBA,A,Auditorium,120,117,97.5,Theory,0,0,0
27-05-2026,Wednesday,5,02:00 PM,Cloud Computing,Akash Upadhayay,4,MCA,B,Room 202,180,150,83.33,Theory,0,1,0
27-05-2026,Wednesday,6,03:00 PM,Advanced DBMS,Akash Upadhayay,4,MCA,C,Lab 2,180,120,66.67,Practical,1,1,0
27-05-2026,Wednesday,1,09:00 AM,Advanced DBMS,Ishwari Gaikwad,2,MCA,B,Room 202,180,149,82.78,Theory,0,0,0
27-05-2026,Wednesday,2,10:00 AM,Financial Management,Akash Upadhayay,4,MCA,A,Room 201,180,159,88.33,Theory,0,0,0
27-05-2026,Wednesday,3,11:15 AM,Financial Management,Prof. Patil,2,MCA,A,Room 202,180,126,70.0,Theory,0,1,1
27-05-2026,Wednesday,4,12:15 PM,Python Programming,Prof. Sharma,4,MCA,A,Auditorium,180,150,83.33,Theory,0,0,0
27-05-2026,Wednesday,5,02:00 PM,Web Development,Prof. Patil,2,MBA,C,Auditorium,120,95,79.17,Theory,1,1,0
27-05-2026,Wednesday,6,03:00 PM,Advanced DBMS,Prof. Sharma,2,MBA,C,Room 201,120,77,64.17,Theory,1,1,0
27-05-2026,Wednesday,1,09:00 AM,Advanced DBMS,Prof. Sharma,2,MCA,B,Room 201,180,91,50.56,Theory,0,1,1
27-05-2026,Wednesday,2,10:00 AM,HR Analytics,Akash Upadhayay,2,MCA,B,Lab 2,180,152,84.44,Practical,0,0,0
27-05-2026,Wednesday,3,11:15 AM,Machine Learning,Prof. Deshmukh,2,MCA,C,Lab 1,180,169,114.0,Practical,0,0,0
27-05-2026,Wednesday,4,12:15 PM,Advanced DBMS,Akash Upadhayay,4,MCA,A,Room 201,180,159,,Theory,0,0,0
27-05-2026,Wednesday,5,02:00 PM,Python Programming,Ishwari Gaikwad,4,MBA,B,Auditorium,120,116,96.67,Theory,0,1,0
27-05-2026,Wednesday,6,03:00 PM,Python Programming,Prof. Kulkarni,4,MCA,A,Room 201,180,148,82.22,Theory,0,0,0
27-05-2026,Wednesday,1,09:00 AM,Cloud Computing,Prof. Patil,4,MCA,A,Room 201,180,113,,Theory,0,0,0
27-05-2026,Wednesday,2,10:00 AM,Web Development,Prof. Patil,4,MBA,A,Lab 2,120,95,79.17,Practical,0,0,1
27-05-2026,Wednesday,3,11:15 AM,HR Analytics,Prof. Patil,2,MCA,B,Lab 2,180,149,82.78,Practical,0,0,0
27-05-2026,Wednesday,4,12:15 PM,Machine Learning,Prof. Kulkarni,2,MCA,A,Lab 1,180,148,82.22,Practical,0,0,0
27-05-2026,Wednesday,5,02:00 PM,Financial Management,Prof. Kulkarni,4,MCA,C,Room 202,180,156,86.67,Theory,0,0,0
27-05-2026,Wednesday,6,03:00 PM,Cloud Computing,Prof. Patil,4,MCA,B,Lab 2,180,172,95.56,Practical,0,1,0
28-05-2026,Thursday,1,09:00 AM,HR Analytics,Prof. Deshmukh,2,MBA,A,Lab 1,120,110,91.67,Practical,0,0,0
28-05-2026,Thursday,2,10:00 AM,Machine Learning,Prof. Patil,4,MBA,C,Lab 2,120,100,83.33,Practical,0,1,0
28-05-2026,Thursday,3,11:15 AM,Machine Learning,Prof. Sharma,4,MCA,A,Auditorium,180,164,91.11,Theory,0,0,0
28-05-2026,Thursday,4,12:15 PM,Machine Learning,Prof. Deshmukh,2,MCA,B,Lab 2,180,154,85.56,Practical,0,1,0
28-05-2026,Thursday,5,02:00 PM,Web Development,Prof. Deshmukh,2,MBA,A,Lab 2,120,101,84.17,Practical,0,0,0
28-05-2026,Thursday,6,03:00 PM,HR Analytics,Prof. Deshmukh,2,MBA,B,Lab 1,120,92,76.67,Practical,0,1,0
28-05-2026,Thursday,1,09:00 AM,Financial Management,Prof. Sharma,2,MCA,B,Lab 1,180,145,80.56,Practical,0,0,0
28-05-2026,Thursday,2,10:00 AM,HR Analytics,Prof. Sharma,4,MBA,A,Auditorium,120,89,74.17,Theory,1,1,0
28-05-2026,Thursday,3,11:15 AM,Financial Management,Ishwari Gaikwad,2,MCA,A,Room 202,180,133,,Theory,0,1,0
28-05-2026,Thursday,4,12:15 PM,Cloud Computing,Prof. Patil,4,MCA,B,Lab 1,180,140,77.78,Practical,0,0,0
28-05-2026,Thursday,5,02:00 PM,Python Programming,Akash Upadhayay,4,MBA,C,Lab 2,120,103,85.83,Practical,0,0,0
28-05-2026,Thursday,6,03:00 PM,HR Analytics,Prof. Patil,2,MCA,B,Lab 2,180,100,55.56,Practical,1,0,1
28-05-2026,Thursday,1,09:00 AM,Advanced DBMS,Akash Upadhayay,2,MBA,A,Lab 1,120,90,75.0,Practical,0,0,0
28-05-2026,Thursday,2,10:00 AM,HR Analytics,Prof. Patil,4,MCA,B,Auditorium,180,156,86.67,Theory,0,1,0
28-05-2026,Thursday,3,11:15 AM,HR Analytics,Prof. Patil,4,MCA,B,Auditorium,180,172,95.56,Theory,0,0,0
28-05-2026,Thursday,4,12:15 PM,Web Development,Ishwari Gaikwad,4,MCA,A,Room 201,180,159,88.33,Theory,0,0,0
28-05-2026,Thursday,5,02:00 PM,Financial Management,Prof. Sharma,2,MBA,A,Lab 2,120,91,75.83,Practical,1,0,0
28-05-2026,Thursday,6,03:00 PM,HR Analytics,Prof. Kulkarni,2,MCA,A,Room 202,180,132,73.33,Theory,0,0,0
28-05-2026,Thursday,1,09:00 AM,Financial Management,Prof. Deshmukh,4,MBA,A,Room 201,120,93,77.5,Theory,0,0,0
28-05-2026,Thursday,2,10:00 AM,Web Development,Akash Upadhayay,4,MBA,A,Room 201,120,93,77.5,Theory,0,0,0
28-05-2026,Thursday,3,11:15 AM,Cloud Computing,Prof. Deshmukh,4,MBA,C,Lab 2,120,100,83.33,Practical,0,0,0
28-05-2026,Thursday,4,12:15 PM,Machine Learning,Prof. Deshmukh,2,MBA,C,Room 201,120,98,81.67,Theory,1,0,0
28-05-2026,Thursday,5,02:00 PM,HR Analytics,Ishwari Gaikwad,2,MBA,C,Lab 2,120,117,97.5,Practical,0,0,0
28-05-2026,Thursday,6,03:00 PM,Financial Management,Prof. Kulkarni,4,MCA,A,Room 201,180,124,68.89,Theory,0,0,0
29-05-2026,Friday,1,09:00 AM,Advanced DBMS,Prof. Sharma,4,MBA,C,Lab 1,120,95,79.17,Practical,0,1,0
29-05-2026,Friday,2,10:00 AM,Machine Learning,Prof. Patil,2,MCA,C,Lab 2,180,160,88.89,Practical,0,0,0
29-05-2026,Friday,3,11:15 AM,Advanced DBMS,Ishwari Gaikwad,2,MBA,A,Room 201,120,82,68.33,Theory,0,0,0
29-05-2026,Friday,4,12:15 PM,HR Analytics,Prof. Deshmukh,2,MCA,C,Lab 1,180,158,87.78,Practical,0,0,0
29-05-2026,Friday,5,02:00 PM,Web Development,Prof. Sharma,2,MCA,A,Room 201,180,139,77.22,Theory,1,0,0
29-05-2026,Friday,6,03:00 PM,Financial Management,Akash Upadhayay,4,MCA,A,Lab 2,180,129,71.67,Practical,0,0,0
29-05-2026,Friday,1,09:00 AM,Cloud Computing,Ishwari Gaikwad,2,MCA,C,Room 202,180,115,63.89,Theory,1,0,0
29-05-2026,Friday,2,10:00 AM,Advanced DBMS,Prof. Patil,4,MBA,A,Auditorium,120,102,85.0,Theory,0,0,0
29-05-2026,Friday,3,11:15 AM,HR Analytics,Prof. Sharma,2,MCA,C,Auditorium,180,154,85.56,Theory,0,0,0
29-05-2026,Friday,4,12:15 PM,Python Programming,Prof. Deshmukh,4,MBA,A,Auditorium,120,106,88.33,Theory,0,0,0
29-05-2026,Friday,5,02:00 PM,Python Programming,Prof. Kulkarni,2,MCA,A,Auditorium,180,147,81.67,Theory,0,0,0
29-05-2026,Friday,6,03:00 PM,Financial Management,Prof. Deshmukh,2,MCA,B,Lab 2,180,127,70.56,Practical,0,0,0
29-05-2026,Friday,1,09:00 AM,Web Development,Prof. Patil,4,MBA,C,Auditorium,120,84,70.0,Theory,1,0,0
29-05-2026,Friday,2,10:00 AM,Cloud Computing,Prof. Patil,2,MCA,A,Auditorium,180,97,53.89,Theory,1,1,1
29-05-2026,Friday,3,11:15 AM,HR Analytics,Ishwari Gaikwad,4,MBA,B,Room 202,120,113,94.17,Theory,0,0,0
29-05-2026,Friday,4,12:15 PM,Financial Management,Prof. Patil,4,MBA,C,Lab 2,120,111,92.5,Practical,0,0,0
29-05-2026,Friday,5,02:00 PM,Advanced DBMS,Prof. Deshmukh,4,MBA,A,Auditorium,120,107,89.17,Theory,0,0,0
29-05-2026,Friday,6,03:00 PM,Advanced DBMS,Prof. Patil,2,MBA,C,Lab 1,120,85,70.83,Practical,0,1,0
29-05-2026,Friday,1,09:00 AM,Machine Learning,Akash Upadhayay,2,MCA,C,Lab 1,180,96,53.33,Practical,0,0,1
29-05-2026,Friday,2,10:00 AM,Cloud Computing,Prof. Sharma,2,MCA,B,Auditorium,180,117,65.0,Theory,1,0,0
29-05-2026,Friday,3,11:15 AM,Advanced DBMS,Prof. Deshmukh,2,MCA,B,Lab 1,180,164,91.11,Practical,0,0,0
29-05-2026,Friday,4,12:15 PM,Web Development,Prof. Kulkarni,2,MCA,A,Lab 1,180,173,96.11,Practical,0,0,0
29-05-2026,Friday,5,02:00 PM,Financial Management,Prof. Deshmukh,4,MBA,C,Lab 2,120,113,94.17,Practical,0,0,0
29-05-2026,Friday,6,03:00 PM,HR Analytics,Akash Upadhayay,4,MBA,C,Lab 2,120,93,77.5,Practical,0,0,0
30-05-2026,Saturday,1,09:00 AM,Machine Learning,Prof. Sharma,4,MBA,B,Lab 1,120,87,72.5,Practical,0,1,0
30-05-2026,Saturday,2,10:00 AM,Advanced DBMS,Prof. Deshmukh,4,MBA,C,Auditorium,120,86,71.67,Theory,0,0,0
30-05-2026,Saturday,3,11:15 AM,Machine Learning,Ishwari Gaikwad,4,MCA,A,Auditorium,180,143,79.44,Theory,0,0,0
30-05-2026,Saturday,4,12:15 PM,Advanced DBMS,Akash Upadhayay,4,MBA,B,Room 201,120,101,84.17,Theory,0,0,0
30-05-2026,Saturday,5,02:00 PM,Web Development,Prof. Sharma,2,MBA,C,Lab 1,120,97,80.83,Practical,0,0,0
30-05-2026,Saturday,6,03:00 PM,Cloud Computing,Prof. Deshmukh,2,MCA,A,Lab 1,180,94,52.22,Practical,0,1,1
30-05-2026,Saturday,1,09:00 AM,Machine Learning,Prof. Sharma,4,MCA,B,Auditorium,180,115,63.89,Theory,0,0,0
30-05-2026,Saturday,2,10:00 AM,Cloud Computing,Prof. Deshmukh,4,MCA,A,Room 202,180,142,78.89,Theory,0,0,0
30-05-2026,Saturday,3,11:15 AM,Web Development,Akash Upadhayay,4,MBA,A,Auditorium,120,76,4.0,Theory,0,0,1
30-05-2026,Saturday,4,12:15 PM,Financial Management,Prof. Kulkarni,4,MCA,B,Lab 1,180,118,,Practical,1,0,0
30-05-2026,Saturday,5,02:00 PM,Python Programming,Akash Upadhayay,4,MBA,C,Lab 1,120,117,97.5,Practical,0,0,0
30-05-2026,Saturday,6,03:00 PM,Financial Management,Prof. Kulkarni,4,MCA,A,Room 202,180,150,83.33,Theory,0,0,0
30-05-2026,Saturday,1,09:00 AM,Python Programming,Prof. Sharma,4,MCA,C,Room 201,180,111,61.67,Theory,0,0,0
30-05-2026,Saturday,2,10:00 AM,Machine Learning,Prof. Sharma,4,MCA,B,Auditorium,180,141,78.33,Theory,0,0,0
30-05-2026,Saturday,3,11:15 AM,Financial Management,Ishwari Gaikwad,2,MCA,B,Auditorium,180,153,85.0,Theory,0,1,0
30-05-2026,Saturday,4,12:15 PM,Financial Management,Ishwari Gaikwad,2,MBA,A,Lab 1,120,109,90.83,Practical,0,0,0
30-05-2026,Saturday,5,02:00 PM,Cloud Computing,Prof. Sharma,4,MBA,C,Room 201,120,117,97.5,Theory,0,0,0
30-05-2026,Saturday,6,03:00 PM,Cloud Computing,Prof. Kulkarni,4,MBA,B,Auditorium,120,76,63.33,Theory,0,0,0
30-05-2026,Saturday,1,09:00 AM,HR Analytics,Ishwari Gaikwad,4,MBA,B,Auditorium,120,94,78.33,Theory,0,0,0
30-05-2026,Saturday,2,10:00 AM,Web Development,Ishwari Gaikwad,4,MCA,B,Room 201,180,158,87.78,Theory,0,1,0
30-05-2026,Saturday,3,11:15 AM,Cloud Computing,Prof. Deshmukh,4,MBA,A,Room 201,120,89,74.17,Theory,1,0,0
30-05-2026,Saturday,4,12:15 PM,HR Analytics,Prof. Kulkarni,4,MCA,B,Room 201,180,128,71.11,Theory,0,1,1
30-05-2026,Saturday,5,02:00 PM,HR Analytics,Ishwari Gaikwad,4,MCA,C,Lab 1,180,138,76.67,Practical,0,0,0
30-05-2026,Saturday,6,03:00 PM,Web Development,Akash Upadhayay,4,MBA,C,Room 201,120,76,63.33,Theory,1,0,0
31-05-2026,Monday,1,09:00 AM,Machine Learning,Prof. Sharma,4,MCA,B,Room 202,180,120,,Theory,0,0,0
31-05-2026,Monday,2,10:00 AM,Financial Management,Prof. Deshmukh,2,MCA,B,Lab 1,180,106,58.89,Practical,0,0,1
31-05-2026,Monday,3,11:15 AM,Financial Management,Prof. Kulkarni,4,MBA,A,Room 201,120,90,75.0,Theory,0,1,0
31-05-2026,Monday,4,12:15 PM,Python Programming,Akash Upadhayay,2,MCA,B,Room 202,180,133,73.89,Theory,0,0,0
31-05-2026,Monday,5,02:00 PM,Machine Learning,Prof. Deshmukh,2,MCA,C,Room 202,180,148,82.22,Theory,0,0,0
31-05-2026,Monday,6,03:00 PM,Machine Learning,Prof. Kulkarni,4,MCA,B,Room 201,180,122,67.78,Theory,0,0,0
31-05-2026,Monday,1,09:00 AM,HR Analytics,Prof. Sharma,4,MCA,A,Room 201,180,112,62.22,Theory,1,0,0
31-05-2026,Monday,2,10:00 AM,Advanced DBMS,Prof. Patil,2,MBA,A,Lab 2,120,82,68.33,Practical,0,0,0
31-05-2026,Monday,3,11:15 AM,Web Development,Akash Upadhayay,2,MCA,A,Lab 1,180,144,80.0,Practical,0,0,0
31-05-2026,Monday,4,12:15 PM,Web Development,Prof. Patil,4,MCA,C,Auditorium,180,104,57.78,Theory,1,0,0
31-05-2026,Monday,5,02:00 PM,Python Programming,Akash Upadhayay,2,MCA,C,Room 201,180,144,80.0,Theory,0,0,0
31-05-2026,Monday,6,03:00 PM,Web Development,Prof. Deshmukh,4,MCA,A,Lab 2,180,133,4.0,Practical,0,1,0
31-05-2026,Monday,1,09:00 AM,Python Programming,Prof. Patil,2,MCA,C,Room 201,180,102,56.67,Theory,0,0,1
31-05-2026,Monday,2,10:00 AM,Machine Learning,Prof. Deshmukh,4,MCA,C,Auditorium,180,124,68.89,Theory,0,0,0
31-05-2026,Monday,3,11:15 AM,Web Development,Ishwari Gaikwad,4,MCA,C,Auditorium,180,150,83.33,Theory,0,0,0
31-05-2026,Monday,4,12:15 PM,Advanced DBMS,Akash Upadhayay,4,MBA,A,Room 202,120,85,70.83,Theory,0,0,0
31-05-2026,Monday,5,02:00 PM,Web Development,Prof. Kulkarni,4,MCA,B,Lab 1,180,154,85.56,Practical,0,0,0
31-05-2026,Monday,6,03:00 PM,Advanced DBMS,Prof. Sharma,2,MCA,C,Room 202,180,117,65.0,Theory,0,0,0
31-05-2026,Monday,1,09:00 AM,Machine Learning,Akash Upadhayay,2,MBA,B,Room 202,120,96,,Theory,0,0,0
31-05-2026,Monday,2,10:00 AM,Financial Management,Prof. Patil,4,MCA,C,Room 202,180,152,84.44,Theory,0,0,0
31-05-2026,Monday,3,11:15 AM,Python Programming,Akash Upadhayay,4,MCA,B,Auditorium,180,162,90.0,Theory,0,0,0
31-05-2026,Monday,4,12:15 PM,Machine Learning,Prof. Patil,2,MCA,A,Lab 2,180,136,75.56,Practical,1,1,0
31-05-2026,Monday,5,02:00 PM,Advanced DBMS,Ishwari Gaikwad,2,MCA,A,Lab 2,180,133,73.89,Practical,0,0,0
31-05-2026,Monday,6,03:00 PM,Machine Learning,Ishwari Gaikwad,2,MCA,A,Lab 1,180,140,77.78,Practical,0,0,0
01-06-2026,Monday,1,09:00 AM,HR Analytics,Prof. Deshmukh,4,MBA,C,Room 201,120,84,70.0,Theory,0,0,0
01-06-2026,Monday,2,10:00 AM,Financial Management,Prof. Sharma,4,MBA,A,Room 202,120,97,80.83,Theory,0,0,0
01-06-2026,Monday,3,11:15 AM,Advanced DBMS,Ishwari Gaikwad,4,MCA,B,Auditorium,180,114,63.33,Theory,0,0,1
01-06-2026,Monday,4,12:15 PM,Cloud Computing,Ishwari Gaikwad,4,MCA,B,Auditorium,180,146,81.11,Theory,0,0,0
01-06-2026,Monday,5,02:00 PM,Cloud Computing,Prof. Sharma,2,MBA,B,Room 201,120,75,62.5,Theory,1,1,0
01-06-2026,Monday,6,03:00 PM,HR Analytics,Prof. Sharma,2,MBA,B,Auditorium,120,62,51.67,Theory,0,0,1
01-06-2026,Monday,1,09:00 AM,Financial Management,Prof. Deshmukh,2,MCA,C,Lab 1,180,137,76.11,Practical,0,0,0
01-06-2026,Monday,2,10:00 AM,Advanced DBMS,Prof. Deshmukh,4,MBA,C,Room 202,120,103,85.83,Theory,0,0,0
01-06-2026,Monday,3,11:15 AM,Advanced DBMS,Prof. Kulkarni,2,MBA,C,Lab 1,120,99,82.5,Practical,0,0,0
01-06-2026,Monday,4,12:15 PM,Machine Learning,Prof. Sharma,4,MBA,C,Lab 2,120,93,77.5,Practical,0,0,0
01-06-2026,Monday,5,02:00 PM,Python Programming,Prof. Patil,2,MCA,C,Auditorium,180,128,71.11,Theory,0,0,0
01-06-2026,Monday,6,03:00 PM,Financial Management,Prof. Deshmukh,4,MBA,B,Lab 2,120,79,65.83,Practical,0,0,0
01-06-2026,Monday,1,09:00 AM,Cloud Computing,Prof. Sharma,2,MCA,A,Auditorium,180,144,80.0,Theory,0,0,0
01-06-2026,Monday,2,10:00 AM,Python Programming,Ishwari Gaikwad,4,MCA,B,Lab 1,180,167,92.78,Practical,0,1,0
01-06-2026,Monday,3,11:15 AM,Cloud Computing,Akash Upadhayay,4,MCA,B,Room 201,180,159,88.33,Theory,0,1,0
01-06-2026,Monday,4,12:15 PM,HR Analytics,Prof. Sharma,2,MCA,A,Lab 2,180,127,70.56,Practical,1,0,0
01-06-2026,Monday,5,02:00 PM,Web Development,Prof. Kulkarni,2,MBA,B,Lab 1,120,88,73.33,Practical,0,0,0
01-06-2026,Monday,6,03:00 PM,Web Development,Prof. Sharma,2,MCA,B,Lab 1,180,113,62.78,Practical,0,0,0
01-06-2026,Monday,1,09:00 AM,Cloud Computing,Akash Upadhayay,2,MCA,C,Lab 1,180,128,71.11,Practical,0,0,0
01-06-2026,Monday,2,10:00 AM,Cloud Computing,Ishwari Gaikwad,2,MCA,B,Room 201,180,134,,Theory,0,0,0
01-06-2026,Monday,3,11:15 AM,Python Programming,Prof. Sharma,4,MBA,C,Auditorium,120,103,85.83,Theory,0,0,0
01-06-2026,Monday,4,12:15 PM,Python Programming,Prof. Deshmukh,2,MBA,A,Lab 2,120,105,87.5,Practical,0,0,0
01-06-2026,Monday,5,02:00 PM,Machine Learning,Prof. Kulkarni,4,MCA,B,Lab 1,180,148,,Practical,0,0,0
01-06-2026,Monday,6,03:00 PM,Web Development,Ishwari Gaikwad,4,MBA,B,Room 201,120,85,70.83,Theory,0,0,0
02-06-2026,Tuesday,1,09:00 AM,Cloud Computing,Akash Upadhayay,2,MCA,B,Auditorium,180,126,70.0,Theory,0,0,0
02-06-2026,Tuesday,2,10:00 AM,Machine Learning,Akash Upadhayay,2,MCA,C,Room 202,180,157,87.22,Theory,0,0,0
02-06-2026,Tuesday,3,11:15 AM,HR Analytics,Prof. Kulkarni,2,MBA,A,Lab 1,120,114,95.0,Practical,0,0,0
02-06-2026,Tuesday,4,12:15 PM,Advanced DBMS,Prof. Kulkarni,4,MCA,C,Lab 2,180,149,82.78,Practical,0,1,0
02-06-2026,Tuesday,5,02:00 PM,HR Analytics,Prof. Kulkarni,2,MBA,A,Lab 2,120,105,87.5,Practical,0,0,1
02-06-2026,Tuesday,6,03:00 PM,Web Development,Prof. Kulkarni,2,MCA,B,Room 201,180,131,72.78,Theory,0,0,0
02-06-2026,Tuesday,1,09:00 AM,Cloud Computing,Prof. Patil,2,MCA,C,Lab 2,180,147,81.67,Practical,0,0,0
02-06-2026,Tuesday,2,10:00 AM,Machine Learning,Prof. Sharma,2,MCA,B,Lab 1,180,155,86.11,Practical,1,0,0
02-06-2026,Tuesday,3,11:15 AM,Web Development,Prof. Patil,2,MCA,A,Room 201,180,167,92.78,Theory,0,0,0
02-06-2026,Tuesday,4,12:15 PM,Cloud Computing,Prof. Sharma,4,MBA,A,Room 202,120,75,62.5,Theory,0,0,1
02-06-2026,Tuesday,5,02:00 PM,Web Development,Akash Upadhayay,2,MBA,A,Room 202,120,70,58.33,Theory,1,0,0
02-06-2026,Tuesday,6,03:00 PM,Advanced DBMS,Prof. Kulkarni,2,MCA,B,Room 201,180,111,61.67,Theory,0,0,0
02-06-2026,Tuesday,1,09:00 AM,Cloud Computing,Prof. Deshmukh,4,MBA,B,Lab 1,120,99,82.5,Practical,0,0,0
02-06-2026,Tuesday,2,10:00 AM,Machine Learning,Prof. Deshmukh,4,MCA,B,Lab 2,180,140,77.78,Practical,0,0,1
02-06-2026,Tuesday,3,11:15 AM,Machine Learning,Prof. Deshmukh,2,MCA,B,Room 201,180,154,85.56,Theory,0,0,0
02-06-2026,Tuesday,4,12:15 PM,HR Analytics,Prof. Sharma,4,MBA,C,Auditorium,120,113,94.17,Theory,0,0,0
02-06-2026,Tuesday,5,02:00 PM,Machine Learning,Prof. Kulkarni,4,MBA,A,Lab 1,120,83,69.17,Practical,0,0,1
02-06-2026,Tuesday,6,03:00 PM,HR Analytics,Prof. Sharma,2,MCA,B,Lab 2,180,129,71.67,Practical,0,1,0
02-06-2026,Tuesday,1,09:00 AM,HR Analytics,Prof. Deshmukh,4,MCA,B,Room 201,180,132,73.33,Theory,0,0,0
02-06-2026,Tuesday,2,10:00 AM,Financial Management,Prof. Patil,4,MCA,B,Auditorium,180,130,72.22,Theory,0,0,1
02-06-2026,Tuesday,3,11:15 AM,Python Programming,Prof. Sharma,4,MCA,A,Lab 1,180,176,97.78,Practical,0,0,0
02-06-2026,Tuesday,4,12:15 PM,Cloud Computing,Prof. Sharma,2,MCA,A,Room 201,180,166,92.22,Theory,0,1,0
02-06-2026,Tuesday,5,02:00 PM,Advanced DBMS,Prof. Sharma,4,MBA,C,Lab 2,120,95,79.17,Practical,0,0,0
02-06-2026,Tuesday,6,03:00 PM,Web Development,Prof. Deshmukh,4,MCA,B,Lab 1,180,138,76.67,Practical,0,0,0
03-06-2026,Wednesday,1,09:00 AM,Cloud Computing,Prof. Kulkarni,2,MCA,A,Lab 1,180,154,85.56,Practical,0,0,0
03-06-2026,Wednesday,2,10:00 AM,Machine Learning,Akash Upadhayay,4,MCA,A,Lab 1,180,169,93.89,Practical,0,1,0
03-06-2026,Wednesday,3,11:15 AM,Advanced DBMS,Prof. Patil,4,MCA,A,Lab 1,180,166,92.22,Practical,0,0,0
03-06-2026,Wednesday,4,12:15 PM,Advanced DBMS,Prof. Sharma,4,MBA,A,Lab 1,120,87,72.5,Practical,1,0,0
03-06-2026,Wednesday,5,02:00 PM,Advanced DBMS,Ishwari Gaikwad,2,MBA,C,Lab 1,120,96,80.0,Practical,1,0,0
03-06-2026,Wednesday,6,03:00 PM,Machine Learning,Akash Upadhayay,2,MBA,B,Lab 2,120,84,70.0,Practical,0,0,0
03-06-2026,Wednesday,1,09:00 AM,Machine Learning,Prof. Patil,2,MBA,A,Lab 2,120,91,75.83,Practical,0,1,0
03-06-2026,Wednesday,2,10:00 AM,HR Analytics,Akash Upadhayay,2,MBA,C,Lab 1,120,111,92.5,Practical,0,0,0
03-06-2026,Wednesday,3,11:15 AM,Python Programming,Prof. Sharma,2,MCA,B,Auditorium,180,150,83.33,Theory,1,0,0
03-06-2026,Wednesday,4,12:15 PM,HR Analytics,Ishwari Gaikwad,2,MBA,B,Room 202,120,101,84.17,Theory,0,0,0
03-06-2026,Wednesday,5,02:00 PM,Python Programming,Prof. Sharma,4,MBA,C,Lab 1,120,88,73.33,Practical,1,0,1
03-06-2026,Wednesday,6,03:00 PM,Financial Management,Prof. Sharma,4,MBA,A,Room 202,120,91,,Theory,1,0,0
03-06-2026,Wednesday,1,09:00 AM,Web Development,Prof. Sharma,4,MBA,B,Room 201,120,86,71.67,Theory,0,0,1
03-06-2026,Wednesday,2,10:00 AM,Cloud Computing,Prof. Deshmukh,4,MCA,A,Room 202,180,156,86.67,Theory,0,0,0
03-06-2026,Wednesday,3,11:15 AM,Machine Learning,Akash Upadhayay,4,MCA,A,Lab 2,180,130,72.22,Practical,1,0,0
03-06-2026,Wednesday,4,12:15 PM,Web Development,Prof. Deshmukh,2,MCA,B,Room 202,180,171,95.0,Theory,0,0,0
03-06-2026,Wednesday,5,02:00 PM,Advanced DBMS,Prof. Patil,2,MCA,A,Room 202,180,143,79.44,Theory,0,0,0
03-06-2026,Wednesday,6,03:00 PM,Financial Management,Prof. Patil,2,MCA,B,Room 202,180,107,59.44,Theory,0,0,1
03-06-2026,Wednesday,1,09:00 AM,Financial Management,Prof. Kulkarni,4,MCA,A,Room 202,180,146,81.11,Theory,0,0,0
03-06-2026,Wednesday,2,10:00 AM,HR Analytics,Prof. Kulkarni,4,MCA,C,Lab 1,180,170,94.44,Practical,0,0,0
03-06-2026,Wednesday,3,11:15 AM,HR Analytics,Prof. Patil,4,MCA,C,Lab 1,180,150,4.0,Practical,0,0,0
03-06-2026,Wednesday,4,12:15 PM,Advanced DBMS,Prof. Sharma,4,MBA,A,Lab 2,120,108,90.0,Practical,0,0,0
03-06-2026,Wednesday,5,02:00 PM,Financial Management,Prof. Deshmukh,4,MCA,C,Room 202,180,167,92.78,Theory,0,0,0
03-06-2026,Wednesday,6,03:00 PM,Advanced DBMS,Prof. Kulkarni,2,MCA,B,Lab 2,180,131,114.0,Practical,0,1,0
