Date,Day,Lecture_Number,Start_Time,Subject,Faculty_ID,Semester,Branch,Section,Classroom,Total_Enrolled,Students_Present,Attendance_Pct,Session_Type,Test_Week,Assignment_Due,Holiday_Near,Day_of_Semester,Week_Number,Month,Day_of_Month,Is_Weekend,Time_of_Day,Lecture_DateTime,Prev_Lecture_Pct,Rolling_3_Avg,Rolling_7_Avg,Monthly_Avg_Attendance,Consecutive_Lecture_Count,Gap_Hours,Attendance_Risk,Attendance_Risk_Code
2026-01-05,Monday,1,09:00 AM,Cloud Computing,Ishwari Gaikwad,2,MBA,A,Room 201,120,79,65.83,Theory,0,0,0,1,1,1,5,0,Morning,2026-01-05 09:00:00,78.9210138888889,78.9210138888889,78.9210138888889,78.9210138888889,1,24.0,WARNING,1
2026-01-05,Monday,1,09:00 AM,Python Programming,Prof. Patil,2,MBA,A,Auditorium,120,92,76.67,Theory,0,0,0,1,1,1,5,0,Morning,2026-01-05 09:00:00,65.83,65.83,65.83,65.83,2,24.0,SAFE,2
2026-01-05,Monday,4,12:15 PM,Cloud Computing,Prof. Sharma,4,MBA,A,Lab 1,120,97,80.83,Practical,0,1,0,1,1,1,5,0,Afternoon,2026-01-05 12:15:00,76.67,71.25,71.25,71.25,3,3.25,SAFE,2
2026-01-05,Monday,4,12:15 PM,Advanced DBMS,Prof. Deshmukh,4,MBA,A,Auditorium,120,86,71.67,Theory,0,0,0,1,1,1,5,0,Afternoon,2026-01-05 12:15:00,80.83,74.44333333333333,74.44333333333333,74.44333333333333,4,24.0,WARNING,1
2026-01-05,Monday,6,03:00 PM,Financial Management,Ishwari Gaikwad,2,MBA,A,Lab 2,120,91,75.83,Practical,0,0,0,1,1,1,5,0,Afternoon,2026-01-05 15:00:00,71.67,76.39,73.75,73.75,5,2.75,SAFE,2
2026-01-05,Monday,6,03:00 PM,Machine Learning,Akash Upadhayay,4,MBA,A,Lab 2,120,100,83.33,Practical,0,0,1,1,1,1,5,0,Afternoon,2026-01-05 15:00:00,75.83,76.11,74.166,74.166,6,24.0,SAFE,2
2026-01-06,Tuesday,1,09:00 AM,Cloud Computing,Prof. Kulkarni,2,MBA,A,Auditorium,120,95,79.17,Theory,0,0,0,2,1,1,6,0,Morning,2026-01-06 09:00:00,83.33,76.94333333333334,75.69333333333333,75.69333333333333,1,18.0,SAFE,2
2026-01-06,Tuesday,5,02:00 PM,Advanced DBMS,Prof. Sharma,2,MBA,A,Lab 1,120,101,83.89,Practical,0,0,0,2,1,1,6,0,Afternoon,2026-01-06 14:00:00,79.17,79.44333333333333,76.19000000000001,76.19000000000001,2,5.0,SAFE,2
2026-01-07,Wednesday,2,10:00 AM,Cloud Computing,Prof. Sharma,4,MBA,A,Auditorium,120,108,90.0,Theory,0,0,0,3,1,1,7,0,Morning,2026-01-07 10:00:00,83.89,82.13000000000001,78.77,77.1525,1,20.0,SAFE,2
2026-01-07,Wednesday,2,10:00 AM,HR Analytics,Ishwari Gaikwad,2,MBA,A,Lab 2,120,114,95.0,Practical,0,0,0,3,1,1,7,0,Morning,2026-01-07 10:00:00,90.0,84.35333333333334,80.67428571428572,78.58,2,24.0,SAFE,2
2026-01-07,Wednesday,3,11:15 AM,HR Analytics,Prof. Deshmukh,4,MBA,A,Room 202,120,108,90.0,Theory,0,0,0,3,1,1,7,0,Morning,2026-01-07 11:15:00,95.0,89.63,82.69857142857143,80.22200000000001,3,1.25,SAFE,2
2026-01-07,Wednesday,5,02:00 PM,Machine Learning,Ishwari Gaikwad,2,MBA,A,Room 201,120,99,82.5,Theory,0,0,1,3,1,1,7,0,Afternoon,2026-01-07 14:00:00,90.0,91.66666666666667,85.31714285714285,81.11090909090909,4,2.75,SAFE,2
2026-01-07,Wednesday,6,03:00 PM,Cloud Computing,Ishwari Gaikwad,4,MBA,A,Room 202,120,113,94.17,Theory,0,0,0,3,1,1,7,0,Afternoon,2026-01-07 15:00:00,82.5,89.16666666666667,86.27,81.22666666666667,5,1.0,SAFE,2
2026-01-08,Thursday,1,09:00 AM,Financial Management,Akash Upadhayay,4,MBA,A,Auditorium,120,89,74.17,Theory,1,1,0,4,1,1,8,0,Morning,2026-01-08 09:00:00,94.17,88.89,87.81857142857143,82.2223076923077,1,18.0,WARNING,1
2026-01-09,Friday,1,09:00 AM,Web Development,Prof. Deshmukh,2,MBA,A,Room 201,120,87,72.5,Theory,0,0,0,5,1,1,9,0,Morning,2026-01-09 09:00:00,74.17,83.61333333333333,87.10428571428572,81.64714285714285,1,24.0,WARNING,1
2026-01-09,Friday,2,10:00 AM,Advanced DBMS,Prof. Sharma,2,MBA,A,Lab 2,120,115,95.83,Practical,0,0,0,5,1,1,9,0,Morning,2026-01-09 10:00:00,72.5,80.28,85.47714285714285,81.03733333333334,2,1.0,SAFE,2
2026-01-09,Friday,3,11:15 AM,HR Analytics,Prof. Patil,4,MBA,A,Room 202,120,97,80.83,Theory,0,0,0,5,1,1,9,0,Morning,2026-01-09 11:15:00,95.83,80.83333333333333,86.30999999999999,81.961875,3,1.25,SAFE,2
2026-01-09,Friday,5,02:00 PM,Cloud Computing,Prof. Kulkarni,4,MBA,A,Auditorium,120,103,85.83,Theory,0,1,0,5,1,1,9,0,Afternoon,2026-01-09 14:00:00,80.83,83.05333333333333,84.28571428571429,81.89529411764705,4,2.75,SAFE,2
2026-01-09,Friday,6,03:00 PM,Python Programming,Prof. Patil,2,MBA,A,Lab 1,120,107,89.17,Practical,0,0,0,5,1,1,9,0,Afternoon,2026-01-09 15:00:00,85.83,87.49666666666667,83.68999999999998,82.11388888888888,5,1.0,SAFE,2
2026-01-10,Saturday,2,10:00 AM,Machine Learning,Prof. Deshmukh,2,MBA,A,Room 202,120,98,81.67,Theory,0,0,0,6,1,1,10,1,Morning,2026-01-10 10:00:00,89.17,85.27666666666667,84.64285714285714,82.48526315789474,1,19.0,SAFE,2
2026-01-10,Saturday,2,10:00 AM,Advanced DBMS,Prof. Kulkarni,2,MBA,A,Room 201,120,97,80.83,Theory,0,0,0,6,1,1,10,1,Morning,2026-01-10 10:00:00,81.67,85.55666666666667,82.85714285714286,82.4445,2,24.0,SAFE,2
2026-01-10,Saturday,3,11:15 AM,Advanced DBMS,Ishwari Gaikwad,4,MBA,A,Room 201,120,95,79.17,Theory,0,0,0,6,1,1,10,1,Morning,2026-01-10 11:15:00,80.83,83.89,83.80857142857143,82.36761904761904,3,1.25,SAFE,2
2026-01-10,Saturday,4,12:15 PM,Advanced DBMS,Prof. Deshmukh,2,MBA,A,Room 201,120,89,74.17,Theory,0,0,0,6,1,1,10,1,Afternoon,2026-01-10 12:15:00,79.17,80.55666666666667,84.76142857142858,82.22227272727274,4,1.0,WARNING,1
2026-01-10,Saturday,6,03:00 PM,Cloud Computing,Prof. Sharma,2,MBA,A,Lab 1,120,102,85.0,Practical,0,0,0,6,1,1,10,1,Afternoon,2026-01-10 15:00:00,74.17,78.05666666666666,81.66714285714286,81.87217391304348,5,2.75,SAFE,2
2026-01-11,Monday,3,11:15 AM,Python Programming,Prof. Patil,4,MBA,A,Room 201,120,86,71.67,Theory,0,0,0,7,1,1,11,0,Morning,2026-01-11 11:15:00,85.0,79.44666666666667,82.26285714285713,82.0025,1,20.25,WARNING,1
2026-01-12,Monday,2,10:00 AM,Advanced DBMS,Ishwari Gaikwad,4,MBA,A,Lab 1,120,98,81.67,Practical,0,0,0,8,2,1,12,0,Morning,2026-01-12 10:00:00,71.67,76.94666666666667,80.24,81.5892,1,22.75,SAFE,2
2026-01-12,Monday,2,10:00 AM,Advanced DBMS,Prof. Kulkarni,4,MBA,A,Lab 1,120,94,78.33,Practical,0,0,0,8,2,1,12,0,Morning,2026-01-12 10:00:00,81.67,79.44666666666667,79.16857142857144,81.5923076923077,2,24.0,SAFE,2
2026-01-12,Monday,3,11:15 AM,Web Development,Akash Upadhayay,2,MBA,A,Room 201,120,90,75.0,Theory,0,0,0,8,2,1,12,0,Morning,2026-01-12 11:15:00,78.33,77.22333333333334,78.69142857142857,81.47148148148148,3,1.25,WARNING,1
2026-01-12,Monday,3,11:15 AM,Python Programming,Ishwari Gaikwad,2,MBA,A,Lab 2,120,90,75.0,Practical,0,0,1,8,2,1,12,0,Morning,2026-01-12 11:15:00,75.0,78.33333333333333,77.85857142857142,81.24035714285715,4,24.0,WARNING,1
2026-01-12,Monday,4,12:15 PM,Python Programming,Prof. Deshmukh,4,MBA,A,Lab 2,120,120,100.0,Practical,0,0,0,8,2,1,12,0,Afternoon,2026-01-12 12:15:00,75.0,76.11,77.26285714285714,81.0251724137931,5,1.0,SAFE,2
2026-01-12,Monday,5,02:00 PM,HR Analytics,Ishwari Gaikwad,2,MBA,A,Lab 1,120,77,64.17,Practical,1,0,0,8,2,1,12,0,Afternoon,2026-01-12 14:00:00,100.0,83.33333333333333,80.95285714285714,81.65766666666667,6,1.75,WARNING,1
2026-01-13,Tuesday,2,10:00 AM,Financial Management,Prof. Patil,4,MBA,A,Lab 1,120,107,89.17,Practical,0,0,0,9,2,1,13,0,Morning,2026-01-13 10:00:00,64.17,79.72333333333334,77.97714285714287,81.09354838709677,1,20.0,SAFE,2
2026-01-13,Tuesday,3,11:15 AM,Machine Learning,Prof. Kulkarni,2,MBA,A,Lab 1,120,112,93.33,Practical,0,1,0,9,2,1,13,0,Morning,2026-01-13 11:15:00,89.17,84.44666666666667,80.47714285714287,81.3459375,2,1.25,SAFE,2
2026-01-13,Tuesday,6,03:00 PM,Financial Management,Prof. Patil,2,MBA,A,Room 202,120,87,72.5,Theory,1,1,0,9,2,1,13,0,Afternoon,2026-01-13 15:00:00,93.33,82.22333333333334,82.14285714285714,81.70909090909092,3,3.75,WARNING,1
2026-01-14,Wednesday,2,10:00 AM,Web Development,Prof. Deshmukh,2,MBA,A,Room 202,120,87,72.5,Theory,0,0,0,10,2,1,14,0,Morning,2026-01-14 10:00:00,72.5,85.0,81.30999999999999,81.43823529411765,1,19.0,WARNING,1
2026-01-14,Wednesday,4,12:15 PM,Machine Learning,Prof. Kulkarni,4,MBA,A,Lab 2,120,87,72.5,Practical,0,0,0,10,2,1,14,0,Afternoon,2026-01-14 12:15:00,72.5,79.44333333333333,80.95285714285714,81.18285714285715,2,2.25,WARNING,1
2026-01-15,Thursday,4,12:15 PM,Web Development,Prof. Kulkarni,2,MBA,A,Lab 1,120,107,89.17,Practical,0,0,0,11,2,1,15,0,Afternoon,2026-01-15 12:15:00,72.5,72.5,80.59571428571428,80.94166666666666,1,24.0,SAFE,2
2026-01-16,Friday,1,09:00 AM,HR Analytics,Prof. Deshmukh,4,MBA,A,Room 201,120,93,77.78,Theory,0,0,0,12,2,1,16,0,Morning,2026-01-16 09:00:00,89.17,78.05666666666667,79.04857142857144,81.16405405405406,1,20.75,SAFE,2
2026-01-16,Friday,1,09:00 AM,Financial Management,Prof. Kulkarni,4,MBA,A,Lab 2,120,94,78.33,Practical,0,0,0,12,2,1,16,0,Morning,2026-01-16 09:00:00,77.78,79.81666666666666,80.99285714285715,81.075,2,24.0,SAFE,2
2026-01-16,Friday,2,10:00 AM,Web Development,Prof. Deshmukh,2,MBA,A,Auditorium,120,96,80.0,Theory,0,0,0,12,2,1,16,0,Morning,2026-01-16 10:00:00,78.33,81.76,79.44428571428571,81.00461538461538,3,1.0,SAFE,2
2026-01-16,Friday,2,10:00 AM,Financial Management,Prof. Patil,2,MBA,A,Auditorium,120,59,49.17,Theory,1,1,1,12,2,1,16,0,Morning,2026-01-16 10:00:00,80.0,78.70333333333333,77.53999999999999,80.9795,4,24.0,CRITICAL,0
2026-01-16,Friday,2,10:00 AM,Web Development,Prof. Patil,4,MBA,A,Room 201,120,108,90.0,Theory,0,0,0,12,2,1,16,0,Morning,2026-01-16 10:00:00,49.17,69.16666666666667,74.20714285714284,80.20365853658537,5,24.0,SAFE,2
2026-01-16,Friday,3,11:15 AM,Advanced DBMS,Prof. Kulkarni,4,MBA,A,Auditorium,120,96,80.0,Theory,1,0,0,12,2,1,16,0,Morning,2026-01-16 11:15:00,90.0,73.05666666666667,76.70714285714284,80.43690476190476,6,1.25,SAFE,2
2026-01-16,Friday,4,12:15 PM,Advanced DBMS,Ishwari Gaikwad,2,MBA,A,Room 202,120,107,89.17,Theory,0,0,0,12,2,1,16,0,Afternoon,2026-01-16 12:15:00,80.0,73.05666666666667,77.77857142857142,80.4267441860465,7,1.0,SAFE,2
2026-01-16,Friday,4,12:15 PM,HR Analytics,Prof. Deshmukh,4,MBA,A,Auditorium,120,110,91.67,Theory,0,0,0,12,2,1,16,0,Afternoon,2026-01-16 12:15:00,89.17,86.38999999999999,77.77857142857144,80.62545454545455,8,24.0,SAFE,2
2026-01-16,Friday,5,02:00 PM,HR Analytics,Prof. Patil,2,MBA,A,Auditorium,120,95,79.17,Theory,0,0,0,12,2,1,16,0,Afternoon,2026-01-16 14:00:00,91.67,86.94666666666666,79.76285714285714,80.87088888888889,9,1.75,SAFE,2
2026-01-17,Saturday,1,09:00 AM,Cloud Computing,Prof. Patil,2,MBA,A,Room 202,120,100,83.33,Theory,0,1,0,13,2,1,17,1,Morning,2026-01-17 09:00:00,79.17,86.67,79.88285714285715,80.83391304347826,1,19.0,SAFE,2
2026-01-17,Saturday,2,10:00 AM,Advanced DBMS,Ishwari Gaikwad,2,MBA,A,Lab 2,120,96,80.0,Practical,0,1,0,13,2,1,17,1,Morning,2026-01-17 10:00:00,83.33,84.72333333333334,80.35857142857142,80.88702127659575,2,1.0,SAFE,2
2026-01-17,Saturday,3,11:15 AM,Machine Learning,Ishwari Gaikwad,2,MBA,A,Auditorium,120,82,68.33,Theory,1,1,0,13,2,1,17,1,Morning,2026-01-17 11:15:00,80.0,80.83333333333333,84.76285714285714,80.86854166666667,3,1.25,WARNING,1
2026-01-18,Monday,2,10:00 AM,Machine Learning,Akash Upadhayay,4,MBA,A,Room 202,120,95,79.17,Theory,0,0,0,14,2,1,18,0,Morning,2026-01-18 10:00:00,68.33,77.22,81.66714285714285,80.61265306122449,1,22.75,SAFE,2
2026-01-18,Monday,4,12:15 PM,Financial Management,Ishwari Gaikwad,4,MBA,A,Room 201,120,98,81.67,Theory,0,0,0,14,2,1,18,0,Afternoon,2026-01-18 12:15:00,79.17,75.83333333333333,81.54857142857144,80.5838,2,2.25,SAFE,2
2026-01-18,Monday,5,02:00 PM,Web Development,Prof. Patil,2,MBA,A,Lab 1,120,104,86.67,Practical,0,1,0,14,2,1,18,0,Afternoon,2026-01-18 14:00:00,81.67,76.39,80.47714285714287,80.60509803921568,3,1.75,SAFE,2
2026-01-18,Monday,6,03:00 PM,HR Analytics,Ishwari Gaikwad,4,MBA,A,Room 202,120,90,75.0,Theory,0,1,0,14,2,1,18,0,Afternoon,2026-01-18 15:00:00,86.67,82.50333333333333,79.76285714285714,80.72173076923076,4,1.0,WARNING,1
2026-01-19,Monday,2,10:00 AM,Web Development,Prof. Deshmukh,2,MBA,A,Lab 1,120,95,79.17,Practical,0,0,0,15,3,1,19,0,Morning,2026-01-19 10:00:00,75.0,81.11333333333333,79.16714285714285,80.61377358490566,1,19.0,SAFE,2
2026-01-19,Monday,6,03:00 PM,Web Development,Ishwari Gaikwad,4,MBA,A,Room 201,120,86,71.67,Theory,0,0,0,15,3,1,19,0,Afternoon,2026-01-19 15:00:00,79.17,80.28,78.57285714285715,80.58703703703704,2,5.0,WARNING,1
2026-01-20,Tuesday,3,11:15 AM,Cloud Computing,Prof. Deshmukh,4,MBA,A,Lab 2,120,97,80.83,Practical,0,0,0,16,3,1,20,0,Morning,2026-01-20 11:15:00,71.67,75.28000000000002,77.38285714285715,80.42490909090908,1,20.25,SAFE,2
2026-01-20,Tuesday,4,12:15 PM,Financial Management,Akash Upadhayay,2,MBA,A,Room 201,120,116,96.67,Theory,0,1,0,16,3,1,20,0,Afternoon,2026-01-20 12:15:00,80.83,77.22333333333334,79.16857142857143,80.43214285714285,2,1.0,SAFE,2
2026-01-20,Tuesday,5,02:00 PM,Cloud Computing,Ishwari Gaikwad,2,MBA,A,Room 201,120,93,77.5,Theory,1,0,0,16,3,1,20,0,Afternoon,2026-01-20 14:00:00,96.67,83.05666666666667,81.66857142857144,80.71701754385964,3,1.75,SAFE,2
2026-01-21,Wednesday,2,10:00 AM,Web Development,Prof. Deshmukh,4,MBA,A,Room 201,120,86,71.67,Theory,0,0,0,17,3,1,21,0,Morning,2026-01-21 10:00:00,77.5,85.0,81.07285714285715,80.66155172413792,1,20.0,WARNING,1
2026-01-21,Wednesday,4,12:15 PM,Advanced DBMS,Prof. Sharma,2,MBA,A,Lab 1,120,117,97.5,Practical,0,0,0,17,3,1,21,0,Afternoon,2026-01-21 12:15:00,71.67,81.94666666666667,78.92999999999999,80.50915254237287,2,2.25,SAFE,2
2026-01-21,Wednesday,5,02:00 PM,Cloud Computing,Prof. Patil,2,MBA,A,Lab 1,120,117,97.5,Practical,0,1,0,17,3,1,21,0,Afternoon,2026-01-21 14:00:00,97.5,82.22333333333334,82.14428571428572,80.79233333333333,3,1.75,SAFE,2
2026-01-22,Thursday,2,10:00 AM,Python Programming,Prof. Patil,4,MBA,A,Room 201,120,94,78.33,Theory,0,1,0,18,3,1,22,0,Morning,2026-01-22 10:00:00,97.5,88.89,84.76285714285714,81.06622950819673,1,20.0,SAFE,2
2026-01-23,Friday,1,09:00 AM,Advanced DBMS,Akash Upadhayay,2,MBA,A,Room 202,120,87,72.5,Theory,0,0,0,19,3,1,23,0,Morning,2026-01-23 09:00:00,78.33,91.11,85.71428571428571,81.02209677419354,1,23.0,WARNING,1
2026-01-23,Friday,1,09:00 AM,Cloud Computing,Prof. Patil,2,MBA,A,Lab 1,120,102,85.0,Practical,0,0,0,19,3,1,23,0,Morning,2026-01-23 09:00:00,72.5,82.77666666666666,84.52428571428572,80.8868253968254,2,24.0,SAFE,2
2026-01-23,Friday,1,09:00 AM,Python Programming,Prof. Deshmukh,4,MBA,A,Room 201,120,99,82.5,Theory,0,0,0,19,3,1,23,0,Morning,2026-01-23 09:00:00,85.0,78.61,82.85714285714286,80.95109375,3,24.0,SAFE,2
2026-01-23,Friday,4,12:15 PM,Machine Learning,Prof. Kulkarni,4,MBA,A,Room 202,120,95,79.17,Theory,0,0,0,19,3,1,23,0,Afternoon,2026-01-23 12:15:00,82.5,80.0,83.57142857142857,80.97492307692308,4,3.25,SAFE,2
2026-01-24,Saturday,3,11:15 AM,Financial Management,Prof. Sharma,4,MBA,A,Lab 2,120,101,84.17,Practical,1,0,0,20,3,1,24,1,Morning,2026-01-24 11:15:00,79.17,82.22333333333334,84.64285714285714,80.94757575757576,1,23.0,SAFE,2
2026-01-24,Saturday,4,12:15 PM,Machine Learning,Prof. Patil,4,MBA,A,Auditorium,120,94,78.33,Theory,0,0,0,20,3,1,24,1,Afternoon,2026-01-24 12:15:00,84.17,81.94666666666667,82.73857142857142,80.99567164179105,2,1.0,SAFE,2
2026-01-25,Monday,2,10:00 AM,Python Programming,Prof. Patil,2,MBA,A,Room 201,120,120,100.0,Theory,0,0,1,21,3,1,25,0,Morning,2026-01-25 10:00:00,78.33,80.55666666666667,80.0,80.95647058823529,1,21.75,SAFE,2
2026-01-25,Monday,3,11:15 AM,Python Programming,Akash Upadhayay,4,MBA,A,Room 202,120,86,71.67,Theory,0,0,0,21,3,1,25,0,Morning,2026-01-25 11:15:00,100.0,87.5,83.0957142857143,81.23246376811593,2,1.25,WARNING,1
2026-01-25,Monday,6,03:00 PM,Financial Management,Ishwari Gaikwad,4,MBA,A,Lab 1,120,102,85.0,Practical,0,0,0,21,3,1,25,0,Afternoon,2026-01-25 15:00:00,71.67,83.33333333333333,82.97714285714287,81.09585714285714,3,3.75,SAFE,2
2026-01-26,Monday,1,09:00 AM,Financial Management,Prof. Sharma,2,MBA,A,Lab 1,120,71,59.17,Practical,0,0,0,22,4,1,26,0,Morning,2026-01-26 09:00:00,85.0,85.55666666666667,82.97714285714287,81.15084507042253,1,18.0,WARNING,1
2026-01-26,Monday,2,10:00 AM,Python Programming,Ishwari Gaikwad,2,MBA,A,Lab 1,120,100,83.33,Practical,0,0,0,22,4,1,26,0,Morning,2026-01-26 10:00:00,59.17,71.94666666666667,79.64428571428572,80.84555555555556,2,1.0,SAFE,2
2026-01-26,Monday,5,02:00 PM,Web Development,Prof. Sharma,2,MBA,A,Room 201,120,93,77.5,Theory,0,0,0,22,4,1,26,0,Afternoon,2026-01-26 14:00:00,83.33,75.83333333333333,80.23857142857142,80.8795890410959,3,4.0,SAFE,2
2026-01-26,Monday,5,02:00 PM,Web Development,Ishwari Gaikwad,2,MBA,A,Lab 2,120,68,56.67,Practical,0,0,1,22,4,1,26,0,Afternoon,2026-01-26 14:00:00,77.5,73.33333333333333,79.28571428571429,80.83391891891893,4,24.0,WARNING,1
2026-01-26,Monday,6,03:00 PM,Python Programming,Prof. Deshmukh,4,MBA,A,Lab 1,120,91,75.83,Practical,0,0,0,22,4,1,26,0,Afternoon,2026-01-26 15:00:00,56.67,72.5,76.19142857142857,80.51173333333334,5,1.0,SAFE,2
2026-01-27,Tuesday,1,09:00 AM,Financial Management,Prof. Patil,4,MBA,A,Auditorium,120,89,74.17,Theory,0,1,0,23,4,1,27,0,Morning,2026-01-27 09:00:00,75.83,70.0,72.73857142857143,80.45013157894736,1,18.0,WARNING,1
2026-01-27,Tuesday,6,03:00 PM,Cloud Computing,Prof. Patil,4,MBA,A,Lab 2,120,97,80.83,Practical,0,0,0,23,4,1,27,0,Afternoon,2026-01-27 15:00:00,74.17,68.89,73.09571428571428,80.36857142857143,2,6.0,SAFE,2
2026-01-27,Tuesday,6,03:00 PM,Python Programming,Akash Upadhayay,4,MBA,A,Room 202,120,76,63.33,Theory,0,1,0,23,4,1,27,0,Afternoon,2026-01-27 15:00:00,80.83,76.94333333333333,72.5,80.37448717948718,3,24.0,WARNING,1
2026-01-28,Wednesday,3,11:15 AM,Machine Learning,Prof. Patil,4,MBA,A,Auditorium,120,100,83.33,Theory,0,1,0,24,4,1,28,0,Morning,2026-01-28 11:15:00,63.33,72.77666666666667,73.09428571428572,80.1587341772152,1,20.25,SAFE,2
2026-01-28,Wednesday,4,12:15 PM,HR Analytics,Ishwari Gaikwad,4,MBA,A,Room 201,120,100,83.33,Theory,0,1,0,24,4,1,28,0,Afternoon,2026-01-28 12:15:00,83.33,75.83,73.0942857142857,80.198375,2,1.0,SAFE,2
2026-01-28,Wednesday,6,03:00 PM,Advanced DBMS,Prof. Patil,4,MBA,A,Room 201,120,88,73.33,Theory,0,1,0,24,4,1,28,0,Afternoon,2026-01-28 15:00:00,83.33,76.66333333333334,73.92714285714285,80.23703703703704,3,2.75,WARNING,1
2026-01-29,Thursday,6,03:00 PM,Web Development,Prof. Patil,4,MBA,A,Lab 1,120,120,100.0,Practical,1,0,0,25,4,1,29,0,Afternoon,2026-01-29 15:00:00,73.33,79.99666666666667,76.30714285714285,80.15280487804878,1,24.0,SAFE,2
2026-01-29,Thursday,6,03:00 PM,Advanced DBMS,Prof. Patil,4,MBA,A,Lab 2,120,101,84.17,Practical,0,0,0,25,4,1,29,0,Afternoon,2026-01-29 15:00:00,100.0,85.55333333333334,79.75999999999999,80.39192771084338,2,24.0,SAFE,2
2026-01-30,Friday,2,10:00 AM,Cloud Computing,Prof. Sharma,4,MBA,A,Lab 1,120,116,96.67,Practical,0,1,0,26,4,1,30,0,Morning,2026-01-30 10:00:00,84.17,85.83333333333333,81.18857142857144,80.43690476190476,1,19.0,SAFE,2
2026-01-30,Friday,5,02:00 PM,Cloud Computing,Akash Upadhayay,2,MBA,A,Lab 2,120,101,84.17,Practical,1,0,0,26,4,1,30,0,Afternoon,2026-01-30 14:00:00,96.67,93.61333333333334,83.45142857142856,80.62788235294117,2,4.0,SAFE,2
2026-01-30,Friday,5,02:00 PM,Advanced DBMS,Prof. Kulkarni,2,MBA,A,Auditorium,120,90,75.0,Theory,0,1,1,26,4,1,30,0,Afternoon,2026-01-30 14:00:00,84.17,88.33666666666666,86.42857142857143,80.66906976744185,3,24.0,WARNING,1
2026-01-30,Friday,6,03:00 PM,Python Programming,Akash Upadhayay,4,MBA,A,Room 202,120,97,80.83,Theory,0,0,0,26,4,1,30,0,Afternoon,2026-01-30 15:00:00,75.0,85.28,85.23857142857143,80.60390804597701,4,1.0,SAFE,2
2026-01-30,Friday,6,03:00 PM,Web Development,Prof. Sharma,2,MBA,A,Room 201,120,75,62.5,Theory,0,0,1,26,4,1,30,0,Afternoon,2026-01-30 15:00:00,80.83,80.0,84.88142857142857,80.60647727272728,5,24.0,WARNING,1
2026-01-31,Saturday,4,12:15 PM,Cloud Computing,Prof. Patil,4,MBA,A,Room 202,120,61,50.83,Theory,0,0,1,27,4,1,31,1,Afternoon,2026-01-31 12:15:00,62.5,72.77666666666666,83.33428571428571,80.40303370786516,1,21.25,WARNING,1
2026-01-31,Saturday,5,02:00 PM,Machine Learning,Akash Upadhayay,4,MBA,A,Room 202,120,95,79.17,Theory,0,0,1,27,4,1,31,1,Afternoon,2026-01-31 14:00:00,50.83,64.72,76.30999999999999,80.07444444444444,2,1.75,SAFE,2
2026-02-01,Monday,1,09:00 AM,Cloud Computing,Akash Upadhayay,2,MBA,A,Lab 1,120,87,72.5,Practical,0,0,1,28,4,2,1,0,Morning,2026-02-01 09:00:00,79.17,64.16666666666667,75.5957142857143,78.9210138888889,1,19.0,WARNING,1
2026-02-01,Monday,4,12:15 PM,HR Analytics,Prof. Kulkarni,2,MBA,A,Room 202,120,85,70.83,Theory,0,0,0,28,4,2,1,0,Afternoon,2026-02-01 12:15:00,72.5,67.5,72.14285714285714,72.5,2,3.25,WARNING,1
2026-02-01,Monday,5,02:00 PM,Machine Learning,Prof. Deshmukh,2,MBA,A,Lab 2,120,110,91.67,Practical,0,0,0,28,4,2,1,0,Afternoon,2026-02-01 14:00:00,70.83,74.16666666666667,70.23714285714286,71.66499999999999,3,1.75,SAFE,2
2026-02-01,Monday,6,03:00 PM,Machine Learning,Prof. Sharma,2,MBA,A,Auditorium,120,72,60.0,Theory,0,0,0,28,4,2,1,0,Afternoon,2026-02-01 15:00:00,91.67,78.33333333333333,72.61857142857143,78.33333333333333,4,1.0,WARNING,1
2026-02-02,Monday,1,09:00 AM,Advanced DBMS,Prof. Sharma,2,MBA,A,Room 201,120,69,57.5,Theory,1,0,0,29,5,2,2,0,Morning,2026-02-02 09:00:00,60.0,74.16666666666667,69.64285714285714,73.75,1,18.0,WARNING,1
2026-02-02,Monday,3,11:15 AM,Python Programming,Prof. Patil,2,MBA,A,Room 201,120,87,72.5,Theory,1,0,0,29,5,2,2,0,Morning,2026-02-02 11:15:00,57.5,69.72333333333334,68.92857142857143,70.5,2,2.25,WARNING,1
2026-02-02,Monday,4,12:15 PM,Web Development,Prof. Patil,2,MBA,A,Room 202,120,82,68.33,Theory,1,0,0,29,5,2,2,0,Afternoon,2026-02-02 12:15:00,72.5,63.333333333333336,72.02428571428571,70.83333333333333,3,1.0,WARNING,1
2026-02-02,Monday,4,12:15 PM,Machine Learning,Prof. Patil,2,MBA,A,Room 201,120,94,78.33,Theory,0,1,0,29,5,2,2,0,Afternoon,2026-02-02 12:15:00,68.33,66.11,70.47571428571429,70.47571428571429,4,24.0,SAFE,2
2026-02-03,Tuesday,2,10:00 AM,HR Analytics,Prof. Sharma,2,MBA,A,Lab 2,120,110,91.67,Practical,0,1,0,30,5,2,3,0,Morning,2026-02-03 10:00:00,78.33,73.05333333333333,71.30857142857143,71.4575,1,21.75,SAFE,2
2026-02-03,Tuesday,3,11:15 AM,Advanced DBMS,Prof. Deshmukh,2,MBA,A,Auditorium,120,92,76.67,Theory,1,0,0,30,5,2,3,0,Morning,2026-02-03 11:15:00,91.67,79.44333333333333,74.28571428571429,73.70333333333333,2,1.25,SAFE,2
2026-02-03,Tuesday,4,12:15 PM,Python Programming,Prof. Deshmukh,2,MBA,A,Room 202,120,99,82.5,Theory,0,1,0,30,5,2,3,0,Afternoon,2026-02-03 12:15:00,76.67,82.22333333333334,72.14285714285714,74.0,3,1.0,SAFE,2
2026-02-03,Tuesday,5,02:00 PM,Machine Learning,Ishwari Gaikwad,4,MBA,A,Room 201,120,97,80.83,Theory,0,0,0,30,5,2,3,0,Afternoon,2026-02-03 14:00:00,82.5,83.61333333333333,75.35714285714286,74.77272727272727,4,1.75,SAFE,2
2026-02-03,Tuesday,6,03:00 PM,Cloud Computing,Akash Upadhayay,2,MBA,A,Lab 1,120,74,61.67,Practical,0,0,0,30,5,2,3,0,Afternoon,2026-02-03 15:00:00,80.83,80.0,78.69000000000001,75.2775,5,1.0,WARNING,1
2026-02-04,Wednesday,1,09:00 AM,Advanced DBMS,Prof. Patil,2,MBA,A,Auditorium,120,97,80.83,Theory,0,0,0,31,5,2,4,0,Morning,2026-02-04 09:00:00,61.67,75.0,77.14285714285714,74.23076923076923,1,18.0,SAFE,2
2026-02-04,Wednesday,1,09:00 AM,HR Analytics,Prof. Sharma,2,MBA,A,Lab 2,120,92,76.67,Practical,0,0,1,31,5,2,4,0,Morning,2026-02-04 09:00:00,80.83,74.44333333333333,78.92857142857143,74.70214285714285,2,24.0,SAFE,2
2026-02-04,Wednesday,2,10:00 AM,Python Programming,Prof. Sharma,2,MBA,A,Auditorium,120,94,78.33,Theory,0,0,0,31,5,2,4,0,Morning,2026-02-04 10:00:00,76.67,73.05666666666667,78.69142857142857,74.83333333333333,3,1.0,SAFE,2
2026-02-04,Wednesday,3,11:15 AM,HR Analytics,Prof. Kulkarni,2,MBA,A,Room 201,120,72,60.0,Theory,0,0,1,31,5,2,4,0,Morning,2026-02-04 11:15:00,78.33,78.61,76.78571428571429,75.051875,4,1.25,WARNING,1
2026-02-04,Wednesday,4,12:15 PM,Financial Management,Ishwari Gaikwad,4,MBA,A,Room 201,120,95,78.89,Theory,0,0,0,31,5,2,4,0,Afternoon,2026-02-04 12:15:00,60.0,71.66666666666667,74.40428571428572,74.16647058823528,5,1.0,SAFE,2
2026-02-04,Wednesday,5,02:00 PM,Web Development,Prof. Deshmukh,4,MBA,A,Auditorium,120,108,90.0,Theory,0,0,0,31,5,2,4,0,Afternoon,2026-02-04 14:00:00,78.89,72.40666666666667,73.88857142857144,74.42888888888889,6,1.75,SAFE,2
2026-02-04,Wednesday,6,03:00 PM,Python Programming,Prof. Kulkarni,4,MBA,A,Lab 1,120,95,79.17,Practical,0,0,0,31,5,2,4,0,Afternoon,2026-02-04 15:00:00,90.0,76.29666666666667,75.19857142857143,75.24842105263158,7,1.0,SAFE,2
2026-02-05,Thursday,5,02:00 PM,Cloud Computing,Prof. Sharma,2,MBA,A,Lab 1,120,113,94.17,Practical,0,0,0,32,5,2,5,0,Afternoon,2026-02-05 14:00:00,79.17,82.68666666666667,77.69857142857143,75.4445,1,23.0,SAFE,2
2026-02-05,Thursday,5,02:00 PM,Web Development,Akash Upadhayay,4,MBA,A,Auditorium,120,80,66.67,Theory,1,0,0,32,5,2,5,0,Afternoon,2026-02-05 14:00:00,94.17,87.78000000000002,79.60428571428572,76.33619047619047,2,24.0,WARNING,1
2026-02-06,Friday,1,09:00 AM,Machine Learning,Akash Upadhayay,4,MBA,A,Lab 2,120,86,71.67,Practical,1,0,0,33,5,2,6,0,Morning,2026-02-06 09:00:00,66.67,80.00333333333333,78.17571428571429,75.89681818181818,1,19.0,WARNING,1
2026-02-06,Friday,4,12:15 PM,Advanced DBMS,Ishwari Gaikwad,2,MBA,A,Room 202,120,88,73.33,Theory,1,0,0,33,5,2,6,0,Afternoon,2026-02-06 12:15:00,71.67,77.50333333333333,77.2242857142857,75.71304347826087,2,3.25,WARNING,1
2026-02-06,Friday,6,03:00 PM,Web Development,Prof. Sharma,4,MBA,A,Lab 2,120,90,75.0,Practical,0,1,0,33,5,2,6,0,Afternoon,2026-02-06 15:00:00,73.33,70.55666666666667,79.12857142857142,75.61375,3,2.75,WARNING,1
2026-02-07,Saturday,1,09:00 AM,Web Development,Prof. Kulkarni,2,MBA,A,Room 201,120,70,58.33,Theory,0,0,0,34,5,2,7,1,Morning,2026-02-07 09:00:00,75.0,73.33333333333333,78.57285714285715,75.5892,1,18.0,WARNING,1
2026-02-07,Saturday,2,10:00 AM,Python Programming,Prof. Deshmukh,2,MBA,A,Auditorium,120,78,65.0,Theory,1,0,0,34,5,2,7,1,Morning,2026-02-07 10:00:00,58.33,68.88666666666667,74.04857142857144,74.92538461538462,2,1.0,WARNING,1
2026-02-08,Monday,2,10:00 AM,Python Programming,Prof. Patil,2,MBA,A,Room 201,120,110,91.67,Theory,0,0,0,35,5,2,8,0,Morning,2026-02-08 10:00:00,65.0,66.11,72.02428571428571,74.55777777777777,1,24.0,SAFE,2
2026-02-09,Monday,3,11:15 AM,Web Development,Ishwari Gaikwad,2,MBA,A,Room 202,120,93,77.5,Theory,0,0,0,36,6,2,9,0,Morning,2026-02-09 11:15:00,91.67,71.66666666666667,71.66714285714286,75.16892857142857,1,25.25,SAFE,2
2026-02-09,Monday,4,12:15 PM,Advanced DBMS,Prof. Sharma,2,MBA,A,Auditorium,120,73,60.83,Theory,1,0,0,36,6,2,9,0,Afternoon,2026-02-09 12:15:00,77.5,78.05666666666667,73.21428571428571,75.24931034482759,2,1.0,WARNING,1
2026-02-09,Monday,5,02:00 PM,Web Development,Ishwari Gaikwad,4,MBA,A,Room 201,120,102,85.0,Theory,0,0,0,36,6,2,9,0,Afternoon,2026-02-09 14:00:00,60.83,76.66666666666667,71.66571428571429,74.76866666666666,3,1.75,SAFE,2
2026-02-10,Tuesday,2,10:00 AM,Machine Learning,Prof. Kulkarni,4,MBA,A,Room 202,120,107,89.17,Theory,0,0,0,37,6,2,10,0,Morning,2026-02-10 10:00:00,85.0,74.44333333333333,73.33285714285715,75.09870967741935,1,20.0,SAFE,2
2026-02-10,Tuesday,3,11:15 AM,Web Development,Prof. Sharma,4,MBA,A,Room 202,120,100,83.33,Theory,0,0,0,37,6,2,10,0,Morning,2026-02-10 11:15:00,89.17,78.33333333333333,75.35714285714286,75.5384375,2,1.25,SAFE,2
2026-02-10,Tuesday,3,11:15 AM,HR Analytics,Prof. Sharma,2,MBA,A,Room 201,120,93,77.78,Theory,0,0,0,37,6,2,10,0,Morning,2026-02-10 11:15:00,83.33,85.83333333333333,78.92857142857143,75.77454545454545,3,24.0,SAFE,2
2026-02-10,Tuesday,4,12:15 PM,HR Analytics,Akash Upadhayay,2,MBA,A,Lab 1,120,85,70.83,Practical,0,0,0,37,6,2,10,0,Afternoon,2026-02-10 12:15:00,77.78,83.42666666666668,80.75428571428571,75.83352941176472,4,1.0,WARNING,1
2026-02-10,Tuesday,4,12:15 PM,Python Programming,Prof. Kulkarni,4,MBA,A,Lab 2,120,59,49.17,Practical,0,0,0,37,6,2,10,0,Afternoon,2026-02-10 12:15:00,70.83,77.31333333333333,77.77714285714286,75.69057142857143,5,24.0,CRITICAL,0
2026-02-10,Tuesday,5,02:00 PM,HR Analytics,Prof. Kulkarni,2,MBA,A,Room 201,120,109,90.83,Theory,0,0,0,37,6,2,10,0,Afternoon,2026-02-10 14:00:00,49.17,65.92666666666668,73.73,74.9538888888889,6,1.75,SAFE,2
2026-02-10,Tuesday,5,02:00 PM,Python Programming,Prof. Deshmukh,2,MBA,A,Room 201,120,93,77.5,Theory,0,0,0,37,6,2,10,0,Afternoon,2026-02-10 14:00:00,90.83,70.27666666666666,78.01571428571428,75.38297297297298,7,24.0,SAFE,2
2026-02-10,Tuesday,6,03:00 PM,Advanced DBMS,Ishwari Gaikwad,4,MBA,A,Lab 2,120,98,81.67,Practical,0,0,0,37,6,2,10,0,Afternoon,2026-02-10 15:00:00,77.5,72.5,76.94428571428571,75.43868421052632,8,1.0,SAFE,2
2026-02-10,Tuesday,6,03:00 PM,Python Programming,Prof. Patil,4,MBA,A,Lab 2,120,72,60.0,Practical,0,0,0,37,6,2,10,0,Afternoon,2026-02-10 15:00:00,81.67,83.33333333333333,75.87285714285714,75.59846153846154,9,24.0,WARNING,1
2026-02-11,Wednesday,1,09:00 AM,Web Development,Prof. Deshmukh,4,MBA,A,Auditorium,120,89,74.17,Theory,0,0,0,38,6,2,11,0,Morning,2026-02-11 09:00:00,60.0,73.05666666666667,72.54,75.2085,1,18.0,WARNING,1
2026-02-11,Wednesday,6,03:00 PM,Machine Learning,Prof. Sharma,4,MBA,A,Room 202,120,62,51.67,Theory,1,0,0,38,6,2,11,0,Afternoon,2026-02-11 15:00:00,74.17,71.94666666666667,72.02428571428571,75.18317073170732,2,6.0,WARNING,1
2026-02-11,Wednesday,6,03:00 PM,Machine Learning,Prof. Deshmukh,4,MBA,A,Room 202,120,96,80.0,Theory,0,0,0,38,6,2,11,0,Afternoon,2026-02-11 15:00:00,51.67,61.946666666666665,69.28714285714285,74.62333333333333,3,24.0,SAFE,2
2026-02-12,Thursday,4,12:15 PM,Advanced DBMS,Prof. Patil,2,MBA,A,Auditorium,120,100,83.33,Theory,0,0,0,39,6,2,12,0,Afternoon,2026-02-12 12:15:00,80.0,68.61333333333333,73.69142857142857,74.74837209302325,1,21.25,SAFE,2
2026-02-13,Friday,2,10:00 AM,Advanced DBMS,Prof. Kulkarni,2,MBA,A,Room 202,120,120,100.0,Theory,0,0,0,40,6,2,13,0,Morning,2026-02-13 10:00:00,83.33,71.66666666666667,72.62,74.9434090909091,1,21.75,SAFE,2
2026-02-13,Friday,4,12:15 PM,Machine Learning,Prof. Patil,4,MBA,A,Lab 2,120,116,96.67,Practical,0,0,0,40,6,2,13,0,Afternoon,2026-02-13 12:15:00,100.0,87.77666666666666,75.83428571428571,75.50022222222222,2,2.25,SAFE,2
2026-02-13,Friday,4,12:15 PM,Python Programming,Prof. Patil,4,MBA,A,Room 201,120,72,60.0,Theory,0,0,1,40,6,2,13,0,Afternoon,2026-02-13 12:15:00,96.67,93.33333333333333,77.97714285714287,75.96043478260869,3,24.0,WARNING,1
2026-02-13,Friday,5,02:00 PM,HR Analytics,Prof. Sharma,4,MBA,A,Lab 1,120,83,69.17,Practical,0,0,1,40,6,2,13,0,Afternoon,2026-02-13 14:00:00,60.0,85.55666666666667,77.97714285714287,75.62085106382979,4,1.75,WARNING,1
2026-02-13,Friday,6,03:00 PM,Machine Learning,Prof. Patil,2,MBA,A,Auditorium,120,103,85.83,Theory,0,0,0,40,6,2,13,0,Afternoon,2026-02-13 15:00:00,69.17,75.28000000000002,77.26285714285714,75.48645833333333,5,1.0,SAFE,2
2026-02-14,Saturday,1,09:00 AM,Python Programming,Prof. Patil,4,MBA,A,Lab 1,120,101,83.89,Practical,0,0,0,41,6,2,14,1,Morning,2026-02-14 09:00:00,85.83,71.66666666666667,82.14285714285714,75.69755102040816,1,18.0,SAFE,2
2026-02-14,Saturday,1,09:00 AM,Web Development,Prof. Deshmukh,2,MBA,A,Lab 2,120,87,72.5,Practical,0,0,0,41,6,2,14,1,Morning,2026-02-14 09:00:00,83.89,79.63,82.69857142857143,75.8614,2,24.0,WARNING,1
2026-02-14,Saturday,2,10:00 AM,Python Programming,Prof. Patil,2,MBA,A,Lab 1,120,99,82.5,Practical,0,0,0,41,6,2,14,1,Morning,2026-02-14 10:00:00,72.5,80.74,81.15142857142857,75.79549019607843,3,1.0,SAFE,2
2026-02-14,Saturday,2,10:00 AM,Web Development,Prof. Sharma,4,MBA,A,Auditorium,120,93,77.5,Theory,0,0,0,41,6,2,14,1,Morning,2026-02-14 10:00:00,82.5,79.63,78.65142857142857,75.92442307692308,4,24.0,SAFE,2
2026-02-14,Saturday,4,12:15 PM,Web Development,Prof. Sharma,4,MBA,A,Room 202,120,103,85.83,Theory,0,0,0,41,6,2,14,1,Afternoon,2026-02-14 12:15:00,77.5,77.5,75.91285714285713,75.95415094339623,5,2.25,SAFE,2
2026-02-14,Saturday,5,02:00 PM,Machine Learning,Prof. Sharma,4,MBA,A,Room 201,120,96,80.0,Theory,0,0,0,41,6,2,14,1,Afternoon,2026-02-14 14:00:00,85.83,81.94333333333334,79.60285714285715,76.13703703703703,6,1.75,SAFE,2
2026-02-15,Monday,2,10:00 AM,Advanced DBMS,Ishwari Gaikwad,2,MBA,A,Room 202,120,112,93.33,Theory,0,0,0,42,6,2,15,0,Morning,2026-02-15 10:00:00,80.0,81.11,81.14999999999999,76.20727272727272,1,20.0,SAFE,2
2026-02-15,Monday,2,10:00 AM,Financial Management,Prof. Kulkarni,2,MBA,A,Room 202,120,87,72.5,Theory,0,0,0,42,6,2,15,0,Morning,2026-02-15 10:00:00,93.33,86.38666666666666,82.22142857142856,76.5130357142857,2,24.0,WARNING,1
2026-02-15,Monday,4,12:15 PM,Machine Learning,Prof. Sharma,4,MBA,A,Auditorium,120,80,66.67,Theory,0,1,0,42,6,2,15,0,Afternoon,2026-02-15 12:15:00,72.5,81.94333333333333,80.59428571428573,76.44263157894736,3,2.25,WARNING,1
2026-02-16,Monday,5,02:00 PM,Machine Learning,Prof. Kulkarni,4,MBA,A,Lab 1,120,109,90.83,Practical,0,0,0,43,7,2,16,0,Afternoon,2026-02-16 14:00:00,66.67,77.5,79.76142857142858,76.27413793103447,1,25.75,SAFE,2
2026-02-17,Tuesday,3,11:15 AM,Advanced DBMS,Prof. Patil,4,MBA,A,Lab 1,120,96,80.0,Practical,0,1,0,44,7,2,17,0,Morning,2026-02-17 11:15:00,90.83,76.66666666666667,80.95142857142858,76.52084745762711,1,21.25,SAFE,2
2026-02-17,Tuesday,3,11:15 AM,Cloud Computing,Akash Upadhayay,2,MBA,A,Auditorium,120,100,83.33,Theory,0,0,0,44,7,2,17,0,Morning,2026-02-17 11:15:00,80.0,79.16666666666667,81.30857142857144,76.57883333333332,2,24.0,SAFE,2
2026-02-17,Tuesday,6,03:00 PM,Web Development,Akash Upadhayay,4,MBA,A,Auditorium,120,92,76.67,Theory,0,0,0,44,7,2,17,0,Afternoon,2026-02-17 15:00:00,83.33,84.72,80.95142857142856,76.68950819672132,3,3.75,SAFE,2
2026-02-18,Wednesday,2,10:00 AM,Financial Management,Prof. Sharma,2,MBA,A,Room 202,120,80,66.67,Theory,1,0,0,45,7,2,18,0,Morning,2026-02-18 10:00:00,76.67,80.0,80.47571428571428,76.6891935483871,1,19.0,WARNING,1
2026-02-19,Thursday,1,09:00 AM,Machine Learning,Prof. Patil,2,MBA,A,Lab 2,120,109,90.83,Practical,0,0,0,46,7,2,19,0,Morning,2026-02-19 09:00:00,66.67,75.55666666666666,76.66714285714285,76.53015873015872,1,23.0,SAFE,2
2026-02-19,Thursday,2,10:00 AM,Machine Learning,Ishwari Gaikwad,4,MBA,A,Room 201,120,103,85.83,Theory,0,0,0,46,7,2,19,0,Morning,2026-02-19 10:00:00,90.83,78.05666666666667,79.28571428571429,76.75359375,2,1.0,SAFE,2
2026-02-19,Thursday,3,11:15 AM,Machine Learning,Ishwari Gaikwad,4,MBA,A,Room 201,120,78,65.0,Theory,0,0,1,46,7,2,19,0,Morning,2026-02-19 11:15:00,85.83,81.11,82.02285714285713,76.89323076923077,3,1.25,WARNING,1
2026-02-19,Thursday,3,11:15 AM,Web Development,Ishwari Gaikwad,2,MBA,A,Room 202,120,95,79.17,Theory,0,0,0,46,7,2,19,0,Morning,2026-02-19 11:15:00,65.0,80.55333333333333,78.33285714285715,76.71303030303031,4,24.0,SAFE,2
2026-02-19,Thursday,4,12:15 PM,Cloud Computing,Akash Upadhayay,4,MBA,A,Lab 1,120,110,91.67,Practical,0,0,0,46,7,2,19,0,Afternoon,2026-02-19 12:15:00,79.17,76.66666666666667,78.21428571428571,76.74970149253731,5,1.0,SAFE,2
2026-02-19,Thursday,4,12:15 PM,Cloud Computing,Akash Upadhayay,2,MBA,A,Room 201,120,102,85.0,Theory,0,0,0,46,7,2,19,0,Afternoon,2026-02-19 12:15:00,91.67,78.61333333333333,79.4057142857143,76.96911764705882,6,24.0,SAFE,2
2026-02-20,Friday,3,11:15 AM,Machine Learning,Akash Upadhayay,2,MBA,A,Lab 1,120,59,49.17,Practical,0,1,0,47,7,2,20,0,Morning,2026-02-20 11:15:00,85.0,85.28,80.59571428571428,77.0855072463768,1,23.0,CRITICAL,0
2026-02-20,Friday,3,11:15 AM,Financial Management,Prof. Patil,2,MBA,A,Auditorium,120,99,82.5,Theory,1,0,0,47,7,2,20,0,Morning,2026-02-20 11:15:00,49.17,75.28000000000002,78.09571428571428,76.68671428571429,2,24.0,SAFE,2
2026-02-20,Friday,4,12:15 PM,HR Analytics,Prof. Sharma,4,MBA,A,Auditorium,120,98,81.67,Theory,0,0,0,47,7,2,20,0,Afternoon,2026-02-20 12:15:00,82.5,72.22333333333334,76.9057142857143,76.76859154929578,3,1.0,SAFE,2
2026-02-20,Friday,4,12:15 PM,Python Programming,Akash Upadhayay,4,MBA,A,Room 201,120,105,87.5,Theory,0,0,0,47,7,2,20,0,Afternoon,2026-02-20 12:15:00,81.67,71.11333333333333,76.31142857142858,76.83666666666666,4,24.0,SAFE,2
2026-02-21,Saturday,1,09:00 AM,Financial Management,Prof. Deshmukh,2,MBA,A,Lab 1,120,83,69.17,Practical,0,0,0,48,7,2,21,1,Morning,2026-02-21 09:00:00,87.5,83.89,79.5257142857143,76.98273972602739,1,20.75,WARNING,1
2026-02-21,Saturday,3,11:15 AM,HR Analytics,Prof. Sharma,4,MBA,A,Room 202,120,82,68.33,Theory,0,0,1,48,7,2,21,1,Morning,2026-02-21 11:15:00,69.17,79.44666666666667,78.09714285714287,76.87716216216216,2,2.25,WARNING,1
2026-02-21,Saturday,3,11:15 AM,HR Analytics,Ishwari Gaikwad,4,MBA,A,Room 202,120,94,78.33,Theory,0,0,0,48,7,2,21,1,Morning,2026-02-21 11:15:00,68.33,75.0,74.76285714285714,76.7632,3,24.0,SAFE,2
2026-02-21,Saturday,5,02:00 PM,Cloud Computing,Prof. Kulkarni,2,MBA,A,Lab 2,120,108,90.0,Practical,0,1,0,48,7,2,21,1,Afternoon,2026-02-21 14:00:00,78.33,71.94333333333333,73.80999999999999,76.78381578947368,4,2.75,SAFE,2
2026-02-21,Saturday,6,03:00 PM,Python Programming,Prof. Patil,2,MBA,A,Room 202,120,59,49.17,Theory,1,0,0,48,7,2,21,1,Afternoon,2026-02-21 15:00:00,90.0,78.88666666666666,79.64285714285714,76.95545454545454,5,1.0,CRITICAL,0
2026-02-22,Monday,2,10:00 AM,HR Analytics,Ishwari Gaikwad,4,MBA,A,Room 202,120,75,62.5,Theory,1,0,0,49,7,2,22,0,Morning,2026-02-22 10:00:00,49.17,72.5,74.88142857142859,76.59923076923077,1,19.0,WARNING,1
2026-02-22,Monday,4,12:15 PM,Financial Management,Prof. Deshmukh,4,MBA,A,Auditorium,120,84,70.0,Theory,0,0,0,49,7,2,22,0,Afternoon,2026-02-22 12:15:00,62.5,67.22333333333334,72.14285714285714,76.42075949367089,2,2.25,WARNING,1
2026-02-23,Monday,1,09:00 AM,Advanced DBMS,Prof. Sharma,2,MBA,A,Room 201,120,76,63.33,Theory,0,0,0,50,8,2,23,0,Morning,2026-02-23 09:00:00,70.0,60.55666666666667,69.64285714285714,76.34049999999999,1,20.75,WARNING,1
2026-02-23,Monday,6,03:00 PM,Financial Management,Prof. Deshmukh,2,MBA,A,Lab 1,120,59,49.17,Practical,1,0,0,50,8,2,23,0,Afternoon,2026-02-23 15:00:00,63.33,65.27666666666666,68.80857142857143,76.17987654320987,2,6.0,CRITICAL,0
2026-02-23,Monday,6,03:00 PM,Machine Learning,Akash Upadhayay,2,MBA,A,Lab 1,120,104,86.67,Practical,0,0,0,50,8,2,23,0,Afternoon,2026-02-23 15:00:00,49.17,60.833333333333336,66.07142857142857,75.85048780487804,3,24.0,SAFE,2
2026-02-24,Tuesday,2,10:00 AM,Web Development,Ishwari Gaikwad,4,MBA,A,Room 201,120,104,86.67,Theory,0,0,0,51,8,2,24,0,Morning,2026-02-24 10:00:00,86.67,66.39,67.26285714285714,75.98084337349397,1,19.0,SAFE,2
2026-02-24,Tuesday,4,12:15 PM,HR Analytics,Prof. Kulkarni,2,MBA,A,Room 201,120,94,78.33,Theory,0,0,0,51,8,2,24,0,Afternoon,2026-02-24 12:15:00,86.67,74.17,66.78714285714287,76.10809523809523,2,2.25,SAFE,2
2026-02-24,Tuesday,6,03:00 PM,Cloud Computing,Prof. Deshmukh,4,MBA,A,Auditorium,120,99,82.5,Theory,0,0,0,51,8,2,24,0,Afternoon,2026-02-24 15:00:00,78.33,83.89,70.95285714285714,76.13423529411764,3,2.75,SAFE,2
2026-02-25,Wednesday,2,10:00 AM,Advanced DBMS,Prof. Patil,4,MBA,A,Lab 2,120,86,71.67,Practical,1,0,0,52,8,2,25,0,Morning,2026-02-25 10:00:00,82.5,82.5,73.81000000000002,76.20825581395349,1,19.0,WARNING,1
2026-02-25,Wednesday,6,03:00 PM,Advanced DBMS,Prof. Sharma,4,MBA,A,Lab 2,120,96,80.0,Practical,0,0,0,52,8,2,25,0,Afternoon,2026-02-25 15:00:00,71.67,77.5,74.04857142857144,76.15609195402298,2,5.0,SAFE,2
2026-02-26,Thursday,5,02:00 PM,Financial Management,Prof. Sharma,2,MBA,A,Room 202,120,100,83.33,Theory,0,0,0,53,8,2,26,0,Afternoon,2026-02-26 14:00:00,80.0,78.05666666666667,76.42999999999999,76.19977272727273,1,23.0,SAFE,2
2026-02-26,Thursday,6,03:00 PM,HR Analytics,Prof. Kulkarni,2,MBA,A,Room 202,120,86,71.67,Theory,0,0,0,53,8,2,26,0,Afternoon,2026-02-26 15:00:00,83.33,78.33333333333333,81.31000000000002,76.27988764044943,2,1.0,WARNING,1
2026-02-26,Thursday,6,03:00 PM,Machine Learning,Ishwari Gaikwad,2,MBA,A,Room 202,120,59,49.17,Theory,1,0,1,53,8,2,26,0,Afternoon,2026-02-26 15:00:00,71.67,78.33333333333333,79.16714285714285,76.22866666666667,3,24.0,CRITICAL,0
2026-02-27,Friday,1,09:00 AM,Cloud Computing,Prof. Deshmukh,4,MBA,A,Room 202,120,97,80.83,Theory,0,0,0,54,8,2,27,0,Morning,2026-02-27 09:00:00,49.17,68.05666666666667,73.80999999999999,75.93131868131869,1,18.0,SAFE,2
2026-02-27,Friday,1,09:00 AM,Python Programming,Prof. Sharma,2,MBA,A,Room 202,120,79,65.83,Theory,1,0,0,54,8,2,27,0,Morning,2026-02-27 09:00:00,80.83,67.22333333333334,74.16714285714285,75.9845652173913,2,24.0,WARNING,1
2026-02-28,Saturday,2,10:00 AM,Advanced DBMS,Prof. Kulkarni,4,MBA,A,Lab 1,120,104,86.67,Practical,0,0,0,55,8,2,28,1,Morning,2026-02-28 10:00:00,65.83,65.27666666666666,71.78571428571429,75.87537634408602,1,25.0,SAFE,2
2026-02-28,Saturday,4,12:15 PM,Advanced DBMS,Prof. Sharma,2,MBA,A,Lab 1,120,99,82.5,Practical,0,0,0,55,8,2,28,1,Afternoon,2026-02-28 12:15:00,86.67,77.77666666666666,73.92857142857143,75.99021276595745,2,2.25,SAFE,2
2026-02-28,Saturday,4,12:15 PM,Advanced DBMS,Prof. Sharma,4,MBA,A,Lab 2,120,93,77.5,Practical,1,0,0,55,8,2,28,1,Afternoon,2026-02-28 12:15:00,82.5,78.33333333333333,74.28571428571429,76.05873684210526,3,24.0,SAFE,2
2026-02-28,Saturday,6,03:00 PM,Cloud Computing,Prof. Deshmukh,2,MBA,A,Room 202,120,89,74.17,Theory,0,0,0,55,8,2,28,1,Afternoon,2026-02-28 15:00:00,77.5,82.22333333333334,73.45285714285714,76.07375,4,2.75,WARNING,1
2026-03-01,Monday,3,11:15 AM,Cloud Computing,Prof. Sharma,2,MBA,A,Room 201,120,80,66.67,Theory,1,1,0,56,8,3,1,0,Morning,2026-03-01 11:15:00,74.17,78.05666666666666,73.80999999999999,78.9210138888889,1,20.25,WARNING,1
2026-03-02,Monday,6,03:00 PM,Machine Learning,Prof. Sharma,4,MBA,A,Room 202,120,88,73.33,Theory,0,0,0,57,9,3,2,0,Afternoon,2026-03-02 15:00:00,66.67,72.78000000000002,76.31000000000002,66.67,1,27.75,WARNING,1
2026-03-02,Monday,6,03:00 PM,Machine Learning,Ishwari Gaikwad,2,MBA,A,Room 202,120,63,52.5,Theory,1,0,0,57,9,3,2,0,Afternoon,2026-03-02 15:00:00,73.33,71.39,75.23857142857142,70.0,2,24.0,WARNING,1
2026-03-03,Tuesday,5,02:00 PM,Python Programming,Prof. Sharma,4,MBA,A,Lab 2,120,108,90.0,Practical,0,0,0,58,9,3,3,0,Afternoon,2026-03-03 14:00:00,52.5,64.16666666666667,73.33428571428571,64.16666666666667,1,23.0,SAFE,2
2026-03-04,Wednesday,3,11:15 AM,Web Development,Prof. Deshmukh,2,MBA,A,Room 201,120,114,95.0,Theory,0,0,0,59,9,3,4,0,Morning,2026-03-04 11:15:00,90.0,71.94333333333333,73.80999999999999,70.625,1,21.25,SAFE,2
2026-03-04,Wednesday,5,02:00 PM,Web Development,Ishwari Gaikwad,2,MBA,A,Auditorium,120,72,60.0,Theory,1,0,0,59,9,3,4,0,Afternoon,2026-03-04 14:00:00,95.0,79.16666666666667,75.59571428571428,75.5,2,2.75,WARNING,1
2026-03-04,Wednesday,6,03:00 PM,Python Programming,Prof. Kulkarni,2,MBA,A,Lab 1,120,108,90.0,Practical,0,1,0,59,9,3,4,0,Afternoon,2026-03-04 15:00:00,60.0,81.66666666666667,73.09571428571428,72.91666666666667,3,1.0,SAFE,2
2026-03-05,Thursday,4,12:15 PM,Python Programming,Prof. Kulkarni,2,MBA,A,Lab 2,120,86,71.67,Practical,1,0,0,60,9,3,5,0,Afternoon,2026-03-05 12:15:00,90.0,81.66666666666667,75.35714285714286,75.35714285714286,1,21.25,WARNING,1
2026-03-06,Friday,3,11:15 AM,Cloud Computing,Prof. Patil,4,MBA,A,Room 201,120,120,100.0,Theory,0,0,0,61,9,3,6,0,Morning,2026-03-06 11:15:00,71.67,73.89,76.07142857142857,74.89625,1,23.0,SAFE,2
2026-03-06,Friday,4,12:15 PM,Python Programming,Prof. Patil,2,MBA,A,Lab 1,120,116,96.67,Practical,0,0,0,61,9,3,6,0,Afternoon,2026-03-06 12:15:00,100.0,87.22333333333334,79.88142857142857,77.68555555555555,2,1.0,SAFE,2
2026-03-06,Friday,6,03:00 PM,HR Analytics,Prof. Patil,4,MBA,A,Room 202,120,89,74.17,Theory,0,0,0,61,9,3,6,0,Afternoon,2026-03-06 15:00:00,96.67,89.44666666666667,86.19142857142856,79.584,3,2.75,WARNING,1
2026-03-07,Saturday,3,11:15 AM,Web Development,Ishwari Gaikwad,4,MBA,A,Room 202,120,93,77.5,Theory,0,1,0,62,9,3,7,1,Morning,2026-03-07 11:15:00,74.17,90.28000000000002,83.92999999999999,79.09181818181818,1,20.25,SAFE,2
2026-03-08,Monday,1,09:00 AM,HR Analytics,Prof. Patil,4,MBA,A,Auditorium,120,61,50.83,Theory,1,0,0,63,9,3,8,0,Morning,2026-03-08 09:00:00,77.5,82.78,81.42999999999999,78.95916666666666,1,21.75,WARNING,1
2026-03-08,Monday,1,09:00 AM,Advanced DBMS,Prof. Deshmukh,4,MBA,A,Lab 1,120,81,67.5,Practical,0,0,0,63,9,3,8,0,Morning,2026-03-08 09:00:00,50.83,67.5,80.11999999999999,76.79538461538462,2,24.0,WARNING,1
2026-03-08,Monday,4,12:15 PM,Cloud Computing,Prof. Kulkarni,2,MBA,A,Room 202,120,86,71.67,Theory,0,0,0,63,9,3,8,0,Afternoon,2026-03-08 12:15:00,67.5,65.27666666666666,76.90571428571427,76.13142857142857,3,3.25,WARNING,1
2026-03-09,Monday,3,11:15 AM,Financial Management,Prof. Deshmukh,4,MBA,A,Room 202,120,92,76.67,Theory,0,0,0,64,10,3,9,0,Morning,2026-03-09 11:15:00,71.67,63.333333333333336,76.9057142857143,75.834,1,23.0,SAFE,2
2026-03-10,Tuesday,1,09:00 AM,HR Analytics,Ishwari Gaikwad,4,MBA,A,Auditorium,120,93,77.5,Theory,0,0,0,65,10,3,10,0,Morning,2026-03-10 09:00:00,76.67,71.94666666666667,73.57285714285715,75.88625,1,21.75,SAFE,2
2026-03-10,Tuesday,1,09:00 AM,HR Analytics,Prof. Patil,4,MBA,A,Room 202,120,100,83.33,Theory,0,0,0,65,10,3,10,0,Morning,2026-03-10 09:00:00,77.5,75.28000000000002,70.83428571428571,75.98117647058824,2,24.0,SAFE,2
2026-03-10,Tuesday,2,10:00 AM,Cloud Computing,Prof. Sharma,4,MBA,A,Lab 2,120,96,80.0,Practical,0,0,0,65,10,3,10,0,Morning,2026-03-10 10:00:00,83.33,79.16666666666667,72.14285714285714,76.38944444444445,3,1.0,SAFE,2
2026-03-10,Tuesday,3,11:15 AM,Cloud Computing,Prof. Deshmukh,4,MBA,A,Lab 2,120,114,95.0,Practical,0,0,0,65,10,3,10,0,Morning,2026-03-10 11:15:00,80.0,80.27666666666666,72.5,76.57947368421053,4,1.25,SAFE,2
2026-03-11,Wednesday,1,09:00 AM,Financial Management,Prof. Deshmukh,4,MBA,A,Room 202,120,103,85.83,Theory,0,0,0,66,10,3,11,0,Morning,2026-03-11 09:00:00,95.0,86.11,78.80999999999999,77.5005,1,21.75,SAFE,2
2026-03-11,Wednesday,3,11:15 AM,HR Analytics,Prof. Patil,4,MBA,A,Lab 1,120,108,90.0,Practical,0,0,0,66,10,3,11,0,Morning,2026-03-11 11:15:00,85.83,86.94333333333333,81.42857142857143,77.89714285714285,2,2.25,SAFE,2
2026-03-11,Wednesday,6,03:00 PM,Advanced DBMS,Prof. Kulkarni,4,MBA,A,Auditorium,120,86,71.67,Theory,0,0,0,66,10,3,11,0,Afternoon,2026-03-11 15:00:00,90.0,90.27666666666666,84.04714285714284,78.44727272727272,3,3.75,WARNING,1
2026-03-12,Thursday,2,10:00 AM,Financial Management,Prof. Patil,4,MBA,A,Lab 1,120,84,70.0,Practical,1,0,0,67,10,3,12,0,Morning,2026-03-12 10:00:00,71.67,82.5,83.33285714285715,78.15260869565218,1,19.0,WARNING,1
2026-03-12,Thursday,5,02:00 PM,Financial Management,Prof. Deshmukh,4,MBA,A,Auditorium,120,108,90.0,Theory,0,0,0,67,10,3,12,0,Afternoon,2026-03-12 14:00:00,70.0,77.22333333333334,82.26142857142858,77.81291666666667,2,4.0,SAFE,2
2026-03-12,Thursday,5,02:00 PM,Advanced DBMS,Prof. Sharma,2,MBA,A,Auditorium,120,101,84.17,Theory,0,0,0,67,10,3,12,0,Afternoon,2026-03-12 14:00:00,90.0,77.22333333333334,83.21428571428571,78.3004,3,24.0,SAFE,2
2026-03-12,Thursday,6,03:00 PM,HR Analytics,Prof. Kulkarni,2,MBA,A,Lab 2,120,102,85.0,Practical,0,0,0,67,10,3,12,0,Afternoon,2026-03-12 15:00:00,84.17,81.39,83.80999999999999,78.52615384615385,4,1.0,SAFE,2
2026-03-12,Thursday,6,03:00 PM,Cloud Computing,Prof. Kulkarni,2,MBA,A,Lab 1,120,95,79.17,Practical,1,0,0,67,10,3,12,0,Afternoon,2026-03-12 15:00:00,85.0,86.39,82.38142857142857,78.76592592592591,5,24.0,SAFE,2
2026-03-13,Friday,2,10:00 AM,Python Programming,Prof. Patil,2,MBA,A,Lab 2,120,101,83.89,Practical,1,0,0,68,10,3,13,0,Morning,2026-03-13 10:00:00,79.17,82.78,81.42999999999999,78.78035714285714,1,19.0,SAFE,2
2026-03-13,Friday,2,10:00 AM,Advanced DBMS,Prof. Sharma,4,MBA,A,Auditorium,120,102,85.0,Theory,0,0,0,68,10,3,13,0,Morning,2026-03-13 10:00:00,83.89,82.68666666666667,80.55714285714285,78.95655172413792,2,24.0,SAFE,2
2026-03-14,Saturday,1,09:00 AM,HR Analytics,Prof. Deshmukh,2,MBA,A,Lab 2,120,59,49.17,Practical,0,0,0,69,10,3,14,1,Morning,2026-03-14 09:00:00,85.0,82.68666666666667,82.46142857142857,79.15799999999999,1,23.0,CRITICAL,0
2026-03-14,Saturday,2,10:00 AM,HR Analytics,Prof. Patil,4,MBA,A,Auditorium,120,90,75.0,Theory,0,0,0,69,10,3,14,1,Morning,2026-03-14 10:00:00,49.17,72.68666666666667,79.48571428571428,78.19064516129032,2,1.0,WARNING,1
2026-03-14,Saturday,6,03:00 PM,HR Analytics,Prof. Kulkarni,2,MBA,A,Auditorium,120,69,57.5,Theory,0,0,1,69,10,3,14,1,Afternoon,2026-03-14 15:00:00,75.0,69.72333333333334,77.34285714285714,78.0909375,3,5.0,WARNING,1
2026-03-15,Monday,2,10:00 AM,Advanced DBMS,Prof. Patil,4,MBA,A,Lab 2,120,114,95.0,Practical,0,0,0,70,10,3,15,0,Morning,2026-03-15 10:00:00,57.5,60.55666666666667,73.53285714285714,77.4669696969697,1,19.0,SAFE,2
2026-03-15,Monday,3,11:15 AM,Python Programming,Prof. Patil,2,MBA,A,Room 201,120,99,82.5,Theory,0,0,0,70,10,3,15,0,Morning,2026-03-15 11:15:00,95.0,75.83333333333333,74.96142857142857,77.98264705882353,2,1.25,SAFE,2
2026-03-15,Monday,3,11:15 AM,Financial Management,Akash Upadhayay,4,MBA,A,Lab 1,120,108,90.0,Practical,0,0,0,70,10,3,15,0,Morning,2026-03-15 11:15:00,82.5,78.33333333333333,75.43714285714286,78.11171428571429,3,24.0,SAFE,2
2026-03-15,Monday,6,03:00 PM,Advanced DBMS,Ishwari Gaikwad,4,MBA,A,Room 202,120,94,78.33,Theory,1,0,0,70,10,3,15,0,Afternoon,2026-03-15 15:00:00,90.0,89.16666666666667,76.31000000000002,78.44194444444445,4,3.75,SAFE,2
2026-03-16,Monday,1,09:00 AM,Advanced DBMS,Prof. Deshmukh,2,MBA,A,Auditorium,120,94,78.33,Theory,0,0,0,71,11,3,16,0,Morning,2026-03-16 09:00:00,78.33,83.61,75.35714285714286,78.43891891891892,1,18.0,SAFE,2
2026-03-16,Monday,4,12:15 PM,Web Development,Akash Upadhayay,4,MBA,A,Room 201,120,65,54.17,Theory,0,0,1,71,11,3,16,0,Afternoon,2026-03-16 12:15:00,78.33,82.21999999999998,79.52285714285713,78.43605263157895,2,3.25,WARNING,1
2026-03-16,Monday,6,03:00 PM,Machine Learning,Prof. Patil,4,MBA,A,Lab 1,120,97,80.83,Practical,0,0,0,71,11,3,16,0,Afternoon,2026-03-16 15:00:00,54.17,70.27666666666666,76.54714285714286,77.81384615384614,3,2.75,SAFE,2
2026-03-17,Tuesday,2,10:00 AM,Financial Management,Akash Upadhayay,2,MBA,A,Room 201,120,95,78.89,Theory,0,1,0,72,11,3,17,0,Morning,2026-03-17 10:00:00,80.83,71.11,79.88,77.88925,1,19.0,SAFE,2
2026-03-17,Tuesday,3,11:15 AM,Machine Learning,Prof. Patil,4,MBA,A,Room 202,120,106,88.33,Theory,0,0,0,72,11,3,17,0,Morning,2026-03-17 11:15:00,78.89,71.29666666666667,77.57857142857142,77.91365853658537,2,1.25,SAFE,2
2026-03-17,Tuesday,4,12:15 PM,HR Analytics,Prof. Sharma,4,MBA,A,Room 202,120,104,86.67,Theory,0,1,0,72,11,3,17,0,Afternoon,2026-03-17 12:15:00,88.33,82.68333333333334,78.41142857142857,78.16166666666666,3,1.0,SAFE,2
2026-03-17,Tuesday,5,02:00 PM,Cloud Computing,Ishwari Gaikwad,2,MBA,A,Auditorium,120,80,66.67,Theory,1,1,0,72,11,3,17,0,Afternoon,2026-03-17 14:00:00,86.67,84.63000000000001,77.93571428571428,78.35953488372093,4,1.75,WARNING,1
2026-03-17,Tuesday,6,03:00 PM,Advanced DBMS,Prof. Sharma,2,MBA,A,Room 202,120,78,65.0,Theory,0,0,1,72,11,3,17,0,Afternoon,2026-03-17 15:00:00,66.67,80.55666666666667,76.27,78.09386363636364,5,1.0,WARNING,1
2026-03-18,Wednesday,2,10:00 AM,Machine Learning,Prof. Patil,4,MBA,A,Lab 1,120,85,70.83,Practical,0,1,1,73,11,3,18,0,Morning,2026-03-18 10:00:00,65.0,72.78000000000002,74.36571428571428,77.80288888888889,1,19.0,WARNING,1
2026-03-18,Wednesday,3,11:15 AM,HR Analytics,Akash Upadhayay,2,MBA,A,Auditorium,120,104,86.67,Theory,0,0,0,73,11,3,18,0,Morning,2026-03-18 11:15:00,70.83,67.5,76.74571428571429,77.65130434782608,2,1.25,SAFE,2
2026-03-18,Wednesday,4,12:15 PM,Advanced DBMS,Prof. Sharma,2,MBA,A,Room 201,120,91,75.83,Theory,0,0,1,73,11,3,18,0,Afternoon,2026-03-18 12:15:00,86.67,74.16666666666667,77.58,77.8431914893617,3,1.0,SAFE,2
2026-03-18,Wednesday,5,02:00 PM,Python Programming,Prof. Patil,4,MBA,A,Room 202,120,102,85.0,Theory,0,0,0,73,11,3,18,0,Afternoon,2026-03-18 14:00:00,75.83,77.77666666666666,77.14285714285714,77.80125,4,1.75,SAFE,2
2026-03-18,Wednesday,6,03:00 PM,Financial Management,Akash Upadhayay,4,MBA,A,Room 201,120,72,60.0,Theory,1,1,0,73,11,3,18,0,Afternoon,2026-03-18 15:00:00,85.0,82.5,76.66714285714286,77.94816326530612,5,1.0,WARNING,1
2026-03-18,Wednesday,6,03:00 PM,HR Analytics,Ishwari Gaikwad,2,MBA,A,Lab 1,120,59,49.17,Practical,0,0,0,73,11,3,18,0,Afternoon,2026-03-18 15:00:00,60.0,73.61,72.85714285714286,77.5892,6,24.0,CRITICAL,0
2026-03-19,Thursday,1,09:00 AM,Machine Learning,Prof. Patil,2,MBA,A,Lab 1,120,110,91.67,Practical,0,0,0,74,11,3,19,0,Morning,2026-03-19 09:00:00,49.17,64.72333333333334,70.35714285714286,77.03196078431372,1,18.0,SAFE,2
2026-03-19,Thursday,2,10:00 AM,Machine Learning,Prof. Patil,4,MBA,A,Lab 2,120,105,87.5,Practical,0,0,0,74,11,3,19,0,Morning,2026-03-19 10:00:00,91.67,66.94666666666667,74.16714285714285,77.31346153846154,2,1.0,SAFE,2
2026-03-20,Friday,2,10:00 AM,Python Programming,Prof. Sharma,4,MBA,A,Room 202,120,74,61.67,Theory,1,0,1,75,11,3,20,0,Morning,2026-03-20 10:00:00,87.5,76.11333333333333,76.54857142857144,77.5056603773585,1,24.0,WARNING,1
2026-03-20,Friday,2,10:00 AM,Financial Management,Prof. Sharma,2,MBA,A,Auditorium,120,88,73.33,Theory,1,0,0,75,11,3,20,0,Morning,2026-03-20 10:00:00,61.67,80.28000000000002,72.97714285714285,77.21240740740741,2,24.0,WARNING,1
2026-03-20,Friday,4,12:15 PM,Cloud Computing,Prof. Patil,4,MBA,A,Lab 2,120,107,89.17,Practical,0,0,0,75,11,3,20,0,Afternoon,2026-03-20 12:15:00,73.33,74.16666666666667,72.62,77.14181818181818,3,2.25,SAFE,2
2026-03-21,Saturday,3,11:15 AM,Cloud Computing,Ishwari Gaikwad,2,MBA,A,Auditorium,120,96,80.0,Theory,1,0,0,76,11,3,21,1,Morning,2026-03-21 11:15:00,89.17,74.72333333333334,73.21571428571428,77.35660714285714,1,23.0,SAFE,2
2026-03-21,Saturday,4,12:15 PM,Advanced DBMS,Prof. Deshmukh,4,MBA,A,Lab 2,120,101,84.17,Practical,0,0,0,76,11,3,21,1,Afternoon,2026-03-21 12:15:00,80.0,80.83333333333333,76.07285714285715,77.40298245614035,2,1.0,SAFE,2
2026-03-21,Saturday,5,02:00 PM,Machine Learning,Prof. Sharma,4,MBA,A,Auditorium,120,104,86.67,Theory,0,0,0,76,11,3,21,1,Afternoon,2026-03-21 14:00:00,84.17,84.44666666666667,81.07285714285715,77.51965517241379,3,1.75,SAFE,2
2026-03-22,Monday,4,12:15 PM,Cloud Computing,Prof. Patil,2,MBA,A,Room 201,120,80,66.67,Theory,0,0,1,77,11,3,22,0,Afternoon,2026-03-22 12:15:00,86.67,83.61333333333334,80.35857142857142,77.67474576271186,1,22.25,WARNING,1
2026-03-22,Monday,4,12:15 PM,HR Analytics,Prof. Deshmukh,4,MBA,A,Lab 1,120,101,84.17,Practical,0,0,0,77,11,3,22,0,Afternoon,2026-03-22 12:15:00,66.67,79.17,77.38285714285715,77.49133333333333,2,24.0,SAFE,2
2026-03-22,Monday,6,03:00 PM,HR Analytics,Prof. Kulkarni,2,MBA,A,Room 201,120,65,54.17,Theory,0,0,1,77,11,3,22,0,Afternoon,2026-03-22 15:00:00,84.17,79.17,80.59714285714287,77.60081967213114,3,2.75,WARNING,1
2026-03-22,Monday,6,03:00 PM,Machine Learning,Prof. Kulkarni,2,MBA,A,Lab 1,120,73,60.83,Practical,0,0,1,77,11,3,22,0,Afternoon,2026-03-22 15:00:00,54.17,68.33666666666666,77.86,77.22290322580645,4,24.0,WARNING,1
2026-03-23,Monday,4,12:15 PM,Web Development,Prof. Kulkarni,4,MBA,A,Lab 1,120,113,94.17,Practical,0,0,0,78,12,3,23,0,Afternoon,2026-03-23 12:15:00,60.83,66.39,73.81142857142858,76.9626984126984,1,21.25,SAFE,2
2026-03-23,Monday,4,12:15 PM,HR Analytics,Prof. Kulkarni,2,MBA,A,Room 201,120,84,70.0,Theory,0,0,0,78,12,3,23,0,Afternoon,2026-03-23 12:15:00,94.17,69.72333333333334,75.83571428571429,77.2315625,2,24.0,WARNING,1
2026-03-23,Monday,5,02:00 PM,Advanced DBMS,Ishwari Gaikwad,4,MBA,A,Lab 1,120,100,83.33,Practical,0,0,0,78,12,3,23,0,Afternoon,2026-03-23 14:00:00,70.0,75.0,73.81142857142858,77.12030769230769,3,1.75,SAFE,2
2026-03-23,Monday,6,03:00 PM,Web Development,Prof. Deshmukh,4,MBA,A,Auditorium,120,120,100.0,Theory,1,0,0,78,12,3,23,0,Afternoon,2026-03-23 15:00:00,83.33,82.5,73.33428571428571,77.21439393939393,4,1.0,SAFE,2
2026-03-24,Tuesday,3,11:15 AM,Financial Management,Akash Upadhayay,2,MBA,A,Lab 1,120,117,97.5,Practical,0,0,0,79,12,3,24,0,Morning,2026-03-24 11:15:00,100.0,84.44333333333333,78.0957142857143,77.5544776119403,1,20.25,SAFE,2
2026-03-24,Tuesday,3,11:15 AM,Financial Management,Prof. Patil,2,MBA,A,Room 201,120,69,57.5,Theory,1,0,0,79,12,3,24,0,Morning,2026-03-24 11:15:00,97.5,93.61,80.0,77.84779411764706,2,24.0,WARNING,1
2026-03-24,Tuesday,6,03:00 PM,Cloud Computing,Prof. Kulkarni,4,MBA,A,Lab 2,120,75,62.5,Practical,0,0,0,79,12,3,24,0,Afternoon,2026-03-24 15:00:00,57.5,85.0,80.47571428571429,77.55289855072463,3,3.75,WARNING,1
2026-03-25,Wednesday,1,09:00 AM,Cloud Computing,Prof. Deshmukh,2,MBA,A,Lab 1,120,89,74.17,Practical,0,0,0,80,12,3,25,0,Morning,2026-03-25 09:00:00,62.5,72.5,80.71428571428571,77.33785714285713,1,18.0,WARNING,1
2026-03-25,Wednesday,2,10:00 AM,Advanced DBMS,Prof. Patil,4,MBA,A,Lab 1,120,83,69.17,Practical,1,0,1,80,12,3,25,0,Morning,2026-03-25 10:00:00,74.17,64.72333333333334,77.85714285714286,77.29323943661971,2,1.0,WARNING,1
2026-03-25,Wednesday,5,02:00 PM,Cloud Computing,Prof. Sharma,2,MBA,A,Room 202,120,103,85.83,Theory,0,0,0,80,12,3,25,0,Afternoon,2026-03-25 14:00:00,69.17,68.61333333333333,77.73857142857142,77.18041666666666,3,4.0,SAFE,2
2026-03-25,Wednesday,6,03:00 PM,Machine Learning,Prof. Kulkarni,4,MBA,A,Room 202,120,82,68.33,Theory,0,0,0,80,12,3,25,0,Afternoon,2026-03-25 15:00:00,85.83,76.39,78.0957142857143,77.29890410958903,4,1.0,WARNING,1
2026-03-25,Wednesday,6,03:00 PM,Python Programming,Prof. Sharma,4,MBA,A,Room 202,120,73,60.83,Theory,0,0,1,80,12,3,25,0,Afternoon,2026-03-25 15:00:00,68.33,74.44333333333333,73.57142857142857,77.1777027027027,5,24.0,WARNING,1
2026-03-26,Thursday,1,09:00 AM,Machine Learning,Akash Upadhayay,2,MBA,A,Room 202,120,81,67.5,Theory,0,0,0,81,12,3,26,0,Morning,2026-03-26 09:00:00,60.83,71.66333333333334,68.33285714285715,76.95973333333333,1,18.0,WARNING,1
2026-03-26,Thursday,3,11:15 AM,Advanced DBMS,Prof. Patil,4,MBA,A,Room 202,120,96,80.0,Theory,0,0,0,81,12,3,26,0,Morning,2026-03-26 11:15:00,67.5,65.55333333333334,69.76142857142858,76.83526315789473,2,2.25,SAFE,2
2026-03-26,Thursday,5,02:00 PM,Machine Learning,Prof. Deshmukh,4,MBA,A,Room 202,120,109,90.83,Theory,0,0,0,81,12,3,26,0,Afternoon,2026-03-26 14:00:00,80.0,69.44333333333333,72.26142857142858,76.87636363636364,3,2.75,SAFE,2
2026-03-27,Friday,4,12:15 PM,Machine Learning,Prof. Deshmukh,2,MBA,A,Auditorium,120,99,82.5,Theory,0,0,0,82,12,3,27,0,Afternoon,2026-03-27 12:15:00,90.83,79.44333333333334,74.64142857142858,77.05525641025642,1,22.25,SAFE,2
2026-03-28,Saturday,2,10:00 AM,Web Development,Prof. Patil,4,MBA,A,Room 201,120,97,80.83,Theory,0,0,0,83,12,3,28,1,Morning,2026-03-28 10:00:00,82.5,84.44333333333333,76.54571428571428,77.12417721518987,1,21.75,SAFE,2
2026-03-29,Monday,1,09:00 AM,Web Development,Akash Upadhayay,2,MBA,A,Lab 2,120,82,68.33,Practical,0,1,0,84,12,3,29,0,Morning,2026-03-29 09:00:00,80.83,84.71999999999998,75.83142857142856,77.1705,1,23.0,WARNING,1
2026-03-29,Monday,4,12:15 PM,Python Programming,Prof. Deshmukh,2,MBA,A,Lab 1,120,59,49.17,Practical,1,0,1,84,12,3,29,0,Afternoon,2026-03-29 12:15:00,68.33,77.22,75.83142857142857,77.06135802469136,2,3.25,CRITICAL,0
2026-03-29,Monday,6,03:00 PM,Python Programming,Akash Upadhayay,4,MBA,A,Lab 1,120,101,83.89,Practical,0,0,0,84,12,3,29,0,Afternoon,2026-03-29 15:00:00,49.17,66.11,74.16571428571429,76.72121951219512,3,2.75,SAFE,2
2026-03-30,Monday,1,09:00 AM,Cloud Computing,Ishwari Gaikwad,2,MBA,A,Lab 1,120,81,67.5,Practical,0,0,0,85,13,3,30,0,Morning,2026-03-30 09:00:00,83.89,67.13,76.50714285714285,76.80759036144578,1,18.0,WARNING,1
2026-03-30,Monday,2,10:00 AM,Machine Learning,Prof. Patil,2,MBA,A,Room 201,120,85,70.83,Theory,0,0,0,85,13,3,30,0,Morning,2026-03-30 10:00:00,67.5,66.85333333333334,74.72142857142856,76.69678571428571,2,1.0,WARNING,1
2026-03-30,Monday,2,10:00 AM,Python Programming,Ishwari Gaikwad,4,MBA,A,Room 202,120,97,80.83,Theory,0,0,0,85,13,3,30,0,Morning,2026-03-30 10:00:00,70.83,74.07333333333334,71.86428571428571,76.62776470588236,3,24.0,SAFE,2
2026-03-30,Monday,3,11:15 AM,Python Programming,Ishwari Gaikwad,2,MBA,A,Room 202,120,93,77.5,Theory,0,0,0,85,13,3,30,0,Morning,2026-03-30 11:15:00,80.83,73.05333333333333,71.62571428571428,76.67662790697673,4,1.25,SAFE,2
2026-03-30,Monday,5,02:00 PM,Financial Management,Prof. Patil,2,MBA,A,Lab 1,120,73,60.83,Practical,1,0,0,85,13,3,30,0,Afternoon,2026-03-30 14:00:00,77.5,76.38666666666666,71.15,76.68609195402298,5,2.75,WARNING,1
2026-03-30,Monday,6,03:00 PM,Web Development,Prof. Deshmukh,4,MBA,A,Lab 2,120,91,75.83,Practical,0,0,0,85,13,3,30,0,Afternoon,2026-03-30 15:00:00,60.83,73.05333333333333,70.07857142857144,76.5059090909091,6,1.0,SAFE,2
2026-03-31,Tuesday,1,09:00 AM,Python Programming,Akash Upadhayay,4,MBA,A,Lab 2,120,59,49.17,Practical,0,0,0,86,13,3,31,0,Morning,2026-03-31 09:00:00,75.83,71.38666666666666,73.88714285714286,76.49831460674157,1,18.0,CRITICAL,0
2026-03-31,Tuesday,2,10:00 AM,Python Programming,Prof. Patil,4,MBA,A,Room 202,120,101,84.17,Theory,0,0,0,86,13,3,31,0,Morning,2026-03-31 10:00:00,49.17,61.94333333333333,68.92714285714285,76.19466666666668,2,1.0,SAFE,2
2026-03-31,Tuesday,2,10:00 AM,Cloud Computing,Prof. Patil,4,MBA,A,Auditorium,120,95,79.17,Theory,0,0,0,86,13,3,31,0,Morning,2026-03-31 10:00:00,84.17,69.72333333333334,71.30857142857143,76.28230769230768,3,24.0,SAFE,2
2026-03-31,Tuesday,3,11:15 AM,Advanced DBMS,Akash Upadhayay,4,MBA,A,Room 202,120,103,85.83,Theory,0,0,0,86,13,3,31,0,Morning,2026-03-31 11:15:00,79.17,70.83666666666667,72.5,76.3136956521739,4,1.25,SAFE,2
2026-03-31,Tuesday,3,11:15 AM,Python Programming,Ishwari Gaikwad,4,MBA,A,Lab 2,120,101,83.89,Practical,1,0,0,86,13,3,31,0,Morning,2026-03-31 11:15:00,85.83,83.05666666666667,73.21428571428571,76.41602150537634,5,24.0,SAFE,2
2026-03-31,Tuesday,5,02:00 PM,Web Development,Akash Upadhayay,4,MBA,A,Lab 2,120,106,88.33,Practical,0,0,0,86,13,3,31,0,Afternoon,2026-03-31 14:00:00,83.89,82.96333333333332,74.12714285714286,76.49553191489362,6,2.75,SAFE,2
2026-04-01,Wednesday,1,09:00 AM,Cloud Computing,Prof. Deshmukh,2,MBA,A,Lab 1,120,81,67.5,Practical,0,0,0,87,13,4,1,0,Morning,2026-04-01 09:00:00,88.33,86.01666666666667,78.05571428571429,78.9210138888889,1,19.0,WARNING,1
2026-04-01,Wednesday,3,11:15 AM,Advanced DBMS,Prof. Kulkarni,2,MBA,A,Lab 1,120,96,80.0,Practical,0,0,1,87,13,4,1,0,Morning,2026-04-01 11:15:00,67.5,79.90666666666668,76.86571428571429,67.5,2,2.25,SAFE,2
2026-04-01,Wednesday,6,03:00 PM,Financial Management,Prof. Deshmukh,2,MBA,A,Lab 2,120,99,82.08500000000001,Practical,0,0,0,87,13,4,1,0,Afternoon,2026-04-01 15:00:00,80.0,78.61,81.27,73.75,3,3.75,SAFE,2
2026-04-02,Thursday,1,09:00 AM,Cloud Computing,Ishwari Gaikwad,4,MBA,A,Auditorium,120,100,83.33,Theory,0,0,0,88,13,4,2,0,Morning,2026-04-02 09:00:00,82.08500000000001,76.52833333333335,80.97214285714286,76.52833333333334,1,18.0,SAFE,2
2026-04-02,Thursday,2,10:00 AM,Web Development,Prof. Patil,4,MBA,A,Lab 2,120,104,86.67,Practical,0,0,0,88,13,4,2,0,Morning,2026-04-02 10:00:00,83.33,81.805,81.56642857142857,78.22875,2,1.0,SAFE,2
2026-04-02,Thursday,4,12:15 PM,HR Analytics,Prof. Kulkarni,2,MBA,A,Room 201,120,110,91.67,Theory,0,0,0,88,13,4,2,0,Afternoon,2026-04-02 12:15:00,86.67,84.02833333333335,81.68642857142856,79.917,3,2.25,SAFE,2
2026-04-03,Friday,1,09:00 AM,Financial Management,Ishwari Gaikwad,4,MBA,A,Lab 2,120,74,61.67,Practical,1,1,0,89,13,4,3,0,Morning,2026-04-03 09:00:00,91.67,87.22333333333331,82.79785714285715,81.87583333333333,1,20.75,WARNING,1
2026-04-03,Friday,2,10:00 AM,Machine Learning,Prof. Kulkarni,2,MBA,A,Lab 1,120,117,97.5,Practical,0,0,0,89,13,4,3,0,Morning,2026-04-03 10:00:00,61.67,80.00333333333333,78.98928571428573,78.98928571428571,2,1.0,SAFE,2
2026-04-03,Friday,2,10:00 AM,Python Programming,Prof. Kulkarni,4,MBA,A,Lab 2,120,77,64.17,Practical,1,0,0,89,13,4,3,0,Morning,2026-04-03 10:00:00,97.5,83.61333333333333,83.275,81.303125,3,24.0,WARNING,1
2026-04-03,Friday,5,02:00 PM,Python Programming,Prof. Deshmukh,4,MBA,A,Auditorium,120,90,75.0,Theory,0,1,0,89,13,4,3,0,Afternoon,2026-04-03 14:00:00,64.17,74.44666666666667,81.01357142857144,79.39944444444444,4,4.0,WARNING,1
2026-04-03,Friday,6,03:00 PM,Cloud Computing,Akash Upadhayay,2,MBA,A,Lab 2,120,72,60.0,Practical,1,0,0,89,13,4,3,0,Afternoon,2026-04-03 15:00:00,75.0,78.89,80.00142857142858,78.9595,5,1.0,WARNING,1
2026-04-04,Saturday,2,10:00 AM,Advanced DBMS,Akash Upadhayay,2,MBA,A,Lab 2,120,103,85.83,Practical,0,0,0,90,13,4,4,1,Morning,2026-04-04 10:00:00,60.0,66.39,76.66857142857144,77.23590909090909,1,19.0,SAFE,2
2026-04-04,Saturday,2,10:00 AM,Financial Management,Ishwari Gaikwad,2,MBA,A,Auditorium,120,109,90.83,Theory,0,0,0,90,13,4,4,1,Morning,2026-04-04 10:00:00,85.83,73.61,76.54857142857144,77.95208333333333,2,24.0,SAFE,2
2026-04-04,Saturday,4,12:15 PM,Cloud Computing,Prof. Deshmukh,4,MBA,A,Lab 2,120,95,79.17,Practical,0,0,0,90,13,4,4,1,Afternoon,2026-04-04 12:15:00,90.83,78.88666666666667,76.42857142857143,78.94269230769231,3,2.25,SAFE,2
2026-04-04,Saturday,5,02:00 PM,Machine Learning,Ishwari Gaikwad,2,MBA,A,Auditorium,120,66,55.0,Theory,0,0,1,90,13,4,4,1,Afternoon,2026-04-04 14:00:00,79.17,85.27666666666666,78.92857142857143,78.95892857142857,4,1.75,WARNING,1
2026-04-05,Monday,2,10:00 AM,Cloud Computing,Prof. Sharma,2,MBA,A,Lab 1,120,112,93.33,Practical,0,0,0,91,13,4,5,0,Morning,2026-04-05 10:00:00,55.0,75.0,72.85714285714286,77.36166666666666,1,20.0,SAFE,2
2026-04-05,Monday,3,11:15 AM,Python Programming,Prof. Kulkarni,4,MBA,A,Room 202,120,120,100.0,Theory,0,1,0,91,13,4,5,0,Morning,2026-04-05 11:15:00,93.33,75.83333333333333,77.02285714285713,78.3596875,2,1.25,SAFE,2
2026-04-05,Monday,4,12:15 PM,Cloud Computing,Prof. Sharma,2,MBA,A,Room 201,120,97,80.83,Theory,0,0,0,91,13,4,5,0,Afternoon,2026-04-05 12:15:00,100.0,82.77666666666666,80.5942857142857,79.63264705882354,3,1.0,SAFE,2
2026-04-05,Monday,4,12:15 PM,Web Development,Prof. Sharma,2,MBA,A,Room 201,120,70,58.33,Theory,1,0,0,91,13,4,5,0,Afternoon,2026-04-05 12:15:00,80.83,91.38666666666666,83.57000000000001,79.69916666666667,4,24.0,WARNING,1
2026-04-06,Monday,1,09:00 AM,Cloud Computing,Akash Upadhayay,2,MBA,A,Lab 1,120,67,55.83,Practical,1,0,0,92,14,4,6,0,Morning,2026-04-06 09:00:00,58.33,79.72,79.64142857142858,78.57447368421053,1,20.75,WARNING,1
2026-04-06,Monday,4,12:15 PM,Web Development,Prof. Deshmukh,2,MBA,A,Auditorium,120,75,62.5,Theory,0,1,0,92,14,4,6,0,Afternoon,2026-04-06 12:15:00,55.83,64.99666666666667,74.64142857142858,77.43724999999999,2,3.25,WARNING,1
2026-04-07,Tuesday,1,09:00 AM,HR Analytics,Prof. Kulkarni,4,MBA,A,Lab 1,120,86,71.67,Practical,0,0,1,93,14,4,7,0,Morning,2026-04-07 09:00:00,62.5,58.88666666666666,72.26,76.72595238095238,1,20.75,WARNING,1
2026-04-08,Wednesday,2,10:00 AM,Cloud Computing,Prof. Kulkarni,2,MBA,A,Lab 1,120,102,85.0,Practical,0,0,0,94,14,4,8,0,Morning,2026-04-08 10:00:00,71.67,63.333333333333336,74.64142857142858,76.49613636363637,1,25.0,SAFE,2
2026-04-08,Wednesday,5,02:00 PM,Financial Management,Prof. Sharma,2,MBA,A,Lab 2,120,117,97.5,Practical,0,0,0,94,14,4,8,0,Afternoon,2026-04-08 14:00:00,85.0,73.05666666666667,73.45142857142856,76.8658695652174,2,4.0,SAFE,2
2026-04-09,Thursday,1,09:00 AM,Machine Learning,Prof. Deshmukh,2,MBA,A,Lab 1,120,101,84.17,Practical,0,0,0,95,14,4,9,0,Morning,2026-04-09 09:00:00,97.5,84.72333333333334,73.0942857142857,77.725625,1,19.0,SAFE,2
2026-04-09,Thursday,2,10:00 AM,HR Analytics,Prof. Patil,4,MBA,A,Room 201,120,107,89.17,Theory,0,1,0,95,14,4,9,0,Morning,2026-04-09 10:00:00,84.17,88.89,73.57142857142857,77.9834,2,1.0,SAFE,2
2026-04-09,Thursday,5,02:00 PM,Machine Learning,Ishwari Gaikwad,2,MBA,A,Auditorium,120,100,83.33,Theory,0,1,0,95,14,4,9,0,Afternoon,2026-04-09 14:00:00,89.17,90.28000000000002,77.97714285714287,78.41365384615385,3,4.0,SAFE,2
2026-04-09,Thursday,6,03:00 PM,Financial Management,Prof. Kulkarni,2,MBA,A,Room 201,120,99,82.5,Theory,0,0,0,95,14,4,9,0,Afternoon,2026-04-09 15:00:00,83.33,85.55666666666667,81.9057142857143,78.59574074074074,4,1.0,SAFE,2
2026-04-10,Friday,2,10:00 AM,Machine Learning,Prof. Patil,2,MBA,A,Lab 1,120,82,68.33,Practical,1,1,1,96,14,4,10,0,Morning,2026-04-10 10:00:00,82.5,85.0,84.76285714285714,78.73517857142858,1,19.0,WARNING,1
2026-04-10,Friday,5,02:00 PM,Web Development,Ishwari Gaikwad,2,MBA,A,Lab 2,120,104,86.67,Practical,0,0,0,96,14,4,10,0,Afternoon,2026-04-10 14:00:00,68.33,78.05333333333333,84.28571428571429,78.37637931034483,2,4.0,SAFE,2
2026-04-11,Saturday,1,09:00 AM,Advanced DBMS,Akash Upadhayay,2,MBA,A,Lab 1,120,85,70.83,Practical,0,0,0,97,14,4,11,1,Morning,2026-04-11 09:00:00,86.67,79.16666666666667,84.52428571428571,78.65283333333333,1,19.0,WARNING,1
2026-04-11,Saturday,2,10:00 AM,HR Analytics,Akash Upadhayay,2,MBA,A,Lab 1,120,113,94.17,Practical,0,0,0,97,14,4,11,1,Morning,2026-04-11 10:00:00,70.83,75.27666666666666,80.71428571428571,78.40048387096775,2,1.0,SAFE,2
2026-04-11,Saturday,3,11:15 AM,Advanced DBMS,Prof. Patil,2,MBA,A,Lab 2,120,89,74.17,Practical,1,0,0,97,14,4,11,1,Morning,2026-04-11 11:15:00,94.17,83.89,82.14285714285714,78.89328125,3,1.25,WARNING,1
2026-04-11,Saturday,4,12:15 PM,Python Programming,Prof. Sharma,2,MBA,A,Auditorium,120,80,66.67,Theory,0,1,0,97,14,4,11,1,Afternoon,2026-04-11 12:15:00,74.17,79.72333333333333,80.0,78.75015151515152,4,1.0,WARNING,1
2026-04-11,Saturday,6,03:00 PM,Financial Management,Prof. Kulkarni,4,MBA,A,Lab 2,120,89,74.17,Practical,0,0,0,97,14,4,11,1,Afternoon,2026-04-11 15:00:00,66.67,78.33666666666666,77.62,78.39485294117648,5,2.75,WARNING,1
2026-04-11,Saturday,6,03:00 PM,Financial Management,Prof. Deshmukh,4,MBA,A,Room 202,120,67,55.83,Theory,0,0,0,97,14,4,11,1,Afternoon,2026-04-11 15:00:00,74.17,71.67,76.42999999999999,78.27414285714285,6,24.0,WARNING,1
2026-04-12,Monday,1,09:00 AM,Web Development,Prof. Deshmukh,4,MBA,A,Room 201,120,72,60.0,Theory,1,0,0,98,14,4,12,0,Morning,2026-04-12 09:00:00,55.83,65.55666666666667,74.64428571428572,77.65069444444445,1,18.0,WARNING,1
2026-04-12,Monday,1,09:00 AM,Financial Management,Prof. Deshmukh,2,MBA,A,Lab 1,120,90,75.0,Practical,0,0,0,98,14,4,12,0,Morning,2026-04-12 09:00:00,60.0,63.333333333333336,70.83428571428571,77.17364864864865,2,24.0,WARNING,1
2026-04-13,Monday,3,11:15 AM,Python Programming,Prof. Patil,2,MBA,A,Room 202,120,101,84.17,Theory,0,0,0,99,15,4,13,0,Morning,2026-04-13 11:15:00,75.0,63.60999999999999,71.42999999999999,77.11644736842106,1,26.25,SAFE,2
2026-04-13,Monday,5,02:00 PM,Python Programming,Prof. Sharma,2,MBA,A,Lab 1,120,114,95.0,Practical,0,0,0,99,15,4,13,0,Afternoon,2026-04-13 14:00:00,84.17,73.05666666666667,70.00142857142858,77.29730769230768,2,2.75,SAFE,2
2026-04-13,Monday,6,03:00 PM,Python Programming,Prof. Patil,2,MBA,A,Lab 1,120,97,80.83,Practical,0,1,0,99,15,4,13,0,Afternoon,2026-04-13 15:00:00,95.0,84.72333333333334,72.97714285714287,77.739875,3,1.0,SAFE,2
2026-04-14,Tuesday,3,11:15 AM,HR Analytics,Prof. Sharma,2,MBA,A,Lab 1,120,93,77.5,Practical,0,0,1,100,15,4,14,0,Morning,2026-04-14 11:15:00,80.83,86.66666666666667,75.0,77.81524390243902,1,20.25,SAFE,2
2026-04-14,Tuesday,4,12:15 PM,Cloud Computing,Prof. Sharma,4,MBA,A,Lab 1,120,101,84.17,Practical,0,0,0,100,15,4,14,0,Afternoon,2026-04-14 12:15:00,77.5,84.44333333333333,75.47571428571429,77.8077380952381,2,1.0,SAFE,2
2026-04-14,Tuesday,5,02:00 PM,HR Analytics,Prof. Patil,2,MBA,A,Room 201,120,117,97.5,Theory,0,1,0,100,15,4,14,0,Afternoon,2026-04-14 14:00:00,84.17,80.83333333333333,79.52428571428572,77.9556976744186,3,1.75,SAFE,2
2026-04-14,Tuesday,6,03:00 PM,Python Programming,Akash Upadhayay,4,MBA,A,Room 201,120,112,93.33,Theory,0,0,0,100,15,4,14,0,Afternoon,2026-04-14 15:00:00,97.5,86.39,84.88142857142859,78.39988636363636,4,1.0,SAFE,2
2026-04-15,Wednesday,1,09:00 AM,Machine Learning,Prof. Sharma,4,MBA,A,Room 201,120,93,77.5,Theory,0,0,0,101,15,4,15,0,Morning,2026-04-15 09:00:00,93.33,91.66666666666667,87.5,78.73166666666667,1,18.0,SAFE,2
2026-04-15,Wednesday,3,11:15 AM,Financial Management,Akash Upadhayay,2,MBA,A,Lab 2,120,115,95.83,Practical,0,1,0,101,15,4,15,0,Morning,2026-04-15 11:15:00,77.5,89.44333333333333,86.54714285714284,78.70489130434783,2,2.25,SAFE,2
2026-04-15,Wednesday,3,11:15 AM,Machine Learning,Prof. Sharma,2,MBA,A,Room 202,120,107,89.17,Theory,0,1,0,101,15,4,15,0,Morning,2026-04-15 11:15:00,95.83,88.88666666666666,86.66571428571429,79.06925531914894,3,24.0,SAFE,2
2026-04-15,Wednesday,4,12:15 PM,Web Development,Prof. Kulkarni,2,MBA,A,Lab 1,120,86,71.67,Practical,1,0,0,101,15,4,15,0,Afternoon,2026-04-15 12:15:00,89.17,87.5,87.85714285714286,79.27968750000001,4,1.0,WARNING,1
2026-04-15,Wednesday,6,03:00 PM,HR Analytics,Prof. Deshmukh,4,MBA,A,Auditorium,120,76,63.33,Theory,0,0,0,101,15,4,15,0,Afternoon,2026-04-15 15:00:00,71.67,85.55666666666667,87.02428571428571,79.12438775510203,5,2.75,WARNING,1
2026-04-16,Thursday,3,11:15 AM,Web Development,Akash Upadhayay,2,MBA,A,Lab 1,120,109,90.83,Practical,0,0,0,102,15,4,16,0,Morning,2026-04-16 11:15:00,63.33,74.72333333333334,84.04714285714286,78.80850000000001,1,20.25,SAFE,2
2026-04-16,Thursday,3,11:15 AM,Cloud Computing,Ishwari Gaikwad,2,MBA,A,Auditorium,120,110,91.67,Theory,0,0,0,102,15,4,16,0,Morning,2026-04-16 11:15:00,90.83,75.27666666666666,83.0942857142857,79.04421568627451,2,24.0,SAFE,2
2026-04-16,Thursday,5,02:00 PM,Web Development,Prof. Kulkarni,4,MBA,A,Lab 2,120,115,95.83,Practical,0,0,0,102,15,4,16,0,Afternoon,2026-04-16 14:00:00,91.67,81.94333333333333,82.85714285714286,79.28701923076923,3,2.75,SAFE,2
2026-04-16,Thursday,6,03:00 PM,Financial Management,Prof. Sharma,4,MBA,A,Room 202,120,82,68.33,Theory,0,0,1,102,15,4,16,0,Afternoon,2026-04-16 15:00:00,95.83,92.77666666666669,85.47571428571429,79.59915094339622,4,1.0,WARNING,1
2026-04-16,Thursday,6,03:00 PM,Advanced DBMS,Prof. Patil,4,MBA,A,Lab 2,120,101,84.17,Practical,0,0,0,102,15,4,16,0,Afternoon,2026-04-16 15:00:00,68.33,85.27666666666666,81.54714285714284,79.39046296296296,5,24.0,SAFE,2
2026-04-17,Friday,1,09:00 AM,Web Development,Prof. Sharma,4,MBA,A,Auditorium,120,81,67.5,Theory,0,0,0,103,15,4,17,0,Morning,2026-04-17 09:00:00,84.17,82.77666666666666,80.83285714285715,79.47736363636363,1,18.0,WARNING,1
2026-04-17,Friday,2,10:00 AM,Web Development,Prof. Kulkarni,2,MBA,A,Lab 1,120,100,83.33,Practical,0,0,0,103,15,4,17,0,Morning,2026-04-17 10:00:00,67.5,73.33333333333333,80.23714285714286,79.26348214285714,2,1.0,SAFE,2
2026-04-17,Friday,3,11:15 AM,Python Programming,Ishwari Gaikwad,4,MBA,A,Lab 2,120,117,97.5,Practical,0,0,0,103,15,4,17,0,Morning,2026-04-17 11:15:00,83.33,78.33333333333333,83.0942857142857,79.33482456140351,3,1.25,SAFE,2
2026-04-17,Friday,5,02:00 PM,Advanced DBMS,Ishwari Gaikwad,2,MBA,A,Room 202,120,79,65.83,Theory,1,0,0,103,15,4,17,0,Afternoon,2026-04-17 14:00:00,97.5,82.77666666666666,84.04714285714284,79.6480172413793,4,2.75,WARNING,1
2026-04-17,Friday,6,03:00 PM,Web Development,Prof. Kulkarni,4,MBA,A,Room 201,120,78,65.0,Theory,1,0,0,103,15,4,17,0,Afternoon,2026-04-17 15:00:00,65.83,82.22,80.35571428571428,79.41381355932204,5,1.0,WARNING,1
2026-04-18,Saturday,4,12:15 PM,Cloud Computing,Prof. Kulkarni,4,MBA,A,Lab 1,120,105,87.5,Practical,0,0,0,104,15,4,18,1,Afternoon,2026-04-18 12:15:00,65.0,76.11,75.95142857142856,79.17358333333333,1,21.25,SAFE,2
2026-04-19,Monday,1,09:00 AM,Machine Learning,Prof. Sharma,4,MBA,A,Room 201,120,95,79.17,Theory,0,0,0,105,15,4,19,0,Morning,2026-04-19 09:00:00,87.5,72.77666666666666,78.68999999999998,79.31008196721311,1,20.75,SAFE,2
2026-04-19,Monday,3,11:15 AM,Financial Management,Prof. Sharma,4,MBA,A,Auditorium,120,89,74.17,Theory,0,0,0,105,15,4,19,0,Morning,2026-04-19 11:15:00,79.17,77.22333333333334,77.97571428571429,79.30782258064517,2,2.25,WARNING,1
2026-04-19,Monday,4,12:15 PM,Machine Learning,Prof. Patil,4,MBA,A,Room 201,120,93,77.5,Theory,0,0,0,105,15,4,19,0,Afternoon,2026-04-19 12:15:00,74.17,80.28,78.92857142857143,79.22626984126984,3,1.0,SAFE,2
2026-04-19,Monday,4,12:15 PM,Machine Learning,Prof. Kulkarni,4,MBA,A,Room 201,120,92,76.67,Theory,0,0,0,105,15,4,19,0,Afternoon,2026-04-19 12:15:00,77.5,76.94666666666667,78.09571428571428,79.199296875,4,24.0,SAFE,2
2026-04-19,Monday,4,12:15 PM,Web Development,Prof. Deshmukh,2,MBA,A,Auditorium,120,85,70.83,Theory,0,0,0,105,15,4,19,0,Afternoon,2026-04-19 12:15:00,76.67,76.11333333333334,75.12,79.16038461538461,5,24.0,WARNING,1
2026-04-19,Monday,5,02:00 PM,Financial Management,Prof. Sharma,4,MBA,A,Room 202,120,89,74.17,Theory,0,0,0,105,15,4,19,0,Afternoon,2026-04-19 14:00:00,70.83,75.0,75.83428571428571,79.03416666666666,6,1.75,WARNING,1
2026-04-20,Monday,6,03:00 PM,Financial Management,Akash Upadhayay,2,MBA,A,Room 201,120,80,66.67,Theory,0,0,0,106,16,4,20,0,Afternoon,2026-04-20 15:00:00,74.17,73.89,77.14428571428572,78.9615671641791,1,25.0,WARNING,1
2026-04-21,Tuesday,1,09:00 AM,Cloud Computing,Prof. Sharma,2,MBA,A,Room 201,120,87,72.5,Theory,0,0,0,107,16,4,21,0,Morning,2026-04-21 09:00:00,66.67,70.55666666666666,74.16857142857144,78.78080882352941,1,18.0,WARNING,1
2026-04-21,Tuesday,3,11:15 AM,Machine Learning,Prof. Patil,2,MBA,A,Room 201,120,105,87.5,Theory,0,0,0,107,16,4,21,0,Morning,2026-04-21 11:15:00,72.5,71.11333333333333,73.21571428571428,78.68978260869565,2,2.25,SAFE,2
2026-04-21,Tuesday,5,02:00 PM,Web Development,Prof. Sharma,2,MBA,A,Auditorium,120,106,88.33,Theory,0,0,0,107,16,4,21,0,Afternoon,2026-04-21 14:00:00,87.5,75.55666666666667,75.12,78.81564285714286,3,2.75,SAFE,2
2026-04-22,Wednesday,4,12:15 PM,Financial Management,Ishwari Gaikwad,2,MBA,A,Lab 1,120,87,72.5,Practical,1,0,0,108,16,4,22,0,Afternoon,2026-04-22 12:15:00,88.33,82.77666666666666,76.66714285714286,78.94964788732395,1,22.25,WARNING,1
2026-04-22,Wednesday,6,03:00 PM,HR Analytics,Prof. Sharma,2,MBA,A,Room 201,120,67,55.83,Theory,1,0,0,108,16,4,22,0,Afternoon,2026-04-22 15:00:00,72.5,82.77666666666666,76.07142857142857,78.86006944444445,2,2.75,WARNING,1
2026-04-22,Wednesday,6,03:00 PM,Cloud Computing,Prof. Deshmukh,4,MBA,A,Lab 2,120,107,89.17,Practical,0,0,0,108,16,4,22,0,Afternoon,2026-04-22 15:00:00,55.83,72.22,73.92857142857143,78.54458904109589,3,24.0,SAFE,2
2026-04-23,Thursday,1,09:00 AM,Advanced DBMS,Akash Upadhayay,2,MBA,A,Room 201,120,96,80.0,Theory,0,0,0,109,16,4,23,0,Morning,2026-04-23 09:00:00,89.17,72.5,76.07142857142857,78.68817567567568,1,18.0,SAFE,2
2026-04-23,Thursday,2,10:00 AM,Machine Learning,Prof. Patil,2,MBA,A,Auditorium,120,111,92.5,Theory,0,0,0,109,16,4,23,0,Morning,2026-04-23 10:00:00,80.0,75.0,77.97571428571429,78.70566666666667,2,1.0,SAFE,2
2026-04-23,Thursday,2,10:00 AM,Financial Management,Prof. Deshmukh,4,MBA,A,Lab 2,120,117,97.5,Practical,0,1,0,109,16,4,23,0,Morning,2026-04-23 10:00:00,92.5,87.22333333333334,80.83285714285715,78.88717105263159,3,24.0,SAFE,2
2026-04-23,Thursday,3,11:15 AM,HR Analytics,Prof. Kulkarni,2,MBA,A,Lab 1,120,107,89.17,Practical,0,0,0,109,16,4,23,0,Morning,2026-04-23 11:15:00,97.5,90.0,82.26142857142858,79.12889610389611,4,1.25,SAFE,2
2026-04-23,Thursday,3,11:15 AM,Financial Management,Prof. Sharma,2,MBA,A,Auditorium,120,97,80.83,Theory,0,0,0,109,16,4,23,0,Morning,2026-04-23 11:15:00,89.17,93.05666666666666,82.38142857142859,79.25762820512821,5,24.0,SAFE,2
2026-04-23,Thursday,4,12:15 PM,Cloud Computing,Ishwari Gaikwad,2,MBA,A,Room 202,120,100,83.33,Theory,0,1,0,109,16,4,23,0,Afternoon,2026-04-23 12:15:00,80.83,89.16666666666667,83.57142857142857,79.27753164556962,6,1.0,SAFE,2
2026-04-23,Thursday,6,03:00 PM,HR Analytics,Ishwari Gaikwad,2,MBA,A,Room 202,120,82,68.33,Theory,0,1,0,109,16,4,23,0,Afternoon,2026-04-23 15:00:00,83.33,84.44333333333333,87.5,79.3281875,7,2.75,WARNING,1
2026-04-24,Friday,1,09:00 AM,Advanced DBMS,Prof. Deshmukh,2,MBA,A,Room 202,120,74,61.67,Theory,0,0,1,110,16,4,24,0,Morning,2026-04-24 09:00:00,68.33,77.49666666666667,84.52285714285713,79.1924074074074,1,18.0,WARNING,1
2026-04-24,Friday,1,09:00 AM,HR Analytics,Akash Upadhayay,4,MBA,A,Lab 2,120,81,67.5,Practical,0,1,1,110,16,4,24,0,Morning,2026-04-24 09:00:00,61.67,71.11,81.90428571428572,78.97871951219513,2,24.0,WARNING,1
2026-04-24,Friday,2,10:00 AM,Advanced DBMS,Prof. Sharma,2,MBA,A,Room 201,120,107,89.17,Theory,0,0,0,110,16,4,24,0,Morning,2026-04-24 10:00:00,67.5,65.83333333333333,78.33285714285715,78.84042168674699,3,1.0,SAFE,2
2026-04-24,Friday,3,11:15 AM,Advanced DBMS,Akash Upadhayay,4,MBA,A,Lab 2,120,117,97.5,Practical,0,0,0,110,16,4,24,0,Morning,2026-04-24 11:15:00,89.17,72.78000000000002,77.14285714285714,78.96339285714286,4,1.25,SAFE,2
2026-04-24,Friday,5,02:00 PM,Python Programming,Prof. Deshmukh,4,MBA,A,Auditorium,120,109,90.83,Theory,0,0,0,110,16,4,24,0,Afternoon,2026-04-24 14:00:00,97.5,84.72333333333334,78.33285714285715,79.1814705882353,5,2.75,SAFE,2
2026-04-24,Friday,6,03:00 PM,Cloud Computing,Ishwari Gaikwad,2,MBA,A,Lab 2,120,106,88.33,Practical,0,0,0,110,16,4,24,0,Afternoon,2026-04-24 15:00:00,90.83,92.5,79.76142857142858,79.31691860465116,6,1.0,SAFE,2
2026-04-25,Saturday,1,09:00 AM,Financial Management,Akash Upadhayay,2,MBA,A,Lab 1,120,120,100.0,Practical,0,0,0,111,16,4,25,1,Morning,2026-04-25 09:00:00,88.33,92.21999999999998,80.47571428571428,79.42051724137932,1,18.0,SAFE,2
2026-04-25,Saturday,4,12:15 PM,HR Analytics,Prof. Deshmukh,4,MBA,A,Lab 1,120,103,85.83,Practical,0,1,0,111,16,4,25,1,Afternoon,2026-04-25 12:15:00,100.0,93.05333333333333,85.0,79.654375,2,3.25,SAFE,2
2026-04-26,Monday,3,11:15 AM,Cloud Computing,Ishwari Gaikwad,4,MBA,A,Lab 1,120,103,85.83,Practical,0,0,0,112,16,4,26,0,Morning,2026-04-26 11:15:00,85.83,91.38666666666666,88.45142857142858,79.72376404494382,1,23.0,SAFE,2
2026-04-26,Monday,6,03:00 PM,HR Analytics,Prof. Sharma,4,MBA,A,Auditorium,120,81,67.5,Theory,0,1,0,112,16,4,26,0,Afternoon,2026-04-26 15:00:00,85.83,90.55333333333334,91.07000000000001,79.79161111111111,2,3.75,WARNING,1
2026-04-27,Monday,2,10:00 AM,Web Development,Ishwari Gaikwad,2,MBA,A,Lab 1,120,110,91.67,Practical,0,0,0,113,17,4,27,0,Morning,2026-04-27 10:00:00,67.5,79.72000000000001,87.9742857142857,79.65653846153846,1,19.0,SAFE,2
2026-04-27,Monday,3,11:15 AM,Python Programming,Ishwari Gaikwad,4,MBA,A,Room 201,120,110,91.67,Theory,0,1,0,113,17,4,27,0,Morning,2026-04-27 11:15:00,91.67,81.66666666666667,87.14142857142858,79.7871195652174,2,1.25,SAFE,2
2026-04-27,Monday,5,02:00 PM,Cloud Computing,Prof. Patil,2,MBA,A,Lab 2,120,105,87.5,Practical,0,0,0,113,17,4,27,0,Afternoon,2026-04-27 14:00:00,91.67,83.61333333333334,87.26142857142858,79.91489247311829,3,2.75,SAFE,2
2026-04-27,Monday,6,03:00 PM,Web Development,Akash Upadhayay,2,MBA,A,Lab 1,120,86,71.67,Practical,1,1,0,113,17,4,27,0,Afternoon,2026-04-27 15:00:00,87.5,90.28000000000002,87.14285714285714,79.99558510638298,4,1.0,WARNING,1
2026-04-28,Tuesday,5,02:00 PM,Python Programming,Prof. Patil,4,MBA,A,Lab 1,120,112,93.33,Practical,0,0,0,114,17,4,28,0,Afternoon,2026-04-28 14:00:00,71.67,83.61333333333333,83.09571428571428,79.90794736842105,1,23.0,SAFE,2
2026-04-29,Wednesday,2,10:00 AM,Financial Management,Akash Upadhayay,4,MBA,A,Room 201,120,105,87.5,Theory,0,0,0,115,17,4,29,0,Morning,2026-04-29 10:00:00,93.33,84.16666666666667,84.16714285714285,80.04776041666666,1,20.0,SAFE,2
2026-04-29,Wednesday,4,12:15 PM,Cloud Computing,Prof. Kulkarni,4,MBA,A,Lab 2,120,117,97.5,Practical,0,0,0,115,17,4,29,0,Afternoon,2026-04-29 12:15:00,87.5,84.16666666666667,84.4057142857143,80.12458762886598,2,2.25,SAFE,2
2026-04-29,Wednesday,6,03:00 PM,Financial Management,Prof. Kulkarni,2,MBA,A,Lab 1,120,99,82.5,Practical,0,1,0,115,17,4,29,0,Afternoon,2026-04-29 15:00:00,97.5,92.77666666666666,88.69142857142857,80.30188775510204,3,2.75,SAFE,2
2026-04-30,Thursday,2,10:00 AM,Advanced DBMS,Prof. Kulkarni,2,MBA,A,Lab 1,120,117,97.5,Practical,0,1,0,116,17,4,30,0,Morning,2026-04-30 10:00:00,82.5,89.16666666666667,87.38142857142859,80.32409090909091,1,19.0,SAFE,2
2026-04-30,Thursday,3,11:15 AM,Python Programming,Ishwari Gaikwad,4,MBA,A,Auditorium,120,96,80.0,Theory,0,0,0,116,17,4,30,0,Morning,2026-04-30 11:15:00,97.5,92.5,88.21428571428571,80.49585,2,1.25,SAFE,2
2026-04-30,Thursday,5,02:00 PM,Financial Management,Ishwari Gaikwad,4,MBA,A,Lab 2,120,88,73.33,Practical,1,0,0,116,17,4,30,0,Afternoon,2026-04-30 14:00:00,80.0,86.66666666666667,87.14285714285714,80.49094059405941,3,2.75,WARNING,1
2026-05-01,Friday,5,02:00 PM,Machine Learning,Prof. Sharma,4,MBA,A,Auditorium,120,103,85.83,Theory,0,1,0,117,17,5,1,0,Afternoon,2026-05-01 14:00:00,73.33,83.61,87.38000000000001,78.9210138888889,1,24.0,SAFE,2
2026-05-02,Saturday,3,11:15 AM,Machine Learning,Prof. Deshmukh,4,MBA,A,Lab 2,120,105,87.5,Practical,0,0,0,118,17,5,2,1,Morning,2026-05-02 11:15:00,85.83,79.71999999999998,86.30857142857143,85.83,1,21.25,SAFE,2
2026-05-02,Saturday,5,02:00 PM,Machine Learning,Prof. Deshmukh,4,MBA,A,Room 202,120,95,79.17,Theory,0,0,0,118,17,5,2,1,Afternoon,2026-05-02 14:00:00,87.5,82.21999999999998,86.30857142857143,86.66499999999999,2,2.75,SAFE,2
2026-05-02,Saturday,5,02:00 PM,Web Development,Ishwari Gaikwad,2,MBA,A,Room 202,120,112,93.33,Theory,0,0,0,118,17,5,2,1,Afternoon,2026-05-02 14:00:00,79.17,84.16666666666667,83.68999999999998,84.16666666666667,3,24.0,SAFE,2
2026-05-03,Monday,2,10:00 AM,Cloud Computing,Prof. Sharma,4,MBA,A,Auditorium,120,91,75.83,Theory,0,0,0,119,17,5,3,0,Morning,2026-05-03 10:00:00,93.33,86.66666666666667,85.23714285714286,86.4575,1,20.0,SAFE,2
2026-05-03,Monday,5,02:00 PM,Web Development,Ishwari Gaikwad,4,MBA,A,Auditorium,120,106,88.33,Theory,0,0,0,119,17,5,3,0,Afternoon,2026-05-03 14:00:00,75.83,82.77666666666667,82.14142857142858,84.332,2,4.0,SAFE,2
2026-05-04,Monday,1,09:00 AM,Advanced DBMS,Akash Upadhayay,4,MBA,A,Lab 2,120,83,69.17,Practical,0,0,0,120,18,5,4,0,Morning,2026-05-04 09:00:00,88.33,85.83,83.33142857142856,84.99833333333333,1,19.0,WARNING,1
2026-05-04,Monday,3,11:15 AM,Cloud Computing,Akash Upadhayay,2,MBA,A,Room 201,120,86,71.67,Theory,0,0,0,120,18,5,4,0,Morning,2026-05-04 11:15:00,69.17,77.77666666666667,82.73714285714286,82.73714285714286,2,2.25,WARNING,1
2026-05-05,Tuesday,1,09:00 AM,HR Analytics,Prof. Sharma,4,MBA,A,Room 201,120,108,90.0,Theory,0,0,0,121,18,5,5,0,Morning,2026-05-05 09:00:00,71.67,76.39,80.71428571428571,81.35375,1,21.75,SAFE,2
2026-05-05,Tuesday,3,11:15 AM,Web Development,Ishwari Gaikwad,2,MBA,A,Lab 1,120,117,97.5,Practical,0,0,0,121,18,5,5,0,Morning,2026-05-05 11:15:00,90.0,76.94666666666667,81.07142857142857,82.31444444444445,2,2.25,SAFE,2
2026-05-05,Tuesday,5,02:00 PM,Web Development,Akash Upadhayay,4,MBA,A,Room 202,120,103,85.83,Theory,0,0,0,121,18,5,5,0,Afternoon,2026-05-05 14:00:00,97.5,86.39,83.69000000000001,83.833,3,2.75,SAFE,2
2026-05-05,Tuesday,6,03:00 PM,HR Analytics,Ishwari Gaikwad,4,MBA,A,Lab 1,120,107,89.17,Practical,0,0,0,121,18,5,5,0,Afternoon,2026-05-05 15:00:00,85.83,91.11,82.61857142857143,84.01454545454546,4,1.0,SAFE,2
2026-05-06,Wednesday,1,09:00 AM,Advanced DBMS,Ishwari Gaikwad,2,MBA,A,Room 201,120,76,63.33,Theory,1,0,0,122,18,5,6,0,Morning,2026-05-06 09:00:00,89.17,90.83333333333333,84.52428571428571,84.44416666666667,1,18.0,WARNING,1
2026-05-06,Wednesday,2,10:00 AM,HR Analytics,Prof. Deshmukh,4,MBA,A,Room 202,120,98,81.67,Theory,0,0,0,122,18,5,6,0,Morning,2026-05-06 10:00:00,63.33,79.44333333333333,80.95285714285714,82.82000000000001,2,1.0,SAFE,2
2026-05-06,Wednesday,4,12:15 PM,Web Development,Prof. Sharma,2,MBA,A,Lab 2,120,106,88.33,Practical,0,0,0,122,18,5,6,0,Afternoon,2026-05-06 12:15:00,81.67,78.05666666666667,82.73857142857143,82.73785714285714,3,2.25,SAFE,2
2026-05-07,Thursday,2,10:00 AM,Python Programming,Prof. Sharma,4,MBA,A,Lab 2,120,117,97.5,Practical,0,0,0,123,18,5,7,0,Morning,2026-05-07 10:00:00,88.33,77.77666666666666,85.11857142857143,83.11066666666667,1,21.75,SAFE,2
2026-05-07,Thursday,3,11:15 AM,Advanced DBMS,Prof. Sharma,4,MBA,A,Lab 1,120,109,90.83,Practical,0,0,0,123,18,5,7,0,Morning,2026-05-07 11:15:00,97.5,89.16666666666667,86.19000000000001,84.01,2,1.25,SAFE,2
2026-05-07,Thursday,5,02:00 PM,Web Development,Akash Upadhayay,4,MBA,A,Lab 2,120,117,97.5,Practical,0,1,0,123,18,5,7,0,Afternoon,2026-05-07 14:00:00,90.83,92.21999999999998,85.23714285714286,84.41117647058823,3,2.75,SAFE,2
2026-05-08,Friday,1,09:00 AM,Machine Learning,Akash Upadhayay,4,MBA,A,Room 201,120,84,70.0,Theory,0,0,0,124,18,5,8,0,Morning,2026-05-08 09:00:00,97.5,95.27666666666666,86.9042857142857,85.13833333333334,1,19.0,WARNING,1
2026-05-08,Friday,4,12:15 PM,HR Analytics,Prof. Patil,2,MBA,A,Room 202,120,99,82.5,Theory,0,0,0,124,18,5,8,0,Afternoon,2026-05-08 12:15:00,70.0,86.11,84.16571428571429,84.34157894736842,2,3.25,SAFE,2
2026-05-08,Friday,5,02:00 PM,Advanced DBMS,Prof. Kulkarni,4,MBA,A,Lab 1,120,114,95.0,Practical,0,0,0,124,18,5,8,0,Afternoon,2026-05-08 14:00:00,82.5,83.33333333333333,86.9042857142857,84.2495,3,1.75,SAFE,2
2026-05-09,Saturday,1,09:00 AM,Advanced DBMS,Prof. Patil,4,MBA,A,Room 201,120,59,49.17,Theory,1,0,0,125,18,5,9,1,Morning,2026-05-09 09:00:00,95.0,82.5,88.80857142857143,84.76142857142857,1,19.0,CRITICAL,0
2026-05-09,Saturday,3,11:15 AM,Machine Learning,Akash Upadhayay,2,MBA,A,Auditorium,120,84,70.0,Theory,0,0,0,125,18,5,9,1,Morning,2026-05-09 11:15:00,49.17,75.55666666666667,83.21428571428571,83.14363636363636,2,2.25,WARNING,1
2026-05-09,Saturday,4,12:15 PM,Machine Learning,Prof. Patil,2,MBA,A,Room 201,120,108,90.0,Theory,0,0,0,125,18,5,9,1,Afternoon,2026-05-09 12:15:00,70.0,71.39,79.28571428571429,82.57217391304349,3,1.0,SAFE,2
2026-05-09,Saturday,6,03:00 PM,HR Analytics,Prof. Patil,4,MBA,A,Room 201,120,96,80.0,Theory,0,0,0,125,18,5,9,1,Afternoon,2026-05-09 15:00:00,90.0,69.72333333333334,79.16714285714285,82.88166666666667,4,2.75,SAFE,2
2026-05-10,Monday,2,10:00 AM,Financial Management,Ishwari Gaikwad,4,MBA,A,Lab 2,120,93,77.5,Practical,0,0,0,126,18,5,10,0,Morning,2026-05-10 10:00:00,80.0,80.0,76.66714285714285,82.76639999999999,1,19.0,SAFE,2
2026-05-10,Monday,2,10:00 AM,Web Development,Prof. Sharma,2,MBA,A,Room 201,120,101,84.17,Theory,0,0,0,126,18,5,10,0,Morning,2026-05-10 10:00:00,77.5,82.5,77.73857142857142,82.56384615384614,2,24.0,SAFE,2
2026-05-10,Monday,4,12:15 PM,HR Analytics,Prof. Patil,2,MBA,A,Auditorium,120,102,85.0,Theory,0,0,0,126,18,5,10,0,Afternoon,2026-05-10 12:15:00,84.17,80.55666666666666,77.97714285714287,82.62333333333333,3,2.25,SAFE,2
2026-05-10,Monday,5,02:00 PM,Cloud Computing,Prof. Patil,2,MBA,A,Lab 2,120,99,82.5,Practical,0,0,0,126,18,5,10,0,Afternoon,2026-05-10 14:00:00,85.0,82.22333333333334,76.54857142857144,82.70821428571428,4,1.75,SAFE,2
2026-05-11,Monday,1,09:00 AM,Financial Management,Ishwari Gaikwad,2,MBA,A,Auditorium,120,59,49.17,Theory,0,0,1,127,19,5,11,0,Morning,2026-05-11 09:00:00,82.5,83.89,81.31000000000002,82.70103448275862,1,19.0,CRITICAL,0
2026-05-11,Monday,2,10:00 AM,Cloud Computing,Akash Upadhayay,2,MBA,A,Auditorium,120,78,65.0,Theory,1,0,0,127,19,5,11,0,Morning,2026-05-11 10:00:00,49.17,72.22333333333334,78.33428571428571,81.58333333333333,2,1.0,WARNING,1
2026-05-11,Monday,4,12:15 PM,Advanced DBMS,Prof. Kulkarni,2,MBA,A,Lab 2,120,102,85.0,Practical,0,1,0,127,19,5,11,0,Afternoon,2026-05-11 12:15:00,65.0,65.55666666666667,74.76285714285714,81.04838709677419,3,2.25,SAFE,2
2026-05-11,Monday,6,03:00 PM,Advanced DBMS,Akash Upadhayay,4,MBA,A,Auditorium,120,59,49.17,Theory,1,0,0,127,19,5,11,0,Afternoon,2026-05-11 15:00:00,85.0,66.39,75.47714285714287,81.171875,4,2.75,CRITICAL,0
2026-05-11,Monday,6,03:00 PM,Machine Learning,Prof. Deshmukh,4,MBA,A,Lab 2,120,80,66.67,Practical,0,0,0,127,19,5,11,0,Afternoon,2026-05-11 15:00:00,49.17,66.39,71.43,80.20212121212121,5,24.0,WARNING,1
2026-05-12,Tuesday,4,12:15 PM,Cloud Computing,Prof. Kulkarni,2,MBA,A,Lab 1,120,100,83.33,Practical,0,0,0,128,19,5,12,0,Afternoon,2026-05-12 12:15:00,66.67,66.94666666666667,68.92999999999999,79.80411764705883,1,21.25,SAFE,2
2026-05-12,Tuesday,5,02:00 PM,Financial Management,Prof. Sharma,4,MBA,A,Room 201,120,94,78.33,Theory,1,0,0,128,19,5,12,0,Afternoon,2026-05-12 14:00:00,83.33,66.39,68.69142857142857,79.90485714285714,2,1.75,SAFE,2
2026-05-12,Tuesday,5,02:00 PM,Cloud Computing,Prof. Patil,2,MBA,A,Lab 1,120,117,97.5,Practical,0,0,0,128,19,5,12,0,Afternoon,2026-05-12 14:00:00,78.33,76.11,68.0957142857143,79.86111111111111,3,24.0,SAFE,2
2026-05-13,Wednesday,2,10:00 AM,Financial Management,Akash Upadhayay,2,MBA,A,Lab 2,120,96,80.0,Practical,0,0,0,129,19,5,13,0,Morning,2026-05-13 10:00:00,97.5,86.38666666666666,75.0,80.33783783783784,1,20.0,SAFE,2
2026-05-13,Wednesday,4,12:15 PM,HR Analytics,Prof. Sharma,4,MBA,A,Lab 1,120,107,89.17,Practical,0,0,0,129,19,5,13,0,Afternoon,2026-05-13 12:15:00,80.0,85.27666666666667,77.14285714285714,80.32894736842105,2,2.25,SAFE,2
2026-05-14,Thursday,2,10:00 AM,Financial Management,Prof. Deshmukh,2,MBA,A,Room 201,120,81,67.5,Theory,1,1,0,130,19,5,14,0,Morning,2026-05-14 10:00:00,89.17,88.89,77.73857142857142,80.55564102564102,1,21.75,WARNING,1
2026-05-14,Thursday,3,11:15 AM,HR Analytics,Prof. Kulkarni,2,MBA,A,Auditorium,120,93,77.78,Theory,0,0,1,130,19,5,14,0,Morning,2026-05-14 11:15:00,67.5,78.89,80.35714285714286,80.22925000000001,2,1.25,SAFE,2
2026-05-14,Thursday,4,12:15 PM,Cloud Computing,Prof. Deshmukh,2,MBA,A,Auditorium,120,106,88.33,Theory,0,0,0,130,19,5,14,0,Afternoon,2026-05-14 12:15:00,77.78,78.14999999999999,81.94428571428571,80.16951219512195,3,1.0,SAFE,2
2026-05-14,Thursday,5,02:00 PM,Python Programming,Prof. Patil,2,MBA,A,Room 201,120,104,86.67,Theory,0,0,0,130,19,5,14,0,Afternoon,2026-05-14 14:00:00,88.33,77.86999999999999,82.65857142857143,80.36380952380952,4,1.75,SAFE,2
2026-05-15,Friday,1,09:00 AM,HR Analytics,Prof. Deshmukh,4,MBA,A,Room 201,120,86,71.67,Theory,0,0,0,131,19,5,15,0,Morning,2026-05-15 09:00:00,86.67,84.26,83.85000000000001,80.51046511627906,1,19.0,WARNING,1
2026-05-15,Friday,2,10:00 AM,Machine Learning,Prof. Patil,2,MBA,A,Room 202,120,103,85.83,Theory,0,0,0,131,19,5,15,0,Morning,2026-05-15 10:00:00,71.67,82.22333333333333,80.16,80.30954545454546,2,1.0,SAFE,2
2026-05-15,Friday,3,11:15 AM,Web Development,Prof. Deshmukh,4,MBA,A,Auditorium,120,82,68.33,Theory,1,1,0,131,19,5,15,0,Morning,2026-05-15 11:15:00,85.83,81.39,80.99285714285715,80.43222222222222,3,1.25,WARNING,1
2026-05-15,Friday,3,11:15 AM,Python Programming,Prof. Patil,2,MBA,A,Auditorium,120,101,84.17,Theory,0,0,0,131,19,5,15,0,Morning,2026-05-15 11:15:00,68.33,75.27666666666666,78.01571428571428,80.16913043478262,4,24.0,SAFE,2
2026-05-15,Friday,4,12:15 PM,Advanced DBMS,Prof. Sharma,4,MBA,A,Lab 1,120,69,57.5,Practical,1,0,1,131,19,5,15,0,Afternoon,2026-05-15 12:15:00,84.17,79.44333333333333,80.39714285714285,80.25425531914894,5,1.0,WARNING,1
2026-05-15,Friday,4,12:15 PM,Python Programming,Prof. Kulkarni,2,MBA,A,Room 202,120,112,93.33,Theory,0,1,0,131,19,5,15,0,Afternoon,2026-05-15 12:15:00,57.5,70.0,77.5,79.78020833333333,6,24.0,SAFE,2
2026-05-15,Friday,5,02:00 PM,Financial Management,Prof. Patil,4,MBA,A,Lab 2,120,59,49.17,Practical,0,0,0,131,19,5,15,0,Afternoon,2026-05-15 14:00:00,93.33,78.33333333333333,78.21428571428571,80.05673469387756,7,1.75,CRITICAL,0
2026-05-15,Friday,6,03:00 PM,Advanced DBMS,Akash Upadhayay,4,MBA,A,Lab 1,120,98,81.67,Practical,0,0,0,131,19,5,15,0,Afternoon,2026-05-15 15:00:00,49.17,66.66666666666667,72.85714285714286,79.439,8,1.0,SAFE,2
2026-05-16,Saturday,2,10:00 AM,Advanced DBMS,Prof. Patil,4,MBA,A,Room 201,120,93,77.5,Theory,0,0,0,132,19,5,16,1,Morning,2026-05-16 10:00:00,81.67,74.72333333333333,74.28571428571429,79.48274509803922,1,19.0,SAFE,2
2026-05-16,Saturday,4,12:15 PM,HR Analytics,Ishwari Gaikwad,2,MBA,A,Room 201,120,88,73.33,Theory,0,0,0,132,19,5,16,1,Afternoon,2026-05-16 12:15:00,77.5,69.44666666666667,73.0957142857143,79.44461538461539,2,2.25,WARNING,1
2026-05-16,Saturday,5,02:00 PM,Web Development,Ishwari Gaikwad,2,MBA,A,Room 202,120,87,72.5,Theory,0,1,0,132,19,5,16,1,Afternoon,2026-05-16 14:00:00,73.33,77.5,73.81000000000002,79.32924528301886,3,1.75,WARNING,1
2026-05-17,Monday,1,09:00 AM,Financial Management,Prof. Sharma,4,MBA,A,Auditorium,120,66,55.0,Theory,1,1,0,133,19,5,17,0,Morning,2026-05-17 09:00:00,72.5,74.44333333333333,72.14285714285714,79.20277777777777,1,19.0,WARNING,1
2026-05-17,Monday,2,10:00 AM,Financial Management,Ishwari Gaikwad,2,MBA,A,Lab 1,120,120,100.0,Practical,0,0,0,133,19,5,17,0,Morning,2026-05-17 10:00:00,55.0,66.94333333333333,71.78571428571429,78.76272727272728,2,1.0,SAFE,2
2026-05-17,Monday,4,12:15 PM,Web Development,Prof. Deshmukh,2,MBA,A,Room 202,120,99,82.5,Theory,0,0,0,133,19,5,17,0,Afternoon,2026-05-17 12:15:00,100.0,75.83333333333333,72.73857142857142,79.14196428571428,3,2.25,SAFE,2
2026-05-18,Monday,3,11:15 AM,Python Programming,Prof. Sharma,4,MBA,A,Room 202,120,111,92.5,Theory,0,0,0,134,20,5,18,0,Morning,2026-05-18 11:15:00,82.5,79.16666666666667,77.5,79.20087719298245,1,23.0,SAFE,2
2026-05-18,Monday,3,11:15 AM,Advanced DBMS,Prof. Deshmukh,2,MBA,A,Room 201,120,96,80.0,Theory,0,0,0,134,20,5,18,0,Morning,2026-05-18 11:15:00,92.5,91.66666666666667,79.04714285714286,79.4301724137931,2,24.0,SAFE,2
2026-05-19,Tuesday,1,09:00 AM,HR Analytics,Ishwari Gaikwad,2,MBA,A,Room 202,120,82,68.33,Theory,0,0,0,135,20,5,19,0,Morning,2026-05-19 09:00:00,80.0,85.0,79.40428571428572,79.43983050847457,1,21.75,WARNING,1
2026-05-19,Tuesday,1,09:00 AM,Financial Management,Prof. Deshmukh,2,MBA,A,Lab 1,120,66,55.0,Practical,1,0,1,135,20,5,19,0,Morning,2026-05-19 09:00:00,68.33,80.27666666666666,78.69000000000001,79.25466666666667,2,24.0,WARNING,1
2026-05-19,Tuesday,2,10:00 AM,Python Programming,Prof. Deshmukh,4,MBA,A,Room 202,120,94,78.33,Theory,0,0,0,135,20,5,19,0,Morning,2026-05-19 10:00:00,55.0,67.77666666666666,76.19000000000001,78.85704918032786,3,1.0,SAFE,2
2026-05-19,Tuesday,3,11:15 AM,Cloud Computing,Ishwari Gaikwad,2,MBA,A,Room 202,120,94,78.33,Theory,0,0,0,135,20,5,19,0,Morning,2026-05-19 11:15:00,78.33,67.22,79.52285714285713,78.84854838709677,4,1.25,SAFE,2
2026-05-19,Tuesday,4,12:15 PM,Financial Management,Prof. Kulkarni,2,MBA,A,Auditorium,120,99,82.5,Theory,0,0,0,135,20,5,19,0,Afternoon,2026-05-19 12:15:00,78.33,70.55333333333333,76.42714285714285,78.84031746031745,5,1.0,SAFE,2
2026-05-19,Tuesday,5,02:00 PM,Cloud Computing,Prof. Deshmukh,4,MBA,A,Auditorium,120,102,85.0,Theory,0,0,0,135,20,5,19,0,Afternoon,2026-05-19 14:00:00,82.5,79.71999999999998,76.42714285714285,78.8975,6,1.75,SAFE,2
2026-05-19,Tuesday,5,02:00 PM,Python Programming,Prof. Kulkarni,4,MBA,A,Lab 2,120,120,100.0,Practical,1,0,1,135,20,5,19,0,Afternoon,2026-05-19 14:00:00,85.0,81.94333333333333,75.35571428571428,78.9913846153846,7,24.0,SAFE,2
2026-05-20,Wednesday,1,09:00 AM,Cloud Computing,Prof. Kulkarni,2,MBA,A,Lab 1,120,102,85.0,Practical,0,0,0,136,20,5,20,0,Morning,2026-05-20 09:00:00,100.0,89.16666666666667,78.21285714285715,79.30969696969696,1,19.0,SAFE,2
2026-05-20,Wednesday,1,09:00 AM,Advanced DBMS,Ishwari Gaikwad,2,MBA,A,Room 202,120,89,74.17,Theory,0,0,0,136,20,5,20,0,Morning,2026-05-20 09:00:00,85.0,90.0,80.5942857142857,79.39462686567164,2,24.0,WARNING,1
2026-05-20,Wednesday,2,10:00 AM,Cloud Computing,Prof. Sharma,2,MBA,A,Lab 2,120,99,82.5,Practical,0,0,0,136,20,5,20,0,Morning,2026-05-20 10:00:00,74.17,86.39,83.33285714285714,79.31779411764705,3,1.0,SAFE,2
2026-05-20,Wednesday,3,11:15 AM,Machine Learning,Prof. Sharma,4,MBA,A,Auditorium,120,93,77.5,Theory,1,0,0,136,20,5,20,0,Morning,2026-05-20 11:15:00,82.5,80.55666666666667,83.92857142857143,79.36391304347826,4,1.25,SAFE,2
2026-05-20,Wednesday,4,12:15 PM,Cloud Computing,Ishwari Gaikwad,2,MBA,A,Room 202,120,94,78.33,Theory,0,0,0,136,20,5,20,0,Afternoon,2026-05-20 12:15:00,77.5,78.05666666666667,83.80999999999999,79.33728571428571,5,1.0,SAFE,2
2026-05-20,Wednesday,4,12:15 PM,Python Programming,Akash Upadhayay,4,MBA,A,Lab 1,120,107,89.17,Practical,0,0,0,136,20,5,20,0,Afternoon,2026-05-20 12:15:00,78.33,79.44333333333333,83.21428571428571,79.3230985915493,6,24.0,SAFE,2
2026-05-21,Thursday,1,09:00 AM,Cloud Computing,Prof. Deshmukh,4,MBA,A,Lab 1,120,109,90.83,Practical,0,0,0,137,20,5,21,0,Morning,2026-05-21 09:00:00,89.17,81.66666666666667,83.80999999999999,79.45986111111111,1,20.75,SAFE,2
2026-05-21,Thursday,1,09:00 AM,Cloud Computing,Prof. Kulkarni,2,MBA,A,Room 202,120,72,60.0,Theory,1,1,0,137,20,5,21,0,Morning,2026-05-21 09:00:00,90.83,86.11,82.5,79.61561643835616,2,24.0,WARNING,1
2026-05-21,Thursday,6,03:00 PM,Cloud Computing,Prof. Kulkarni,2,MBA,A,Room 201,120,83,69.17,Theory,0,0,0,137,20,5,21,0,Afternoon,2026-05-21 15:00:00,60.0,80.0,78.92857142857143,79.35054054054054,3,6.0,WARNING,1
2026-05-22,Friday,5,02:00 PM,Financial Management,Prof. Patil,2,MBA,A,Room 201,120,71,59.17,Theory,0,0,1,138,20,5,22,0,Afternoon,2026-05-22 14:00:00,69.17,73.33333333333333,78.21428571428571,79.2148,1,23.0,WARNING,1
2026-05-22,Friday,5,02:00 PM,Cloud Computing,Prof. Patil,2,MBA,A,Lab 2,120,117,97.5,Practical,0,1,0,138,20,5,22,0,Afternoon,2026-05-22 14:00:00,59.17,62.78000000000001,74.88142857142857,78.95105263157895,2,24.0,SAFE,2
2026-05-22,Friday,6,03:00 PM,Web Development,Prof. Sharma,2,MBA,A,Lab 1,120,98,81.67,Practical,0,1,0,138,20,5,22,0,Afternoon,2026-05-22 15:00:00,97.5,75.28000000000002,77.73857142857142,79.19194805194805,3,1.0,SAFE,2
2026-05-23,Saturday,1,09:00 AM,Web Development,Prof. Patil,4,MBA,A,Room 201,120,93,77.5,Theory,0,0,0,139,20,5,23,1,Morning,2026-05-23 09:00:00,81.67,79.44666666666667,78.21571428571428,79.22371794871795,1,18.0,SAFE,2
2026-05-23,Saturday,2,10:00 AM,HR Analytics,Prof. Deshmukh,2,MBA,A,Room 202,120,88,73.33,Theory,0,0,0,139,20,5,23,1,Morning,2026-05-23 10:00:00,77.5,85.55666666666667,76.54857142857144,79.2018987341772,2,1.0,WARNING,1
2026-05-23,Saturday,2,10:00 AM,Cloud Computing,Akash Upadhayay,4,MBA,A,Auditorium,120,94,78.33,Theory,0,0,0,139,20,5,23,1,Morning,2026-05-23 10:00:00,73.33,77.5,74.04857142857144,79.1285,3,24.0,SAFE,2
2026-05-23,Saturday,3,11:15 AM,Web Development,Prof. Sharma,4,MBA,A,Lab 1,120,87,72.5,Practical,0,0,0,139,20,5,23,1,Morning,2026-05-23 11:15:00,78.33,76.38666666666667,76.66714285714285,79.11864197530863,4,1.25,WARNING,1
2026-05-24,Monday,4,12:15 PM,Machine Learning,Prof. Kulkarni,4,MBA,A,Room 201,120,107,89.17,Theory,0,0,0,140,20,5,24,0,Afternoon,2026-05-24 12:15:00,72.5,74.72,77.14285714285714,79.03792682926829,1,25.0,SAFE,2
2026-05-24,Monday,6,03:00 PM,Web Development,Prof. Kulkarni,4,MBA,A,Lab 2,120,103,85.83,Practical,0,0,0,140,20,5,24,0,Afternoon,2026-05-24 15:00:00,89.17,80.0,81.42857142857143,79.16,2,2.75,SAFE,2
2026-05-25,Monday,2,10:00 AM,Financial Management,Prof. Sharma,4,MBA,A,Room 202,120,88,73.33,Theory,0,0,0,141,21,5,25,0,Morning,2026-05-25 10:00:00,85.83,82.5,79.76142857142858,79.23940476190475,1,19.0,WARNING,1
2026-05-25,Monday,3,11:15 AM,Financial Management,Prof. Deshmukh,4,MBA,A,Room 201,120,97,80.83,Theory,0,0,0,141,21,5,25,0,Morning,2026-05-25 11:15:00,73.33,82.77666666666666,78.57000000000001,79.16988235294117,2,1.25,SAFE,2
2026-05-25,Monday,4,12:15 PM,Machine Learning,Ishwari Gaikwad,2,MBA,A,Lab 1,120,61,50.83,Practical,1,0,1,141,21,5,25,0,Afternoon,2026-05-25 12:15:00,80.83,79.99666666666666,79.0457142857143,79.18918604651164,3,1.0,WARNING,1
2026-05-25,Monday,5,02:00 PM,Cloud Computing,Prof. Kulkarni,2,MBA,A,Room 202,120,78,65.0,Theory,1,0,0,141,21,5,25,0,Afternoon,2026-05-25 14:00:00,50.83,68.33,75.83142857142856,78.8632183908046,4,1.75,WARNING,1
2026-05-26,Tuesday,2,10:00 AM,HR Analytics,Prof. Sharma,4,MBA,A,Room 202,120,103,85.83,Theory,0,0,0,142,21,5,26,0,Morning,2026-05-26 10:00:00,65.0,65.55333333333334,73.92714285714285,78.70568181818182,1,20.0,SAFE,2
2026-05-26,Tuesday,4,12:15 PM,HR Analytics,Prof. Kulkarni,2,MBA,A,Auditorium,120,76,63.33,Theory,1,1,0,142,21,5,26,0,Afternoon,2026-05-26 12:15:00,85.83,67.22,75.83142857142856,78.78573033707866,2,2.25,WARNING,1
2026-05-26,Tuesday,6,03:00 PM,Financial Management,Akash Upadhayay,4,MBA,A,Room 201,120,95,79.17,Theory,1,0,0,142,21,5,26,0,Afternoon,2026-05-26 15:00:00,63.33,71.38666666666666,72.14,78.614,3,2.75,SAFE,2
2026-05-27,Wednesday,2,10:00 AM,Web Development,Prof. Patil,4,MBA,A,Lab 2,120,95,79.17,Practical,0,0,1,143,21,5,27,0,Morning,2026-05-27 10:00:00,79.17,76.11,71.18857142857142,78.62010989010989,1,19.0,SAFE,2
2026-05-27,Wednesday,4,12:15 PM,Python Programming,Prof. Patil,4,MBA,A,Auditorium,120,117,97.5,Theory,0,0,0,143,21,5,27,0,Afternoon,2026-05-27 12:15:00,79.17,73.89,72.02285714285713,78.62608695652175,2,2.25,SAFE,2
2026-05-28,Thursday,1,09:00 AM,HR Analytics,Prof. Deshmukh,2,MBA,A,Lab 1,120,110,91.67,Practical,0,0,0,144,21,5,28,0,Morning,2026-05-28 09:00:00,97.5,85.28000000000002,74.40428571428572,78.82903225806452,1,20.75,SAFE,2
2026-05-28,Thursday,1,09:00 AM,Advanced DBMS,Akash Upadhayay,2,MBA,A,Lab 1,120,90,75.0,Practical,0,0,0,144,21,5,28,0,Morning,2026-05-28 09:00:00,91.67,89.44666666666667,80.23857142857142,78.96563829787235,2,24.0,WARNING,1
2026-05-28,Thursday,1,09:00 AM,Financial Management,Prof. Deshmukh,4,MBA,A,Room 201,120,93,77.5,Theory,0,0,0,144,21,5,28,0,Morning,2026-05-28 09:00:00,75.0,88.05666666666666,81.66714285714285,78.92389473684212,3,24.0,SAFE,2
2026-05-28,Thursday,2,10:00 AM,HR Analytics,Prof. Sharma,4,MBA,A,Auditorium,120,89,74.17,Theory,1,1,0,144,21,5,28,0,Morning,2026-05-28 10:00:00,77.5,81.39,80.47714285714287,78.9090625,4,1.0,WARNING,1
2026-05-28,Thursday,2,10:00 AM,Web Development,Akash Upadhayay,4,MBA,A,Room 201,120,93,77.5,Theory,0,0,0,144,21,5,28,0,Morning,2026-05-28 10:00:00,74.17,75.55666666666667,82.0257142857143,78.86020618556701,5,24.0,SAFE,2
2026-05-28,Thursday,5,02:00 PM,Web Development,Prof. Deshmukh,2,MBA,A,Lab 2,120,101,84.17,Practical,0,0,0,144,21,5,28,0,Afternoon,2026-05-28 14:00:00,77.5,76.39,81.78714285714285,78.84632653061225,6,4.0,SAFE,2
2026-05-28,Thursday,5,02:00 PM,Financial Management,Prof. Sharma,2,MBA,A,Lab 2,120,91,75.83,Practical,1,0,0,144,21,5,28,0,Afternoon,2026-05-28 14:00:00,84.17,78.61333333333333,82.50142857142858,78.90010101010101,7,24.0,SAFE,2
2026-05-29,Friday,2,10:00 AM,Advanced DBMS,Prof. Patil,4,MBA,A,Auditorium,120,102,85.0,Theory,0,0,0,145,21,5,29,0,Morning,2026-05-29 10:00:00,75.83,79.16666666666667,79.4057142857143,78.8694,1,20.0,SAFE,2
2026-05-29,Friday,3,11:15 AM,Advanced DBMS,Ishwari Gaikwad,2,MBA,A,Room 201,120,82,68.33,Theory,0,0,0,145,21,5,29,0,Morning,2026-05-29 11:15:00,85.0,81.66666666666667,78.45285714285716,78.93009900990099,2,1.25,WARNING,1
2026-05-29,Friday,4,12:15 PM,Python Programming,Prof. Deshmukh,4,MBA,A,Auditorium,120,106,88.33,Theory,0,0,0,145,21,5,29,0,Afternoon,2026-05-29 12:15:00,68.33,76.38666666666667,77.5,78.82617647058824,3,1.0,SAFE,2
2026-05-29,Friday,5,02:00 PM,Advanced DBMS,Prof. Deshmukh,4,MBA,A,Auditorium,120,107,89.17,Theory,0,0,0,145,21,5,29,0,Afternoon,2026-05-29 14:00:00,88.33,80.55333333333333,79.04714285714286,78.91844660194175,4,1.75,SAFE,2
2026-05-30,Saturday,3,11:15 AM,Web Development,Akash Upadhayay,4,MBA,A,Auditorium,120,59,49.17,Theory,0,0,1,146,21,5,30,1,Morning,2026-05-30 11:15:00,89.17,81.94333333333333,81.19000000000001,79.01701923076924,1,21.25,CRITICAL,0
2026-05-30,Saturday,3,11:15 AM,Cloud Computing,Prof. Deshmukh,4,MBA,A,Room 201,120,89,74.17,Theory,1,0,0,146,21,5,30,1,Morning,2026-05-30 11:15:00,49.17,75.55666666666667,77.14285714285714,78.73276190476192,2,24.0,WARNING,1
2026-05-30,Saturday,4,12:15 PM,Financial Management,Ishwari Gaikwad,2,MBA,A,Lab 1,120,109,90.83,Practical,0,0,0,146,21,5,30,1,Afternoon,2026-05-30 12:15:00,74.17,70.83666666666667,75.71428571428571,78.68971698113208,3,1.0,SAFE,2
2026-05-31,Monday,2,10:00 AM,Advanced DBMS,Prof. Patil,2,MBA,A,Lab 2,120,82,68.33,Practical,0,0,0,147,21,5,31,0,Morning,2026-05-31 10:00:00,90.83,71.39,77.85714285714286,78.80317757009347,1,21.75,WARNING,1
2026-05-31,Monday,3,11:15 AM,Financial Management,Prof. Kulkarni,4,MBA,A,Room 201,120,90,75.0,Theory,0,1,0,147,21,5,31,0,Morning,2026-05-31 11:15:00,68.33,77.77666666666666,75.47571428571429,78.70620370370371,2,1.25,WARNING,1
2026-05-31,Monday,4,12:15 PM,Advanced DBMS,Akash Upadhayay,4,MBA,A,Room 202,120,85,70.83,Theory,0,0,0,147,21,5,31,0,Afternoon,2026-05-31 12:15:00,75.0,78.05333333333333,76.42857142857143,78.67220183486239,3,1.0,WARNING,1
2026-06-01,Monday,2,10:00 AM,Financial Management,Prof. Sharma,4,MBA,A,Room 202,120,97,80.83,Theory,0,0,0,148,22,6,1,0,Morning,2026-06-01 10:00:00,70.83,71.38666666666666,73.92857142857143,78.9210138888889,1,21.75,SAFE,2
2026-06-01,Monday,4,12:15 PM,Python Programming,Prof. Deshmukh,2,MBA,A,Lab 2,120,105,87.5,Practical,0,0,0,148,22,6,1,0,Afternoon,2026-06-01 12:15:00,80.83,75.55333333333333,72.73714285714286,80.83,2,2.25,SAFE,2
2026-06-02,Tuesday,3,11:15 AM,HR Analytics,Prof. Kulkarni,2,MBA,A,Lab 1,120,114,95.0,Practical,0,0,0,149,22,6,2,0,Morning,2026-06-02 11:15:00,87.5,79.72,78.21285714285715,84.16499999999999,1,23.0,SAFE,2
2026-06-02,Tuesday,4,12:15 PM,Cloud Computing,Prof. Sharma,4,MBA,A,Room 202,120,75,62.5,Theory,0,0,1,149,22,6,2,0,Afternoon,2026-06-02 12:15:00,95.0,87.77666666666666,81.18857142857142,87.77666666666666,2,1.0,WARNING,1
2026-06-02,Tuesday,5,02:00 PM,HR Analytics,Prof. Kulkarni,2,MBA,A,Lab 2,120,105,87.5,Practical,0,0,1,149,22,6,2,0,Afternoon,2026-06-02 14:00:00,62.5,81.66666666666667,77.14142857142858,81.4575,3,1.75,SAFE,2
2026-06-02,Tuesday,5,02:00 PM,Web Development,Akash Upadhayay,2,MBA,A,Room 202,120,70,58.33,Theory,1,0,0,149,22,6,2,0,Afternoon,2026-06-02 14:00:00,87.5,81.66666666666667,79.88,82.666,4,24.0,WARNING,1
2026-06-02,Tuesday,5,02:00 PM,Machine Learning,Prof. Kulkarni,4,MBA,A,Lab 1,120,83,69.17,Practical,0,0,1,149,22,6,2,0,Afternoon,2026-06-02 14:00:00,58.33,69.44333333333333,77.49857142857142,78.61,5,24.0,WARNING,1
2026-06-03,Wednesday,1,09:00 AM,Machine Learning,Prof. Patil,2,MBA,A,Lab 2,120,91,75.83,Practical,0,1,0,150,22,6,3,0,Morning,2026-06-03 09:00:00,69.17,71.66666666666667,77.26142857142857,77.26142857142858,1,19.0,SAFE,2
2026-06-03,Wednesday,4,12:15 PM,Advanced DBMS,Prof. Sharma,4,MBA,A,Lab 1,120,87,72.5,Practical,1,0,0,150,22,6,3,0,Afternoon,2026-06-03 12:15:00,75.83,67.77666666666666,76.54714285714284,77.0825,2,3.25,WARNING,1
2026-06-03,Wednesday,4,12:15 PM,Advanced DBMS,Prof. Sharma,4,MBA,A,Lab 2,120,108,90.0,Practical,0,0,0,150,22,6,3,0,Afternoon,2026-06-03 12:15:00,72.5,72.5,74.4042857142857,76.57333333333332,3,24.0,SAFE,2
2026-06-03,Wednesday,6,03:00 PM,Financial Management,Prof. Sharma,4,MBA,A,Room 202,120,95,78.89,Theory,1,0,0,150,22,6,3,0,Afternoon,2026-06-03 15:00:00,90.0,79.44333333333333,73.68999999999998,77.916,4,2.75,SAFE,2
2026-01-05,Monday,5,02:00 PM,Web Development,Akash Upadhayay,2,MBA,B,Room 201,120,69,57.5,Theory,0,0,1,1,1,1,5,0,Afternoon,2026-01-05 14:00:00,78.9210138888889,78.9210138888889,78.9210138888889,80.0645054945055,1,24.0,WARNING,1
2026-01-05,Monday,6,03:00 PM,Python Programming,Ishwari Gaikwad,2,MBA,B,Room 202,120,98,81.67,Theory,0,0,0,1,1,1,5,0,Afternoon,2026-01-05 15:00:00,57.5,57.5,57.5,79.81923913043478,2,1.0,SAFE,2
2026-01-06,Tuesday,2,10:00 AM,Python Programming,Prof. Deshmukh,4,MBA,B,Room 202,120,77,64.17,Theory,1,0,0,2,1,1,6,0,Morning,2026-01-06 10:00:00,81.67,69.58500000000001,69.58500000000001,79.83913978494624,1,19.0,WARNING,1
2026-01-06,Tuesday,6,03:00 PM,Machine Learning,Prof. Deshmukh,4,MBA,B,Lab 1,120,87,72.5,Practical,0,0,0,2,1,1,6,0,Afternoon,2026-01-06 15:00:00,64.17,67.78,67.78,79.67244680851064,2,5.0,WARNING,1
2026-01-07,Wednesday,3,11:15 AM,Financial Management,Prof. Kulkarni,2,MBA,B,Lab 2,120,117,97.5,Practical,0,0,0,3,1,1,7,0,Morning,2026-01-07 11:15:00,72.5,72.78,68.96000000000001,79.59694736842106,1,20.25,SAFE,2
2026-01-07,Wednesday,5,02:00 PM,Machine Learning,Prof. Sharma,4,MBA,B,Room 201,120,105,87.5,Theory,0,0,0,3,1,1,7,0,Afternoon,2026-01-07 14:00:00,97.5,78.05666666666667,74.668,79.7834375,2,2.75,SAFE,2
2026-01-07,Wednesday,6,03:00 PM,Python Programming,Ishwari Gaikwad,4,MBA,B,Room 201,120,91,75.83,Theory,0,0,0,3,1,1,7,0,Afternoon,2026-01-07 15:00:00,87.5,85.83333333333333,76.80666666666667,79.86298969072165,3,1.0,SAFE,2
2026-01-09,Friday,3,11:15 AM,Machine Learning,Ishwari Gaikwad,2,MBA,B,Lab 1,120,85,70.83,Practical,0,0,1,5,1,1,9,0,Morning,2026-01-09 11:15:00,75.83,86.94333333333333,76.66714285714285,79.82183673469387,1,44.25,WARNING,1
2026-01-09,Friday,4,12:15 PM,HR Analytics,Ishwari Gaikwad,4,MBA,B,Room 202,120,95,79.17,Theory,0,0,0,5,1,1,9,0,Afternoon,2026-01-09 12:15:00,70.83,78.05333333333333,78.57142857142857,79.7310101010101,2,1.0,SAFE,2
2026-01-09,Friday,5,02:00 PM,Financial Management,Prof. Sharma,4,MBA,B,Auditorium,120,103,85.83,Theory,0,1,0,5,1,1,9,0,Afternoon,2026-01-09 14:00:00,79.17,75.27666666666666,78.21428571428571,79.7254,3,1.75,SAFE,2
2026-01-10,Saturday,3,11:15 AM,Machine Learning,Prof. Kulkarni,4,MBA,B,Room 201,120,79,65.83,Theory,0,0,1,6,1,1,10,1,Morning,2026-01-10 11:15:00,85.83,78.61,81.30857142857144,79.78584158415842,1,21.25,WARNING,1
2026-01-10,Saturday,5,02:00 PM,Web Development,Ishwari Gaikwad,4,MBA,B,Auditorium,120,110,91.67,Theory,0,1,0,6,1,1,10,1,Afternoon,2026-01-10 14:00:00,65.83,76.94333333333333,80.35571428571428,79.64901960784313,2,2.75,SAFE,2
2026-01-10,Saturday,6,03:00 PM,Cloud Computing,Akash Upadhayay,4,MBA,B,Lab 1,120,94,78.33,Practical,0,0,0,6,1,1,10,1,Afternoon,2026-01-10 15:00:00,91.67,81.11,79.52285714285715,79.76572815533981,3,1.0,SAFE,2
2026-01-11,Monday,4,12:15 PM,HR Analytics,Prof. Patil,2,MBA,B,Auditorium,120,120,100.0,Theory,0,1,0,7,1,1,11,0,Afternoon,2026-01-11 12:15:00,78.33,78.61,78.21285714285715,79.75192307692308,1,21.25,SAFE,2
2026-01-11,Monday,4,12:15 PM,Python Programming,Prof. Deshmukh,2,MBA,B,Auditorium,120,107,89.17,Theory,0,0,0,7,1,1,11,0,Afternoon,2026-01-11 12:15:00,100.0,90.0,81.66571428571429,79.94476190476192,2,24.0,SAFE,2
2026-01-11,Monday,5,02:00 PM,Cloud Computing,Akash Upadhayay,2,MBA,B,Lab 1,120,102,85.0,Practical,0,0,0,7,1,1,11,0,Afternoon,2026-01-11 14:00:00,89.17,89.16666666666667,84.28571428571429,80.0317924528302,3,1.75,SAFE,2
2026-01-11,Monday,6,03:00 PM,Cloud Computing,Prof. Deshmukh,2,MBA,B,Room 201,120,79,65.83,Theory,0,0,0,7,1,1,11,0,Afternoon,2026-01-11 15:00:00,85.0,91.39,85.11857142857141,80.07822429906543,4,1.0,WARNING,1
2026-01-12,Monday,4,12:15 PM,HR Analytics,Akash Upadhayay,4,MBA,B,Auditorium,120,85,70.83,Theory,0,1,0,8,2,1,12,0,Afternoon,2026-01-12 12:15:00,65.83,80.0,82.26142857142858,79.9462962962963,1,21.25,WARNING,1
2026-01-13,Tuesday,1,09:00 AM,HR Analytics,Prof. Sharma,4,MBA,B,Auditorium,120,94,78.33,Theory,0,0,0,9,2,1,13,0,Morning,2026-01-13 09:00:00,70.83,73.88666666666667,82.97571428571429,79.86266055045873,1,20.75,SAFE,2
2026-01-13,Tuesday,5,02:00 PM,Cloud Computing,Prof. Deshmukh,4,MBA,B,Lab 1,120,109,90.83,Practical,0,1,0,9,2,1,13,0,Afternoon,2026-01-13 14:00:00,78.33,71.66333333333334,81.07000000000001,79.84872727272727,2,5.0,SAFE,2
2026-01-13,Tuesday,6,03:00 PM,HR Analytics,Prof. Deshmukh,2,MBA,B,Room 201,120,89,74.17,Theory,1,0,0,9,2,1,13,0,Afternoon,2026-01-13 15:00:00,90.83,79.99666666666667,82.85571428571428,79.94765765765766,3,1.0,WARNING,1
2026-01-14,Wednesday,2,10:00 AM,Financial Management,Ishwari Gaikwad,4,MBA,B,Auditorium,120,82,68.33,Theory,0,0,1,10,2,1,14,0,Morning,2026-01-14 10:00:00,74.17,81.11,79.16571428571429,79.89607142857143,1,19.0,WARNING,1
2026-01-14,Wednesday,3,11:15 AM,Python Programming,Prof. Kulkarni,2,MBA,B,Auditorium,120,92,76.67,Theory,0,0,0,10,2,1,14,0,Morning,2026-01-14 11:15:00,68.33,77.77666666666667,76.18857142857142,79.7937168141593,2,1.25,SAFE,2
2026-01-14,Wednesday,4,12:15 PM,Web Development,Prof. Patil,4,MBA,B,Auditorium,120,85,70.83,Theory,0,1,0,10,2,1,14,0,Afternoon,2026-01-14 12:15:00,76.67,73.05666666666667,74.99857142857142,79.7663157894737,3,1.0,WARNING,1
2026-01-14,Wednesday,5,02:00 PM,Python Programming,Prof. Deshmukh,4,MBA,B,Lab 1,120,117,97.5,Practical,0,0,0,10,2,1,14,0,Afternoon,2026-01-14 14:00:00,70.83,71.94333333333333,75.71285714285715,79.68860869565218,4,1.75,SAFE,2
2026-01-15,Thursday,3,11:15 AM,Cloud Computing,Akash Upadhayay,4,MBA,B,Lab 2,120,113,94.17,Practical,0,0,0,11,2,1,15,0,Morning,2026-01-15 11:15:00,97.5,81.66666666666667,79.52285714285713,79.8421551724138,1,21.25,SAFE,2
2026-01-15,Thursday,6,03:00 PM,Advanced DBMS,Ishwari Gaikwad,2,MBA,B,Room 201,120,84,70.0,Theory,0,0,0,11,2,1,15,0,Afternoon,2026-01-15 15:00:00,94.17,87.5,81.78571428571429,79.96461538461539,2,3.75,WARNING,1
2026-01-16,Friday,5,02:00 PM,Cloud Computing,Prof. Kulkarni,4,MBA,B,Lab 1,120,97,80.83,Practical,0,0,0,12,2,1,16,0,Afternoon,2026-01-16 14:00:00,70.0,87.22333333333334,78.80999999999999,79.88016949152542,1,23.0,SAFE,2
2026-01-17,Saturday,1,09:00 AM,HR Analytics,Ishwari Gaikwad,4,MBA,B,Room 201,120,81,67.5,Theory,0,0,0,13,2,1,17,1,Morning,2026-01-17 09:00:00,80.83,81.66666666666667,79.76142857142857,79.8881512605042,1,19.0,WARNING,1
2026-01-17,Saturday,2,10:00 AM,HR Analytics,Prof. Deshmukh,2,MBA,B,Auditorium,120,107,89.17,Theory,0,1,0,13,2,1,17,1,Morning,2026-01-17 10:00:00,67.5,72.77666666666666,79.64285714285714,79.78491666666667,2,1.0,SAFE,2
2026-01-17,Saturday,4,12:15 PM,Web Development,Prof. Sharma,4,MBA,B,Lab 1,120,100,83.33,Practical,0,0,0,13,2,1,17,1,Afternoon,2026-01-17 12:15:00,89.17,79.16666666666667,81.42857142857143,79.86247933884297,3,2.25,SAFE,2
2026-01-18,Monday,3,11:15 AM,Python Programming,Prof. Deshmukh,4,MBA,B,Lab 1,120,87,72.5,Practical,0,0,1,14,2,1,18,0,Morning,2026-01-18 11:15:00,83.33,80.0,83.21428571428571,79.89090163934426,1,23.0,WARNING,1
2026-01-18,Monday,5,02:00 PM,Python Programming,Prof. Patil,2,MBA,B,Auditorium,120,75,62.5,Theory,0,0,1,14,2,1,18,0,Afternoon,2026-01-18 14:00:00,72.5,81.66666666666667,79.64285714285714,79.83081300813008,2,2.75,WARNING,1
2026-01-18,Monday,5,02:00 PM,Cloud Computing,Prof. Deshmukh,4,MBA,B,Room 201,120,98,81.67,Theory,0,0,0,14,2,1,18,0,Afternoon,2026-01-18 14:00:00,62.5,72.77666666666666,75.11857142857141,79.69104838709679,3,24.0,SAFE,2
2026-01-19,Monday,1,09:00 AM,Python Programming,Prof. Patil,4,MBA,B,Auditorium,120,81,67.5,Theory,0,0,0,15,3,1,19,0,Morning,2026-01-19 09:00:00,81.67,72.22333333333334,76.78571428571429,79.70688,1,19.0,WARNING,1
2026-01-19,Monday,2,10:00 AM,Machine Learning,Prof. Deshmukh,4,MBA,B,Lab 1,120,102,85.0,Practical,0,0,0,15,3,1,19,0,Morning,2026-01-19 10:00:00,67.5,70.55666666666667,74.88142857142857,79.61,2,1.0,SAFE,2
2026-01-19,Monday,2,10:00 AM,Financial Management,Akash Upadhayay,2,MBA,B,Lab 1,120,78,65.0,Practical,1,1,0,15,3,1,19,0,Morning,2026-01-19 10:00:00,85.0,78.05666666666667,77.38142857142857,79.65244094488189,3,24.0,WARNING,1
2026-01-20,Tuesday,1,09:00 AM,Advanced DBMS,Akash Upadhayay,2,MBA,B,Lab 1,120,98,81.67,Practical,0,0,0,16,3,1,20,0,Morning,2026-01-20 09:00:00,65.0,72.5,73.92857142857143,79.53796875,1,23.0,SAFE,2
2026-01-21,Wednesday,3,11:15 AM,Advanced DBMS,Prof. Sharma,4,MBA,B,Room 201,120,104,86.67,Theory,0,0,0,17,3,1,21,0,Morning,2026-01-21 11:15:00,81.67,77.22333333333333,73.69142857142857,79.55449612403102,1,26.25,SAFE,2
2026-01-22,Thursday,4,12:15 PM,Python Programming,Prof. Patil,2,MBA,B,Lab 1,120,103,85.83,Practical,0,0,0,18,3,1,22,0,Afternoon,2026-01-22 12:15:00,86.67,77.78000000000002,75.71571428571428,79.60923076923078,1,25.0,SAFE,2
2026-01-22,Thursday,5,02:00 PM,Python Programming,Ishwari Gaikwad,2,MBA,B,Auditorium,120,117,97.5,Theory,0,0,0,18,3,1,22,0,Afternoon,2026-01-22 14:00:00,85.83,84.72333333333334,79.04857142857144,79.65671755725191,2,1.75,SAFE,2
2026-01-23,Friday,3,11:15 AM,Cloud Computing,Prof. Patil,4,MBA,B,Room 202,120,104,86.67,Theory,0,1,0,19,3,1,23,0,Morning,2026-01-23 11:15:00,97.5,90.0,81.30999999999999,79.79189393939394,1,21.25,SAFE,2
2026-01-23,Friday,5,02:00 PM,Advanced DBMS,Ishwari Gaikwad,2,MBA,B,Auditorium,120,103,85.83,Theory,0,0,0,19,3,1,23,0,Afternoon,2026-01-23 14:00:00,86.67,90.0,84.04857142857144,79.8436090225564,2,2.75,SAFE,2
2026-01-24,Saturday,1,09:00 AM,Cloud Computing,Prof. Kulkarni,2,MBA,B,Lab 2,120,94,78.33,Practical,0,0,0,20,3,1,24,1,Morning,2026-01-24 09:00:00,85.83,90.0,84.16714285714285,79.88828358208956,1,19.0,SAFE,2
2026-01-24,Saturday,1,09:00 AM,Financial Management,Akash Upadhayay,4,MBA,B,Room 202,120,87,72.5,Theory,0,1,0,20,3,1,24,1,Morning,2026-01-24 09:00:00,78.33,83.61,86.07142857142857,79.87674074074074,2,24.0,WARNING,1
2026-01-24,Saturday,1,09:00 AM,Web Development,Prof. Patil,4,MBA,B,Room 201,120,76,63.33,Theory,0,0,0,20,3,1,24,1,Morning,2026-01-24 09:00:00,72.5,78.88666666666666,84.76142857142858,79.8225,3,24.0,WARNING,1
2026-01-25,Monday,2,10:00 AM,Machine Learning,Ishwari Gaikwad,2,MBA,B,Lab 2,120,108,90.0,Practical,0,0,0,21,3,1,25,0,Morning,2026-01-25 10:00:00,63.33,71.38666666666667,81.42714285714285,79.70211678832118,1,25.0,SAFE,2
2026-01-25,Monday,3,11:15 AM,HR Analytics,Prof. Deshmukh,4,MBA,B,Lab 1,120,102,85.0,Practical,0,0,0,21,3,1,25,0,Morning,2026-01-25 11:15:00,90.0,75.27666666666666,82.02285714285713,79.77673913043479,2,1.25,SAFE,2
2026-01-25,Monday,5,02:00 PM,HR Analytics,Akash Upadhayay,2,MBA,B,Lab 1,120,114,95.0,Practical,0,0,0,21,3,1,25,0,Afternoon,2026-01-25 14:00:00,85.0,79.44333333333333,80.23714285714286,79.8143165467626,3,2.75,SAFE,2
2026-01-26,Monday,3,11:15 AM,Python Programming,Prof. Deshmukh,2,MBA,B,Room 201,120,59,49.17,Theory,1,0,1,22,4,1,26,0,Morning,2026-01-26 11:15:00,95.0,90.0,81.42714285714285,79.92278571428572,1,21.25,CRITICAL,0
2026-01-26,Monday,4,12:15 PM,Python Programming,Prof. Sharma,2,MBA,B,Room 202,120,96,80.0,Theory,0,0,0,22,4,1,26,0,Afternoon,2026-01-26 12:15:00,49.17,76.39,76.18999999999998,79.70468085106383,2,1.0,SAFE,2
2026-01-26,Monday,4,12:15 PM,Python Programming,Prof. Patil,2,MBA,B,Lab 1,120,85,70.83,Practical,0,0,0,22,4,1,26,0,Afternoon,2026-01-26 12:15:00,80.0,74.72333333333334,76.42857142857143,79.70676056338029,3,24.0,WARNING,1
2026-01-27,Tuesday,3,11:15 AM,Financial Management,Ishwari Gaikwad,2,MBA,B,Auditorium,120,102,85.0,Theory,0,1,0,23,4,1,27,0,Morning,2026-01-27 11:15:00,70.83,66.66666666666667,76.18999999999998,79.64468531468532,1,23.0,SAFE,2
2026-01-27,Tuesday,4,12:15 PM,Machine Learning,Prof. Sharma,4,MBA,B,Room 201,120,107,89.17,Theory,0,1,0,23,4,1,27,0,Afternoon,2026-01-27 12:15:00,85.0,78.61,79.28571428571429,79.681875,2,1.0,SAFE,2
2026-01-27,Tuesday,4,12:15 PM,Python Programming,Prof. Deshmukh,2,MBA,B,Lab 1,120,108,90.0,Practical,0,0,0,23,4,1,27,0,Afternoon,2026-01-27 12:15:00,89.17,81.66666666666667,79.16714285714285,79.7473103448276,3,24.0,SAFE,2
2026-01-27,Tuesday,6,03:00 PM,HR Analytics,Prof. Deshmukh,4,MBA,B,Lab 2,120,103,85.83,Practical,0,0,0,23,4,1,27,0,Afternoon,2026-01-27 15:00:00,90.0,88.05666666666667,79.88142857142857,79.81753424657535,4,2.75,SAFE,2
2026-01-28,Wednesday,5,02:00 PM,Cloud Computing,Prof. Sharma,4,MBA,B,Auditorium,120,98,81.67,Theory,1,1,0,24,4,1,28,0,Afternoon,2026-01-28 14:00:00,85.83,88.33333333333333,78.57142857142857,79.85843537414966,1,23.0,SAFE,2
2026-01-28,Wednesday,6,03:00 PM,Machine Learning,Prof. Sharma,2,MBA,B,Lab 2,120,94,78.33,Practical,0,0,0,24,4,1,28,0,Afternoon,2026-01-28 15:00:00,81.67,85.83333333333333,83.21428571428571,79.87067567567568,2,1.0,SAFE,2
2026-01-29,Thursday,3,11:15 AM,Machine Learning,Prof. Sharma,4,MBA,B,Lab 2,120,117,97.5,Practical,0,0,0,25,4,1,29,0,Morning,2026-01-29 11:15:00,78.33,81.94333333333333,82.97571428571428,79.8603355704698,1,20.25,SAFE,2
2026-01-29,Thursday,4,12:15 PM,Financial Management,Ishwari Gaikwad,2,MBA,B,Room 202,120,101,84.17,Theory,0,0,0,25,4,1,29,0,Afternoon,2026-01-29 12:15:00,97.5,85.83333333333333,86.78571428571429,79.97793333333334,2,1.0,SAFE,2
2026-01-30,Friday,2,10:00 AM,Financial Management,Prof. Deshmukh,2,MBA,B,Lab 2,120,112,93.33,Practical,0,0,0,26,4,1,30,0,Morning,2026-01-30 10:00:00,84.17,86.66666666666667,86.66714285714285,80.00569536423842,1,21.75,SAFE,2
2026-01-30,Friday,3,11:15 AM,Python Programming,Prof. Sharma,2,MBA,B,Room 201,120,85,70.83,Theory,1,0,0,26,4,1,30,0,Morning,2026-01-30 11:15:00,93.33,91.66666666666667,87.26142857142858,80.0933552631579,2,1.25,WARNING,1
2026-01-30,Friday,3,11:15 AM,Python Programming,Prof. Kulkarni,2,MBA,B,Auditorium,120,100,83.33,Theory,0,1,0,26,4,1,30,0,Morning,2026-01-30 11:15:00,70.83,82.77666666666666,84.52285714285715,80.03281045751635,3,24.0,SAFE,2
2026-01-30,Friday,3,11:15 AM,Machine Learning,Prof. Sharma,4,MBA,B,Room 202,120,108,90.0,Theory,0,0,0,26,4,1,30,0,Morning,2026-01-30 11:15:00,83.33,82.49666666666666,84.16571428571429,80.05422077922078,4,24.0,SAFE,2
2026-01-30,Friday,4,12:15 PM,Web Development,Prof. Sharma,2,MBA,B,Auditorium,120,100,83.33,Theory,0,0,0,26,4,1,30,0,Afternoon,2026-01-30 12:15:00,90.0,81.38666666666667,85.35571428571428,80.1183870967742,5,1.0,SAFE,2
2026-01-31,Saturday,1,09:00 AM,Python Programming,Prof. Patil,4,MBA,B,Auditorium,120,87,72.5,Theory,0,0,0,27,4,1,31,1,Morning,2026-01-31 09:00:00,83.33,85.55333333333333,86.07000000000001,80.13897435897437,1,20.75,WARNING,1
2026-01-31,Saturday,2,10:00 AM,Python Programming,Prof. Deshmukh,4,MBA,B,Lab 1,120,98,81.67,Practical,0,0,0,27,4,1,31,1,Morning,2026-01-31 10:00:00,72.5,81.94333333333333,82.49857142857142,80.09031847133758,2,1.0,SAFE,2
2026-01-31,Saturday,2,10:00 AM,Financial Management,Ishwari Gaikwad,2,MBA,B,Auditorium,120,79,65.83,Theory,0,0,0,27,4,1,31,1,Morning,2026-01-31 10:00:00,81.67,79.16666666666667,82.14142857142858,80.1003164556962,3,24.0,WARNING,1
2026-01-31,Saturday,2,10:00 AM,Financial Management,Ishwari Gaikwad,4,MBA,B,Room 202,120,109,90.83,Theory,0,0,0,27,4,1,31,1,Morning,2026-01-31 10:00:00,65.83,73.33333333333333,78.21285714285715,80.01056603773586,4,24.0,SAFE,2
2026-01-31,Saturday,2,10:00 AM,Financial Management,Ishwari Gaikwad,2,MBA,B,Room 201,120,90,75.0,Theory,0,0,0,27,4,1,31,1,Morning,2026-01-31 10:00:00,90.83,79.44333333333334,81.07000000000001,80.0781875,5,24.0,WARNING,1
2026-01-31,Saturday,3,11:15 AM,Web Development,Prof. Sharma,4,MBA,B,Room 202,120,96,80.0,Theory,0,0,0,27,4,1,31,1,Morning,2026-01-31 11:15:00,75.0,77.22,79.88,80.04664596273292,6,1.25,SAFE,2
2026-01-31,Saturday,6,03:00 PM,HR Analytics,Akash Upadhayay,4,MBA,B,Auditorium,120,85,70.83,Theory,0,0,0,27,4,1,31,1,Afternoon,2026-01-31 15:00:00,80.0,81.94333333333333,78.45142857142856,80.04635802469136,7,3.75,WARNING,1
2026-02-01,Monday,3,11:15 AM,Advanced DBMS,Prof. Kulkarni,2,MBA,B,Room 202,120,102,85.0,Theory,0,0,0,28,4,2,1,0,Morning,2026-02-01 11:15:00,70.83,75.27666666666666,76.66571428571429,76.05412371134021,1,20.25,SAFE,2
2026-02-01,Monday,3,11:15 AM,Advanced DBMS,Prof. Patil,2,MBA,B,Room 201,120,79,65.83,Theory,1,0,0,28,4,2,1,0,Morning,2026-02-01 11:15:00,85.0,78.61,78.45142857142856,76.1454081632653,2,24.0,WARNING,1
2026-02-01,Monday,5,02:00 PM,HR Analytics,Akash Upadhayay,2,MBA,B,Room 201,120,77,64.17,Theory,0,0,0,28,4,2,1,0,Afternoon,2026-02-01 14:00:00,65.83,73.88666666666667,76.18857142857144,76.04121212121213,3,2.75,WARNING,1
2026-02-02,Monday,2,10:00 AM,Cloud Computing,Akash Upadhayay,2,MBA,B,Room 202,120,94,78.33,Theory,0,0,0,29,5,2,2,0,Morning,2026-02-02 10:00:00,64.17,71.66666666666667,75.95142857142856,75.9225,1,20.0,SAFE,2
2026-02-03,Tuesday,1,09:00 AM,Financial Management,Prof. Kulkarni,4,MBA,B,Room 202,120,59,49.17,Theory,0,0,1,30,5,2,3,0,Morning,2026-02-03 09:00:00,78.33,69.44333333333333,74.16571428571429,75.94633663366336,1,23.0,CRITICAL,0
2026-02-03,Tuesday,3,11:15 AM,Python Programming,Prof. Deshmukh,2,MBA,B,Room 201,120,103,85.83,Theory,0,1,0,30,5,2,3,0,Morning,2026-02-03 11:15:00,49.17,63.89000000000001,70.47571428571429,75.68382352941177,2,2.25,SAFE,2
2026-02-03,Tuesday,4,12:15 PM,Web Development,Ishwari Gaikwad,4,MBA,B,Room 201,120,104,86.67,Theory,0,0,0,30,5,2,3,0,Afternoon,2026-02-03 12:15:00,85.83,71.11,71.30857142857143,75.78233009708738,3,1.0,SAFE,2
2026-02-03,Tuesday,5,02:00 PM,Advanced DBMS,Akash Upadhayay,4,MBA,B,Room 202,120,96,80.0,Theory,0,0,0,30,5,2,3,0,Afternoon,2026-02-03 14:00:00,86.67,73.89,73.57142857142857,75.88701923076923,4,1.75,SAFE,2
2026-02-04,Wednesday,2,10:00 AM,Machine Learning,Prof. Deshmukh,2,MBA,B,Lab 2,120,100,83.33,Practical,0,0,0,31,5,2,4,0,Morning,2026-02-04 10:00:00,80.0,84.16666666666667,72.85714285714286,75.92619047619047,1,20.0,SAFE,2
2026-02-04,Wednesday,4,12:15 PM,Machine Learning,Prof. Patil,4,MBA,B,Room 202,120,110,91.67,Theory,0,0,0,31,5,2,4,0,Afternoon,2026-02-04 12:15:00,83.33,83.33333333333333,75.35714285714286,75.99603773584906,2,2.25,SAFE,2
2026-02-04,Wednesday,6,03:00 PM,Machine Learning,Prof. Sharma,2,MBA,B,Auditorium,120,95,79.17,Theory,0,0,0,31,5,2,4,0,Afternoon,2026-02-04 15:00:00,91.67,85.0,79.28571428571429,76.14252336448598,3,2.75,SAFE,2
2026-02-05,Thursday,1,09:00 AM,Cloud Computing,Prof. Patil,2,MBA,B,Lab 1,120,106,88.33,Practical,0,0,0,32,5,2,5,0,Morning,2026-02-05 09:00:00,79.17,84.72333333333334,79.40571428571427,76.17055555555555,1,18.0,SAFE,2
2026-02-05,Thursday,3,11:15 AM,Advanced DBMS,Prof. Deshmukh,2,MBA,B,Lab 2,120,79,65.83,Practical,0,0,1,32,5,2,5,0,Morning,2026-02-05 11:15:00,88.33,86.39,85.0,76.28211009174312,2,2.25,WARNING,1
2026-02-06,Friday,1,09:00 AM,Python Programming,Prof. Patil,4,MBA,B,Room 202,120,99,82.5,Theory,0,1,0,33,5,2,6,0,Morning,2026-02-06 09:00:00,65.83,77.77666666666666,82.14285714285714,76.18709090909091,1,21.75,SAFE,2
2026-02-06,Friday,2,10:00 AM,Python Programming,Prof. Sharma,2,MBA,B,Auditorium,120,71,59.17,Theory,0,0,1,33,5,2,6,0,Morning,2026-02-06 10:00:00,82.5,78.88666666666666,81.54714285714286,76.24396396396396,2,1.0,WARNING,1
2026-02-06,Friday,3,11:15 AM,Machine Learning,Prof. Deshmukh,2,MBA,B,Lab 1,120,101,84.17,Practical,1,0,0,33,5,2,6,0,Morning,2026-02-06 11:15:00,59.17,69.16666666666667,78.57142857142857,76.09151785714286,3,1.25,SAFE,2
2026-02-06,Friday,4,12:15 PM,Advanced DBMS,Ishwari Gaikwad,2,MBA,B,Room 202,120,109,90.83,Theory,0,0,0,33,5,2,6,0,Afternoon,2026-02-06 12:15:00,84.17,75.28000000000002,78.69142857142856,76.16300884955753,4,1.0,SAFE,2
2026-02-06,Friday,5,02:00 PM,Machine Learning,Prof. Sharma,2,MBA,B,Lab 1,120,117,97.5,Practical,0,0,0,33,5,2,6,0,Afternoon,2026-02-06 14:00:00,90.83,78.05666666666667,78.57142857142857,76.29166666666667,5,1.75,SAFE,2
2026-02-07,Saturday,5,02:00 PM,Machine Learning,Ishwari Gaikwad,4,MBA,B,Auditorium,120,94,78.33,Theory,0,0,0,34,5,2,7,1,Afternoon,2026-02-07 14:00:00,97.5,90.83333333333333,81.19000000000001,76.47608695652174,1,24.0,SAFE,2
2026-02-07,Saturday,5,02:00 PM,Cloud Computing,Prof. Kulkarni,4,MBA,B,Lab 2,120,74,61.67,Practical,1,0,0,34,5,2,7,1,Afternoon,2026-02-07 14:00:00,78.33,88.88666666666666,79.76142857142858,76.49206896551723,2,24.0,WARNING,1
2026-02-08,Monday,1,09:00 AM,Cloud Computing,Akash Upadhayay,4,MBA,B,Lab 2,120,108,90.0,Practical,0,0,0,35,5,2,8,0,Morning,2026-02-08 09:00:00,61.67,79.16666666666667,79.16714285714285,76.36538461538461,1,19.0,SAFE,2
2026-02-08,Monday,1,09:00 AM,Advanced DBMS,Prof. Patil,4,MBA,B,Lab 2,120,91,75.83,Practical,0,0,0,35,5,2,8,0,Morning,2026-02-08 09:00:00,90.0,76.66666666666667,80.23857142857142,76.48093220338983,2,24.0,SAFE,2
2026-02-08,Monday,3,11:15 AM,Cloud Computing,Prof. Patil,2,MBA,B,Lab 1,120,82,68.33,Practical,0,0,1,35,5,2,8,0,Morning,2026-02-08 11:15:00,75.83,75.83333333333333,82.61857142857143,76.47546218487395,3,2.25,WARNING,1
2026-02-08,Monday,3,11:15 AM,Financial Management,Prof. Sharma,4,MBA,B,Auditorium,120,84,70.0,Theory,0,0,0,35,5,2,8,0,Morning,2026-02-08 11:15:00,68.33,78.05333333333333,80.35571428571428,76.40758333333333,4,24.0,WARNING,1
2026-02-09,Monday,3,11:15 AM,Web Development,Ishwari Gaikwad,4,MBA,B,Lab 2,120,97,80.83,Practical,0,0,0,36,6,2,9,0,Morning,2026-02-09 11:15:00,70.0,71.38666666666667,77.38,76.35462809917355,1,24.0,SAFE,2
2026-02-10,Tuesday,2,10:00 AM,Web Development,Ishwari Gaikwad,4,MBA,B,Room 201,120,106,88.33,Theory,0,1,0,37,6,2,10,0,Morning,2026-02-10 10:00:00,80.83,73.05333333333333,74.99857142857142,76.39131147540984,1,22.75,SAFE,2
2026-02-10,Tuesday,5,02:00 PM,Cloud Computing,Prof. Kulkarni,4,MBA,B,Room 202,120,104,86.67,Theory,0,0,0,37,6,2,10,0,Afternoon,2026-02-10 14:00:00,88.33,79.72,76.42714285714285,76.48837398373983,2,4.0,SAFE,2
2026-02-11,Wednesday,2,10:00 AM,Financial Management,Akash Upadhayay,4,MBA,B,Room 202,120,80,66.67,Theory,1,0,0,38,6,2,11,0,Morning,2026-02-11 10:00:00,86.67,85.27666666666666,79.99857142857142,76.57048387096773,1,20.0,WARNING,1
2026-02-11,Wednesday,3,11:15 AM,Financial Management,Prof. Kulkarni,2,MBA,B,Lab 1,120,114,95.0,Practical,0,1,0,38,6,2,11,0,Morning,2026-02-11 11:15:00,66.67,80.55666666666667,76.66571428571429,76.49128,2,1.25,SAFE,2
2026-02-11,Wednesday,4,12:15 PM,Advanced DBMS,Akash Upadhayay,4,MBA,B,Lab 1,120,106,88.33,Practical,0,1,1,38,6,2,11,0,Afternoon,2026-02-11 12:15:00,95.0,82.78,79.4042857142857,76.6381746031746,3,1.0,SAFE,2
2026-02-12,Thursday,2,10:00 AM,Web Development,Prof. Deshmukh,2,MBA,B,Lab 2,120,59,49.17,Practical,1,0,0,39,6,2,12,0,Morning,2026-02-12 10:00:00,88.33,83.33333333333333,82.26142857142857,76.73023622047243,1,21.75,CRITICAL,0
2026-02-12,Thursday,2,10:00 AM,Cloud Computing,Ishwari Gaikwad,2,MBA,B,Lab 1,120,108,90.0,Practical,0,1,0,39,6,2,12,0,Morning,2026-02-12 10:00:00,49.17,77.5,79.28571428571429,76.514921875,2,24.0,SAFE,2
2026-02-12,Thursday,5,02:00 PM,Machine Learning,Ishwari Gaikwad,4,MBA,B,Room 202,120,106,88.33,Theory,0,0,0,39,6,2,12,0,Afternoon,2026-02-12 14:00:00,90.0,75.83333333333333,80.59571428571428,76.61945736434109,3,4.0,SAFE,2
2026-02-13,Friday,1,09:00 AM,HR Analytics,Prof. Patil,4,MBA,B,Lab 2,120,95,79.17,Practical,0,0,0,40,6,2,13,0,Morning,2026-02-13 09:00:00,88.33,75.83333333333333,80.5957142857143,76.70953846153846,1,19.0,SAFE,2
2026-02-13,Friday,1,09:00 AM,Python Programming,Prof. Deshmukh,2,MBA,B,Lab 1,120,75,62.5,Practical,0,0,0,40,6,2,13,0,Morning,2026-02-13 09:00:00,79.17,85.83333333333333,79.52428571428571,76.72832061068702,2,24.0,WARNING,1
2026-02-13,Friday,2,10:00 AM,Advanced DBMS,Akash Upadhayay,2,MBA,B,Lab 2,120,80,66.67,Practical,0,0,1,40,6,2,13,0,Morning,2026-02-13 10:00:00,62.5,76.66666666666667,78.92857142857143,76.6205303030303,3,1.0,WARNING,1
2026-02-13,Friday,5,02:00 PM,Financial Management,Ishwari Gaikwad,2,MBA,B,Lab 1,120,104,86.67,Practical,0,0,1,40,6,2,13,0,Afternoon,2026-02-13 14:00:00,66.67,69.44666666666667,74.88142857142857,76.54571428571428,4,4.0,SAFE,2
2026-02-13,Friday,5,02:00 PM,Financial Management,Akash Upadhayay,4,MBA,B,Room 201,120,97,80.83,Theory,0,0,0,40,6,2,13,0,Afternoon,2026-02-13 14:00:00,86.67,71.94666666666667,74.64428571428572,76.62126865671642,5,24.0,SAFE,2
2026-02-14,Saturday,2,10:00 AM,Advanced DBMS,Ishwari Gaikwad,4,MBA,B,Auditorium,120,94,78.33,Theory,0,0,0,41,6,2,14,1,Morning,2026-02-14 10:00:00,80.83,78.05666666666667,79.16714285714285,76.65244444444444,1,20.0,SAFE,2
2026-02-14,Saturday,3,11:15 AM,Advanced DBMS,Prof. Kulkarni,2,MBA,B,Lab 2,120,103,85.83,Practical,0,0,0,41,6,2,14,1,Morning,2026-02-14 11:15:00,78.33,81.94333333333333,77.5,76.6647794117647,2,1.25,SAFE,2
2026-02-14,Saturday,3,11:15 AM,Python Programming,Prof. Kulkarni,4,MBA,B,Room 201,120,95,79.17,Theory,0,0,0,41,6,2,14,1,Morning,2026-02-14 11:15:00,85.83,81.66333333333334,77.14285714285714,76.73167883211678,3,24.0,SAFE,2
2026-02-14,Saturday,4,12:15 PM,Financial Management,Prof. Deshmukh,2,MBA,B,Room 202,120,96,80.0,Theory,0,0,0,41,6,2,14,1,Afternoon,2026-02-14 12:15:00,79.17,81.11,77.14285714285714,76.74934782608696,4,1.0,SAFE,2
2026-02-14,Saturday,4,12:15 PM,Cloud Computing,Prof. Patil,4,MBA,B,Room 201,120,102,85.0,Theory,0,0,0,41,6,2,14,1,Afternoon,2026-02-14 12:15:00,80.0,81.66666666666667,79.64285714285714,76.77273381294964,5,24.0,SAFE,2
2026-02-15,Monday,1,09:00 AM,HR Analytics,Prof. Sharma,4,MBA,B,Room 202,120,80,66.67,Theory,0,0,0,42,6,2,15,0,Morning,2026-02-15 09:00:00,85.0,81.39,82.26142857142858,76.8315,1,20.75,WARNING,1
2026-02-15,Monday,2,10:00 AM,Cloud Computing,Prof. Kulkarni,2,MBA,B,Lab 1,120,109,90.83,Practical,0,0,0,42,6,2,15,0,Morning,2026-02-15 10:00:00,66.67,77.22333333333334,79.40428571428572,76.75943262411347,2,1.0,SAFE,2
2026-02-15,Monday,2,10:00 AM,Web Development,Akash Upadhayay,2,MBA,B,Room 201,120,59,49.17,Theory,0,0,0,42,6,2,15,0,Morning,2026-02-15 10:00:00,90.83,80.83333333333333,80.83285714285714,76.85852112676056,3,24.0,CRITICAL,0
2026-02-15,Monday,4,12:15 PM,Web Development,Prof. Patil,2,MBA,B,Lab 2,120,115,95.83,Practical,0,0,0,42,6,2,15,0,Afternoon,2026-02-15 12:15:00,49.17,68.89,76.66714285714285,76.66489510489511,4,2.25,SAFE,2
2026-02-15,Monday,5,02:00 PM,Web Development,Prof. Patil,4,MBA,B,Auditorium,120,92,76.67,Theory,0,0,0,42,6,2,15,0,Afternoon,2026-02-15 14:00:00,95.83,78.61,78.09571428571428,76.79798611111111,5,1.75,SAFE,2
2026-02-16,Monday,3,11:15 AM,Advanced DBMS,Ishwari Gaikwad,2,MBA,B,Room 201,120,79,65.83,Theory,0,0,0,43,7,2,16,0,Morning,2026-02-16 11:15:00,76.67,73.89,77.73857142857142,76.79710344827586,1,21.25,WARNING,1
2026-02-16,Monday,3,11:15 AM,Cloud Computing,Prof. Sharma,4,MBA,B,Lab 2,120,105,87.5,Practical,0,0,0,43,7,2,16,0,Morning,2026-02-16 11:15:00,65.83,79.44333333333333,75.71428571428571,76.72198630136987,2,24.0,SAFE,2
2026-02-16,Monday,4,12:15 PM,Advanced DBMS,Prof. Kulkarni,2,MBA,B,Lab 2,120,111,92.5,Practical,0,0,0,43,7,2,16,0,Afternoon,2026-02-16 12:15:00,87.5,76.66666666666667,76.07142857142857,76.79530612244898,3,1.0,SAFE,2
2026-02-16,Monday,4,12:15 PM,Advanced DBMS,Prof. Deshmukh,4,MBA,B,Lab 1,120,87,72.5,Practical,0,1,0,43,7,2,16,0,Afternoon,2026-02-16 12:15:00,92.5,81.94333333333333,79.76142857142858,76.90141891891892,4,24.0,WARNING,1
2026-02-16,Monday,6,03:00 PM,Advanced DBMS,Prof. Patil,4,MBA,B,Room 202,120,78,65.0,Theory,0,0,0,43,7,2,16,0,Afternoon,2026-02-16 15:00:00,72.5,84.16666666666667,77.14285714285714,76.87187919463088,5,2.75,WARNING,1
2026-02-17,Tuesday,1,09:00 AM,Cloud Computing,Prof. Sharma,4,MBA,B,Room 202,120,88,73.33,Theory,0,0,0,44,7,2,17,0,Morning,2026-02-17 09:00:00,65.0,76.66666666666667,79.40428571428572,76.79273333333333,1,18.0,WARNING,1
2026-02-18,Wednesday,1,09:00 AM,Web Development,Prof. Patil,4,MBA,B,Auditorium,120,68,56.67,Theory,0,0,1,45,7,2,18,0,Morning,2026-02-18 09:00:00,73.33,70.27666666666666,76.18999999999998,76.7698013245033,1,24.0,WARNING,1
2026-02-18,Wednesday,6,03:00 PM,Financial Management,Akash Upadhayay,2,MBA,B,Room 202,120,95,78.89,Theory,0,0,0,45,7,2,18,0,Afternoon,2026-02-18 15:00:00,56.67,65.0,73.33285714285715,76.63756578947368,2,6.0,SAFE,2
2026-02-19,Thursday,4,12:15 PM,HR Analytics,Prof. Kulkarni,2,MBA,B,Auditorium,120,98,81.67,Theory,0,0,0,46,7,2,19,0,Afternoon,2026-02-19 12:15:00,78.89,69.63,75.19857142857143,76.65228758169934,1,21.25,SAFE,2
2026-02-20,Friday,2,10:00 AM,Machine Learning,Prof. Patil,4,MBA,B,Lab 1,120,94,78.33,Practical,1,0,0,47,7,2,20,0,Morning,2026-02-20 10:00:00,81.67,72.41000000000001,74.36571428571428,76.68487012987012,1,21.75,SAFE,2
2026-02-20,Friday,3,11:15 AM,Advanced DBMS,Prof. Deshmukh,4,MBA,B,Room 201,120,94,78.33,Theory,0,0,0,47,7,2,20,0,Morning,2026-02-20 11:15:00,78.33,79.63,72.34142857142857,76.69548387096773,2,1.25,SAFE,2
2026-02-20,Friday,6,03:00 PM,Machine Learning,Akash Upadhayay,2,MBA,B,Auditorium,120,77,64.17,Theory,1,1,0,47,7,2,20,0,Afternoon,2026-02-20 15:00:00,78.33,79.44333333333334,73.17428571428572,76.70596153846154,3,3.75,WARNING,1
2026-02-21,Saturday,1,09:00 AM,Financial Management,Ishwari Gaikwad,2,MBA,B,Room 202,120,92,76.67,Theory,0,0,0,48,7,2,21,1,Morning,2026-02-21 09:00:00,64.17,73.61,73.05571428571429,76.62611464968153,1,18.0,SAFE,2
2026-02-21,Saturday,2,10:00 AM,HR Analytics,Prof. Deshmukh,2,MBA,B,Lab 1,120,108,90.0,Practical,0,0,0,48,7,2,21,1,Morning,2026-02-21 10:00:00,76.67,73.05666666666667,73.53285714285714,76.62639240506329,2,1.0,SAFE,2
2026-02-21,Saturday,3,11:15 AM,Financial Management,Akash Upadhayay,2,MBA,B,Room 202,120,75,62.5,Theory,0,0,1,48,7,2,21,1,Morning,2026-02-21 11:15:00,90.0,76.94666666666667,78.2942857142857,76.71050314465408,3,1.25,WARNING,1
2026-02-21,Saturday,4,12:15 PM,Cloud Computing,Prof. Patil,4,MBA,B,Auditorium,120,90,75.0,Theory,0,0,0,48,7,2,21,1,Afternoon,2026-02-21 12:15:00,62.5,76.39,75.95285714285714,76.6216875,4,1.0,WARNING,1
2026-02-22,Monday,2,10:00 AM,Advanced DBMS,Prof. Kulkarni,4,MBA,B,Lab 2,120,95,79.17,Practical,0,0,0,49,7,2,22,0,Morning,2026-02-22 10:00:00,75.0,75.83333333333333,75.0,76.6116149068323,1,21.75,SAFE,2
2026-02-22,Monday,3,11:15 AM,Python Programming,Prof. Deshmukh,4,MBA,B,Room 201,120,112,93.33,Theory,0,0,0,49,7,2,22,0,Morning,2026-02-22 11:15:00,79.17,72.22333333333334,75.12,76.6274074074074,2,1.25,SAFE,2
2026-02-22,Monday,5,02:00 PM,Advanced DBMS,Prof. Sharma,4,MBA,B,Lab 2,120,69,57.5,Practical,1,0,1,49,7,2,22,0,Afternoon,2026-02-22 14:00:00,93.33,82.5,77.26285714285714,76.7298773006135,3,2.75,WARNING,1
2026-02-22,Monday,6,03:00 PM,Financial Management,Prof. Deshmukh,4,MBA,B,Auditorium,120,95,79.17,Theory,0,0,0,49,7,2,22,0,Afternoon,2026-02-22 15:00:00,57.5,76.66666666666667,76.30999999999999,76.61262195121951,4,1.0,SAFE,2
2026-02-23,Monday,1,09:00 AM,Web Development,Prof. Patil,4,MBA,B,Room 201,120,96,80.0,Theory,0,1,0,50,8,2,23,0,Morning,2026-02-23 09:00:00,79.17,76.66666666666667,76.66714285714285,76.62812121212121,1,18.0,SAFE,2
2026-02-23,Monday,2,10:00 AM,HR Analytics,Prof. Patil,4,MBA,B,Lab 2,120,102,85.0,Practical,0,0,0,50,8,2,23,0,Morning,2026-02-23 10:00:00,80.0,72.22333333333334,75.23857142857142,76.64843373493976,2,1.0,SAFE,2
2026-02-24,Tuesday,1,09:00 AM,Advanced DBMS,Akash Upadhayay,2,MBA,B,Lab 2,120,105,87.5,Practical,0,0,0,51,8,2,24,0,Morning,2026-02-24 09:00:00,85.0,81.39,78.45285714285714,76.69844311377246,1,23.0,SAFE,2
2026-02-24,Tuesday,2,10:00 AM,Cloud Computing,Prof. Patil,2,MBA,B,Lab 2,120,120,100.0,Practical,0,1,0,51,8,2,24,0,Morning,2026-02-24 10:00:00,87.5,84.16666666666667,80.23857142857142,76.76273809523809,2,1.0,SAFE,2
2026-02-24,Tuesday,3,11:15 AM,Python Programming,Ishwari Gaikwad,4,MBA,B,Room 202,120,94,78.33,Theory,1,0,0,51,8,2,24,0,Morning,2026-02-24 11:15:00,100.0,90.83333333333333,83.21428571428571,76.90023668639053,3,1.25,SAFE,2
2026-02-24,Tuesday,3,11:15 AM,Advanced DBMS,Ishwari Gaikwad,2,MBA,B,Room 201,120,105,87.5,Theory,0,1,0,51,8,2,24,0,Morning,2026-02-24 11:15:00,78.33,88.61,81.07142857142857,76.90864705882352,4,24.0,SAFE,2
2026-02-24,Tuesday,5,02:00 PM,Python Programming,Ishwari Gaikwad,4,MBA,B,Room 201,120,117,97.5,Theory,0,0,0,51,8,2,24,0,Afternoon,2026-02-24 14:00:00,87.5,88.61,85.35714285714286,76.97058479532163,5,2.75,SAFE,2
2026-02-25,Wednesday,3,11:15 AM,HR Analytics,Prof. Deshmukh,2,MBA,B,Lab 1,120,99,82.5,Practical,0,0,0,52,8,2,25,0,Morning,2026-02-25 11:15:00,97.5,87.77666666666666,87.97571428571429,77.08994186046512,1,21.25,SAFE,2
2026-02-25,Wednesday,4,12:15 PM,Advanced DBMS,Prof. Sharma,4,MBA,B,Room 201,120,102,85.0,Theory,0,0,0,52,8,2,25,0,Afternoon,2026-02-25 12:15:00,82.5,89.16666666666667,88.33285714285715,77.12121387283237,2,1.0,SAFE,2
2026-02-27,Friday,2,10:00 AM,Advanced DBMS,Prof. Kulkarni,2,MBA,B,Room 201,120,112,93.33,Theory,0,0,0,54,8,2,27,0,Morning,2026-02-27 10:00:00,85.0,88.33333333333333,88.33285714285715,77.16649425287356,1,45.75,SAFE,2
2026-02-27,Friday,3,11:15 AM,HR Analytics,Prof. Sharma,4,MBA,B,Room 202,120,95,79.17,Theory,0,0,0,54,8,2,27,0,Morning,2026-02-27 11:15:00,93.33,86.94333333333333,89.1657142857143,77.25885714285714,2,1.25,SAFE,2
2026-02-27,Friday,4,12:15 PM,Python Programming,Prof. Patil,2,MBA,B,Room 202,120,106,88.33,Theory,0,1,0,54,8,2,27,0,Afternoon,2026-02-27 12:15:00,79.17,85.83333333333333,86.19000000000001,77.2697159090909,3,1.0,SAFE,2
2026-02-28,Saturday,4,12:15 PM,Machine Learning,Prof. Sharma,4,MBA,B,Lab 2,120,88,73.33,Practical,0,1,0,55,8,2,28,1,Afternoon,2026-02-28 12:15:00,88.33,86.94333333333333,87.61857142857141,77.33220338983051,1,24.0,WARNING,1
2026-02-28,Saturday,5,02:00 PM,Financial Management,Prof. Kulkarni,2,MBA,B,Lab 2,120,80,66.67,Practical,1,1,0,55,8,2,28,1,Afternoon,2026-02-28 14:00:00,73.33,80.27666666666667,85.5942857142857,77.30971910112359,2,1.75,WARNING,1
2026-03-01,Monday,4,12:15 PM,Advanced DBMS,Prof. Sharma,2,MBA,B,Room 201,120,95,79.17,Theory,0,0,0,56,8,3,1,0,Afternoon,2026-03-01 12:15:00,66.67,76.11,81.18999999999998,76.6201052631579,1,22.25,SAFE,2
2026-03-01,Monday,5,02:00 PM,Machine Learning,Prof. Patil,2,MBA,B,Auditorium,120,103,85.83,Theory,0,0,0,56,8,3,1,0,Afternoon,2026-03-01 14:00:00,79.17,73.05666666666667,80.71428571428571,76.64666666666666,2,1.75,SAFE,2
2026-03-02,Monday,4,12:15 PM,Machine Learning,Prof. Sharma,4,MBA,B,Auditorium,120,92,76.67,Theory,0,0,0,57,9,3,2,0,Afternoon,2026-03-02 12:15:00,85.83,77.22333333333334,80.83285714285714,76.74134020618557,1,22.25,SAFE,2
2026-03-02,Monday,5,02:00 PM,Web Development,Ishwari Gaikwad,2,MBA,B,Auditorium,120,86,71.67,Theory,0,0,0,57,9,3,2,0,Afternoon,2026-03-02 14:00:00,76.67,80.55666666666666,78.45285714285714,76.74061224489796,2,1.75,WARNING,1
2026-03-02,Monday,5,02:00 PM,Financial Management,Prof. Sharma,2,MBA,B,Room 202,120,78,65.0,Theory,0,0,1,57,9,3,2,0,Afternoon,2026-03-02 14:00:00,71.67,78.05666666666667,77.38142857142857,76.68939393939394,3,24.0,WARNING,1
2026-03-03,Tuesday,1,09:00 AM,Machine Learning,Ishwari Gaikwad,2,MBA,B,Room 201,120,89,74.17,Theory,0,0,0,58,9,3,3,0,Morning,2026-03-03 09:00:00,65.0,71.11333333333334,74.04857142857144,76.5725,1,19.0,WARNING,1
2026-03-03,Tuesday,2,10:00 AM,Python Programming,Prof. Patil,4,MBA,B,Lab 1,120,95,79.17,Practical,0,0,0,58,9,3,3,0,Morning,2026-03-03 10:00:00,74.17,70.28,74.16857142857144,76.54871287128712,2,1.0,SAFE,2
2026-03-03,Tuesday,6,03:00 PM,Python Programming,Prof. Kulkarni,2,MBA,B,Room 202,120,109,90.83,Theory,0,0,0,58,9,3,3,0,Afternoon,2026-03-03 15:00:00,79.17,72.78000000000002,75.95428571428572,76.57441176470589,3,5.0,SAFE,2
2026-03-04,Wednesday,3,11:15 AM,Cloud Computing,Akash Upadhayay,2,MBA,B,Auditorium,120,103,85.83,Theory,0,0,0,59,9,3,4,0,Morning,2026-03-04 11:15:00,90.83,81.39,77.62,76.71281553398059,1,20.25,SAFE,2
2026-03-04,Wednesday,5,02:00 PM,Cloud Computing,Prof. Patil,4,MBA,B,Auditorium,120,96,80.0,Theory,0,0,0,59,9,3,4,0,Afternoon,2026-03-04 14:00:00,85.83,85.27666666666666,77.62,76.80048076923077,2,2.75,SAFE,2
2026-03-05,Thursday,1,09:00 AM,HR Analytics,Prof. Patil,4,MBA,B,Room 202,120,89,74.17,Theory,0,0,0,60,9,3,5,0,Morning,2026-03-05 09:00:00,80.0,85.55333333333333,78.09571428571428,76.83095238095238,1,19.0,WARNING,1
2026-03-05,Thursday,2,10:00 AM,Advanced DBMS,Prof. Patil,4,MBA,B,Room 201,120,110,91.67,Theory,0,0,0,60,9,3,5,0,Morning,2026-03-05 10:00:00,74.17,80.0,78.45285714285716,76.80584905660378,2,1.0,SAFE,2
2026-03-05,Thursday,6,03:00 PM,HR Analytics,Prof. Sharma,4,MBA,B,Lab 2,120,82,68.33,Practical,1,0,0,60,9,3,5,0,Afternoon,2026-03-05 15:00:00,91.67,81.94666666666667,82.26285714285714,76.94476635514019,3,5.0,WARNING,1
2026-03-06,Friday,3,11:15 AM,Web Development,Prof. Sharma,4,MBA,B,Lab 2,120,90,75.0,Practical,0,0,0,61,9,3,6,0,Morning,2026-03-06 11:15:00,68.33,78.05666666666667,81.42857142857143,76.865,1,20.25,WARNING,1
2026-03-07,Saturday,2,10:00 AM,Web Development,Akash Upadhayay,2,MBA,B,Room 201,120,61,50.83,Theory,1,0,1,62,9,3,7,1,Morning,2026-03-07 10:00:00,75.0,78.33333333333333,80.83285714285715,76.84788990825687,1,22.75,WARNING,1
2026-03-07,Saturday,5,02:00 PM,Machine Learning,Prof. Kulkarni,2,MBA,B,Room 201,120,88,73.33,Theory,0,0,0,62,9,3,7,1,Afternoon,2026-03-07 14:00:00,50.83,64.71999999999998,75.11857142857143,76.61136363636363,2,4.0,WARNING,1
2026-03-07,Saturday,6,03:00 PM,Machine Learning,Akash Upadhayay,4,MBA,B,Room 202,120,78,65.0,Theory,0,0,0,62,9,3,7,1,Afternoon,2026-03-07 15:00:00,73.33,66.38666666666667,73.33285714285714,76.5818018018018,3,1.0,WARNING,1
2026-03-08,Monday,2,10:00 AM,Python Programming,Akash Upadhayay,4,MBA,B,Auditorium,120,94,78.33,Theory,0,0,1,63,9,3,8,0,Morning,2026-03-08 10:00:00,65.0,63.053333333333335,71.19,76.47839285714285,1,19.0,SAFE,2
2026-03-08,Monday,2,10:00 AM,Web Development,Akash Upadhayay,2,MBA,B,Lab 1,120,99,82.78,Practical,0,0,0,63,9,3,8,0,Morning,2026-03-08 10:00:00,78.33,72.21999999999998,71.78428571428572,76.49477876106195,2,24.0,SAFE,2
2026-03-08,Monday,4,12:15 PM,Web Development,Prof. Kulkarni,2,MBA,B,Auditorium,120,93,77.5,Theory,0,1,1,63,9,3,8,0,Afternoon,2026-03-08 12:15:00,82.78,75.37,70.51428571428572,76.54991228070176,3,2.25,SAFE,2
2026-03-09,Monday,3,11:15 AM,Machine Learning,Prof. Sharma,4,MBA,B,Lab 2,120,59,49.17,Practical,1,0,1,64,10,3,9,0,Morning,2026-03-09 11:15:00,77.5,79.53666666666668,71.82428571428571,76.55817391304349,1,23.0,CRITICAL,0
2026-03-09,Monday,4,12:15 PM,Python Programming,Prof. Sharma,4,MBA,B,Room 201,120,65,54.17,Theory,0,0,1,64,10,3,9,0,Afternoon,2026-03-09 12:15:00,49.17,69.81666666666668,68.13428571428571,76.32206896551725,2,1.0,WARNING,1
2026-03-10,Tuesday,4,12:15 PM,Cloud Computing,Prof. Patil,2,MBA,B,Room 201,120,90,75.0,Theory,0,0,0,65,10,3,10,0,Afternoon,2026-03-10 12:15:00,54.17,60.28,68.61142857142858,76.13273504273505,1,24.0,WARNING,1
2026-03-11,Wednesday,1,09:00 AM,Machine Learning,Prof. Deshmukh,4,MBA,B,Room 201,120,85,70.83,Theory,0,0,0,66,10,3,11,0,Morning,2026-03-11 09:00:00,75.0,59.446666666666665,68.85,76.12313559322034,1,20.75,WARNING,1
2026-03-11,Wednesday,3,11:15 AM,Web Development,Prof. Deshmukh,4,MBA,B,Auditorium,120,109,90.83,Theory,0,1,0,66,10,3,11,0,Morning,2026-03-11 11:15:00,70.83,66.66666666666667,69.68285714285715,76.07865546218488,2,2.25,SAFE,2
2026-03-11,Wednesday,4,12:15 PM,Financial Management,Prof. Patil,2,MBA,B,Auditorium,120,99,82.5,Theory,0,0,0,66,10,3,11,0,Afternoon,2026-03-11 12:15:00,90.83,78.88666666666667,71.46857142857142,76.20158333333333,3,1.0,SAFE,2
2026-03-12,Thursday,1,09:00 AM,HR Analytics,Prof. Sharma,2,MBA,B,Room 202,120,93,77.78,Theory,0,1,0,67,10,3,12,0,Morning,2026-03-12 09:00:00,82.5,81.38666666666667,71.42857142857143,76.25363636363637,1,20.75,SAFE,2
2026-03-12,Thursday,2,10:00 AM,Python Programming,Ishwari Gaikwad,2,MBA,B,Lab 1,120,105,87.5,Practical,1,1,0,67,10,3,12,0,Morning,2026-03-12 10:00:00,77.78,83.70333333333333,71.46857142857144,76.2661475409836,2,1.0,SAFE,2
2026-03-12,Thursday,6,03:00 PM,Financial Management,Prof. Patil,4,MBA,B,Auditorium,120,93,77.5,Theory,0,0,0,67,10,3,12,0,Afternoon,2026-03-12 15:00:00,87.5,82.59333333333333,76.94428571428571,76.35747967479675,3,5.0,SAFE,2
2026-03-13,Friday,1,09:00 AM,Web Development,Prof. Patil,2,MBA,B,Lab 1,120,117,97.5,Practical,0,0,0,68,10,3,13,0,Morning,2026-03-13 09:00:00,77.5,80.92666666666666,80.27714285714286,76.36669354838709,1,18.0,SAFE,2
2026-03-13,Friday,4,12:15 PM,Advanced DBMS,Prof. Kulkarni,4,MBA,B,Auditorium,120,94,78.33,Theory,0,1,0,68,10,3,13,0,Afternoon,2026-03-13 12:15:00,97.5,87.5,83.49142857142859,76.53576,2,3.25,SAFE,2
2026-03-13,Friday,4,12:15 PM,Machine Learning,Prof. Deshmukh,2,MBA,B,Lab 2,120,108,90.0,Practical,0,0,0,68,10,3,13,0,Afternoon,2026-03-13 12:15:00,78.33,84.44333333333333,84.56285714285714,76.55,3,24.0,SAFE,2
2026-03-13,Friday,5,02:00 PM,Machine Learning,Prof. Deshmukh,2,MBA,B,Lab 1,120,100,83.33,Practical,0,0,0,68,10,3,13,0,Afternoon,2026-03-13 14:00:00,90.0,88.61,84.44428571428571,76.65590551181101,4,1.75,SAFE,2
2026-03-13,Friday,6,03:00 PM,Cloud Computing,Prof. Deshmukh,4,MBA,B,Auditorium,120,88,73.33,Theory,0,0,0,68,10,3,13,0,Afternoon,2026-03-13 15:00:00,83.33,83.88666666666667,84.56285714285715,76.708046875,5,1.0,WARNING,1
2026-03-14,Saturday,1,09:00 AM,Python Programming,Prof. Kulkarni,2,MBA,B,Room 201,120,97,80.83,Theory,0,0,0,69,10,3,14,1,Morning,2026-03-14 09:00:00,73.33,82.21999999999998,83.92714285714285,76.68186046511627,1,18.0,SAFE,2
2026-03-14,Saturday,4,12:15 PM,Web Development,Ishwari Gaikwad,2,MBA,B,Room 201,120,101,84.17,Theory,0,0,0,69,10,3,14,1,Afternoon,2026-03-14 12:15:00,80.83,79.16333333333333,82.9742857142857,76.71376923076923,2,3.25,SAFE,2
2026-03-14,Saturday,5,02:00 PM,Web Development,Prof. Kulkarni,4,MBA,B,Room 201,120,76,63.33,Theory,1,0,0,69,10,3,14,1,Afternoon,2026-03-14 14:00:00,84.17,79.44333333333333,83.92714285714285,76.77068702290076,3,1.75,WARNING,1
2026-03-15,Monday,1,09:00 AM,Cloud Computing,Prof. Sharma,2,MBA,B,Lab 2,120,97,80.83,Practical,0,0,0,70,10,3,15,0,Morning,2026-03-15 09:00:00,63.33,76.11,79.04571428571428,76.66886363636364,1,19.0,SAFE,2
2026-03-15,Monday,2,10:00 AM,Machine Learning,Prof. Sharma,4,MBA,B,Lab 1,120,79,65.83,Practical,0,0,1,70,10,3,15,0,Morning,2026-03-15 10:00:00,80.83,76.11,79.40285714285714,76.70015037593986,2,1.0,WARNING,1
2026-03-16,Monday,4,12:15 PM,Python Programming,Ishwari Gaikwad,2,MBA,B,Room 202,120,77,64.17,Theory,0,0,0,71,11,3,16,0,Afternoon,2026-03-16 12:15:00,65.83,69.99666666666666,75.95,76.61902985074627,1,26.25,WARNING,1
2026-03-16,Monday,6,03:00 PM,Advanced DBMS,Akash Upadhayay,2,MBA,B,Auditorium,120,72,60.0,Theory,0,0,1,71,11,3,16,0,Afternoon,2026-03-16 15:00:00,64.17,70.27666666666666,73.21285714285715,76.52681481481483,2,2.75,WARNING,1
2026-03-17,Tuesday,1,09:00 AM,Web Development,Prof. Deshmukh,4,MBA,B,Room 202,120,85,70.83,Theory,0,1,0,72,11,3,17,0,Morning,2026-03-17 09:00:00,60.0,63.333333333333336,71.30857142857143,76.40529411764706,1,18.0,WARNING,1
2026-03-17,Tuesday,2,10:00 AM,Web Development,Prof. Kulkarni,4,MBA,B,Room 201,120,95,79.17,Theory,0,0,0,72,11,3,17,0,Morning,2026-03-17 10:00:00,70.83,65.0,69.88,76.36459854014599,2,1.0,SAFE,2
2026-03-17,Tuesday,2,10:00 AM,Advanced DBMS,Prof. Deshmukh,4,MBA,B,Room 201,120,94,78.33,Theory,0,0,0,72,11,3,17,0,Morning,2026-03-17 10:00:00,79.17,70.0,69.16571428571429,76.38492753623188,3,24.0,SAFE,2
2026-03-17,Tuesday,4,12:15 PM,Financial Management,Prof. Deshmukh,2,MBA,B,Lab 1,120,108,90.0,Practical,0,0,0,72,11,3,17,0,Afternoon,2026-03-17 12:15:00,78.33,76.11,71.30857142857143,76.39892086330936,4,2.25,SAFE,2
2026-03-17,Tuesday,5,02:00 PM,Financial Management,Prof. Kulkarni,2,MBA,B,Lab 2,120,115,95.83,Practical,0,0,0,72,11,3,17,0,Afternoon,2026-03-17 14:00:00,90.0,82.5,72.61857142857143,76.49607142857144,5,1.75,SAFE,2
2026-03-17,Tuesday,5,02:00 PM,Financial Management,Prof. Patil,2,MBA,B,Room 202,120,102,85.0,Theory,0,0,0,72,11,3,17,0,Afternoon,2026-03-17 14:00:00,95.83,88.05333333333333,76.9042857142857,76.6331914893617,6,24.0,SAFE,2
2026-03-18,Wednesday,1,09:00 AM,Cloud Computing,Ishwari Gaikwad,4,MBA,B,Room 201,120,82,68.33,Theory,0,1,0,73,11,3,18,0,Morning,2026-03-18 09:00:00,85.0,90.27666666666666,79.88,76.69211267605634,1,19.0,WARNING,1
2026-03-18,Wednesday,4,12:15 PM,Financial Management,Akash Upadhayay,4,MBA,B,Lab 1,120,102,85.0,Practical,0,0,0,73,11,3,18,0,Afternoon,2026-03-18 12:15:00,68.33,83.05333333333333,81.07000000000001,76.63363636363637,2,3.25,SAFE,2
2026-03-18,Wednesday,5,02:00 PM,Python Programming,Prof. Sharma,2,MBA,B,Lab 1,120,107,89.17,Practical,0,0,0,73,11,3,18,0,Afternoon,2026-03-18 14:00:00,85.0,79.44333333333333,83.0942857142857,76.69173611111111,3,1.75,SAFE,2
2026-03-18,Wednesday,6,03:00 PM,Machine Learning,Prof. Kulkarni,4,MBA,B,Lab 1,120,107,89.17,Practical,0,0,0,73,11,3,18,0,Afternoon,2026-03-18 15:00:00,89.17,80.83333333333333,84.52285714285713,76.77779310344827,4,1.0,SAFE,2
2026-03-20,Friday,1,09:00 AM,Python Programming,Prof. Deshmukh,4,MBA,B,Room 202,120,99,82.5,Theory,0,0,0,75,11,3,20,0,Morning,2026-03-20 09:00:00,89.17,87.78000000000002,86.07142857142857,76.86267123287672,1,42.0,SAFE,2
2026-03-20,Friday,3,11:15 AM,Python Programming,Prof. Patil,2,MBA,B,Room 201,120,98,81.67,Theory,0,0,0,75,11,3,20,0,Morning,2026-03-20 11:15:00,82.5,86.94666666666667,85.0,76.90102040816328,2,2.25,SAFE,2
2026-03-20,Friday,5,02:00 PM,Machine Learning,Prof. Patil,2,MBA,B,Lab 1,120,117,97.5,Practical,0,0,0,75,11,3,20,0,Afternoon,2026-03-20 14:00:00,81.67,84.44666666666666,82.97714285714287,76.93324324324325,3,2.75,SAFE,2
2026-03-20,Friday,6,03:00 PM,Financial Management,Akash Upadhayay,4,MBA,B,Room 201,120,95,78.89,Theory,0,0,0,75,11,3,20,0,Afternoon,2026-03-20 15:00:00,97.5,87.22333333333334,84.76285714285714,77.07127516778525,4,1.0,SAFE,2
2026-03-20,Friday,6,03:00 PM,Cloud Computing,Prof. Patil,2,MBA,B,Lab 1,120,59,49.17,Practical,1,0,1,75,11,3,20,0,Afternoon,2026-03-20 15:00:00,78.89,86.02,86.27142857142857,77.0834,5,24.0,CRITICAL,0
2026-03-22,Monday,1,09:00 AM,Advanced DBMS,Prof. Patil,2,MBA,B,Room 201,120,94,78.33,Theory,0,0,0,77,11,3,22,0,Morning,2026-03-22 09:00:00,49.17,75.18666666666667,81.15285714285714,76.89854304635762,1,42.0,SAFE,2
2026-03-22,Monday,2,10:00 AM,Cloud Computing,Prof. Sharma,4,MBA,B,Room 201,120,105,87.5,Theory,0,0,0,77,11,3,22,0,Morning,2026-03-22 10:00:00,78.33,68.79666666666667,79.60428571428572,76.90796052631579,2,1.0,SAFE,2
2026-03-22,Monday,5,02:00 PM,Advanced DBMS,Akash Upadhayay,2,MBA,B,Lab 2,120,101,83.89,Practical,0,0,0,77,11,3,22,0,Afternoon,2026-03-22 14:00:00,87.5,71.66666666666667,79.36571428571429,76.97718954248366,3,4.0,SAFE,2
2026-03-24,Tuesday,3,11:15 AM,Cloud Computing,Akash Upadhayay,2,MBA,B,Room 201,120,96,80.0,Theory,1,0,0,79,12,3,24,0,Morning,2026-03-24 11:15:00,83.89,83.24,79.56428571428572,77.02207792207793,1,45.25,SAFE,2
2026-03-24,Tuesday,4,12:15 PM,Web Development,Prof. Patil,4,MBA,B,Lab 2,120,89,74.17,Practical,0,0,1,79,12,3,24,0,Afternoon,2026-03-24 12:15:00,80.0,83.79666666666667,79.32571428571428,77.04129032258064,2,1.0,WARNING,1
2026-03-24,Tuesday,5,02:00 PM,Cloud Computing,Ishwari Gaikwad,2,MBA,B,Lab 2,120,100,83.33,Practical,0,0,0,79,12,3,24,0,Afternoon,2026-03-24 14:00:00,74.17,79.35333333333334,75.99285714285715,77.02288461538461,3,1.75,SAFE,2
2026-03-24,Tuesday,5,02:00 PM,Web Development,Ishwari Gaikwad,2,MBA,B,Room 202,120,93,77.5,Theory,0,0,0,79,12,3,24,0,Afternoon,2026-03-24 14:00:00,83.33,79.16666666666667,76.62714285714286,77.06305732484076,4,24.0,SAFE,2
2026-03-24,Tuesday,6,03:00 PM,Machine Learning,Prof. Sharma,2,MBA,B,Auditorium,120,83,69.17,Theory,0,0,0,79,12,3,24,0,Afternoon,2026-03-24 15:00:00,77.5,78.33333333333333,80.67428571428572,77.06582278481012,5,1.0,WARNING,1
2026-03-25,Wednesday,2,10:00 AM,Cloud Computing,Ishwari Gaikwad,2,MBA,B,Lab 2,120,101,84.17,Practical,0,0,0,80,12,3,25,0,Morning,2026-03-25 10:00:00,69.17,76.66666666666667,79.36571428571428,77.01616352201258,1,19.0,SAFE,2
2026-03-25,Wednesday,3,11:15 AM,Python Programming,Prof. Deshmukh,2,MBA,B,Lab 1,120,117,97.5,Practical,0,0,0,80,12,3,25,0,Morning,2026-03-25 11:15:00,84.17,76.94666666666667,78.89,77.060875,2,1.25,SAFE,2
2026-03-25,Wednesday,6,03:00 PM,Cloud Computing,Prof. Patil,4,MBA,B,Lab 2,120,92,76.67,Practical,0,0,0,80,12,3,25,0,Afternoon,2026-03-25 15:00:00,97.5,83.61333333333334,80.83428571428571,77.18782608695652,3,3.75,SAFE,2
2026-03-26,Thursday,1,09:00 AM,Advanced DBMS,Prof. Patil,2,MBA,B,Room 202,120,84,70.0,Theory,0,1,0,81,12,3,26,0,Morning,2026-03-26 09:00:00,76.67,86.11333333333334,80.35857142857142,77.18462962962963,1,18.0,WARNING,1
2026-03-26,Thursday,1,09:00 AM,Financial Management,Prof. Patil,4,MBA,B,Room 201,120,86,71.67,Theory,0,0,0,81,12,3,26,0,Morning,2026-03-26 09:00:00,70.0,81.39,79.76285714285714,77.14055214723926,2,24.0,WARNING,1
2026-03-26,Thursday,2,10:00 AM,Advanced DBMS,Prof. Deshmukh,4,MBA,B,Lab 2,120,117,97.5,Practical,0,0,0,81,12,3,26,0,Morning,2026-03-26 10:00:00,71.67,72.78000000000002,78.09714285714286,77.10719512195122,3,1.0,SAFE,2
2026-03-26,Thursday,3,11:15 AM,Machine Learning,Akash Upadhayay,4,MBA,B,Room 202,120,120,100.0,Theory,0,1,0,81,12,3,26,0,Morning,2026-03-26 11:15:00,97.5,79.72333333333334,80.9542857142857,77.23078787878788,4,1.25,SAFE,2
2026-03-26,Thursday,4,12:15 PM,Python Programming,Prof. Deshmukh,2,MBA,B,Lab 1,120,100,83.33,Practical,0,0,0,81,12,3,26,0,Afternoon,2026-03-26 12:15:00,100.0,89.72333333333334,85.35857142857142,77.36795180722892,5,1.0,SAFE,2
2026-03-26,Thursday,6,03:00 PM,Python Programming,Akash Upadhayay,4,MBA,B,Lab 2,120,101,84.17,Practical,0,0,0,81,12,3,26,0,Afternoon,2026-03-26 15:00:00,83.33,93.61,85.23857142857142,77.40365269461078,6,2.75,SAFE,2
2026-03-27,Friday,1,09:00 AM,Advanced DBMS,Prof. Deshmukh,2,MBA,B,Lab 2,120,101,84.17,Practical,0,0,0,82,12,3,27,0,Morning,2026-03-27 09:00:00,84.17,89.16666666666667,83.33428571428571,77.44392857142857,1,18.0,SAFE,2
2026-03-27,Friday,1,09:00 AM,Financial Management,Ishwari Gaikwad,2,MBA,B,Lab 2,120,69,57.5,Practical,1,1,0,82,12,3,27,0,Morning,2026-03-27 09:00:00,84.17,83.89,84.4057142857143,77.48372781065089,2,24.0,WARNING,1
2026-03-27,Friday,4,12:15 PM,Machine Learning,Akash Upadhayay,2,MBA,B,Lab 2,120,90,75.0,Practical,0,0,1,82,12,3,27,0,Afternoon,2026-03-27 12:15:00,57.5,75.28,82.62,77.36617647058823,3,3.25,WARNING,1
2026-03-28,Saturday,1,09:00 AM,Cloud Computing,Prof. Sharma,2,MBA,B,Room 202,120,72,60.0,Theory,0,0,0,83,12,3,28,1,Morning,2026-03-28 09:00:00,75.0,72.22333333333334,83.09571428571428,77.35233918128655,1,20.75,WARNING,1
2026-03-28,Saturday,1,09:00 AM,Financial Management,Prof. Kulkarni,2,MBA,B,Auditorium,120,85,70.83,Theory,0,0,0,83,12,3,28,1,Morning,2026-03-28 09:00:00,60.0,64.16666666666667,77.73857142857142,77.25145348837209,2,24.0,WARNING,1
2026-03-28,Saturday,2,10:00 AM,HR Analytics,Prof. Sharma,2,MBA,B,Auditorium,120,93,77.5,Theory,0,0,0,83,12,3,28,1,Morning,2026-03-28 10:00:00,70.83,68.61,73.57142857142857,77.2143352601156,3,1.0,SAFE,2
2026-03-28,Saturday,3,11:15 AM,Python Programming,Prof. Deshmukh,4,MBA,B,Room 202,120,59,49.17,Theory,0,0,0,83,12,3,28,1,Morning,2026-03-28 11:15:00,77.5,69.44333333333333,72.73857142857143,77.21597701149425,4,1.25,CRITICAL,0
2026-03-28,Saturday,3,11:15 AM,HR Analytics,Prof. Kulkarni,4,MBA,B,Room 202,120,90,75.0,Theory,1,0,0,83,12,3,28,1,Morning,2026-03-28 11:15:00,49.17,65.83333333333333,67.73857142857142,77.05571428571429,5,24.0,WARNING,1
2026-03-28,Saturday,3,11:15 AM,Cloud Computing,Prof. Patil,2,MBA,B,Auditorium,120,79,65.83,Theory,1,0,0,83,12,3,28,1,Morning,2026-03-28 11:15:00,75.0,67.22333333333334,66.42857142857143,77.0440340909091,6,24.0,WARNING,1
2026-03-28,Saturday,4,12:15 PM,Cloud Computing,Prof. Patil,2,MBA,B,Auditorium,120,95,79.17,Theory,0,1,0,83,12,3,28,1,Afternoon,2026-03-28 12:15:00,65.83,63.333333333333336,67.61857142857143,76.9806779661017,7,1.0,SAFE,2
2026-03-28,Saturday,4,12:15 PM,HR Analytics,Prof. Kulkarni,2,MBA,B,Lab 2,120,111,92.5,Practical,0,0,0,83,12,3,28,1,Afternoon,2026-03-28 12:15:00,79.17,73.33333333333333,68.21428571428571,76.99297752808988,8,24.0,SAFE,2
2026-03-28,Saturday,6,03:00 PM,Cloud Computing,Prof. Kulkarni,4,MBA,B,Room 201,120,82,68.33,Theory,0,0,0,83,12,3,28,1,Afternoon,2026-03-28 15:00:00,92.5,79.16666666666667,72.85714285714286,77.07960893854748,9,2.75,WARNING,1
2026-03-29,Monday,2,10:00 AM,Advanced DBMS,Akash Upadhayay,4,MBA,B,Room 202,120,71,59.17,Theory,1,0,0,84,12,3,29,0,Morning,2026-03-29 10:00:00,68.33,80.0,72.5,77.031,1,19.0,WARNING,1
2026-03-29,Monday,2,10:00 AM,Machine Learning,Prof. Deshmukh,4,MBA,B,Lab 1,120,106,88.33,Practical,0,1,0,84,12,3,29,0,Morning,2026-03-29 10:00:00,59.17,73.33333333333333,69.88142857142857,76.93232044198895,2,24.0,SAFE,2
2026-03-29,Monday,4,12:15 PM,Python Programming,Ishwari Gaikwad,4,MBA,B,Lab 2,120,69,57.5,Practical,1,0,0,84,12,3,29,0,Afternoon,2026-03-29 12:15:00,88.33,71.94333333333333,75.47571428571429,76.99494505494505,3,2.25,WARNING,1
2026-03-29,Monday,6,03:00 PM,Advanced DBMS,Prof. Kulkarni,2,MBA,B,Auditorium,120,93,77.5,Theory,0,1,0,84,12,3,29,0,Afternoon,2026-03-29 15:00:00,57.5,68.33333333333333,72.97571428571429,76.88841530054644,4,2.75,SAFE,2
2026-03-30,Monday,1,09:00 AM,Cloud Computing,Prof. Patil,4,MBA,B,Lab 2,120,67,55.83,Practical,1,0,0,85,13,3,30,0,Morning,2026-03-30 09:00:00,77.5,74.44333333333333,74.64285714285714,76.89173913043479,1,18.0,WARNING,1
2026-03-30,Monday,1,09:00 AM,Financial Management,Prof. Sharma,4,MBA,B,Room 201,120,59,49.17,Theory,0,0,1,85,13,3,30,0,Morning,2026-03-30 09:00:00,55.83,63.61000000000001,71.30857142857143,76.7778918918919,2,24.0,CRITICAL,0
2026-03-30,Monday,5,02:00 PM,Cloud Computing,Prof. Deshmukh,4,MBA,B,Lab 1,120,113,94.17,Practical,0,1,0,85,13,3,30,0,Afternoon,2026-03-30 14:00:00,49.17,60.833333333333336,65.11857142857143,76.6294623655914,3,5.0,SAFE,2
2026-03-31,Tuesday,1,09:00 AM,Advanced DBMS,Akash Upadhayay,2,MBA,B,Room 201,120,101,84.17,Theory,0,0,0,86,13,3,31,0,Morning,2026-03-31 09:00:00,94.17,66.39,68.80999999999999,76.72326203208556,1,19.0,SAFE,2
2026-03-31,Tuesday,3,11:15 AM,Python Programming,Akash Upadhayay,4,MBA,B,Auditorium,120,90,75.0,Theory,0,0,0,86,13,3,31,0,Morning,2026-03-31 11:15:00,84.17,75.83666666666667,72.38142857142857,76.76287234042553,2,2.25,WARNING,1
2026-04-01,Wednesday,2,10:00 AM,Cloud Computing,Prof. Patil,2,MBA,B,Auditorium,120,99,82.5,Theory,0,0,0,87,13,4,1,0,Morning,2026-04-01 10:00:00,75.0,84.44666666666667,70.47714285714285,80.42073529411766,1,22.75,SAFE,2
2026-04-01,Wednesday,3,11:15 AM,Cloud Computing,Prof. Deshmukh,4,MBA,B,Lab 2,120,99,82.5,Practical,0,0,0,87,13,4,1,0,Morning,2026-04-01 11:15:00,82.5,80.55666666666667,74.04857142857144,80.4409223300971,2,1.25,SAFE,2
2026-04-01,Wednesday,6,03:00 PM,Financial Management,Akash Upadhayay,4,MBA,B,Room 202,120,90,75.0,Theory,0,0,0,87,13,4,1,0,Afternoon,2026-04-01 15:00:00,82.5,80.0,74.76285714285714,80.46072115384617,3,3.75,WARNING,1
2026-04-02,Thursday,2,10:00 AM,Python Programming,Prof. Deshmukh,4,MBA,B,Room 202,120,95,79.17,Theory,0,0,0,88,13,4,2,0,Morning,2026-04-02 10:00:00,75.0,80.0,77.50142857142858,80.4087142857143,1,19.0,SAFE,2
2026-04-03,Friday,1,09:00 AM,Advanced DBMS,Prof. Deshmukh,4,MBA,B,Lab 1,120,87,72.5,Practical,0,0,0,89,13,4,3,0,Morning,2026-04-03 09:00:00,79.17,78.89,81.78714285714285,80.39702830188678,1,23.0,WARNING,1
2026-04-03,Friday,3,11:15 AM,Advanced DBMS,Prof. Deshmukh,2,MBA,B,Room 201,120,105,87.5,Theory,0,1,0,89,13,4,3,0,Morning,2026-04-03 11:15:00,72.5,75.55666666666667,78.69142857142857,80.32322429906542,2,2.25,SAFE,2
2026-04-03,Friday,6,03:00 PM,Cloud Computing,Prof. Patil,4,MBA,B,Room 202,120,89,74.17,Theory,0,1,0,89,13,4,3,0,Afternoon,2026-04-03 15:00:00,87.5,79.72333333333334,79.16714285714286,80.38967592592591,3,3.75,WARNING,1
2026-04-04,Saturday,1,09:00 AM,Web Development,Prof. Kulkarni,2,MBA,B,Room 201,120,75,62.5,Theory,0,0,0,90,13,4,4,1,Morning,2026-04-04 09:00:00,74.17,78.05666666666666,79.04857142857144,80.33261467889908,1,18.0,WARNING,1
2026-04-04,Saturday,1,09:00 AM,HR Analytics,Prof. Sharma,4,MBA,B,Lab 1,120,94,78.33,Practical,0,0,0,90,13,4,4,1,Morning,2026-04-04 09:00:00,62.5,74.72333333333334,76.19142857142857,80.17049999999999,2,24.0,SAFE,2
2026-04-04,Saturday,2,10:00 AM,Advanced DBMS,Prof. Sharma,4,MBA,B,Auditorium,120,94,78.33,Theory,0,0,0,90,13,4,4,1,Morning,2026-04-04 10:00:00,78.33,71.66666666666667,75.5957142857143,80.1539189189189,3,1.0,SAFE,2
2026-04-04,Saturday,3,11:15 AM,Advanced DBMS,Prof. Sharma,2,MBA,B,Room 201,120,95,79.17,Theory,0,0,0,90,13,4,4,1,Morning,2026-04-04 11:15:00,78.33,73.05333333333333,76.07142857142857,80.13763392857143,4,1.25,SAFE,2
2026-04-04,Saturday,5,02:00 PM,Python Programming,Prof. Patil,2,MBA,B,Room 201,120,100,83.33,Theory,0,0,0,90,13,4,4,1,Afternoon,2026-04-04 14:00:00,79.17,78.61,76.07142857142857,80.12907079646017,5,2.75,SAFE,2
2026-04-05,Monday,1,09:00 AM,Web Development,Prof. Kulkarni,4,MBA,B,Auditorium,120,76,63.33,Theory,0,0,0,91,13,4,5,0,Morning,2026-04-05 09:00:00,83.33,80.27666666666667,77.61857142857143,80.15714912280703,1,19.0,WARNING,1
2026-04-05,Monday,3,11:15 AM,Web Development,Prof. Sharma,4,MBA,B,Auditorium,120,94,78.33,Theory,0,0,0,91,13,4,5,0,Morning,2026-04-05 11:15:00,63.33,75.27666666666666,74.16571428571429,80.01082608695653,2,2.25,SAFE,2
2026-04-05,Monday,4,12:15 PM,Web Development,Akash Upadhayay,4,MBA,B,Lab 2,120,105,87.5,Practical,0,1,0,91,13,4,5,0,Afternoon,2026-04-05 12:15:00,78.33,74.99666666666666,74.75999999999999,79.99633620689656,3,1.0,SAFE,2
2026-04-05,Monday,5,02:00 PM,Python Programming,Ishwari Gaikwad,2,MBA,B,Room 201,120,107,89.17,Theory,0,0,0,91,13,4,5,0,Afternoon,2026-04-05 14:00:00,87.5,76.38666666666667,78.33142857142856,80.06047008547009,4,1.75,SAFE,2
2026-04-05,Monday,5,02:00 PM,Cloud Computing,Prof. Deshmukh,4,MBA,B,Room 202,120,104,86.67,Theory,0,1,0,91,13,4,5,0,Afternoon,2026-04-05 14:00:00,89.17,85.0,79.88,80.13766949152543,5,24.0,SAFE,2
2026-04-05,Monday,5,02:00 PM,Advanced DBMS,Prof. Sharma,2,MBA,B,Room 202,120,89,74.17,Theory,0,0,0,91,13,4,5,0,Afternoon,2026-04-05 14:00:00,86.67,87.78000000000002,81.07142857142857,80.19256302521009,6,24.0,WARNING,1
2026-04-05,Monday,6,03:00 PM,Financial Management,Prof. Sharma,4,MBA,B,Lab 1,120,97,80.83,Practical,0,0,0,91,13,4,5,0,Afternoon,2026-04-05 15:00:00,74.17,83.33666666666666,80.35714285714286,80.14237499999999,7,1.0,SAFE,2
2026-04-06,Monday,1,09:00 AM,Financial Management,Akash Upadhayay,2,MBA,B,Room 201,120,67,55.83,Theory,0,0,1,92,14,4,6,0,Morning,2026-04-06 09:00:00,80.83,80.55666666666666,80.0,80.14805785123967,1,18.0,WARNING,1
2026-04-06,Monday,2,10:00 AM,HR Analytics,Prof. Kulkarni,4,MBA,B,Lab 2,120,103,85.83,Practical,0,0,0,92,14,4,6,0,Morning,2026-04-06 10:00:00,55.83,70.27666666666666,78.92857142857143,79.94872950819673,2,1.0,SAFE,2
2026-04-06,Monday,3,11:15 AM,Advanced DBMS,Prof. Deshmukh,2,MBA,B,Lab 1,120,98,81.67,Practical,0,0,0,92,14,4,6,0,Morning,2026-04-06 11:15:00,85.83,74.16333333333333,80.0,79.99654471544716,3,1.25,SAFE,2
2026-04-06,Monday,5,02:00 PM,Cloud Computing,Akash Upadhayay,4,MBA,B,Lab 1,120,98,81.67,Practical,0,0,0,92,14,4,6,0,Afternoon,2026-04-06 14:00:00,81.67,74.44333333333333,79.16714285714285,80.01004032258065,4,2.75,SAFE,2
2026-04-07,Tuesday,3,11:15 AM,Financial Management,Prof. Sharma,2,MBA,B,Lab 2,120,113,94.17,Practical,0,0,0,93,14,4,7,0,Morning,2026-04-07 11:15:00,81.67,83.05666666666667,78.0957142857143,80.02332000000001,1,21.25,SAFE,2
2026-04-07,Tuesday,5,02:00 PM,Machine Learning,Prof. Deshmukh,4,MBA,B,Room 202,120,107,89.17,Theory,0,0,0,93,14,4,7,0,Afternoon,2026-04-07 14:00:00,94.17,85.83666666666666,79.16714285714286,80.13559523809523,2,2.75,SAFE,2
2026-04-08,Wednesday,2,10:00 AM,Web Development,Prof. Deshmukh,4,MBA,B,Room 202,120,107,89.17,Theory,0,0,0,94,14,4,8,0,Morning,2026-04-08 10:00:00,89.17,88.33666666666666,81.30999999999999,80.20673228346456,1,20.0,SAFE,2
2026-04-08,Wednesday,4,12:15 PM,Machine Learning,Prof. Deshmukh,4,MBA,B,Auditorium,120,100,83.33,Theory,0,0,0,94,14,4,8,0,Afternoon,2026-04-08 12:15:00,89.17,90.83666666666666,82.50142857142858,80.2767578125,2,2.25,SAFE,2
2026-04-08,Wednesday,4,12:15 PM,HR Analytics,Ishwari Gaikwad,2,MBA,B,Room 201,120,114,95.0,Theory,0,0,0,94,14,4,8,0,Afternoon,2026-04-08 12:15:00,83.33,87.22333333333331,86.42999999999999,80.30042635658914,3,24.0,SAFE,2
2026-04-08,Wednesday,5,02:00 PM,Python Programming,Prof. Deshmukh,4,MBA,B,Room 201,120,105,87.5,Theory,0,0,0,94,14,4,8,0,Afternoon,2026-04-08 14:00:00,95.0,89.16666666666667,87.74000000000001,80.4135,4,1.75,SAFE,2
2026-04-10,Friday,1,09:00 AM,Financial Management,Prof. Patil,4,MBA,B,Lab 1,120,89,74.17,Practical,0,0,0,96,14,4,10,0,Morning,2026-04-10 09:00:00,87.5,88.61,88.57285714285715,80.46759541984733,1,43.0,WARNING,1
2026-04-10,Friday,2,10:00 AM,Machine Learning,Ishwari Gaikwad,4,MBA,B,Auditorium,120,106,88.33,Theory,0,0,0,96,14,4,10,0,Morning,2026-04-10 10:00:00,74.17,85.55666666666667,87.50142857142858,80.41988636363635,2,1.0,SAFE,2
2026-04-10,Friday,4,12:15 PM,Advanced DBMS,Prof. Patil,4,MBA,B,Room 201,120,116,96.67,Theory,0,0,0,96,14,4,10,0,Afternoon,2026-04-10 12:15:00,88.33,83.33333333333333,86.66714285714285,80.47936090225564,3,2.25,SAFE,2
2026-04-10,Friday,4,12:15 PM,HR Analytics,Prof. Deshmukh,4,MBA,B,Auditorium,120,97,80.83,Theory,0,0,0,96,14,4,10,0,Afternoon,2026-04-10 12:15:00,96.67,86.39,87.73857142857142,80.60018656716417,4,24.0,SAFE,2
2026-04-10,Friday,5,02:00 PM,Machine Learning,Ishwari Gaikwad,4,MBA,B,Auditorium,120,106,88.33,Theory,0,1,0,96,14,4,10,0,Afternoon,2026-04-10 14:00:00,80.83,88.61,86.54714285714286,80.60188888888888,5,1.75,SAFE,2
2026-04-11,Saturday,1,09:00 AM,Python Programming,Prof. Patil,4,MBA,B,Auditorium,120,76,63.33,Theory,0,0,0,97,14,4,11,1,Morning,2026-04-11 09:00:00,88.33,88.61,87.26142857142857,80.65871323529412,1,19.0,WARNING,1
2026-04-11,Saturday,2,10:00 AM,Machine Learning,Prof. Kulkarni,2,MBA,B,Auditorium,120,99,82.5,Theory,0,0,0,97,14,4,11,1,Morning,2026-04-11 10:00:00,63.33,77.49666666666666,82.73714285714286,80.53222627737227,2,1.0,SAFE,2
2026-04-11,Saturday,4,12:15 PM,Financial Management,Prof. Patil,4,MBA,B,Room 202,120,100,83.33,Theory,0,0,0,97,14,4,11,1,Afternoon,2026-04-11 12:15:00,82.5,78.05333333333333,82.02285714285713,80.54648550724639,3,2.25,SAFE,2
2026-04-11,Saturday,5,02:00 PM,Financial Management,Ishwari Gaikwad,4,MBA,B,Auditorium,120,89,74.17,Theory,0,0,0,97,14,4,11,1,Afternoon,2026-04-11 14:00:00,83.33,76.38666666666666,83.33142857142857,80.56651079136691,4,1.75,WARNING,1
2026-04-11,Saturday,5,02:00 PM,Financial Management,Akash Upadhayay,2,MBA,B,Room 201,120,104,86.67,Theory,0,0,0,97,14,4,11,1,Afternoon,2026-04-11 14:00:00,74.17,80.0,81.30857142857143,80.52082142857144,5,24.0,SAFE,2
2026-04-12,Monday,3,11:15 AM,Advanced DBMS,Prof. Patil,4,MBA,B,Auditorium,120,95,79.17,Theory,0,0,0,98,14,4,12,0,Morning,2026-04-12 11:15:00,86.67,81.39,79.88000000000001,80.56443262411346,1,21.25,SAFE,2
2026-04-12,Monday,4,12:15 PM,Web Development,Prof. Sharma,4,MBA,B,Lab 2,120,111,92.5,Practical,0,0,0,98,14,4,12,0,Afternoon,2026-04-12 12:15:00,79.17,80.00333333333334,79.64285714285714,80.55461267605634,2,1.0,SAFE,2
2026-04-12,Monday,4,12:15 PM,Financial Management,Prof. Sharma,2,MBA,B,Lab 2,120,107,89.17,Practical,0,1,0,98,14,4,12,0,Afternoon,2026-04-12 12:15:00,92.5,86.11333333333334,80.23857142857142,80.63814685314685,3,24.0,SAFE,2
2026-04-12,Monday,6,03:00 PM,HR Analytics,Prof. Deshmukh,4,MBA,B,Room 202,120,93,77.5,Theory,0,0,0,98,14,4,12,0,Afternoon,2026-04-12 15:00:00,89.17,86.94666666666666,83.92999999999999,80.69739583333333,4,2.75,SAFE,2
2026-04-13,Monday,2,10:00 AM,Machine Learning,Prof. Kulkarni,2,MBA,B,Room 201,120,120,100.0,Theory,1,0,0,99,15,4,13,0,Morning,2026-04-13 10:00:00,77.5,86.39,83.21571428571428,80.6753448275862,1,19.0,SAFE,2
2026-04-13,Monday,4,12:15 PM,Machine Learning,Akash Upadhayay,4,MBA,B,Lab 1,120,96,80.0,Practical,0,0,0,99,15,4,13,0,Afternoon,2026-04-13 12:15:00,100.0,88.89,85.59714285714286,80.80770547945205,2,2.25,SAFE,2
2026-04-13,Monday,5,02:00 PM,Financial Management,Prof. Patil,4,MBA,B,Lab 2,120,74,61.67,Practical,0,0,1,99,15,4,13,0,Afternoon,2026-04-13 14:00:00,80.0,85.83333333333333,86.42999999999999,80.80221088435374,3,1.75,WARNING,1
2026-04-13,Monday,5,02:00 PM,Advanced DBMS,Prof. Deshmukh,4,MBA,B,Auditorium,120,76,63.33,Theory,1,0,0,99,15,4,13,0,Afternoon,2026-04-13 14:00:00,61.67,80.55666666666666,82.85857142857142,80.67293918918918,4,24.0,WARNING,1
2026-04-13,Monday,6,03:00 PM,Python Programming,Prof. Kulkarni,2,MBA,B,Lab 2,120,97,80.83,Practical,0,0,0,99,15,4,13,0,Afternoon,2026-04-13 15:00:00,63.33,68.33333333333333,80.59571428571428,80.55654362416107,5,1.0,SAFE,2
2026-04-14,Tuesday,2,10:00 AM,Python Programming,Prof. Kulkarni,4,MBA,B,Room 202,120,112,93.33,Theory,0,0,0,100,15,4,14,0,Morning,2026-04-14 10:00:00,80.83,68.61,78.92857142857143,80.55836666666666,1,19.0,SAFE,2
2026-04-14,Tuesday,2,10:00 AM,HR Analytics,Prof. Deshmukh,2,MBA,B,Lab 2,120,110,91.67,Practical,0,0,1,100,15,4,14,0,Morning,2026-04-14 10:00:00,93.33,79.16333333333333,79.52285714285715,80.64294701986755,2,24.0,SAFE,2
2026-04-15,Wednesday,1,09:00 AM,Cloud Computing,Ishwari Gaikwad,2,MBA,B,Room 202,120,98,81.67,Theory,0,0,0,101,15,4,15,0,Morning,2026-04-15 09:00:00,91.67,88.61,81.54714285714286,80.71549342105263,1,23.0,SAFE,2
2026-04-15,Wednesday,2,10:00 AM,Financial Management,Prof. Kulkarni,2,MBA,B,Room 202,120,83,69.17,Theory,0,0,1,101,15,4,15,0,Morning,2026-04-15 10:00:00,81.67,88.89,78.92857142857143,80.72173202614378,2,1.0,WARNING,1
2026-04-15,Wednesday,5,02:00 PM,Cloud Computing,Prof. Kulkarni,2,MBA,B,Auditorium,120,95,79.17,Theory,0,1,0,101,15,4,15,0,Afternoon,2026-04-15 14:00:00,69.17,80.83666666666666,77.38142857142859,80.64672077922077,3,4.0,SAFE,2
2026-04-15,Wednesday,6,03:00 PM,Advanced DBMS,Ishwari Gaikwad,4,MBA,B,Lab 1,120,113,94.17,Practical,0,0,0,101,15,4,15,0,Afternoon,2026-04-15 15:00:00,79.17,76.67,79.88142857142859,80.63719354838709,4,1.0,SAFE,2
2026-04-16,Thursday,1,09:00 AM,Advanced DBMS,Prof. Kulkarni,2,MBA,B,Lab 2,120,83,69.17,Practical,0,0,0,102,15,4,16,0,Morning,2026-04-16 09:00:00,94.17,80.83666666666666,84.28714285714285,80.7239423076923,1,18.0,WARNING,1
2026-04-16,Thursday,2,10:00 AM,Cloud Computing,Akash Upadhayay,2,MBA,B,Lab 2,120,113,94.17,Practical,0,1,0,102,15,4,16,0,Morning,2026-04-16 10:00:00,69.17,80.83666666666666,82.62142857142858,80.65035031847134,2,1.0,SAFE,2
2026-04-16,Thursday,3,11:15 AM,Machine Learning,Akash Upadhayay,2,MBA,B,Room 201,120,87,72.5,Theory,1,0,0,102,15,4,16,0,Morning,2026-04-16 11:15:00,94.17,85.83666666666666,82.74142857142859,80.73591772151899,3,1.25,WARNING,1
2026-04-17,Friday,1,09:00 AM,HR Analytics,Prof. Kulkarni,4,MBA,B,Lab 1,120,99,82.78,Practical,1,0,0,103,15,4,17,0,Morning,2026-04-17 09:00:00,72.5,78.61333333333333,80.00285714285714,80.68411949685535,1,21.75,SAFE,2
2026-04-17,Friday,1,09:00 AM,Advanced DBMS,Ishwari Gaikwad,2,MBA,B,Auditorium,120,95,79.17,Theory,0,0,0,103,15,4,17,0,Morning,2026-04-17 09:00:00,82.78,83.14999999999999,80.16142857142857,80.69721875,2,24.0,SAFE,2
2026-04-17,Friday,6,03:00 PM,Web Development,Prof. Sharma,2,MBA,B,Auditorium,120,104,86.67,Theory,0,0,0,103,15,4,17,0,Afternoon,2026-04-17 15:00:00,79.17,78.14999999999999,81.59,80.68773291925466,3,6.0,SAFE,2
2026-04-18,Saturday,1,09:00 AM,Advanced DBMS,Prof. Kulkarni,2,MBA,B,Auditorium,120,78,65.0,Theory,0,0,0,104,15,4,18,1,Morning,2026-04-18 09:00:00,86.67,82.87333333333333,82.66142857142857,80.72466049382716,1,18.0,WARNING,1
2026-04-18,Saturday,1,09:00 AM,Python Programming,Prof. Sharma,2,MBA,B,Lab 1,120,90,75.0,Practical,0,0,0,104,15,4,18,1,Morning,2026-04-18 09:00:00,65.0,76.94666666666667,78.49428571428572,80.62819018404909,2,24.0,WARNING,1
2026-04-18,Saturday,4,12:15 PM,HR Analytics,Prof. Sharma,2,MBA,B,Lab 2,120,105,87.5,Practical,0,0,0,104,15,4,18,1,Afternoon,2026-04-18 12:15:00,75.0,75.55666666666667,79.32714285714287,80.59387195121951,3,3.25,SAFE,2
2026-04-19,Monday,2,10:00 AM,Cloud Computing,Ishwari Gaikwad,4,MBA,B,Auditorium,120,93,77.5,Theory,0,0,0,105,15,4,19,0,Morning,2026-04-19 10:00:00,87.5,75.83333333333333,78.37428571428572,80.63572727272728,1,21.75,SAFE,2
2026-04-19,Monday,6,03:00 PM,HR Analytics,Prof. Patil,4,MBA,B,Room 201,120,87,72.5,Theory,0,0,0,105,15,4,19,0,Afternoon,2026-04-19 15:00:00,77.5,80.0,79.08857142857143,80.6168373493976,2,5.0,WARNING,1
2026-04-20,Monday,1,09:00 AM,HR Analytics,Akash Upadhayay,4,MBA,B,Lab 2,120,75,62.5,Practical,0,0,0,106,16,4,20,0,Morning,2026-04-20 09:00:00,72.5,79.16666666666667,77.62,80.56823353293413,1,18.0,WARNING,1
2026-04-20,Monday,5,02:00 PM,HR Analytics,Prof. Patil,2,MBA,B,Lab 1,120,108,90.0,Practical,0,0,0,106,16,4,20,0,Afternoon,2026-04-20 14:00:00,62.5,70.83333333333333,75.23857142857143,80.46068452380953,2,5.0,SAFE,2
2026-04-20,Monday,5,02:00 PM,Web Development,Prof. Kulkarni,2,MBA,B,Lab 2,120,103,85.83,Practical,0,0,0,106,16,4,20,0,Afternoon,2026-04-20 14:00:00,90.0,75.0,75.71428571428571,80.5171301775148,3,24.0,SAFE,2
2026-04-21,Tuesday,1,09:00 AM,Web Development,Prof. Patil,2,MBA,B,Lab 2,120,94,78.33,Practical,0,0,0,107,16,4,21,0,Morning,2026-04-21 09:00:00,85.83,79.44333333333333,78.69000000000001,80.54838235294118,1,19.0,SAFE,2
2026-04-21,Tuesday,4,12:15 PM,HR Analytics,Prof. Patil,2,MBA,B,Room 202,120,104,86.67,Theory,0,0,0,107,16,4,21,0,Afternoon,2026-04-21 12:15:00,78.33,84.71999999999998,79.16571428571429,80.53540935672515,2,3.25,SAFE,2
2026-04-21,Tuesday,6,03:00 PM,Machine Learning,Prof. Sharma,2,MBA,B,Auditorium,120,71,59.17,Theory,0,1,1,107,16,4,21,0,Afternoon,2026-04-21 15:00:00,86.67,83.61,79.04714285714286,80.57107558139535,3,2.75,WARNING,1
2026-04-22,Wednesday,2,10:00 AM,Financial Management,Prof. Patil,2,MBA,B,Lab 2,120,113,94.17,Practical,0,0,0,108,16,4,22,0,Morning,2026-04-22 10:00:00,59.17,74.72333333333334,76.42857142857143,80.44736994219653,1,19.0,SAFE,2
2026-04-22,Wednesday,2,10:00 AM,Machine Learning,Prof. Patil,2,MBA,B,Auditorium,120,120,100.0,Theory,0,0,0,108,16,4,22,0,Morning,2026-04-22 10:00:00,94.17,80.00333333333334,79.52428571428572,80.52623563218391,2,24.0,SAFE,2
2026-04-22,Wednesday,3,11:15 AM,Financial Management,Prof. Deshmukh,4,MBA,B,Room 201,120,105,87.5,Theory,0,0,0,108,16,4,22,0,Morning,2026-04-22 11:15:00,100.0,84.44666666666667,84.88142857142859,80.63751428571429,3,1.25,SAFE,2
2026-04-22,Wednesday,4,12:15 PM,Financial Management,Prof. Patil,2,MBA,B,Lab 2,120,111,92.5,Practical,0,1,0,108,16,4,22,0,Afternoon,2026-04-22 12:15:00,87.5,93.89,84.52428571428572,80.67650568181818,4,1.0,SAFE,2
2026-04-22,Wednesday,4,12:15 PM,Advanced DBMS,Prof. Deshmukh,4,MBA,B,Room 201,120,95,79.17,Theory,0,0,0,108,16,4,22,0,Afternoon,2026-04-22 12:15:00,92.5,93.33333333333333,85.47714285714285,80.74330508474577,5,24.0,SAFE,2
2026-04-23,Thursday,4,12:15 PM,Python Programming,Ishwari Gaikwad,4,MBA,B,Auditorium,120,102,85.0,Theory,0,1,0,109,16,4,23,0,Afternoon,2026-04-23 12:15:00,79.17,86.39,85.59714285714287,80.73446629213484,1,24.0,SAFE,2
2026-04-23,Thursday,5,02:00 PM,Advanced DBMS,Akash Upadhayay,2,MBA,B,Lab 1,120,110,91.67,Practical,0,0,0,109,16,4,23,0,Afternoon,2026-04-23 14:00:00,85.0,85.55666666666667,85.35857142857142,80.75829608938548,2,1.75,SAFE,2
2026-04-24,Friday,3,11:15 AM,HR Analytics,Prof. Kulkarni,4,MBA,B,Room 201,120,99,82.5,Theory,0,1,0,110,16,4,24,0,Morning,2026-04-24 11:15:00,91.67,85.28,90.00142857142858,80.81891666666667,1,21.25,SAFE,2
2026-04-24,Friday,4,12:15 PM,Cloud Computing,Prof. Sharma,2,MBA,B,Lab 2,120,117,97.5,Practical,0,0,0,110,16,4,24,0,Afternoon,2026-04-24 12:15:00,82.5,86.39,88.3342857142857,80.8282044198895,2,1.0,SAFE,2
2026-04-25,Saturday,1,09:00 AM,Machine Learning,Akash Upadhayay,4,MBA,B,Room 202,120,81,67.5,Theory,0,0,0,111,16,4,25,1,Morning,2026-04-25 09:00:00,97.5,90.55666666666667,87.97714285714285,80.9198076923077,1,20.75,WARNING,1
2026-04-25,Saturday,3,11:15 AM,Web Development,Prof. Patil,4,MBA,B,Room 201,120,81,67.5,Theory,0,0,0,111,16,4,25,1,Morning,2026-04-25 11:15:00,67.5,82.5,85.11999999999999,80.84647540983607,2,2.25,WARNING,1
2026-04-25,Saturday,4,12:15 PM,Python Programming,Prof. Kulkarni,4,MBA,B,Room 202,120,109,90.83,Theory,0,0,0,111,16,4,25,1,Afternoon,2026-04-25 12:15:00,67.5,77.5,81.54857142857144,80.77394021739131,3,1.0,SAFE,2
2026-04-25,Saturday,5,02:00 PM,Web Development,Ishwari Gaikwad,2,MBA,B,Room 202,120,120,100.0,Theory,0,0,0,111,16,4,25,1,Afternoon,2026-04-25 14:00:00,90.83,75.27666666666666,83.21428571428571,80.8282972972973,4,1.75,SAFE,2
2026-04-25,Saturday,5,02:00 PM,Advanced DBMS,Prof. Sharma,2,MBA,B,Lab 1,120,108,90.0,Practical,0,0,0,111,16,4,25,1,Afternoon,2026-04-25 14:00:00,100.0,86.11,85.35714285714286,80.93137096774194,5,24.0,SAFE,2
2026-04-25,Saturday,6,03:00 PM,Cloud Computing,Prof. Kulkarni,2,MBA,B,Lab 1,120,84,70.0,Practical,0,0,0,111,16,4,25,1,Afternoon,2026-04-25 15:00:00,90.0,93.61,85.11857142857143,80.97986631016043,6,1.0,WARNING,1
2026-04-26,Monday,2,10:00 AM,Advanced DBMS,Ishwari Gaikwad,4,MBA,B,Room 201,120,88,73.33,Theory,0,0,0,112,16,4,26,0,Morning,2026-04-26 10:00:00,70.0,86.66666666666667,83.33285714285715,80.92146276595744,1,19.0,WARNING,1
2026-04-26,Monday,3,11:15 AM,Cloud Computing,Prof. Deshmukh,2,MBA,B,Room 201,120,103,85.83,Theory,0,1,0,112,16,4,26,0,Morning,2026-04-26 11:15:00,73.33,77.77666666666667,79.88000000000001,80.8812962962963,2,1.25,SAFE,2
2026-04-26,Monday,6,03:00 PM,Python Programming,Ishwari Gaikwad,4,MBA,B,Lab 2,120,79,65.83,Practical,0,0,0,112,16,4,26,0,Afternoon,2026-04-26 15:00:00,85.83,76.38666666666666,82.49857142857142,80.90734210526315,3,3.75,WARNING,1
2026-04-26,Monday,6,03:00 PM,Python Programming,Ishwari Gaikwad,4,MBA,B,Auditorium,120,94,78.33,Theory,1,0,0,112,16,4,26,0,Afternoon,2026-04-26 15:00:00,65.83,74.99666666666666,82.26,80.82840314136126,4,24.0,SAFE,2
2026-04-27,Monday,2,10:00 AM,Advanced DBMS,Prof. Deshmukh,4,MBA,B,Lab 2,120,99,82.5,Practical,0,0,0,113,17,4,27,0,Morning,2026-04-27 10:00:00,78.33,76.66333333333334,80.4742857142857,80.815390625,1,19.0,SAFE,2
2026-04-27,Monday,2,10:00 AM,HR Analytics,Prof. Patil,4,MBA,B,Lab 2,120,77,64.17,Practical,1,0,0,113,17,4,27,0,Morning,2026-04-27 10:00:00,82.5,75.55333333333334,77.9742857142857,80.82411917098446,2,24.0,WARNING,1
2026-04-27,Monday,5,02:00 PM,Financial Management,Prof. Sharma,4,MBA,B,Room 202,120,106,88.33,Theory,0,0,0,113,17,4,27,0,Afternoon,2026-04-27 14:00:00,64.17,75.0,74.28428571428572,80.73827319587629,3,4.0,SAFE,2
2026-04-27,Monday,6,03:00 PM,Financial Management,Prof. Patil,4,MBA,B,Lab 2,120,102,85.0,Practical,0,0,0,113,17,4,27,0,Afternoon,2026-04-27 15:00:00,88.33,78.33333333333333,76.90285714285713,80.77720512820513,4,1.0,SAFE,2
2026-04-28,Tuesday,2,10:00 AM,Python Programming,Ishwari Gaikwad,2,MBA,B,Auditorium,120,103,85.83,Theory,0,1,0,114,17,4,28,0,Morning,2026-04-28 10:00:00,85.0,79.16666666666667,78.57000000000001,80.79875,1,19.0,SAFE,2
2026-04-28,Tuesday,3,11:15 AM,Python Programming,Akash Upadhayay,4,MBA,B,Lab 1,120,110,91.67,Practical,0,1,0,114,17,4,28,0,Morning,2026-04-28 11:15:00,85.83,86.38666666666666,78.57000000000001,80.82428934010153,2,1.25,SAFE,2
2026-04-28,Tuesday,4,12:15 PM,Web Development,Ishwari Gaikwad,2,MBA,B,Lab 1,120,84,70.0,Practical,0,0,1,114,17,4,28,0,Afternoon,2026-04-28 12:15:00,91.67,87.5,82.26142857142857,80.87906565656566,3,1.0,WARNING,1
2026-04-28,Tuesday,4,12:15 PM,Financial Management,Prof. Deshmukh,4,MBA,B,Room 202,120,105,87.5,Theory,0,1,0,114,17,4,28,0,Afternoon,2026-04-28 12:15:00,70.0,82.5,81.07142857142857,80.82439698492462,4,24.0,SAFE,2
2026-04-29,Wednesday,1,09:00 AM,Cloud Computing,Prof. Kulkarni,2,MBA,B,Room 202,120,84,70.0,Theory,0,0,0,115,17,4,29,0,Morning,2026-04-29 09:00:00,87.5,83.05666666666667,81.78571428571429,80.857775,1,20.75,WARNING,1
2026-04-29,Wednesday,2,10:00 AM,Cloud Computing,Prof. Sharma,4,MBA,B,Room 201,120,120,100.0,Theory,0,0,0,115,17,4,29,0,Morning,2026-04-29 10:00:00,70.0,75.83333333333333,82.61857142857143,80.80375621890548,2,1.0,SAFE,2
2026-04-29,Wednesday,2,10:00 AM,Advanced DBMS,Prof. Deshmukh,2,MBA,B,Room 202,120,94,78.33,Theory,0,1,0,115,17,4,29,0,Morning,2026-04-29 10:00:00,100.0,85.83333333333333,84.28571428571429,80.89878712871287,3,24.0,SAFE,2
2026-04-29,Wednesday,3,11:15 AM,Web Development,Prof. Patil,2,MBA,B,Auditorium,120,92,76.67,Theory,0,0,1,115,17,4,29,0,Morning,2026-04-29 11:15:00,78.33,82.77666666666666,83.33285714285714,80.8861330049261,4,1.25,SAFE,2
2026-04-29,Wednesday,5,02:00 PM,HR Analytics,Prof. Patil,2,MBA,B,Lab 2,120,104,86.67,Practical,0,0,0,115,17,4,29,0,Afternoon,2026-04-29 14:00:00,76.67,85.0,82.02428571428571,80.8654656862745,5,2.75,SAFE,2
2026-04-29,Wednesday,6,03:00 PM,Machine Learning,Prof. Deshmukh,4,MBA,B,Auditorium,120,84,70.0,Theory,0,0,0,115,17,4,29,0,Afternoon,2026-04-29 15:00:00,86.67,80.55666666666666,81.30999999999999,80.89378048780488,6,1.0,WARNING,1
2026-04-30,Thursday,1,09:00 AM,Financial Management,Prof. Sharma,4,MBA,B,Lab 2,120,93,77.5,Practical,0,1,0,116,17,4,30,0,Morning,2026-04-30 09:00:00,70.0,77.78,81.30999999999999,80.84089805825242,1,18.0,SAFE,2
2026-04-30,Thursday,4,12:15 PM,Advanced DBMS,Akash Upadhayay,2,MBA,B,Auditorium,120,102,85.0,Theory,0,0,0,116,17,4,30,0,Afternoon,2026-04-30 12:15:00,77.5,78.05666666666667,79.88142857142857,80.82475845410627,2,3.25,SAFE,2
2026-05-01,Friday,1,09:00 AM,Advanced DBMS,Akash Upadhayay,4,MBA,B,Auditorium,120,79,65.83,Theory,0,0,1,117,17,5,1,0,Morning,2026-05-01 09:00:00,85.0,77.5,82.02428571428571,78.6009090909091,1,20.75,WARNING,1
2026-05-01,Friday,2,10:00 AM,Financial Management,Prof. Deshmukh,2,MBA,B,Auditorium,120,108,90.0,Theory,0,0,0,117,17,5,1,0,Morning,2026-05-01 10:00:00,65.83,76.11,77.14285714285714,78.48585585585586,2,1.0,SAFE,2
2026-05-01,Friday,3,11:15 AM,Web Development,Prof. Kulkarni,4,MBA,B,Room 202,120,78,65.0,Theory,1,0,0,117,17,5,1,0,Morning,2026-05-01 11:15:00,90.0,80.27666666666666,78.80999999999999,78.58866071428572,3,1.25,WARNING,1
2026-05-01,Friday,4,12:15 PM,HR Analytics,Prof. Kulkarni,4,MBA,B,Auditorium,120,96,80.0,Theory,1,0,0,117,17,5,1,0,Afternoon,2026-05-01 12:15:00,65.0,73.61,77.14285714285714,78.46840707964601,4,1.0,SAFE,2
2026-05-01,Friday,6,03:00 PM,Cloud Computing,Ishwari Gaikwad,2,MBA,B,Room 202,120,93,77.5,Theory,0,0,0,117,17,5,1,0,Afternoon,2026-05-01 15:00:00,80.0,78.33333333333333,76.19000000000001,78.48184210526315,5,2.75,SAFE,2
2026-05-02,Saturday,1,09:00 AM,Python Programming,Prof. Patil,4,MBA,B,Room 201,120,89,74.17,Theory,0,1,0,118,17,5,2,1,Morning,2026-05-02 09:00:00,77.5,74.16666666666667,77.26142857142858,78.47330434782609,1,18.0,WARNING,1
2026-05-02,Saturday,5,02:00 PM,Python Programming,Akash Upadhayay,2,MBA,B,Lab 2,120,94,78.33,Practical,0,1,0,118,17,5,2,1,Afternoon,2026-05-02 14:00:00,74.17,77.22333333333334,76.78571428571429,78.43620689655172,2,5.0,SAFE,2
2026-05-02,Saturday,6,03:00 PM,Financial Management,Prof. Patil,2,MBA,B,Room 202,120,74,61.67,Theory,0,1,0,118,17,5,2,1,Afternoon,2026-05-02 15:00:00,78.33,76.66666666666667,75.83285714285715,78.43529914529915,3,1.0,WARNING,1
2026-05-03,Monday,1,09:00 AM,Financial Management,Prof. Sharma,4,MBA,B,Auditorium,120,82,68.33,Theory,0,0,0,119,17,5,3,0,Morning,2026-05-03 09:00:00,61.67,71.39,75.23857142857142,78.29322033898305,1,18.0,WARNING,1
2026-05-03,Monday,3,11:15 AM,HR Analytics,Prof. Deshmukh,2,MBA,B,Lab 2,120,83,69.17,Practical,0,0,1,119,17,5,3,0,Morning,2026-05-03 11:15:00,68.33,69.44333333333333,72.14285714285714,78.20949579831932,2,2.25,WARNING,1
2026-05-03,Monday,5,02:00 PM,Machine Learning,Prof. Patil,2,MBA,B,Room 201,120,99,82.5,Theory,0,0,0,119,17,5,3,0,Afternoon,2026-05-03 14:00:00,69.17,66.39,72.73857142857142,78.13416666666667,3,2.75,SAFE,2
2026-05-03,Monday,6,03:00 PM,HR Analytics,Prof. Sharma,2,MBA,B,Lab 2,120,70,58.33,Practical,0,0,1,119,17,5,3,0,Afternoon,2026-05-03 15:00:00,82.5,73.33333333333333,73.09571428571428,78.1702479338843,4,1.0,WARNING,1
2026-05-04,Monday,2,10:00 AM,Cloud Computing,Prof. Kulkarni,2,MBA,B,Room 202,120,84,70.0,Theory,0,0,0,120,18,5,4,0,Morning,2026-05-04 10:00:00,58.33,70.0,70.35714285714286,78.00762295081968,1,19.0,WARNING,1
2026-05-04,Monday,2,10:00 AM,HR Analytics,Ishwari Gaikwad,4,MBA,B,Lab 2,120,113,94.17,Practical,0,1,0,120,18,5,4,0,Morning,2026-05-04 10:00:00,70.0,70.27666666666666,69.76142857142858,77.94252032520325,2,24.0,SAFE,2
2026-05-05,Tuesday,1,09:00 AM,Python Programming,Ishwari Gaikwad,2,MBA,B,Lab 2,120,113,94.17,Practical,0,0,0,121,18,5,5,0,Morning,2026-05-05 09:00:00,94.17,74.16666666666667,72.02428571428571,78.0733870967742,1,23.0,SAFE,2
2026-05-05,Tuesday,1,09:00 AM,Advanced DBMS,Prof. Kulkarni,2,MBA,B,Lab 1,120,114,95.0,Practical,0,0,0,121,18,5,5,0,Morning,2026-05-05 09:00:00,94.17,86.11333333333334,76.66714285714286,78.20216,2,24.0,SAFE,2
2026-05-05,Tuesday,3,11:15 AM,Cloud Computing,Prof. Sharma,2,MBA,B,Lab 2,120,114,95.0,Practical,0,1,0,121,18,5,5,0,Morning,2026-05-05 11:15:00,95.0,94.44666666666667,80.47714285714287,78.3354761904762,3,2.25,SAFE,2
2026-05-05,Tuesday,4,12:15 PM,Financial Management,Akash Upadhayay,2,MBA,B,Room 201,120,102,85.0,Theory,0,1,0,121,18,5,5,0,Afternoon,2026-05-05 12:15:00,95.0,94.72333333333334,84.16714285714286,78.46669291338583,4,1.0,SAFE,2
2026-05-05,Tuesday,5,02:00 PM,Machine Learning,Akash Upadhayay,2,MBA,B,Room 201,120,79,65.83,Theory,0,0,0,121,18,5,5,0,Afternoon,2026-05-05 14:00:00,85.0,91.66666666666667,84.52428571428572,78.517734375,5,1.75,WARNING,1
2026-05-06,Wednesday,5,02:00 PM,Web Development,Prof. Kulkarni,4,MBA,B,Auditorium,120,110,91.67,Theory,0,1,0,122,18,5,6,0,Afternoon,2026-05-06 14:00:00,65.83,81.94333333333333,85.59571428571428,78.41937984496124,1,24.0,SAFE,2
2026-05-06,Wednesday,6,03:00 PM,HR Analytics,Prof. Kulkarni,4,MBA,B,Lab 2,120,120,100.0,Practical,0,0,0,122,18,5,6,0,Afternoon,2026-05-06 15:00:00,91.67,80.83333333333333,88.69142857142857,78.5213076923077,2,1.0,SAFE,2
2026-05-07,Thursday,2,10:00 AM,Cloud Computing,Prof. Patil,4,MBA,B,Room 201,120,95,78.89,Theory,0,0,0,123,18,5,7,0,Morning,2026-05-07 10:00:00,100.0,85.83333333333333,89.52428571428572,78.68526717557252,1,19.0,SAFE,2
2026-05-07,Thursday,5,02:00 PM,Cloud Computing,Akash Upadhayay,2,MBA,B,Lab 2,120,84,70.0,Practical,1,0,0,123,18,5,7,0,Afternoon,2026-05-07 14:00:00,78.89,90.18666666666667,87.34142857142857,78.68681818181818,2,4.0,WARNING,1
2026-05-07,Thursday,6,03:00 PM,Financial Management,Prof. Sharma,2,MBA,B,Room 202,120,92,76.67,Theory,0,0,0,123,18,5,7,0,Afternoon,2026-05-07 15:00:00,70.0,82.96333333333332,83.77,78.6215037593985,3,1.0,SAFE,2
2026-05-08,Friday,5,02:00 PM,Advanced DBMS,Prof. Kulkarni,2,MBA,B,Lab 2,120,59,49.17,Practical,0,0,0,124,18,5,8,0,Afternoon,2026-05-08 14:00:00,76.67,75.18666666666667,81.15142857142858,78.60694029850747,1,23.0,CRITICAL,0
2026-05-08,Friday,6,03:00 PM,Web Development,Prof. Deshmukh,4,MBA,B,Lab 1,120,79,65.83,Practical,0,0,1,124,18,5,8,0,Afternoon,2026-05-08 15:00:00,49.17,65.28,76.03285714285714,78.38888888888889,2,1.0,WARNING,1
2026-05-09,Saturday,2,10:00 AM,Cloud Computing,Prof. Patil,4,MBA,B,Room 201,120,101,84.17,Theory,0,1,0,125,18,5,9,1,Morning,2026-05-09 10:00:00,65.83,63.89000000000001,76.03285714285714,78.29654411764706,1,19.0,SAFE,2
2026-05-09,Saturday,4,12:15 PM,HR Analytics,Prof. Sharma,4,MBA,B,Auditorium,120,106,88.33,Theory,0,0,0,125,18,5,9,1,Afternoon,2026-05-09 12:15:00,84.17,66.39,74.96142857142857,78.33941605839416,2,2.25,SAFE,2
2026-05-09,Saturday,4,12:15 PM,Advanced DBMS,Prof. Patil,2,MBA,B,Room 202,120,87,72.5,Theory,0,0,0,125,18,5,9,1,Afternoon,2026-05-09 12:15:00,88.33,79.44333333333333,73.29428571428572,78.4118115942029,3,24.0,WARNING,1
2026-05-10,Monday,1,09:00 AM,Advanced DBMS,Prof. Patil,4,MBA,B,Lab 1,120,101,83.89,Practical,0,1,0,126,18,5,10,0,Morning,2026-05-10 09:00:00,72.5,81.66666666666667,72.38142857142857,78.36928057553956,1,20.75,SAFE,2
2026-05-10,Monday,2,10:00 AM,Cloud Computing,Prof. Deshmukh,2,MBA,B,Room 202,120,85,70.83,Theory,0,0,0,126,18,5,10,0,Morning,2026-05-10 10:00:00,83.89,81.57333333333332,74.36571428571428,78.40871428571428,2,1.0,WARNING,1
2026-05-10,Monday,3,11:15 AM,Advanced DBMS,Prof. Deshmukh,2,MBA,B,Room 201,120,90,75.0,Theory,0,0,0,126,18,5,10,0,Morning,2026-05-10 11:15:00,70.83,75.74,73.53142857142858,78.35496453900709,3,1.25,WARNING,1
2026-05-10,Monday,4,12:15 PM,Machine Learning,Akash Upadhayay,2,MBA,B,Room 202,120,73,60.83,Theory,0,0,1,126,18,5,10,0,Afternoon,2026-05-10 12:15:00,75.0,76.57333333333334,77.22142857142856,78.33133802816901,4,1.0,WARNING,1
2026-05-10,Monday,5,02:00 PM,Financial Management,Prof. Kulkarni,4,MBA,B,Room 202,120,59,49.17,Theory,0,0,0,126,18,5,10,0,Afternoon,2026-05-10 14:00:00,60.83,68.88666666666666,76.50714285714285,78.20895104895105,5,1.75,CRITICAL,0
2026-05-10,Monday,6,03:00 PM,Cloud Computing,Prof. Patil,4,MBA,B,Auditorium,120,69,57.5,Theory,0,0,0,126,18,5,10,0,Afternoon,2026-05-10 15:00:00,49.17,61.666666666666664,71.50714285714285,78.00729166666666,6,1.0,WARNING,1
2026-05-11,Monday,4,12:15 PM,Cloud Computing,Ishwari Gaikwad,4,MBA,B,Room 201,120,89,74.17,Theory,0,0,0,127,19,5,11,0,Afternoon,2026-05-11 12:15:00,57.5,55.833333333333336,67.10285714285715,77.86586206896551,1,21.25,WARNING,1
2026-05-11,Monday,4,12:15 PM,HR Analytics,Prof. Sharma,4,MBA,B,Lab 1,120,97,80.83,Practical,0,0,0,127,19,5,11,0,Afternoon,2026-05-11 12:15:00,74.17,60.28,67.34142857142857,77.84054794520547,2,24.0,SAFE,2
2026-05-11,Monday,6,03:00 PM,Web Development,Akash Upadhayay,2,MBA,B,Lab 1,120,84,70.0,Practical,0,0,0,127,19,5,11,0,Afternoon,2026-05-11 15:00:00,80.83,70.83333333333333,66.90428571428572,77.8608843537415,3,2.75,WARNING,1
2026-05-12,Tuesday,4,12:15 PM,HR Analytics,Prof. Deshmukh,2,MBA,B,Auditorium,120,95,79.17,Theory,0,0,0,128,19,5,12,0,Afternoon,2026-05-12 12:15:00,70.0,75.0,66.78571428571429,77.80777027027027,1,21.25,SAFE,2
2026-05-13,Wednesday,1,09:00 AM,Advanced DBMS,Prof. Deshmukh,4,MBA,B,Room 202,120,89,74.17,Theory,0,0,0,129,19,5,13,0,Morning,2026-05-13 09:00:00,79.17,76.66666666666667,67.38142857142857,77.81691275167785,1,20.75,WARNING,1
2026-05-13,Wednesday,1,09:00 AM,Financial Management,Prof. Sharma,2,MBA,B,Room 201,120,95,78.89,Theory,0,0,0,129,19,5,13,0,Morning,2026-05-13 09:00:00,74.17,74.44666666666667,69.28714285714285,77.7926,2,24.0,SAFE,2
2026-05-13,Wednesday,3,11:15 AM,Web Development,Prof. Sharma,2,MBA,B,Room 201,120,115,95.83,Theory,0,0,0,129,19,5,13,0,Morning,2026-05-13 11:15:00,78.89,77.41000000000001,73.53285714285714,77.79986754966887,3,2.25,SAFE,2
2026-05-13,Wednesday,5,02:00 PM,Machine Learning,Akash Upadhayay,4,MBA,B,Room 202,120,75,62.5,Theory,1,0,0,129,19,5,13,0,Afternoon,2026-05-13 14:00:00,95.83,82.96333333333332,79.00857142857141,77.91848684210527,4,2.75,WARNING,1
2026-05-14,Thursday,1,09:00 AM,Financial Management,Prof. Sharma,2,MBA,B,Room 201,120,92,76.67,Theory,0,0,0,130,19,5,14,0,Morning,2026-05-14 09:00:00,62.5,79.07333333333332,77.34142857142857,77.81771241830066,1,19.0,SAFE,2
2026-05-14,Thursday,2,10:00 AM,Financial Management,Prof. Patil,2,MBA,B,Lab 1,120,89,74.17,Practical,0,0,1,130,19,5,14,0,Morning,2026-05-14 10:00:00,76.67,78.33333333333333,76.74714285714286,77.81025974025974,2,1.0,WARNING,1
2026-05-14,Thursday,4,12:15 PM,Python Programming,Akash Upadhayay,4,MBA,B,Lab 1,120,100,83.33,Practical,0,1,0,130,19,5,14,0,Afternoon,2026-05-14 12:15:00,74.17,71.11333333333334,77.34285714285714,77.7867741935484,3,2.25,SAFE,2
2026-05-15,Friday,4,12:15 PM,Machine Learning,Prof. Patil,2,MBA,B,Room 202,120,99,82.5,Theory,0,1,0,131,19,5,15,0,Afternoon,2026-05-15 12:15:00,83.33,78.05666666666667,77.93714285714286,77.8223076923077,1,24.0,SAFE,2
2026-05-16,Saturday,5,02:00 PM,Cloud Computing,Prof. Patil,2,MBA,B,Lab 1,120,77,64.17,Practical,1,0,0,132,19,5,16,1,Afternoon,2026-05-16 14:00:00,82.5,80.0,79.12714285714286,77.85210191082803,1,25.75,WARNING,1
2026-05-16,Saturday,6,03:00 PM,HR Analytics,Prof. Kulkarni,2,MBA,B,Lab 2,120,88,73.33,Practical,0,0,0,132,19,5,16,1,Afternoon,2026-05-16 15:00:00,64.17,76.66666666666667,77.02428571428572,77.76550632911393,2,1.0,WARNING,1
2026-05-16,Saturday,6,03:00 PM,Advanced DBMS,Prof. Deshmukh,2,MBA,B,Room 201,120,82,68.33,Theory,0,1,0,132,19,5,16,1,Afternoon,2026-05-16 15:00:00,73.33,73.33333333333333,73.80999999999999,77.73761006289308,3,24.0,WARNING,1
2026-05-17,Monday,2,10:00 AM,Cloud Computing,Akash Upadhayay,4,MBA,B,Room 202,120,91,75.83,Theory,0,1,0,133,19,5,17,0,Morning,2026-05-17 10:00:00,68.33,68.61,74.64285714285714,77.6788125,1,19.0,SAFE,2
2026-05-17,Monday,3,11:15 AM,HR Analytics,Prof. Sharma,4,MBA,B,Lab 1,120,79,65.83,Practical,0,1,1,133,19,5,17,0,Morning,2026-05-17 11:15:00,75.83,72.49666666666666,74.52285714285715,77.66732919254659,2,1.25,WARNING,1
2026-05-17,Monday,3,11:15 AM,Web Development,Prof. Deshmukh,4,MBA,B,Auditorium,120,60,50.0,Theory,1,0,0,133,19,5,17,0,Morning,2026-05-17 11:15:00,65.83,69.99666666666667,73.33142857142857,77.59425925925926,3,24.0,CRITICAL,0
2026-05-17,Monday,4,12:15 PM,HR Analytics,Prof. Kulkarni,4,MBA,B,Room 202,120,86,71.67,Theory,0,0,1,133,19,5,17,0,Afternoon,2026-05-17 12:15:00,50.0,63.88666666666668,68.57,77.42496932515337,4,1.0,WARNING,1
2026-05-17,Monday,5,02:00 PM,Machine Learning,Prof. Patil,4,MBA,B,Lab 2,120,100,83.33,Practical,0,0,0,133,19,5,17,0,Afternoon,2026-05-17 14:00:00,71.67,62.5,67.02285714285715,77.38987804878049,5,1.75,SAFE,2
2026-05-17,Monday,6,03:00 PM,Cloud Computing,Akash Upadhayay,4,MBA,B,Auditorium,120,83,69.17,Theory,0,0,0,133,19,5,17,0,Afternoon,2026-05-17 15:00:00,83.33,68.33333333333333,69.76,77.42587878787879,6,1.0,WARNING,1
2026-05-18,Monday,5,02:00 PM,Machine Learning,Akash Upadhayay,4,MBA,B,Room 202,120,111,92.5,Theory,0,0,0,134,20,5,18,0,Afternoon,2026-05-18 14:00:00,69.17,74.72333333333334,69.16571428571429,77.37614457831326,1,23.0,SAFE,2
2026-05-18,Monday,5,02:00 PM,Cloud Computing,Akash Upadhayay,2,MBA,B,Room 201,120,102,85.0,Theory,0,0,0,134,20,5,18,0,Afternoon,2026-05-18 14:00:00,92.5,81.66666666666667,72.61857142857143,77.46670658682635,2,24.0,SAFE,2
2026-05-18,Monday,6,03:00 PM,Financial Management,Prof. Kulkarni,2,MBA,B,Room 201,120,79,65.83,Theory,0,0,0,134,20,5,18,0,Afternoon,2026-05-18 15:00:00,85.0,82.22333333333334,73.92857142857143,77.51154761904762,3,1.0,WARNING,1
2026-05-19,Tuesday,6,03:00 PM,Cloud Computing,Prof. Kulkarni,2,MBA,B,Room 201,120,86,71.67,Theory,0,0,0,135,20,5,19,0,Afternoon,2026-05-19 15:00:00,65.83,81.11,73.92857142857143,77.44242603550296,1,24.0,WARNING,1
2026-05-20,Wednesday,2,10:00 AM,Python Programming,Prof. Patil,4,MBA,B,Room 201,120,96,80.0,Theory,0,0,0,136,20,5,20,0,Morning,2026-05-20 10:00:00,71.67,74.16666666666667,77.02428571428572,77.4084705882353,1,19.0,SAFE,2
2026-05-20,Wednesday,5,02:00 PM,Financial Management,Ishwari Gaikwad,2,MBA,B,Lab 1,120,109,90.83,Practical,0,0,0,136,20,5,20,0,Afternoon,2026-05-20 14:00:00,80.0,72.5,78.21428571428571,77.42362573099416,2,4.0,SAFE,2
2026-05-20,Wednesday,6,03:00 PM,Cloud Computing,Prof. Patil,4,MBA,B,Room 202,120,90,75.0,Theory,0,0,0,136,20,5,20,0,Afternoon,2026-05-20 15:00:00,90.83,80.83333333333333,79.28571428571429,77.50156976744186,3,1.0,WARNING,1
2026-05-20,Wednesday,6,03:00 PM,Machine Learning,Prof. Sharma,2,MBA,B,Auditorium,120,74,61.67,Theory,1,0,0,136,20,5,20,0,Afternoon,2026-05-20 15:00:00,75.0,81.94333333333333,80.11857142857143,77.4871098265896,4,24.0,WARNING,1
2026-05-21,Thursday,2,10:00 AM,Advanced DBMS,Ishwari Gaikwad,4,MBA,B,Room 201,120,97,80.83,Theory,0,0,0,137,20,5,21,0,Morning,2026-05-21 10:00:00,61.67,75.83333333333333,75.71428571428571,77.39620689655173,1,19.0,SAFE,2
2026-05-21,Thursday,4,12:15 PM,Cloud Computing,Prof. Deshmukh,2,MBA,B,Auditorium,120,112,93.33,Theory,0,0,0,137,20,5,21,0,Afternoon,2026-05-21 12:15:00,80.83,72.5,75.11857142857143,77.41582857142858,2,2.25,SAFE,2
2026-05-21,Thursday,5,02:00 PM,Python Programming,Prof. Patil,4,MBA,B,Room 202,120,104,86.67,Theory,0,0,0,137,20,5,21,0,Afternoon,2026-05-21 14:00:00,93.33,78.61,79.04714285714286,77.50625000000001,3,1.75,SAFE,2
2026-05-22,Friday,4,12:15 PM,Financial Management,Prof. Patil,4,MBA,B,Room 202,120,99,82.5,Theory,0,0,0,138,20,5,22,0,Afternoon,2026-05-22 12:15:00,86.67,86.94333333333333,81.19000000000001,77.55802259887005,1,22.25,SAFE,2
2026-05-23,Saturday,2,10:00 AM,HR Analytics,Prof. Sharma,4,MBA,B,Auditorium,120,85,70.83,Theory,0,0,0,139,20,5,23,1,Morning,2026-05-23 10:00:00,82.5,87.5,81.54714285714286,77.58578651685393,1,21.75,WARNING,1
2026-05-23,Saturday,2,10:00 AM,Financial Management,Prof. Kulkarni,4,MBA,B,Auditorium,120,94,78.33,Theory,0,0,0,139,20,5,23,1,Morning,2026-05-23 10:00:00,70.83,80.0,78.69000000000001,77.54804469273743,2,24.0,SAFE,2
2026-05-23,Saturday,3,11:15 AM,HR Analytics,Akash Upadhayay,4,MBA,B,Lab 1,120,117,97.5,Practical,0,0,0,139,20,5,23,1,Morning,2026-05-23 11:15:00,78.33,77.22,79.16571428571429,77.55238888888888,3,1.25,SAFE,2
2026-05-23,Saturday,4,12:15 PM,Web Development,Prof. Kulkarni,2,MBA,B,Auditorium,120,92,76.67,Theory,0,0,1,139,20,5,23,1,Afternoon,2026-05-23 12:15:00,97.5,82.22,84.28428571428572,77.66259668508287,4,1.0,SAFE,2
2026-05-23,Saturday,5,02:00 PM,Machine Learning,Akash Upadhayay,2,MBA,B,Lab 2,120,83,69.17,Practical,0,1,0,139,20,5,23,1,Afternoon,2026-05-23 14:00:00,76.67,84.16666666666667,83.69000000000001,77.65714285714286,5,1.75,WARNING,1
2026-05-24,Monday,2,10:00 AM,Web Development,Prof. Patil,2,MBA,B,Auditorium,120,91,75.83,Theory,0,0,0,140,20,5,24,0,Morning,2026-05-24 10:00:00,69.17,81.11333333333333,80.23857142857142,77.6107650273224,1,20.0,SAFE,2
2026-05-24,Monday,3,11:15 AM,HR Analytics,Akash Upadhayay,4,MBA,B,Room 201,120,88,73.33,Theory,0,0,0,140,20,5,24,0,Morning,2026-05-24 11:15:00,75.83,73.89,78.69000000000001,77.60108695652174,2,1.25,WARNING,1
2026-05-24,Monday,5,02:00 PM,Machine Learning,Akash Upadhayay,4,MBA,B,Room 201,120,73,60.83,Theory,0,0,1,140,20,5,24,0,Afternoon,2026-05-24 14:00:00,73.33,72.77666666666666,77.38,77.578,3,2.75,WARNING,1
2026-05-24,Monday,6,03:00 PM,Python Programming,Ishwari Gaikwad,2,MBA,B,Room 202,120,94,78.33,Theory,0,0,0,140,20,5,24,0,Afternoon,2026-05-24 15:00:00,60.83,69.99666666666667,75.95142857142856,77.48795698924731,4,1.0,SAFE,2
2026-05-24,Monday,6,03:00 PM,Web Development,Prof. Kulkarni,4,MBA,B,Room 202,120,86,71.67,Theory,0,0,0,140,20,5,24,0,Afternoon,2026-05-24 15:00:00,78.33,70.83,75.95142857142856,77.49245989304814,5,24.0,WARNING,1
2026-05-25,Monday,2,10:00 AM,Financial Management,Prof. Kulkarni,4,MBA,B,Room 201,120,97,80.83,Theory,0,0,1,141,21,5,25,0,Morning,2026-05-25 10:00:00,71.67,70.27666666666666,72.26142857142857,77.46148936170214,1,19.0,SAFE,2
2026-05-25,Monday,6,03:00 PM,Cloud Computing,Prof. Sharma,4,MBA,B,Room 202,120,77,64.17,Theory,0,0,0,141,21,5,25,0,Afternoon,2026-05-25 15:00:00,80.83,76.94333333333334,72.85571428571428,77.47931216931217,2,5.0,WARNING,1
2026-05-25,Monday,6,03:00 PM,Python Programming,Prof. Deshmukh,2,MBA,B,Lab 1,120,95,79.17,Practical,0,0,0,141,21,5,25,0,Afternoon,2026-05-25 15:00:00,64.17,72.22333333333334,72.14142857142858,77.40926315789474,3,24.0,SAFE,2
2026-05-26,Tuesday,1,09:00 AM,Cloud Computing,Prof. Sharma,4,MBA,B,Room 202,120,90,75.0,Theory,0,0,0,142,21,5,26,0,Morning,2026-05-26 09:00:00,79.17,74.72333333333333,72.61857142857143,77.41848167539267,1,18.0,WARNING,1
2026-05-26,Tuesday,2,10:00 AM,Advanced DBMS,Prof. Sharma,4,MBA,B,Room 201,120,120,100.0,Theory,0,0,0,142,21,5,26,0,Morning,2026-05-26 10:00:00,75.0,72.78,72.85714285714286,77.40588541666666,2,1.0,SAFE,2
2026-05-26,Tuesday,4,12:15 PM,Cloud Computing,Prof. Sharma,4,MBA,B,Room 202,120,84,70.0,Theory,0,0,1,142,21,5,26,0,Afternoon,2026-05-26 12:15:00,100.0,84.72333333333334,78.45285714285714,77.52295336787564,3,2.25,WARNING,1
2026-05-26,Tuesday,4,12:15 PM,Machine Learning,Prof. Patil,4,MBA,B,Auditorium,120,80,66.67,Theory,0,0,1,142,21,5,26,0,Afternoon,2026-05-26 12:15:00,70.0,81.66666666666667,77.26285714285714,77.48417525773196,4,24.0,WARNING,1
2026-05-26,Tuesday,6,03:00 PM,HR Analytics,Prof. Sharma,4,MBA,B,Room 202,120,90,75.0,Theory,0,0,0,142,21,5,26,0,Afternoon,2026-05-26 15:00:00,66.67,78.89,76.54857142857144,77.42871794871795,5,2.75,WARNING,1
2026-05-27,Wednesday,5,02:00 PM,Python Programming,Ishwari Gaikwad,4,MBA,B,Auditorium,120,116,96.67,Theory,0,1,0,143,21,5,27,0,Afternoon,2026-05-27 14:00:00,75.0,70.55666666666667,75.71571428571428,77.41632653061225,1,23.0,SAFE,2
2026-05-28,Thursday,6,03:00 PM,HR Analytics,Prof. Deshmukh,2,MBA,B,Lab 1,120,92,76.67,Practical,0,1,0,144,21,5,28,0,Afternoon,2026-05-28 15:00:00,96.67,79.44666666666667,80.35857142857142,77.51406091370559,1,25.0,SAFE,2
2026-05-29,Friday,3,11:15 AM,HR Analytics,Ishwari Gaikwad,4,MBA,B,Room 202,120,113,94.17,Theory,0,0,0,145,21,5,29,0,Morning,2026-05-29 11:15:00,76.67,82.78000000000002,80.00142857142858,77.50979797979798,1,20.25,SAFE,2
2026-05-30,Saturday,1,09:00 AM,Machine Learning,Prof. Sharma,4,MBA,B,Lab 1,120,87,72.5,Practical,0,1,0,146,21,5,30,1,Morning,2026-05-30 09:00:00,94.17,89.17,82.74,77.5935175879397,1,21.75,WARNING,1
2026-05-30,Saturday,1,09:00 AM,HR Analytics,Ishwari Gaikwad,4,MBA,B,Auditorium,120,94,78.33,Theory,0,0,0,146,21,5,30,1,Morning,2026-05-30 09:00:00,72.5,81.11333333333333,78.81142857142856,77.56805,2,24.0,SAFE,2
2026-05-30,Saturday,4,12:15 PM,Advanced DBMS,Akash Upadhayay,4,MBA,B,Room 201,120,101,84.17,Theory,0,0,0,146,21,5,30,1,Afternoon,2026-05-30 12:15:00,78.33,81.66666666666667,80.00142857142858,77.5718407960199,3,3.25,SAFE,2
2026-05-30,Saturday,6,03:00 PM,Cloud Computing,Prof. Kulkarni,4,MBA,B,Auditorium,120,76,63.33,Theory,0,0,0,146,21,5,30,1,Afternoon,2026-05-30 15:00:00,84.17,78.33333333333333,82.50142857142858,77.60450495049506,4,2.75,WARNING,1
2026-05-31,Monday,1,09:00 AM,Machine Learning,Akash Upadhayay,2,MBA,B,Room 202,120,95,79.17,Theory,0,0,0,147,21,5,31,0,Morning,2026-05-31 09:00:00,63.33,75.27666666666666,80.83428571428571,77.53418719211822,1,18.0,SAFE,2
2026-06-01,Monday,5,02:00 PM,Cloud Computing,Prof. Sharma,2,MBA,B,Room 201,120,75,62.5,Theory,1,1,0,148,22,6,1,0,Afternoon,2026-06-01 14:00:00,79.17,75.55666666666667,78.33428571428571,78.00454545454545,1,29.0,WARNING,1
2026-06-01,Monday,5,02:00 PM,Web Development,Prof. Kulkarni,2,MBA,B,Lab 1,120,88,73.33,Practical,0,0,0,148,22,6,1,0,Afternoon,2026-06-01 14:00:00,62.5,68.33333333333333,76.30999999999999,76.71249999999999,2,24.0,WARNING,1
2026-06-01,Monday,6,03:00 PM,HR Analytics,Prof. Sharma,2,MBA,B,Auditorium,120,62,51.67,Theory,0,0,1,148,22,6,1,0,Afternoon,2026-06-01 15:00:00,73.33,71.66666666666667,73.33285714285714,76.4523076923077,3,1.0,WARNING,1
2026-06-01,Monday,6,03:00 PM,Financial Management,Prof. Deshmukh,4,MBA,B,Lab 2,120,79,65.83,Practical,0,0,0,148,22,6,1,0,Afternoon,2026-06-01 15:00:00,51.67,62.5,70.35714285714286,74.68214285714285,4,24.0,WARNING,1
2026-06-01,Monday,6,03:00 PM,Web Development,Ishwari Gaikwad,4,MBA,B,Room 201,120,85,70.83,Theory,0,0,0,148,22,6,1,0,Afternoon,2026-06-01 15:00:00,65.83,63.60999999999999,68.57142857142857,74.09200000000001,5,24.0,WARNING,1
2026-06-02,Tuesday,1,09:00 AM,Cloud Computing,Prof. Deshmukh,4,MBA,B,Lab 1,120,99,82.5,Practical,0,0,0,149,22,6,2,0,Morning,2026-06-02 09:00:00,70.83,62.776666666666664,66.66571428571429,73.888125,1,18.0,SAFE,2
2026-06-03,Wednesday,1,09:00 AM,Web Development,Prof. Sharma,4,MBA,B,Room 201,120,86,71.67,Theory,0,0,1,150,22,6,3,0,Morning,2026-06-03 09:00:00,82.5,73.05333333333333,69.4042857142857,74.39470588235294,1,24.0,WARNING,1
2026-06-03,Wednesday,4,12:15 PM,HR Analytics,Ishwari Gaikwad,2,MBA,B,Room 202,120,101,84.17,Theory,0,0,0,150,22,6,3,0,Afternoon,2026-06-03 12:15:00,71.67,75.0,68.33285714285714,74.24333333333334,2,3.25,SAFE,2
2026-06-03,Wednesday,6,03:00 PM,Machine Learning,Akash Upadhayay,2,MBA,B,Lab 2,120,84,70.0,Practical,0,0,0,150,22,6,3,0,Afternoon,2026-06-03 15:00:00,84.17,79.44666666666667,71.42857142857143,74.76578947368421,3,2.75,WARNING,1
2026-01-05,Monday,5,02:00 PM,Advanced DBMS,Prof. Patil,2,MBA,C,Lab 1,120,97,80.83,Practical,0,0,0,1,1,1,5,0,Afternoon,2026-01-05 14:00:00,78.9210138888889,78.9210138888889,78.9210138888889,79.98981595092025,1,24.0,SAFE,2
2026-01-05,Monday,6,03:00 PM,Web Development,Prof. Deshmukh,2,MBA,C,Lab 2,120,94,78.33,Practical,0,0,0,1,1,1,5,0,Afternoon,2026-01-05 15:00:00,80.83,80.83,80.83,79.99493902439025,2,1.0,SAFE,2
2026-01-06,Tuesday,1,09:00 AM,Web Development,Ishwari Gaikwad,2,MBA,C,Room 202,120,106,88.33,Theory,0,0,0,2,1,1,6,0,Morning,2026-01-06 09:00:00,78.33,79.58,79.58,79.98484848484848,1,18.0,SAFE,2
2026-01-06,Tuesday,4,12:15 PM,Python Programming,Prof. Deshmukh,2,MBA,C,Lab 1,120,105,87.5,Practical,0,0,0,2,1,1,6,0,Afternoon,2026-01-06 12:15:00,88.33,82.49666666666667,82.49666666666667,80.0351204819277,2,3.25,SAFE,2
2026-01-06,Tuesday,5,02:00 PM,Web Development,Prof. Deshmukh,2,MBA,C,Room 202,120,101,84.17,Theory,0,0,0,2,1,1,6,0,Afternoon,2026-01-06 14:00:00,87.5,84.72000000000001,83.7475,80.07982035928144,3,1.75,SAFE,2
2026-01-06,Tuesday,6,03:00 PM,Financial Management,Ishwari Gaikwad,2,MBA,C,Auditorium,120,86,71.67,Theory,0,0,0,2,1,1,6,0,Afternoon,2026-01-06 15:00:00,84.17,86.66666666666667,83.832,80.10416666666667,4,1.0,WARNING,1
2026-01-07,Wednesday,2,10:00 AM,Python Programming,Prof. Deshmukh,4,MBA,C,Room 201,120,104,86.67,Theory,0,0,0,3,1,1,7,0,Morning,2026-01-07 10:00:00,71.67,81.11333333333334,81.80499999999999,80.05426035502958,1,19.0,SAFE,2
2026-01-07,Wednesday,4,12:15 PM,Advanced DBMS,Akash Upadhayay,4,MBA,C,Room 202,120,106,88.33,Theory,0,0,0,3,1,1,7,0,Afternoon,2026-01-07 12:15:00,86.67,80.83666666666667,82.5,80.09317647058823,2,2.25,SAFE,2
2026-01-07,Wednesday,5,02:00 PM,HR Analytics,Ishwari Gaikwad,2,MBA,C,Lab 2,120,104,86.67,Practical,0,0,0,3,1,1,7,0,Afternoon,2026-01-07 14:00:00,88.33,82.22333333333334,83.57142857142857,80.14134502923977,3,1.75,SAFE,2
2026-01-07,Wednesday,6,03:00 PM,Cloud Computing,Prof. Kulkarni,2,MBA,C,Auditorium,120,79,65.83,Theory,0,0,1,3,1,1,7,0,Afternoon,2026-01-07 15:00:00,86.67,87.22333333333331,84.76285714285713,80.17930232558139,4,1.0,WARNING,1
2026-01-08,Thursday,1,09:00 AM,HR Analytics,Prof. Deshmukh,2,MBA,C,Lab 1,120,111,92.5,Practical,0,0,0,4,1,1,8,0,Morning,2026-01-08 09:00:00,65.83,80.27666666666666,81.54857142857144,80.0963583815029,1,18.0,SAFE,2
2026-01-08,Thursday,2,10:00 AM,Financial Management,Ishwari Gaikwad,2,MBA,C,Lab 2,120,95,79.17,Practical,1,0,0,4,1,1,8,0,Morning,2026-01-08 10:00:00,92.5,81.66666666666667,82.26285714285714,80.16764367816091,2,1.0,SAFE,2
2026-01-08,Thursday,3,11:15 AM,Machine Learning,Prof. Sharma,4,MBA,C,Lab 2,120,85,70.83,Practical,0,0,1,4,1,1,8,0,Morning,2026-01-08 11:15:00,79.17,79.16666666666667,81.54857142857144,80.16194285714286,3,1.25,WARNING,1
2026-01-08,Thursday,3,11:15 AM,Python Programming,Ishwari Gaikwad,4,MBA,C,Auditorium,120,102,85.0,Theory,0,0,0,4,1,1,8,0,Morning,2026-01-08 11:15:00,70.83,80.83333333333333,81.42857142857143,80.10892045454545,4,24.0,SAFE,2
2026-01-08,Thursday,5,02:00 PM,HR Analytics,Akash Upadhayay,2,MBA,C,Auditorium,120,94,78.33,Theory,0,0,0,4,1,1,8,0,Afternoon,2026-01-08 14:00:00,85.0,78.33333333333333,81.19000000000001,80.13655367231638,5,2.75,SAFE,2
2026-01-09,Friday,1,09:00 AM,Advanced DBMS,Ishwari Gaikwad,4,MBA,C,Room 201,120,94,78.33,Theory,0,0,0,5,1,1,9,0,Morning,2026-01-09 09:00:00,78.33,78.05333333333333,79.76142857142858,80.12640449438203,1,19.0,SAFE,2
2026-01-09,Friday,3,11:15 AM,Web Development,Prof. Sharma,4,MBA,C,Auditorium,120,99,82.5,Theory,0,0,0,5,1,1,9,0,Morning,2026-01-09 11:15:00,78.33,80.55333333333333,78.57000000000001,80.1163687150838,2,2.25,SAFE,2
2026-01-09,Friday,4,12:15 PM,Advanced DBMS,Prof. Patil,4,MBA,C,Room 201,120,109,90.83,Theory,0,0,0,5,1,1,9,0,Afternoon,2026-01-09 12:15:00,82.5,79.71999999999998,80.95142857142856,80.12961111111112,3,1.0,SAFE,2
2026-01-09,Friday,5,02:00 PM,Python Programming,Prof. Deshmukh,2,MBA,C,Room 202,120,102,85.0,Theory,0,0,0,5,1,1,9,0,Afternoon,2026-01-09 14:00:00,90.83,83.88666666666667,80.71285714285715,80.18872928176795,4,1.75,SAFE,2
2026-01-09,Friday,6,03:00 PM,Cloud Computing,Akash Upadhayay,2,MBA,C,Room 201,120,95,78.89,Theory,0,1,0,5,1,1,9,0,Afternoon,2026-01-09 15:00:00,85.0,86.11,81.54571428571428,80.21516483516483,5,1.0,SAFE,2
2026-01-10,Saturday,2,10:00 AM,Financial Management,Prof. Deshmukh,4,MBA,C,Auditorium,120,91,75.83,Theory,0,0,0,6,1,1,10,1,Morning,2026-01-10 10:00:00,78.89,84.90666666666665,82.69714285714285,80.20792349726776,1,19.0,SAFE,2
2026-01-10,Saturday,4,12:15 PM,HR Analytics,Ishwari Gaikwad,2,MBA,C,Lab 1,120,115,95.83,Practical,0,0,0,6,1,1,10,1,Afternoon,2026-01-10 12:15:00,75.83,79.90666666666667,81.38714285714286,80.1841304347826,2,2.25,SAFE,2
2026-01-10,Saturday,6,03:00 PM,Financial Management,Prof. Patil,4,MBA,C,Room 201,120,87,72.5,Theory,0,0,0,6,1,1,10,1,Afternoon,2026-01-10 15:00:00,95.83,83.51666666666667,83.88714285714285,80.2687027027027,3,2.75,WARNING,1
2026-01-11,Monday,1,09:00 AM,Web Development,Prof. Sharma,2,MBA,C,Lab 2,120,120,100.0,Practical,0,0,0,7,1,1,11,0,Morning,2026-01-11 09:00:00,72.5,81.38666666666667,83.05428571428571,80.22693548387096,1,18.0,SAFE,2
2026-01-11,Monday,6,03:00 PM,Advanced DBMS,Prof. Patil,2,MBA,C,Lab 2,120,92,76.67,Practical,0,0,0,7,1,1,11,0,Afternoon,2026-01-11 15:00:00,100.0,89.44333333333333,85.55428571428571,80.33267379679144,2,6.0,SAFE,2
2026-01-11,Monday,6,03:00 PM,Financial Management,Prof. Patil,4,MBA,C,Auditorium,120,88,73.33,Theory,0,0,0,7,1,1,11,0,Afternoon,2026-01-11 15:00:00,76.67,83.05666666666667,83.53142857142858,80.3131914893617,3,24.0,WARNING,1
2026-01-13,Tuesday,3,11:15 AM,Advanced DBMS,Ishwari Gaikwad,2,MBA,C,Auditorium,120,99,82.5,Theory,0,0,0,9,2,1,13,0,Morning,2026-01-13 11:15:00,73.33,83.33333333333333,81.86428571428571,80.27624338624338,1,44.25,SAFE,2
2026-01-13,Tuesday,4,12:15 PM,Advanced DBMS,Ishwari Gaikwad,4,MBA,C,Lab 2,120,109,90.83,Practical,0,0,0,9,2,1,13,0,Afternoon,2026-01-13 12:15:00,82.5,77.5,82.38,80.28794736842104,2,1.0,SAFE,2
2026-01-13,Tuesday,5,02:00 PM,Cloud Computing,Prof. Sharma,2,MBA,C,Lab 2,120,117,97.5,Practical,0,0,0,9,2,1,13,0,Afternoon,2026-01-13 14:00:00,90.83,82.22,84.52285714285713,80.34314136125654,3,1.75,SAFE,2
2026-01-14,Wednesday,1,09:00 AM,Web Development,Ishwari Gaikwad,2,MBA,C,Lab 2,120,76,63.33,Practical,0,0,1,10,2,1,14,0,Morning,2026-01-14 09:00:00,97.5,90.27666666666666,84.76142857142857,80.4325,1,19.0,WARNING,1
2026-01-14,Wednesday,6,03:00 PM,Python Programming,Akash Upadhayay,2,MBA,C,Room 201,120,94,78.33,Theory,0,0,0,10,2,1,14,0,Afternoon,2026-01-14 15:00:00,63.33,83.88666666666666,83.45142857142856,80.3438860103627,2,6.0,SAFE,2
2026-01-15,Thursday,1,09:00 AM,Financial Management,Akash Upadhayay,2,MBA,C,Lab 1,120,99,82.08500000000001,Practical,0,0,0,11,2,1,15,0,Morning,2026-01-15 09:00:00,78.33,79.72,80.35571428571428,80.33350515463918,1,18.0,SAFE,2
2026-01-15,Thursday,3,11:15 AM,Financial Management,Ishwari Gaikwad,2,MBA,C,Auditorium,120,110,91.67,Theory,0,0,0,11,2,1,15,0,Morning,2026-01-15 11:15:00,82.08500000000001,74.58166666666666,81.12928571428571,80.34248717948718,2,2.25,SAFE,2
2026-01-15,Thursday,3,11:15 AM,Web Development,Prof. Deshmukh,2,MBA,C,Auditorium,120,99,82.5,Theory,0,0,0,11,2,1,15,0,Morning,2026-01-15 11:15:00,91.67,84.02833333333335,83.74928571428572,80.4002806122449,3,24.0,SAFE,2
2026-01-16,Friday,6,03:00 PM,Cloud Computing,Ishwari Gaikwad,4,MBA,C,Room 201,120,77,64.17,Theory,0,1,0,12,2,1,16,0,Afternoon,2026-01-16 15:00:00,82.5,85.41833333333334,83.74928571428572,80.41093908629442,1,27.75,WARNING,1
2026-01-17,Saturday,1,09:00 AM,Cloud Computing,Prof. Deshmukh,2,MBA,C,Room 201,120,89,74.17,Theory,0,0,0,13,2,1,17,1,Morning,2026-01-17 09:00:00,64.17,79.44666666666667,79.9407142857143,80.32891414141415,1,18.0,WARNING,1
2026-01-17,Saturday,6,03:00 PM,Machine Learning,Prof. Deshmukh,2,MBA,C,Room 201,120,85,70.83,Theory,0,0,0,13,2,1,17,1,Afternoon,2026-01-17 15:00:00,74.17,73.61333333333334,76.60785714285714,80.2979648241206,2,6.0,WARNING,1
2026-01-18,Monday,1,09:00 AM,Python Programming,Prof. Sharma,4,MBA,C,Lab 1,120,100,83.33,Practical,0,0,0,14,2,1,18,0,Morning,2026-01-18 09:00:00,70.83,69.72333333333334,77.67928571428571,80.250625,1,18.0,SAFE,2
2026-01-18,Monday,1,09:00 AM,Machine Learning,Prof. Patil,4,MBA,C,Room 202,120,81,67.5,Theory,0,0,0,14,2,1,18,0,Morning,2026-01-18 09:00:00,83.33,76.11,78.39357142857143,80.26594527363184,2,24.0,WARNING,1
2026-01-18,Monday,1,09:00 AM,Python Programming,Prof. Patil,2,MBA,C,Room 201,120,69,57.5,Theory,1,0,0,14,2,1,18,0,Morning,2026-01-18 09:00:00,67.5,73.88666666666666,76.30999999999999,80.20274752475248,3,24.0,WARNING,1
2026-01-18,Monday,2,10:00 AM,Financial Management,Prof. Deshmukh,2,MBA,C,Auditorium,120,82,68.33,Theory,0,0,1,14,2,1,18,0,Morning,2026-01-18 10:00:00,57.5,69.44333333333333,71.42857142857143,80.09091133004927,4,1.0,WARNING,1
2026-01-18,Monday,3,11:15 AM,Advanced DBMS,Prof. Sharma,4,MBA,C,Lab 2,120,104,86.67,Practical,0,0,0,14,2,1,18,0,Morning,2026-01-18 11:15:00,68.33,64.44333333333333,69.4042857142857,80.03325980392157,5,1.25,SAFE,2
2026-01-18,Monday,4,12:15 PM,Web Development,Prof. Deshmukh,2,MBA,C,Lab 2,120,107,89.17,Practical,0,0,0,14,2,1,18,0,Afternoon,2026-01-18 12:15:00,86.67,70.83333333333333,72.61857142857143,80.06563414634147,6,1.0,SAFE,2
2026-01-18,Monday,5,02:00 PM,Cloud Computing,Prof. Sharma,2,MBA,C,Auditorium,120,93,77.5,Theory,0,1,0,14,2,1,18,0,Afternoon,2026-01-18 14:00:00,89.17,81.39,74.76142857142858,80.10983009708738,7,1.75,SAFE,2
2026-01-19,Monday,3,11:15 AM,Web Development,Akash Upadhayay,2,MBA,C,Room 201,120,90,75.0,Theory,0,0,0,15,3,1,19,0,Morning,2026-01-19 11:15:00,77.5,84.44666666666667,75.71428571428571,80.09722222222223,1,21.25,WARNING,1
2026-01-19,Monday,5,02:00 PM,Advanced DBMS,Prof. Sharma,2,MBA,C,Lab 1,120,84,70.0,Practical,0,0,0,15,3,1,19,0,Afternoon,2026-01-19 14:00:00,75.0,80.55666666666667,74.52428571428571,80.07271634615384,2,2.75,WARNING,1
2026-01-20,Tuesday,1,09:00 AM,HR Analytics,Akash Upadhayay,4,MBA,C,Auditorium,120,71,59.17,Theory,0,0,1,16,3,1,20,0,Morning,2026-01-20 09:00:00,70.0,74.16666666666667,74.88142857142857,80.02452153110048,1,19.0,WARNING,1
2026-01-20,Tuesday,2,10:00 AM,Machine Learning,Akash Upadhayay,2,MBA,C,Auditorium,120,104,86.67,Theory,0,0,0,16,3,1,20,0,Morning,2026-01-20 10:00:00,59.17,68.05666666666666,75.12,79.92521428571428,2,1.0,SAFE,2
2026-01-20,Tuesday,3,11:15 AM,HR Analytics,Akash Upadhayay,2,MBA,C,Auditorium,120,106,88.33,Theory,0,1,0,16,3,1,20,0,Morning,2026-01-20 11:15:00,86.67,71.94666666666667,77.74000000000001,79.95718009478674,3,1.25,SAFE,2
2026-01-21,Wednesday,1,09:00 AM,Advanced DBMS,Prof. Kulkarni,2,MBA,C,Room 202,120,91,75.83,Theory,0,0,0,17,3,1,21,0,Morning,2026-01-21 09:00:00,88.33,78.05666666666667,77.97714285714287,79.99667452830188,1,21.75,SAFE,2
2026-01-21,Wednesday,4,12:15 PM,Cloud Computing,Prof. Deshmukh,2,MBA,C,Lab 1,120,115,95.83,Practical,0,0,0,17,3,1,21,0,Afternoon,2026-01-21 12:15:00,75.83,83.61,76.07142857142857,79.97711267605634,2,3.25,SAFE,2
2026-01-21,Wednesday,4,12:15 PM,HR Analytics,Prof. Sharma,4,MBA,C,Lab 1,120,95,79.17,Practical,0,1,0,17,3,1,21,0,Afternoon,2026-01-21 12:15:00,95.83,86.66333333333334,78.69000000000001,80.05119158878506,3,24.0,SAFE,2
2026-01-21,Wednesday,5,02:00 PM,Advanced DBMS,Ishwari Gaikwad,4,MBA,C,Lab 1,120,117,97.5,Practical,0,1,0,17,3,1,21,0,Afternoon,2026-01-21 14:00:00,79.17,83.61,79.28571428571429,80.04709302325581,4,1.75,SAFE,2
2026-01-22,Thursday,5,02:00 PM,Machine Learning,Akash Upadhayay,2,MBA,C,Auditorium,120,98,81.67,Theory,0,0,0,18,3,1,22,0,Afternoon,2026-01-22 14:00:00,97.5,90.83333333333333,83.21428571428571,80.12789351851852,1,24.0,SAFE,2
2026-01-22,Thursday,6,03:00 PM,Cloud Computing,Ishwari Gaikwad,4,MBA,C,Lab 2,120,83,69.17,Practical,0,0,1,18,3,1,22,0,Afternoon,2026-01-22 15:00:00,81.67,86.11333333333334,86.42857142857143,80.13499999999999,2,1.0,WARNING,1
2026-01-23,Friday,3,11:15 AM,Financial Management,Prof. Deshmukh,4,MBA,C,Room 201,120,77,64.17,Theory,1,0,0,19,3,1,23,0,Morning,2026-01-23 11:15:00,69.17,82.77999999999999,83.92857142857143,80.08470183486239,1,20.25,WARNING,1
2026-01-23,Friday,3,11:15 AM,Cloud Computing,Ishwari Gaikwad,4,MBA,C,Room 202,120,111,92.5,Theory,0,0,0,19,3,1,23,0,Morning,2026-01-23 11:15:00,64.17,71.67,80.47714285714287,80.0120319634703,2,24.0,SAFE,2
2026-01-23,Friday,6,03:00 PM,Python Programming,Ishwari Gaikwad,4,MBA,C,Room 202,120,92,76.67,Theory,0,1,0,19,3,1,23,0,Afternoon,2026-01-23 15:00:00,92.5,75.28,82.85857142857142,80.06879545454545,3,3.75,SAFE,2
2026-01-23,Friday,6,03:00 PM,HR Analytics,Prof. Patil,2,MBA,C,Room 201,120,91,75.83,Theory,0,0,0,19,3,1,23,0,Afternoon,2026-01-23 15:00:00,76.67,77.78000000000002,80.12142857142858,80.05341628959276,4,24.0,SAFE,2
2026-01-24,Saturday,2,10:00 AM,Cloud Computing,Ishwari Gaikwad,2,MBA,C,Room 201,120,91,75.83,Theory,0,0,0,20,3,1,24,1,Morning,2026-01-24 10:00:00,75.83,81.66666666666667,79.64428571428572,80.03439189189189,1,19.0,SAFE,2
2026-01-24,Saturday,3,11:15 AM,Python Programming,Akash Upadhayay,4,MBA,C,Room 202,120,98,81.67,Theory,0,0,0,20,3,1,24,1,Morning,2026-01-24 11:15:00,75.83,76.11,76.54857142857144,80.01553811659193,2,1.25,SAFE,2
2026-01-24,Saturday,3,11:15 AM,Cloud Computing,Prof. Sharma,4,MBA,C,Lab 2,120,110,91.67,Practical,0,0,0,20,3,1,24,1,Morning,2026-01-24 11:15:00,81.67,77.77666666666666,76.54857142857144,80.02292410714286,3,24.0,SAFE,2
2026-01-24,Saturday,4,12:15 PM,Financial Management,Akash Upadhayay,2,MBA,C,Auditorium,120,74,61.67,Theory,1,0,0,20,3,1,24,1,Afternoon,2026-01-24 12:15:00,91.67,83.05666666666667,79.76285714285714,80.07468888888889,4,1.0,WARNING,1
2026-01-24,Saturday,5,02:00 PM,Financial Management,Prof. Patil,4,MBA,C,Room 201,120,75,62.5,Theory,0,0,1,20,3,1,24,1,Afternoon,2026-01-24 14:00:00,61.67,78.33666666666667,79.4057142857143,79.99325221238938,5,1.75,WARNING,1
2026-01-24,Saturday,6,03:00 PM,Web Development,Prof. Deshmukh,4,MBA,C,Room 202,120,120,100.0,Theory,0,0,0,20,3,1,24,1,Afternoon,2026-01-24 15:00:00,62.5,71.94666666666667,75.12,79.91618942731277,6,1.0,SAFE,2
2026-01-25,Monday,3,11:15 AM,Advanced DBMS,Prof. Patil,2,MBA,C,Lab 1,120,115,95.83,Practical,0,0,0,21,3,1,25,0,Morning,2026-01-25 11:15:00,100.0,74.72333333333334,78.45285714285716,80.00427631578947,1,20.25,SAFE,2
2026-01-25,Monday,4,12:15 PM,Advanced DBMS,Prof. Patil,4,MBA,C,Lab 2,120,113,94.17,Practical,0,0,0,21,3,1,25,0,Afternoon,2026-01-25 12:15:00,95.83,86.11,81.30999999999999,80.07338427947599,2,1.0,SAFE,2
2026-01-25,Monday,5,02:00 PM,Financial Management,Prof. Deshmukh,2,MBA,C,Lab 1,120,87,72.5,Practical,1,0,0,21,3,1,25,0,Afternoon,2026-01-25 14:00:00,94.17,96.66666666666667,83.92999999999999,80.13467391304347,3,1.75,WARNING,1
2026-01-25,Monday,6,03:00 PM,Web Development,Prof. Sharma,2,MBA,C,Room 202,120,76,63.33,Theory,0,1,0,21,3,1,25,0,Afternoon,2026-01-25 15:00:00,72.5,87.5,82.62,80.10162337662337,4,1.0,WARNING,1
2026-01-25,Monday,6,03:00 PM,Advanced DBMS,Prof. Kulkarni,2,MBA,C,Lab 2,120,85,70.83,Practical,0,0,0,21,3,1,25,0,Afternoon,2026-01-25 15:00:00,63.33,76.66666666666667,78.57142857142857,80.02933189655172,5,24.0,WARNING,1
2026-01-27,Tuesday,1,09:00 AM,HR Analytics,Akash Upadhayay,2,MBA,C,Lab 1,120,99,82.78,Practical,0,1,0,23,4,1,27,0,Morning,2026-01-27 09:00:00,70.83,68.88666666666666,79.88,79.98984978540771,1,42.0,SAFE,2
2026-01-27,Tuesday,2,10:00 AM,Cloud Computing,Prof. Patil,4,MBA,C,Lab 2,120,96,80.0,Practical,0,1,0,23,4,1,27,0,Morning,2026-01-27 10:00:00,82.78,72.31333333333333,82.77714285714286,80.0017735042735,2,1.0,SAFE,2
2026-01-27,Tuesday,2,10:00 AM,Advanced DBMS,Prof. Sharma,4,MBA,C,Room 202,120,94,78.33,Theory,0,0,0,23,4,1,27,0,Morning,2026-01-27 10:00:00,80.0,77.87,79.92,80.0017659574468,3,24.0,SAFE,2
2026-01-27,Tuesday,3,11:15 AM,Machine Learning,Prof. Patil,2,MBA,C,Auditorium,120,109,90.83,Theory,0,0,0,23,4,1,27,0,Morning,2026-01-27 11:15:00,78.33,80.37,77.41999999999999,79.99468220338983,4,1.25,SAFE,2
2026-01-27,Tuesday,3,11:15 AM,Financial Management,Prof. Kulkarni,2,MBA,C,Room 202,120,110,91.67,Theory,0,0,0,23,4,1,27,0,Morning,2026-01-27 11:15:00,90.83,83.05333333333333,76.94285714285715,80.04040084388186,5,24.0,SAFE,2
2026-01-27,Tuesday,4,12:15 PM,Python Programming,Prof. Deshmukh,4,MBA,C,Auditorium,120,113,94.17,Theory,0,1,0,23,4,1,27,0,Afternoon,2026-01-27 12:15:00,91.67,86.94333333333333,79.68142857142857,80.08926470588234,6,1.0,SAFE,2
2026-01-27,Tuesday,5,02:00 PM,Machine Learning,Prof. Kulkarni,2,MBA,C,Lab 2,120,86,71.67,Practical,0,0,1,23,4,1,27,0,Afternoon,2026-01-27 14:00:00,94.17,92.22333333333334,84.08714285714287,80.148179916318,7,1.75,WARNING,1
2026-01-28,Wednesday,3,11:15 AM,Cloud Computing,Ishwari Gaikwad,4,MBA,C,Lab 1,120,102,85.0,Practical,0,0,0,24,4,1,28,0,Morning,2026-01-28 11:15:00,71.67,85.83666666666666,84.20714285714287,80.11285416666666,1,21.25,SAFE,2
2026-01-28,Wednesday,5,02:00 PM,Advanced DBMS,Ishwari Gaikwad,2,MBA,C,Room 202,120,101,84.17,Theory,0,0,0,24,4,1,28,0,Afternoon,2026-01-28 14:00:00,85.0,83.61333333333333,84.52428571428572,80.13313278008299,2,2.75,SAFE,2
2026-01-29,Thursday,2,10:00 AM,Machine Learning,Akash Upadhayay,4,MBA,C,Lab 2,120,88,73.33,Practical,0,0,1,25,4,1,29,0,Morning,2026-01-29 10:00:00,84.17,80.28000000000002,85.12,80.14981404958678,1,20.0,WARNING,1
2026-01-29,Thursday,2,10:00 AM,Web Development,Akash Upadhayay,2,MBA,C,Lab 2,120,93,77.5,Practical,0,0,0,25,4,1,29,0,Morning,2026-01-29 10:00:00,73.33,80.83333333333333,84.40571428571427,80.12174897119341,2,24.0,SAFE,2
2026-01-29,Thursday,5,02:00 PM,Machine Learning,Prof. Patil,4,MBA,C,Auditorium,120,95,79.17,Theory,0,0,0,25,4,1,29,0,Afternoon,2026-01-29 14:00:00,77.5,78.33333333333333,82.50142857142858,80.11100409836065,3,4.0,SAFE,2
2026-01-29,Thursday,5,02:00 PM,Python Programming,Prof. Deshmukh,4,MBA,C,Room 201,120,99,82.5,Theory,0,0,0,25,4,1,29,0,Afternoon,2026-01-29 14:00:00,79.17,76.66666666666667,80.71571428571428,80.10716326530613,4,24.0,SAFE,2
2026-01-30,Friday,2,10:00 AM,Financial Management,Ishwari Gaikwad,4,MBA,C,Auditorium,120,96,80.0,Theory,0,0,0,26,4,1,30,0,Morning,2026-01-30 10:00:00,82.5,79.72333333333334,79.04857142857144,80.11689024390245,1,20.0,SAFE,2
2026-01-30,Friday,5,02:00 PM,HR Analytics,Prof. Patil,2,MBA,C,Auditorium,120,117,97.5,Theory,0,0,0,26,4,1,30,0,Afternoon,2026-01-30 14:00:00,80.0,80.55666666666667,80.23857142857142,80.11641700404859,2,4.0,SAFE,2
2026-01-31,Saturday,1,09:00 AM,Cloud Computing,Prof. Patil,2,MBA,C,Auditorium,120,71,59.17,Theory,0,0,0,27,4,1,31,1,Morning,2026-01-31 09:00:00,97.5,86.66666666666667,82.02428571428571,80.1865120967742,1,19.0,WARNING,1
2026-01-31,Saturday,3,11:15 AM,HR Analytics,Prof. Kulkarni,2,MBA,C,Room 201,120,101,84.17,Theory,0,0,0,27,4,1,31,1,Morning,2026-01-31 11:15:00,59.17,78.89,78.45285714285714,80.10210843373494,2,2.25,SAFE,2
2026-01-31,Saturday,4,12:15 PM,HR Analytics,Prof. Sharma,4,MBA,C,Auditorium,120,98,81.67,Theory,0,0,0,27,4,1,31,1,Afternoon,2026-01-31 12:15:00,84.17,80.28000000000002,80.00142857142858,80.11838,3,1.0,SAFE,2
2026-01-31,Saturday,4,12:15 PM,Advanced DBMS,Prof. Patil,4,MBA,C,Room 202,120,93,77.5,Theory,0,0,0,27,4,1,31,1,Afternoon,2026-01-31 12:15:00,81.67,75.00333333333334,80.59714285714287,80.12456175298804,4,24.0,SAFE,2
2026-02-01,Monday,5,02:00 PM,Web Development,Prof. Sharma,2,MBA,C,Auditorium,120,102,85.0,Theory,0,0,0,28,4,2,1,0,Afternoon,2026-02-01 14:00:00,77.5,81.11333333333333,80.35857142857142,77.25027932960893,1,25.75,SAFE,2
2026-02-02,Monday,1,09:00 AM,Advanced DBMS,Prof. Sharma,4,MBA,C,Room 202,120,69,57.5,Theory,1,0,0,29,5,2,2,0,Morning,2026-02-02 09:00:00,85.0,81.39,80.71571428571428,77.29333333333332,1,19.0,WARNING,1
2026-02-02,Monday,1,09:00 AM,HR Analytics,Prof. Sharma,4,MBA,C,Room 201,120,71,59.17,Theory,1,0,0,29,5,2,2,0,Morning,2026-02-02 09:00:00,57.5,73.33333333333333,77.50142857142858,77.18397790055248,2,24.0,WARNING,1
2026-02-02,Monday,2,10:00 AM,Cloud Computing,Prof. Patil,4,MBA,C,Auditorium,120,95,78.89,Theory,1,0,0,29,5,2,2,0,Morning,2026-02-02 10:00:00,59.17,67.22333333333334,72.02571428571429,77.085,3,1.0,SAFE,2
2026-02-02,Monday,2,10:00 AM,HR Analytics,Ishwari Gaikwad,2,MBA,C,Lab 1,120,108,90.0,Practical,0,0,0,29,5,2,2,0,Morning,2026-02-02 10:00:00,78.89,65.18666666666667,74.84285714285714,77.09486338797815,4,24.0,SAFE,2
2026-02-03,Tuesday,1,09:00 AM,Python Programming,Prof. Kulkarni,4,MBA,C,Lab 2,120,99,82.5,Practical,0,0,0,30,5,2,3,0,Morning,2026-02-03 09:00:00,90.0,76.02,75.67571428571429,77.165,1,23.0,SAFE,2
2026-02-03,Tuesday,3,11:15 AM,Financial Management,Prof. Sharma,4,MBA,C,Room 201,120,87,72.5,Theory,1,1,0,30,5,2,3,0,Morning,2026-02-03 11:15:00,82.5,83.79666666666667,75.7942857142857,77.19383783783785,2,2.25,WARNING,1
2026-02-03,Tuesday,3,11:15 AM,HR Analytics,Akash Upadhayay,4,MBA,C,Auditorium,120,99,82.5,Theory,0,0,0,30,5,2,3,0,Morning,2026-02-03 11:15:00,72.5,81.66666666666667,75.08,77.16860215053764,3,24.0,SAFE,2
2026-02-03,Tuesday,5,02:00 PM,Web Development,Prof. Sharma,2,MBA,C,Room 202,120,94,78.33,Theory,0,0,0,30,5,2,3,0,Afternoon,2026-02-03 14:00:00,82.5,79.16666666666667,74.72285714285714,77.19711229946525,4,2.75,SAFE,2
2026-02-03,Tuesday,6,03:00 PM,Financial Management,Akash Upadhayay,2,MBA,C,Room 202,120,95,78.89,Theory,0,0,0,30,5,2,3,0,Afternoon,2026-02-03 15:00:00,78.33,77.77666666666666,77.69857142857143,77.20313829787234,5,1.0,SAFE,2
2026-02-04,Wednesday,2,10:00 AM,HR Analytics,Prof. Patil,4,MBA,C,Lab 1,120,110,91.67,Practical,0,0,0,31,5,2,4,0,Morning,2026-02-04 10:00:00,78.89,79.90666666666667,80.51571428571428,77.21206349206349,1,19.0,SAFE,2
2026-02-05,Thursday,2,10:00 AM,Machine Learning,Ishwari Gaikwad,2,MBA,C,Room 201,120,92,76.67,Theory,0,0,0,32,5,2,5,0,Morning,2026-02-05 10:00:00,91.67,82.96333333333332,82.34142857142857,77.28815789473684,1,24.0,SAFE,2
2026-02-05,Thursday,4,12:15 PM,Cloud Computing,Prof. Sharma,2,MBA,C,Auditorium,120,86,71.67,Theory,0,0,1,32,5,2,5,0,Afternoon,2026-02-05 12:15:00,76.67,82.41000000000001,80.43714285714285,77.28492146596858,2,2.25,WARNING,1
2026-02-05,Thursday,6,03:00 PM,Financial Management,Prof. Kulkarni,2,MBA,C,Room 201,120,85,70.83,Theory,1,1,0,32,5,2,5,0,Afternoon,2026-02-05 15:00:00,71.67,80.00333333333333,78.89,77.25567708333334,3,2.75,WARNING,1
2026-02-05,Thursday,6,03:00 PM,Web Development,Prof. Deshmukh,4,MBA,C,Room 201,120,89,74.17,Theory,0,1,0,32,5,2,5,0,Afternoon,2026-02-05 15:00:00,70.83,73.05666666666666,78.65142857142857,77.22238341968912,4,24.0,WARNING,1
2026-02-06,Friday,6,03:00 PM,Machine Learning,Ishwari Gaikwad,4,MBA,C,Lab 1,120,102,85.0,Practical,0,0,0,33,5,2,6,0,Afternoon,2026-02-06 15:00:00,74.17,72.22333333333334,77.46142857142857,77.20664948453609,1,24.0,SAFE,2
2026-02-07,Saturday,2,10:00 AM,Web Development,Prof. Deshmukh,2,MBA,C,Room 202,120,105,87.5,Theory,0,0,0,34,5,2,7,1,Morning,2026-02-07 10:00:00,85.0,76.66666666666667,78.41428571428571,77.24661538461538,1,19.0,SAFE,2
2026-02-07,Saturday,2,10:00 AM,Cloud Computing,Prof. Sharma,2,MBA,C,Auditorium,120,95,79.17,Theory,0,0,0,34,5,2,7,1,Morning,2026-02-07 10:00:00,87.5,82.22333333333334,79.64428571428572,77.29892857142858,2,24.0,SAFE,2
2026-02-07,Saturday,6,03:00 PM,Financial Management,Prof. Sharma,4,MBA,C,Lab 1,120,92,76.67,Practical,0,0,0,34,5,2,7,1,Afternoon,2026-02-07 15:00:00,79.17,83.89,77.85857142857142,77.3084263959391,3,5.0,SAFE,2
2026-02-09,Monday,1,09:00 AM,Web Development,Prof. Patil,4,MBA,C,Room 201,120,68,56.67,Theory,0,1,0,36,6,2,9,0,Morning,2026-02-09 09:00:00,76.67,81.11333333333334,77.85857142857142,77.30520202020202,1,42.0,WARNING,1
2026-02-10,Tuesday,1,09:00 AM,Web Development,Prof. Kulkarni,2,MBA,C,Lab 2,120,102,85.0,Practical,0,0,0,37,6,2,10,0,Morning,2026-02-10 09:00:00,56.67,70.83666666666667,75.71571428571428,77.20150753768844,1,24.0,SAFE,2
2026-02-10,Tuesday,6,03:00 PM,Python Programming,Prof. Sharma,4,MBA,C,Lab 1,120,85,70.83,Practical,0,0,0,37,6,2,10,0,Afternoon,2026-02-10 15:00:00,85.0,72.78,77.74000000000001,77.2405,2,6.0,WARNING,1
2026-02-11,Wednesday,2,10:00 AM,Financial Management,Prof. Patil,4,MBA,C,Auditorium,120,96,80.0,Theory,0,0,0,38,6,2,11,0,Morning,2026-02-11 10:00:00,70.83,70.83333333333333,77.26285714285714,77.20860696517413,1,19.0,SAFE,2
2026-02-11,Wednesday,2,10:00 AM,HR Analytics,Akash Upadhayay,2,MBA,C,Room 202,120,76,63.33,Theory,0,0,1,38,6,2,11,0,Morning,2026-02-11 10:00:00,80.0,78.61,76.54857142857144,77.22242574257426,2,24.0,WARNING,1
2026-02-11,Wednesday,3,11:15 AM,Cloud Computing,Ishwari Gaikwad,4,MBA,C,Lab 1,120,103,85.83,Practical,0,0,0,38,6,2,11,0,Morning,2026-02-11 11:15:00,63.33,71.38666666666667,73.09571428571428,77.15399014778325,3,1.25,SAFE,2
2026-02-11,Wednesday,3,11:15 AM,Financial Management,Prof. Kulkarni,4,MBA,C,Auditorium,120,117,97.5,Theory,0,0,0,38,6,2,11,0,Morning,2026-02-11 11:15:00,85.83,76.38666666666666,74.04714285714286,77.19651960784314,4,24.0,SAFE,2
2026-02-11,Wednesday,4,12:15 PM,Python Programming,Ishwari Gaikwad,2,MBA,C,Auditorium,120,88,73.33,Theory,0,1,1,38,6,2,11,0,Afternoon,2026-02-11 12:15:00,97.5,82.21999999999998,77.02285714285713,77.29556097560976,5,1.0,WARNING,1
2026-02-11,Wednesday,5,02:00 PM,Cloud Computing,Akash Upadhayay,4,MBA,C,Lab 2,120,117,97.5,Practical,0,0,0,38,6,2,11,0,Afternoon,2026-02-11 14:00:00,73.33,85.55333333333333,79.40285714285713,77.27631067961165,6,1.75,SAFE,2
2026-02-12,Thursday,2,10:00 AM,Financial Management,Prof. Kulkarni,2,MBA,C,Room 202,120,91,75.83,Theory,1,0,0,39,6,2,12,0,Morning,2026-02-12 10:00:00,97.5,89.44333333333334,81.18857142857142,77.37400966183574,1,20.0,SAFE,2
2026-02-12,Thursday,5,02:00 PM,HR Analytics,Prof. Deshmukh,2,MBA,C,Room 201,120,94,78.33,Theory,0,0,0,39,6,2,12,0,Afternoon,2026-02-12 14:00:00,75.83,82.22000000000001,81.90285714285714,77.36658653846153,2,4.0,SAFE,2
2026-02-12,Thursday,6,03:00 PM,Advanced DBMS,Prof. Deshmukh,4,MBA,C,Auditorium,120,120,100.0,Theory,1,0,0,39,6,2,12,0,Afternoon,2026-02-12 15:00:00,78.33,83.88666666666667,81.66428571428571,77.3711961722488,3,1.0,SAFE,2
2026-02-13,Friday,2,10:00 AM,Machine Learning,Prof. Sharma,2,MBA,C,Lab 1,120,110,91.67,Practical,0,0,0,40,6,2,13,0,Morning,2026-02-13 10:00:00,100.0,84.72,86.90285714285713,77.47895238095238,1,19.0,SAFE,2
2026-02-13,Friday,3,11:15 AM,Advanced DBMS,Akash Upadhayay,4,MBA,C,Lab 1,120,87,72.5,Practical,0,0,1,40,6,2,13,0,Morning,2026-02-13 11:15:00,91.67,90.0,87.73714285714287,77.54620853080569,2,1.25,WARNING,1
2026-02-13,Friday,6,03:00 PM,HR Analytics,Prof. Sharma,4,MBA,C,Lab 1,120,102,85.0,Practical,0,1,0,40,6,2,13,0,Afternoon,2026-02-13 15:00:00,72.5,88.05666666666667,84.1657142857143,77.52240566037736,3,3.75,SAFE,2
2026-02-14,Saturday,6,03:00 PM,Advanced DBMS,Prof. Sharma,4,MBA,C,Room 202,120,81,67.5,Theory,0,0,0,41,6,2,14,1,Afternoon,2026-02-14 15:00:00,85.0,83.05666666666667,85.83285714285715,77.5575117370892,1,24.0,WARNING,1
2026-02-15,Monday,5,02:00 PM,HR Analytics,Prof. Sharma,2,MBA,C,Room 201,120,89,74.17,Theory,0,0,0,42,6,2,15,0,Afternoon,2026-02-15 14:00:00,67.5,75.0,81.54714285714286,77.5105140186916,1,23.0,WARNING,1
2026-02-15,Monday,6,03:00 PM,HR Analytics,Akash Upadhayay,2,MBA,C,Auditorium,120,90,75.0,Theory,0,0,0,42,6,2,15,0,Afternoon,2026-02-15 15:00:00,74.17,75.55666666666666,81.31000000000002,77.49497674418603,2,1.0,WARNING,1
2026-02-17,Tuesday,3,11:15 AM,Financial Management,Prof. Sharma,2,MBA,C,Lab 1,120,108,90.0,Practical,0,0,0,44,7,2,17,0,Morning,2026-02-17 11:15:00,75.0,72.22333333333334,80.8342857142857,77.48342592592591,1,44.25,SAFE,2
2026-02-17,Tuesday,5,02:00 PM,Cloud Computing,Ishwari Gaikwad,2,MBA,C,Room 201,120,105,87.5,Theory,0,0,0,44,7,2,17,0,Afternoon,2026-02-17 14:00:00,90.0,79.72333333333334,79.40571428571427,77.54110599078341,2,2.75,SAFE,2
2026-02-17,Tuesday,6,03:00 PM,Cloud Computing,Ishwari Gaikwad,2,MBA,C,Lab 2,120,89,74.17,Practical,0,0,0,44,7,2,17,0,Afternoon,2026-02-17 15:00:00,87.5,84.16666666666667,78.81000000000002,77.58678899082568,3,1.0,WARNING,1
2026-02-18,Wednesday,1,09:00 AM,Web Development,Prof. Sharma,4,MBA,C,Lab 1,120,59,49.17,Practical,0,0,0,45,7,2,18,0,Morning,2026-02-18 09:00:00,74.17,83.89,79.04857142857144,77.57118721461187,1,18.0,CRITICAL,0
2026-02-18,Wednesday,3,11:15 AM,Cloud Computing,Prof. Kulkarni,4,MBA,C,Room 201,120,120,100.0,Theory,0,1,0,45,7,2,18,0,Morning,2026-02-18 11:15:00,49.17,70.28,73.92999999999999,77.44209090909091,2,2.25,SAFE,2
2026-02-18,Wednesday,6,03:00 PM,Machine Learning,Akash Upadhayay,2,MBA,C,Auditorium,120,75,62.5,Theory,0,0,1,45,7,2,18,0,Afternoon,2026-02-18 15:00:00,100.0,74.44666666666667,78.57285714285715,77.5441628959276,3,3.75,WARNING,1
2026-02-19,Thursday,1,09:00 AM,Advanced DBMS,Prof. Patil,4,MBA,C,Lab 1,120,94,78.33,Practical,0,0,0,46,7,2,19,0,Morning,2026-02-19 09:00:00,62.5,70.55666666666667,76.9057142857143,77.4763963963964,1,18.0,SAFE,2
2026-02-19,Thursday,2,10:00 AM,Financial Management,Prof. Kulkarni,2,MBA,C,Auditorium,120,107,89.17,Theory,0,0,0,46,7,2,19,0,Morning,2026-02-19 10:00:00,78.33,80.27666666666666,77.38142857142857,77.48022421524664,2,1.0,SAFE,2
2026-02-19,Thursday,3,11:15 AM,Machine Learning,Prof. Kulkarni,2,MBA,C,Room 201,120,113,94.17,Theory,0,0,0,46,7,2,19,0,Morning,2026-02-19 11:15:00,89.17,76.66666666666667,77.26285714285714,77.5324107142857,3,1.25,SAFE,2
2026-02-19,Thursday,5,02:00 PM,Web Development,Prof. Patil,2,MBA,C,Room 201,120,83,69.17,Theory,0,0,1,46,7,2,19,0,Afternoon,2026-02-19 14:00:00,94.17,87.22333333333334,78.21571428571428,77.60635555555555,4,2.75,WARNING,1
2026-02-19,Thursday,5,02:00 PM,Machine Learning,Prof. Deshmukh,4,MBA,C,Room 201,120,96,80.0,Theory,0,1,0,46,7,2,19,0,Afternoon,2026-02-19 14:00:00,69.17,84.17,77.50142857142858,77.56902654867255,5,24.0,SAFE,2
2026-02-19,Thursday,5,02:00 PM,Advanced DBMS,Ishwari Gaikwad,4,MBA,C,Room 202,120,83,69.17,Theory,0,0,1,46,7,2,19,0,Afternoon,2026-02-19 14:00:00,80.0,81.11333333333333,81.9057142857143,77.57973568281938,6,24.0,WARNING,1
2026-02-20,Friday,2,10:00 AM,Web Development,Prof. Deshmukh,4,MBA,C,Auditorium,120,102,85.0,Theory,0,1,0,47,7,2,20,0,Morning,2026-02-20 10:00:00,69.17,72.78000000000002,77.50142857142858,77.54285087719299,1,20.0,SAFE,2
2026-02-20,Friday,3,11:15 AM,Financial Management,Ishwari Gaikwad,2,MBA,C,Room 201,120,105,87.5,Theory,0,0,0,47,7,2,20,0,Morning,2026-02-20 11:15:00,85.0,78.05666666666667,80.71571428571428,77.57541484716157,2,1.25,SAFE,2
2026-02-20,Friday,5,02:00 PM,Financial Management,Prof. Patil,4,MBA,C,Room 202,120,97,80.83,Theory,0,0,0,47,7,2,20,0,Afternoon,2026-02-20 14:00:00,87.5,80.55666666666667,82.02571428571427,77.6185652173913,3,2.75,SAFE,2
2026-02-21,Saturday,1,09:00 AM,HR Analytics,Prof. Sharma,4,MBA,C,Room 202,120,89,74.17,Theory,0,0,0,48,7,2,21,1,Morning,2026-02-21 09:00:00,80.83,84.44333333333333,80.83428571428571,77.63246753246753,1,19.0,WARNING,1
2026-02-21,Saturday,2,10:00 AM,Advanced DBMS,Prof. Kulkarni,4,MBA,C,Lab 2,120,98,81.67,Practical,0,0,0,48,7,2,21,1,Morning,2026-02-21 10:00:00,74.17,80.83333333333333,77.97714285714287,77.61754310344828,2,1.0,SAFE,2
2026-02-21,Saturday,4,12:15 PM,Financial Management,Prof. Kulkarni,4,MBA,C,Lab 1,120,117,97.5,Practical,0,1,0,48,7,2,21,1,Afternoon,2026-02-21 12:15:00,81.67,78.89,79.76285714285714,77.63493562231758,3,2.25,SAFE,2
2026-02-22,Monday,4,12:15 PM,Python Programming,Ishwari Gaikwad,4,MBA,C,Lab 1,120,103,85.83,Practical,0,0,0,49,7,2,22,0,Afternoon,2026-02-22 12:15:00,97.5,84.44666666666667,82.26285714285714,77.71982905982905,1,24.0,SAFE,2
2026-02-22,Monday,4,12:15 PM,Machine Learning,Prof. Patil,2,MBA,C,Room 202,120,95,79.17,Theory,0,0,0,49,7,2,22,0,Afternoon,2026-02-22 12:15:00,85.83,88.33333333333333,84.64285714285714,77.75434042553192,2,24.0,SAFE,2
2026-02-22,Monday,4,12:15 PM,Advanced DBMS,Ishwari Gaikwad,4,MBA,C,Room 201,120,80,66.67,Theory,1,0,0,49,7,2,22,0,Afternoon,2026-02-22 12:15:00,79.17,87.5,83.80999999999999,77.76033898305084,3,24.0,WARNING,1
2026-02-23,Monday,2,10:00 AM,Financial Management,Ishwari Gaikwad,4,MBA,C,Auditorium,120,78,65.0,Theory,0,0,0,50,8,2,23,0,Morning,2026-02-23 10:00:00,66.67,77.22333333333334,80.83428571428571,77.71354430379748,1,21.75,WARNING,1
2026-02-23,Monday,4,12:15 PM,Advanced DBMS,Prof. Patil,2,MBA,C,Auditorium,120,94,78.33,Theory,0,0,0,50,8,2,23,0,Afternoon,2026-02-23 12:15:00,65.0,70.28000000000002,78.57285714285715,77.66012605042017,2,2.25,SAFE,2
2026-02-24,Tuesday,1,09:00 AM,Cloud Computing,Prof. Deshmukh,4,MBA,C,Lab 2,120,94,78.33,Practical,0,0,0,51,8,2,24,0,Morning,2026-02-24 09:00:00,78.33,70.0,79.16714285714285,77.66292887029289,1,20.75,SAFE,2
2026-02-24,Tuesday,3,11:15 AM,Financial Management,Prof. Deshmukh,2,MBA,C,Lab 2,120,103,85.83,Practical,0,0,0,51,8,2,24,0,Morning,2026-02-24 11:15:00,78.33,73.88666666666666,78.69000000000001,77.66570833333334,2,2.25,SAFE,2
2026-02-24,Tuesday,4,12:15 PM,HR Analytics,Ishwari Gaikwad,2,MBA,C,Lab 1,120,82,68.33,Practical,0,0,1,51,8,2,24,0,Afternoon,2026-02-24 12:15:00,85.83,80.83,77.02285714285715,77.69958506224066,3,1.0,WARNING,1
2026-02-24,Tuesday,6,03:00 PM,Machine Learning,Ishwari Gaikwad,2,MBA,C,Lab 1,120,99,82.5,Practical,0,0,0,51,8,2,24,0,Afternoon,2026-02-24 15:00:00,68.33,77.49666666666667,74.52285714285713,77.66086776859504,4,2.75,SAFE,2
2026-02-25,Wednesday,6,03:00 PM,Financial Management,Prof. Sharma,2,MBA,C,Room 201,120,86,71.67,Theory,0,0,0,52,8,2,25,0,Afternoon,2026-02-25 15:00:00,82.5,78.88666666666667,74.99857142857142,77.68078189300411,1,24.0,WARNING,1
2026-02-27,Friday,3,11:15 AM,Cloud Computing,Prof. Patil,2,MBA,C,Auditorium,120,116,96.67,Theory,0,0,0,54,8,2,27,0,Morning,2026-02-27 11:15:00,71.67,74.16666666666667,75.71285714285715,77.6561475409836,1,44.25,SAFE,2
2026-02-27,Friday,5,02:00 PM,Financial Management,Akash Upadhayay,4,MBA,C,Room 201,120,72,60.0,Theory,1,0,0,54,8,2,27,0,Afternoon,2026-02-27 14:00:00,96.67,83.61333333333334,80.23714285714286,77.73375510204082,2,2.75,WARNING,1
2026-02-27,Friday,6,03:00 PM,Python Programming,Prof. Kulkarni,4,MBA,C,Room 202,120,79,65.83,Theory,0,0,0,54,8,2,27,0,Afternoon,2026-02-27 15:00:00,60.0,76.11333333333334,77.61857142857141,77.66166666666666,3,1.0,WARNING,1
2026-02-28,Saturday,1,09:00 AM,Machine Learning,Prof. Kulkarni,2,MBA,C,Lab 2,120,83,69.17,Practical,0,0,0,55,8,2,28,1,Morning,2026-02-28 09:00:00,65.83,74.16666666666667,75.83285714285714,77.61376518218623,1,18.0,WARNING,1
2026-02-28,Saturday,3,11:15 AM,Cloud Computing,Prof. Kulkarni,2,MBA,C,Lab 1,120,117,97.5,Practical,0,0,0,55,8,2,28,1,Morning,2026-02-28 11:15:00,69.17,65.0,73.45285714285714,77.57971774193548,2,2.25,SAFE,2
2026-02-28,Saturday,3,11:15 AM,Machine Learning,Prof. Patil,2,MBA,C,Lab 2,120,75,62.5,Practical,0,0,1,55,8,2,28,1,Morning,2026-02-28 11:15:00,97.5,77.5,77.62,77.65971887550201,3,24.0,WARNING,1
2026-02-28,Saturday,5,02:00 PM,Web Development,Akash Upadhayay,4,MBA,C,Auditorium,120,103,85.83,Theory,0,0,0,55,8,2,28,1,Afternoon,2026-02-28 14:00:00,62.5,76.39,74.76285714285714,77.59908,4,2.75,SAFE,2
2026-02-28,Saturday,5,02:00 PM,Python Programming,Prof. Patil,2,MBA,C,Lab 2,120,104,86.67,Practical,0,0,0,55,8,2,28,1,Afternoon,2026-02-28 14:00:00,85.83,81.94333333333333,76.78571428571429,77.63187250996015,5,24.0,SAFE,2
2026-02-28,Saturday,6,03:00 PM,Python Programming,Prof. Kulkarni,2,MBA,C,Room 202,120,94,78.33,Theory,0,0,0,55,8,2,28,1,Afternoon,2026-02-28 15:00:00,86.67,78.33333333333333,75.35714285714286,77.6677380952381,6,1.0,SAFE,2
2026-02-28,Saturday,6,03:00 PM,HR Analytics,Prof. Deshmukh,4,MBA,C,Room 201,120,67,55.83,Theory,0,1,1,55,8,2,28,1,Afternoon,2026-02-28 15:00:00,78.33,83.61,77.97571428571428,77.67035573122529,7,24.0,WARNING,1
2026-03-01,Monday,2,10:00 AM,Financial Management,Ishwari Gaikwad,2,MBA,C,Lab 2,120,100,83.33,Practical,0,0,0,56,8,3,1,0,Morning,2026-03-01 10:00:00,55.83,73.61,76.54714285714286,76.75354497354498,1,19.0,SAFE,2
2026-03-01,Monday,2,10:00 AM,HR Analytics,Ishwari Gaikwad,2,MBA,C,Lab 1,120,70,58.33,Practical,0,0,1,56,8,3,1,0,Morning,2026-03-01 10:00:00,83.33,72.49666666666667,78.57000000000001,76.78815789473684,2,24.0,WARNING,1
2026-03-01,Monday,4,12:15 PM,Advanced DBMS,Prof. Patil,2,MBA,C,Auditorium,120,98,81.67,Theory,0,0,0,56,8,3,1,0,Afternoon,2026-03-01 12:15:00,58.33,65.83,72.97428571428571,76.69151832460733,3,2.25,SAFE,2
2026-03-01,Monday,6,03:00 PM,Web Development,Prof. Kulkarni,2,MBA,C,Room 201,120,93,77.5,Theory,0,1,0,56,8,3,1,0,Afternoon,2026-03-01 15:00:00,81.67,74.44333333333333,75.71285714285715,76.71744791666667,4,2.75,SAFE,2
2026-03-01,Monday,6,03:00 PM,Machine Learning,Prof. Sharma,2,MBA,C,Auditorium,120,95,79.17,Theory,1,0,1,56,8,3,1,0,Afternoon,2026-03-01 15:00:00,77.5,72.5,74.52285714285713,76.72150259067358,5,24.0,SAFE,2
2026-03-02,Monday,1,09:00 AM,Machine Learning,Prof. Kulkarni,2,MBA,C,Lab 1,120,81,67.5,Practical,0,0,0,57,9,3,2,0,Morning,2026-03-02 09:00:00,79.17,79.44666666666667,73.45142857142856,76.7341237113402,1,18.0,WARNING,1
2026-03-02,Monday,2,10:00 AM,Financial Management,Prof. Patil,4,MBA,C,Lab 2,120,104,86.67,Practical,0,1,0,57,9,3,2,0,Morning,2026-03-02 10:00:00,67.5,74.72333333333334,71.9042857142857,76.68676923076923,2,1.0,SAFE,2
2026-03-02,Monday,4,12:15 PM,Cloud Computing,Prof. Kulkarni,4,MBA,C,Lab 2,120,97,80.83,Practical,0,0,0,57,9,3,2,0,Afternoon,2026-03-02 12:15:00,86.67,77.78000000000002,76.31000000000002,76.73770408163266,3,2.25,SAFE,2
2026-03-03,Tuesday,1,09:00 AM,Cloud Computing,Prof. Sharma,4,MBA,C,Room 202,120,83,69.17,Theory,0,0,0,58,9,3,3,0,Morning,2026-03-03 09:00:00,80.83,78.33333333333333,75.95285714285714,76.7584771573604,1,20.75,WARNING,1
2026-03-03,Tuesday,2,10:00 AM,Advanced DBMS,Prof. Patil,2,MBA,C,Room 202,120,82,68.33,Theory,1,0,0,58,9,3,3,0,Morning,2026-03-03 10:00:00,69.17,78.89,77.50142857142858,76.72015151515151,2,1.0,WARNING,1
2026-03-03,Tuesday,3,11:15 AM,HR Analytics,Akash Upadhayay,2,MBA,C,Lab 2,120,99,82.78,Practical,0,0,0,58,9,3,3,0,Morning,2026-03-03 11:15:00,68.33,72.77666666666666,75.5957142857143,76.67798994974875,3,1.25,SAFE,2
2026-03-03,Tuesday,3,11:15 AM,Cloud Computing,Prof. Kulkarni,4,MBA,C,Auditorium,120,59,49.17,Theory,0,1,0,58,9,3,3,0,Morning,2026-03-03 11:15:00,82.78,73.42666666666666,76.35000000000001,76.7085,4,24.0,CRITICAL,0
2026-03-03,Tuesday,3,11:15 AM,Web Development,Prof. Kulkarni,2,MBA,C,Lab 2,120,87,72.5,Practical,0,0,0,58,9,3,3,0,Morning,2026-03-03 11:15:00,49.17,66.76,72.06428571428572,76.57149253731343,5,24.0,WARNING,1
2026-03-03,Tuesday,4,12:15 PM,HR Analytics,Prof. Kulkarni,4,MBA,C,Lab 2,120,109,90.83,Practical,0,0,0,58,9,3,3,0,Afternoon,2026-03-03 12:15:00,72.5,68.14999999999999,72.77857142857144,76.55133663366337,6,1.0,SAFE,2
2026-03-03,Tuesday,5,02:00 PM,Machine Learning,Ishwari Gaikwad,2,MBA,C,Room 202,120,98,81.67,Theory,0,1,0,58,9,3,3,0,Afternoon,2026-03-03 14:00:00,90.83,70.83333333333333,73.37285714285714,76.6216748768473,7,1.75,SAFE,2
2026-03-04,Wednesday,1,09:00 AM,Web Development,Akash Upadhayay,2,MBA,C,Lab 2,120,98,81.67,Practical,0,0,0,59,9,3,4,0,Morning,2026-03-04 09:00:00,81.67,81.66666666666667,73.49285714285715,76.64642156862746,1,19.0,SAFE,2
2026-03-04,Wednesday,2,10:00 AM,Cloud Computing,Ishwari Gaikwad,2,MBA,C,Lab 2,120,108,90.0,Practical,0,0,0,59,9,3,4,0,Morning,2026-03-04 10:00:00,81.67,84.72333333333333,75.27857142857144,76.6709268292683,2,1.0,SAFE,2
2026-03-04,Wednesday,6,03:00 PM,Web Development,Prof. Kulkarni,2,MBA,C,Room 201,120,93,77.5,Theory,0,0,0,59,9,3,4,0,Afternoon,2026-03-04 15:00:00,90.0,84.44666666666667,78.37428571428572,76.73563106796117,3,5.0,SAFE,2
2026-03-05,Thursday,1,09:00 AM,Financial Management,Prof. Deshmukh,4,MBA,C,Lab 1,120,78,65.0,Practical,0,0,0,60,9,3,5,0,Morning,2026-03-05 09:00:00,77.5,83.05666666666667,77.62,76.73932367149759,1,18.0,WARNING,1
2026-03-05,Thursday,2,10:00 AM,HR Analytics,Prof. Sharma,2,MBA,C,Lab 1,120,110,91.67,Practical,0,1,0,60,9,3,5,0,Morning,2026-03-05 10:00:00,65.0,77.5,79.88142857142859,76.68288461538462,2,1.0,SAFE,2
2026-03-05,Thursday,2,10:00 AM,Financial Management,Prof. Kulkarni,2,MBA,C,Room 201,120,109,90.83,Theory,0,0,0,60,9,3,5,0,Morning,2026-03-05 10:00:00,91.67,78.05666666666667,82.62,76.7545933014354,3,24.0,SAFE,2
2026-03-05,Thursday,3,11:15 AM,Machine Learning,Prof. Kulkarni,2,MBA,C,Room 201,120,80,66.67,Theory,0,0,1,60,9,3,5,0,Morning,2026-03-05 11:15:00,90.83,82.5,82.62,76.82161904761905,4,1.25,WARNING,1
2026-03-05,Thursday,6,03:00 PM,Python Programming,Prof. Sharma,2,MBA,C,Lab 1,120,95,79.17,Practical,0,0,0,60,9,3,5,0,Afternoon,2026-03-05 15:00:00,66.67,83.05666666666667,80.47714285714287,76.77350710900474,5,3.75,SAFE,2
2026-03-05,Thursday,6,03:00 PM,HR Analytics,Prof. Patil,4,MBA,C,Lab 2,120,106,88.33,Practical,0,0,0,60,9,3,5,0,Afternoon,2026-03-05 15:00:00,79.17,78.89,80.12,76.78481132075471,6,24.0,SAFE,2
2026-03-06,Friday,1,09:00 AM,Cloud Computing,Prof. Patil,2,MBA,C,Lab 2,120,100,83.33,Practical,0,1,0,61,9,3,6,0,Morning,2026-03-06 09:00:00,88.33,78.05666666666667,79.88142857142859,76.83901408450704,1,18.0,SAFE,2
2026-03-06,Friday,2,10:00 AM,Cloud Computing,Prof. Deshmukh,2,MBA,C,Room 201,120,102,85.0,Theory,0,1,0,61,9,3,6,0,Morning,2026-03-06 10:00:00,83.33,83.61,80.71428571428571,76.86934579439253,2,1.0,SAFE,2
2026-03-06,Friday,4,12:15 PM,Machine Learning,Akash Upadhayay,2,MBA,C,Lab 2,120,117,97.5,Practical,0,0,0,61,9,3,6,0,Afternoon,2026-03-06 12:15:00,85.0,85.55333333333333,83.57142857142857,76.90716279069768,3,2.25,SAFE,2
2026-03-06,Friday,5,02:00 PM,Python Programming,Akash Upadhayay,4,MBA,C,Auditorium,120,115,95.83,Theory,0,0,0,61,9,3,6,0,Afternoon,2026-03-06 14:00:00,97.5,88.61000000000001,84.40428571428572,77.0025,4,1.75,SAFE,2
2026-03-06,Friday,6,03:00 PM,Python Programming,Prof. Sharma,4,MBA,C,Lab 1,120,107,89.17,Practical,0,0,0,61,9,3,6,0,Afternoon,2026-03-06 15:00:00,95.83,92.77666666666666,85.11857142857143,77.08926267281106,5,1.0,SAFE,2
2026-03-07,Saturday,1,09:00 AM,Financial Management,Prof. Patil,2,MBA,C,Lab 2,120,110,91.67,Practical,0,0,0,62,9,3,7,1,Morning,2026-03-07 09:00:00,89.17,94.16666666666667,88.33285714285715,77.14467889908258,1,18.0,SAFE,2
2026-03-07,Saturday,3,11:15 AM,Machine Learning,Prof. Patil,2,MBA,C,Room 202,120,111,92.5,Theory,0,0,0,62,9,3,7,1,Morning,2026-03-07 11:15:00,91.67,92.22333333333334,90.11857142857141,77.21100456621004,2,2.25,SAFE,2
2026-03-07,Saturday,4,12:15 PM,Cloud Computing,Ishwari Gaikwad,4,MBA,C,Room 201,120,98,81.67,Theory,0,0,0,62,9,3,7,1,Afternoon,2026-03-07 12:15:00,92.5,91.11333333333334,90.71428571428571,77.28049999999999,3,1.0,SAFE,2
2026-03-08,Monday,2,10:00 AM,Cloud Computing,Prof. Sharma,2,MBA,C,Auditorium,120,96,80.0,Theory,0,0,0,63,9,3,8,0,Morning,2026-03-08 10:00:00,81.67,88.61333333333334,90.47714285714287,77.30036199095024,1,21.75,SAFE,2
2026-03-08,Monday,4,12:15 PM,Web Development,Ishwari Gaikwad,4,MBA,C,Auditorium,120,98,81.67,Theory,0,0,0,63,9,3,8,0,Afternoon,2026-03-08 12:15:00,80.0,84.72333333333333,89.76285714285714,77.31252252252253,2,2.25,SAFE,2
2026-03-08,Monday,6,03:00 PM,Web Development,Prof. Kulkarni,4,MBA,C,Room 201,120,83,69.17,Theory,0,0,0,63,9,3,8,0,Afternoon,2026-03-08 15:00:00,81.67,81.11333333333334,87.50142857142858,77.33206278026906,3,2.75,WARNING,1
2026-03-09,Monday,1,09:00 AM,Cloud Computing,Prof. Kulkarni,2,MBA,C,Room 202,120,67,55.83,Theory,1,0,0,64,10,3,9,0,Morning,2026-03-09 09:00:00,69.17,76.94666666666667,83.69285714285715,77.295625,1,18.0,WARNING,1
2026-03-09,Monday,2,10:00 AM,HR Analytics,Prof. Deshmukh,4,MBA,C,Room 202,120,99,82.5,Theory,0,0,0,64,10,3,9,0,Morning,2026-03-09 10:00:00,55.83,68.89,78.92999999999999,77.20022222222222,2,1.0,SAFE,2
2026-03-09,Monday,2,10:00 AM,Web Development,Prof. Sharma,4,MBA,C,Room 201,120,86,71.67,Theory,0,0,0,64,10,3,9,0,Morning,2026-03-09 10:00:00,82.5,69.16666666666667,77.62,77.22367256637168,3,24.0,WARNING,1
2026-03-09,Monday,3,11:15 AM,Financial Management,Prof. Kulkarni,2,MBA,C,Room 201,120,84,70.0,Theory,0,0,1,64,10,3,9,0,Morning,2026-03-09 11:15:00,71.67,70.0,74.64428571428572,77.19920704845815,4,1.25,WARNING,1
2026-03-09,Monday,5,02:00 PM,Cloud Computing,Ishwari Gaikwad,2,MBA,C,Lab 1,120,115,95.83,Practical,0,0,0,64,10,3,9,0,Afternoon,2026-03-09 14:00:00,70.0,74.72333333333334,72.97714285714285,77.16763157894738,5,2.75,SAFE,2
2026-03-09,Monday,6,03:00 PM,Machine Learning,Prof. Sharma,2,MBA,C,Room 201,120,77,64.17,Theory,0,0,0,64,10,3,9,0,Afternoon,2026-03-09 15:00:00,95.83,79.16666666666667,75.23857142857142,77.24912663755458,6,1.0,WARNING,1
2026-03-10,Tuesday,2,10:00 AM,Financial Management,Prof. Kulkarni,4,MBA,C,Lab 2,120,94,78.33,Practical,0,0,1,65,10,3,10,0,Morning,2026-03-10 10:00:00,64.17,76.66666666666667,72.73857142857143,77.19226086956522,1,19.0,SAFE,2
2026-03-10,Tuesday,4,12:15 PM,Advanced DBMS,Prof. Deshmukh,4,MBA,C,Room 201,120,94,78.33,Theory,1,0,0,65,10,3,10,0,Afternoon,2026-03-10 12:15:00,78.33,79.44333333333333,74.04714285714286,77.19718614718614,2,2.25,SAFE,2
2026-03-10,Tuesday,6,03:00 PM,Machine Learning,Prof. Sharma,2,MBA,C,Lab 2,120,100,83.33,Practical,0,0,1,65,10,3,10,0,Afternoon,2026-03-10 15:00:00,78.33,73.61,77.26142857142857,77.20206896551724,3,2.75,SAFE,2
2026-03-10,Tuesday,6,03:00 PM,Financial Management,Prof. Patil,2,MBA,C,Lab 1,120,102,85.0,Practical,0,0,0,65,10,3,10,0,Afternoon,2026-03-10 15:00:00,83.33,79.99666666666666,77.38,77.22836909871245,4,24.0,SAFE,2
2026-03-11,Wednesday,2,10:00 AM,Web Development,Prof. Sharma,2,MBA,C,Auditorium,120,91,75.83,Theory,0,0,0,66,10,3,11,0,Morning,2026-03-11 10:00:00,85.0,82.22,79.28428571428572,77.26158119658119,1,19.0,SAFE,2
2026-03-11,Wednesday,3,11:15 AM,Web Development,Prof. Sharma,4,MBA,C,Auditorium,120,72,60.0,Theory,0,1,1,66,10,3,11,0,Morning,2026-03-11 11:15:00,75.83,81.38666666666666,80.11714285714287,77.25548936170213,2,1.25,WARNING,1
2026-03-11,Wednesday,4,12:15 PM,Cloud Computing,Prof. Deshmukh,2,MBA,C,Room 201,120,99,82.5,Theory,0,0,0,66,10,3,11,0,Afternoon,2026-03-11 12:15:00,60.0,73.61,74.99857142857142,77.18237288135593,3,1.0,SAFE,2
2026-03-11,Wednesday,5,02:00 PM,Python Programming,Prof. Kulkarni,4,MBA,C,Auditorium,120,102,85.0,Theory,0,0,0,66,10,3,11,0,Afternoon,2026-03-11 14:00:00,82.5,72.77666666666666,77.61714285714287,77.20481012658229,4,1.75,SAFE,2
2026-03-12,Thursday,1,09:00 AM,Cloud Computing,Ishwari Gaikwad,2,MBA,C,Lab 1,120,101,84.17,Practical,0,0,0,67,10,3,12,0,Morning,2026-03-12 09:00:00,85.0,75.83333333333333,78.57000000000001,77.2375630252101,1,19.0,SAFE,2
2026-03-12,Thursday,2,10:00 AM,HR Analytics,Prof. Deshmukh,2,MBA,C,Lab 2,120,117,97.5,Practical,0,0,0,67,10,3,12,0,Morning,2026-03-12 10:00:00,84.17,83.89,79.4042857142857,77.2665690376569,2,1.0,SAFE,2
2026-03-12,Thursday,4,12:15 PM,Financial Management,Prof. Sharma,4,MBA,C,Room 202,120,111,92.5,Theory,0,0,0,67,10,3,12,0,Afternoon,2026-03-12 12:15:00,97.5,88.89,81.42857142857143,77.350875,3,2.25,SAFE,2
2026-03-12,Thursday,4,12:15 PM,Machine Learning,Ishwari Gaikwad,2,MBA,C,Room 201,120,98,81.67,Theory,0,1,0,67,10,3,12,0,Afternoon,2026-03-12 12:15:00,92.5,91.39,82.5,77.41373443983402,4,24.0,SAFE,2
2026-03-13,Friday,1,09:00 AM,HR Analytics,Prof. Patil,4,MBA,C,Room 201,120,90,75.0,Theory,0,0,0,68,10,3,13,0,Morning,2026-03-13 09:00:00,81.67,90.55666666666667,83.33428571428571,77.4313223140496,1,20.75,WARNING,1
2026-03-13,Friday,2,10:00 AM,HR Analytics,Prof. Patil,4,MBA,C,Room 202,120,106,88.33,Theory,0,0,0,68,10,3,13,0,Morning,2026-03-13 10:00:00,75.0,83.05666666666667,85.47714285714287,77.421316872428,2,1.0,SAFE,2
2026-03-13,Friday,2,10:00 AM,Web Development,Prof. Deshmukh,2,MBA,C,Room 201,120,104,86.67,Theory,0,0,0,68,10,3,13,0,Morning,2026-03-13 10:00:00,88.33,81.66666666666667,86.31000000000002,77.46602459016393,3,24.0,SAFE,2
2026-03-13,Friday,3,11:15 AM,Advanced DBMS,Ishwari Gaikwad,4,MBA,C,Room 202,120,98,81.67,Theory,0,0,0,68,10,3,13,0,Morning,2026-03-13 11:15:00,86.67,83.33333333333333,86.54857142857144,77.5035918367347,4,1.25,SAFE,2
2026-03-14,Saturday,3,11:15 AM,Web Development,Prof. Deshmukh,4,MBA,C,Room 202,120,84,70.0,Theory,0,0,0,69,10,3,14,1,Morning,2026-03-14 11:15:00,81.67,85.55666666666666,86.19142857142857,77.52052845528455,1,24.0,WARNING,1
2026-03-14,Saturday,4,12:15 PM,Cloud Computing,Ishwari Gaikwad,2,MBA,C,Room 202,120,59,49.17,Theory,0,0,0,69,10,3,14,1,Afternoon,2026-03-14 12:15:00,70.0,79.44666666666667,82.26285714285714,77.49008097165992,2,1.0,CRITICAL,0
2026-03-14,Saturday,5,02:00 PM,Cloud Computing,Ishwari Gaikwad,4,MBA,C,Auditorium,120,113,94.17,Theory,0,0,0,69,10,3,14,1,Afternoon,2026-03-14 14:00:00,49.17,66.94666666666667,76.07285714285715,77.37588709677419,3,1.75,SAFE,2
2026-03-15,Monday,1,09:00 AM,Advanced DBMS,Prof. Sharma,2,MBA,C,Lab 1,120,87,72.5,Practical,0,0,0,70,10,3,15,0,Morning,2026-03-15 09:00:00,94.17,71.11333333333333,77.85857142857142,77.44333333333333,1,19.0,WARNING,1
2026-03-15,Monday,4,12:15 PM,Cloud Computing,Akash Upadhayay,4,MBA,C,Lab 1,120,102,85.0,Practical,0,1,0,70,10,3,15,0,Afternoon,2026-03-15 12:15:00,72.5,71.94666666666667,77.50142857142858,77.42356,2,3.25,SAFE,2
2026-03-15,Monday,4,12:15 PM,HR Analytics,Prof. Kulkarni,4,MBA,C,Room 202,120,91,75.83,Theory,0,0,0,70,10,3,15,0,Afternoon,2026-03-15 12:15:00,85.0,83.89,77.0257142857143,77.45374501992032,3,24.0,SAFE,2
2026-03-15,Monday,4,12:15 PM,Advanced DBMS,Ishwari Gaikwad,2,MBA,C,Room 202,120,88,73.33,Theory,1,0,0,70,10,3,15,0,Afternoon,2026-03-15 12:15:00,75.83,77.77666666666666,75.47714285714287,77.4473015873016,4,24.0,WARNING,1
2026-03-15,Monday,5,02:00 PM,Cloud Computing,Akash Upadhayay,4,MBA,C,Auditorium,120,101,84.17,Theory,0,0,0,70,10,3,15,0,Afternoon,2026-03-15 14:00:00,73.33,78.05333333333333,74.28571428571429,77.43102766798418,5,1.75,SAFE,2
2026-03-15,Monday,5,02:00 PM,Advanced DBMS,Prof. Deshmukh,4,MBA,C,Room 202,120,86,71.67,Theory,1,1,0,70,10,3,15,0,Afternoon,2026-03-15 14:00:00,84.17,77.77666666666666,76.31000000000002,77.45755905511811,6,24.0,WARNING,1
2026-03-15,Monday,6,03:00 PM,Machine Learning,Prof. Sharma,4,MBA,C,Room 202,120,91,75.83,Theory,0,0,0,70,10,3,15,0,Afternoon,2026-03-15 15:00:00,71.67,76.39,79.52428571428572,77.43486274509803,7,1.0,SAFE,2
2026-03-16,Monday,2,10:00 AM,Web Development,Ishwari Gaikwad,4,MBA,C,Room 201,120,103,85.83,Theory,0,0,0,71,11,3,16,0,Morning,2026-03-16 10:00:00,75.83,77.22333333333334,76.90428571428572,77.42859375,1,19.0,SAFE,2
2026-03-16,Monday,4,12:15 PM,Python Programming,Prof. Kulkarni,2,MBA,C,Room 202,120,89,74.17,Theory,0,1,0,71,11,3,16,0,Afternoon,2026-03-16 12:15:00,85.83,77.77666666666666,78.80857142857143,77.4612840466926,2,2.25,WARNING,1
2026-03-16,Monday,5,02:00 PM,Web Development,Ishwari Gaikwad,2,MBA,C,Lab 1,120,80,66.67,Practical,1,0,0,71,11,3,16,0,Afternoon,2026-03-16 14:00:00,74.17,78.61,77.26142857142858,77.44852713178295,3,1.75,WARNING,1
2026-03-16,Monday,5,02:00 PM,Cloud Computing,Prof. Kulkarni,2,MBA,C,Room 201,120,107,89.17,Theory,0,0,0,71,11,3,16,0,Afternoon,2026-03-16 14:00:00,66.67,75.55666666666667,75.95285714285716,77.4069111969112,4,24.0,SAFE,2
2026-03-17,Tuesday,3,11:15 AM,Machine Learning,Prof. Kulkarni,4,MBA,C,Room 202,120,106,88.33,Theory,0,0,0,72,11,3,17,0,Morning,2026-03-17 11:15:00,89.17,76.67,78.21571428571428,77.45215384615385,1,21.25,SAFE,2
2026-03-17,Tuesday,4,12:15 PM,HR Analytics,Prof. Sharma,4,MBA,C,Room 202,120,74,61.67,Theory,1,0,0,72,11,3,17,0,Afternoon,2026-03-17 12:15:00,88.33,81.39,78.81000000000002,77.49383141762452,2,1.0,WARNING,1
2026-03-18,Wednesday,3,11:15 AM,HR Analytics,Prof. Deshmukh,4,MBA,C,Lab 2,120,113,94.17,Practical,0,0,0,73,11,3,18,0,Morning,2026-03-18 11:15:00,61.67,79.72333333333334,77.38142857142857,77.43343511450382,1,23.0,SAFE,2
2026-03-18,Wednesday,4,12:15 PM,Financial Management,Akash Upadhayay,2,MBA,C,Lab 1,120,95,79.17,Practical,0,1,1,73,11,3,18,0,Afternoon,2026-03-18 12:15:00,94.17,81.39,80.00142857142858,77.49707224334601,2,1.0,SAFE,2
2026-03-19,Thursday,1,09:00 AM,Machine Learning,Ishwari Gaikwad,2,MBA,C,Auditorium,120,82,68.33,Theory,0,1,1,74,11,3,19,0,Morning,2026-03-19 09:00:00,79.17,78.33666666666666,79.05,77.5034090909091,1,20.75,WARNING,1
2026-03-19,Thursday,2,10:00 AM,HR Analytics,Akash Upadhayay,2,MBA,C,Auditorium,120,98,81.67,Theory,0,0,0,74,11,3,19,0,Morning,2026-03-19 10:00:00,68.33,80.55666666666666,78.21571428571428,77.46879245283019,2,1.0,SAFE,2
2026-03-19,Thursday,4,12:15 PM,HR Analytics,Prof. Sharma,2,MBA,C,Auditorium,120,82,68.33,Theory,0,0,0,74,11,3,19,0,Afternoon,2026-03-19 12:15:00,81.67,76.39,80.35857142857142,77.48458646616542,3,2.25,WARNING,1
2026-03-19,Thursday,5,02:00 PM,Cloud Computing,Prof. Kulkarni,4,MBA,C,Auditorium,120,108,90.0,Theory,0,0,0,74,11,3,19,0,Afternoon,2026-03-19 14:00:00,68.33,72.77666666666666,77.38142857142857,77.45029962546816,4,1.75,SAFE,2
2026-03-19,Thursday,5,02:00 PM,Web Development,Prof. Patil,2,MBA,C,Auditorium,120,96,80.0,Theory,0,0,0,74,11,3,19,0,Afternoon,2026-03-19 14:00:00,90.0,80.0,77.62,77.49712686567165,5,24.0,SAFE,2
2026-03-19,Thursday,6,03:00 PM,Cloud Computing,Prof. Kulkarni,4,MBA,C,Lab 2,120,83,69.17,Practical,0,0,1,74,11,3,19,0,Afternoon,2026-03-19 15:00:00,80.0,79.44333333333333,80.23857142857142,77.5064312267658,6,1.0,WARNING,1
2026-03-19,Thursday,6,03:00 PM,Web Development,Prof. Kulkarni,2,MBA,C,Auditorium,120,96,80.0,Theory,0,0,0,74,11,3,19,0,Afternoon,2026-03-19 15:00:00,69.17,79.72333333333334,76.66714285714286,77.47555555555556,7,24.0,SAFE,2
2026-03-20,Friday,2,10:00 AM,Machine Learning,Akash Upadhayay,2,MBA,C,Lab 2,120,100,83.33,Practical,0,0,0,75,11,3,20,0,Morning,2026-03-20 10:00:00,80.0,76.39,76.78571428571429,77.4848708487085,1,19.0,SAFE,2
2026-03-20,Friday,3,11:15 AM,Web Development,Akash Upadhayay,4,MBA,C,Lab 1,120,117,97.5,Practical,0,0,0,75,11,3,20,0,Morning,2026-03-20 11:15:00,83.33,77.5,78.92857142857143,77.50636029411764,2,1.25,SAFE,2
2026-03-20,Friday,3,11:15 AM,HR Analytics,Prof. Sharma,2,MBA,C,Room 201,120,102,85.0,Theory,0,0,0,75,11,3,20,0,Morning,2026-03-20 11:15:00,97.5,86.94333333333333,81.19000000000001,77.57959706959707,3,24.0,SAFE,2
2026-03-20,Friday,4,12:15 PM,Cloud Computing,Ishwari Gaikwad,2,MBA,C,Lab 2,120,117,97.5,Practical,0,0,0,75,11,3,20,0,Afternoon,2026-03-20 12:15:00,85.0,88.61,83.57142857142857,77.60667883211678,4,1.0,SAFE,2
2026-03-20,Friday,5,02:00 PM,Advanced DBMS,Prof. Sharma,4,MBA,C,Lab 2,120,70,58.33,Practical,1,0,1,75,11,3,20,0,Afternoon,2026-03-20 14:00:00,97.5,93.33333333333333,84.64285714285714,77.67901818181818,5,1.75,WARNING,1
2026-03-21,Saturday,1,09:00 AM,HR Analytics,Ishwari Gaikwad,2,MBA,C,Lab 2,120,91,75.83,Practical,0,0,0,76,11,3,21,1,Morning,2026-03-21 09:00:00,58.33,80.27666666666666,81.54714285714284,77.60891304347827,1,19.0,SAFE,2
2026-03-21,Saturday,1,09:00 AM,Web Development,Prof. Patil,4,MBA,C,Auditorium,120,81,67.5,Theory,0,0,0,76,11,3,21,1,Morning,2026-03-21 09:00:00,75.83,77.22,82.49857142857142,77.60249097472924,2,24.0,WARNING,1
2026-03-21,Saturday,3,11:15 AM,Python Programming,Prof. Deshmukh,2,MBA,C,Lab 2,120,101,83.89,Practical,0,0,0,76,11,3,21,1,Morning,2026-03-21 11:15:00,67.5,67.22,80.71285714285715,77.56615107913669,3,2.25,SAFE,2
2026-03-21,Saturday,5,02:00 PM,Financial Management,Prof. Kulkarni,2,MBA,C,Room 201,120,105,87.5,Theory,0,1,0,76,11,3,21,1,Afternoon,2026-03-21 14:00:00,83.89,75.74,80.79285714285713,77.58881720430107,4,2.75,SAFE,2
2026-03-22,Monday,1,09:00 AM,Python Programming,Ishwari Gaikwad,2,MBA,C,Lab 2,120,69,57.5,Practical,0,0,1,77,11,3,22,0,Morning,2026-03-22 09:00:00,87.5,79.63,79.36428571428571,77.62421428571429,1,19.0,WARNING,1
2026-03-22,Monday,5,02:00 PM,Cloud Computing,Ishwari Gaikwad,2,MBA,C,Lab 1,120,90,75.0,Practical,0,0,0,77,11,3,22,0,Afternoon,2026-03-22 14:00:00,57.5,76.29666666666667,75.43571428571428,77.55259786476869,2,5.0,WARNING,1
2026-03-23,Monday,1,09:00 AM,Advanced DBMS,Prof. Sharma,4,MBA,C,Lab 2,120,77,64.17,Practical,0,0,0,78,12,3,23,0,Morning,2026-03-23 09:00:00,75.0,73.33333333333333,72.22142857142856,77.54354609929078,1,19.0,WARNING,1
2026-03-23,Monday,2,10:00 AM,Financial Management,Ishwari Gaikwad,2,MBA,C,Auditorium,120,120,100.0,Theory,0,0,0,78,12,3,23,0,Morning,2026-03-23 10:00:00,64.17,65.55666666666667,73.05571428571429,77.49628975265018,2,1.0,SAFE,2
2026-03-23,Monday,2,10:00 AM,Financial Management,Prof. Patil,4,MBA,C,Lab 2,120,97,80.83,Practical,0,1,0,78,12,3,23,0,Morning,2026-03-23 10:00:00,100.0,79.72333333333334,76.50857142857141,77.57552816901409,3,24.0,SAFE,2
2026-03-23,Monday,4,12:15 PM,Cloud Computing,Prof. Patil,4,MBA,C,Lab 2,120,109,90.83,Practical,0,0,0,78,12,3,23,0,Afternoon,2026-03-23 12:15:00,80.83,81.66666666666667,78.41285714285713,77.58694736842105,4,2.25,SAFE,2
2026-03-23,Monday,5,02:00 PM,Python Programming,Prof. Kulkarni,4,MBA,C,Auditorium,120,104,86.67,Theory,0,0,0,78,12,3,23,0,Afternoon,2026-03-23 14:00:00,90.83,90.55333333333333,79.40428571428572,77.63325174825175,5,1.75,SAFE,2
2026-03-23,Monday,6,03:00 PM,Python Programming,Prof. Sharma,4,MBA,C,Lab 1,120,84,70.0,Practical,0,0,0,78,12,3,23,0,Afternoon,2026-03-23 15:00:00,86.67,86.11,79.28571428571429,77.66473867595819,6,1.0,WARNING,1
2026-03-23,Monday,6,03:00 PM,Web Development,Prof. Patil,2,MBA,C,Lab 1,120,99,82.78,Practical,0,0,0,78,12,3,23,0,Afternoon,2026-03-23 15:00:00,70.0,82.5,81.07142857142857,77.638125,7,24.0,SAFE,2
2026-03-24,Tuesday,1,09:00 AM,Financial Management,Prof. Sharma,2,MBA,C,Lab 2,120,94,78.33,Practical,0,0,0,79,12,3,24,0,Morning,2026-03-24 09:00:00,82.78,79.81666666666666,82.18285714285715,77.6559169550173,1,18.0,SAFE,2
2026-03-24,Tuesday,3,11:15 AM,HR Analytics,Prof. Sharma,2,MBA,C,Auditorium,120,96,80.0,Theory,0,1,1,79,12,3,24,0,Morning,2026-03-24 11:15:00,78.33,77.03666666666666,84.2057142857143,77.65824137931034,2,2.25,SAFE,2
2026-03-25,Wednesday,1,09:00 AM,Advanced DBMS,Prof. Kulkarni,2,MBA,C,Auditorium,120,71,59.17,Theory,1,0,1,80,12,3,25,0,Morning,2026-03-25 09:00:00,80.0,80.37,81.34857142857143,77.6662886597938,1,21.75,WARNING,1
2026-03-25,Wednesday,3,11:15 AM,Financial Management,Prof. Patil,4,MBA,C,Auditorium,120,91,75.83,Theory,1,0,0,80,12,3,25,0,Morning,2026-03-25 11:15:00,59.17,72.5,78.25428571428571,77.60294520547946,2,2.25,SAFE,2
2026-03-25,Wednesday,4,12:15 PM,Web Development,Akash Upadhayay,2,MBA,C,Lab 2,120,92,76.67,Practical,0,0,0,80,12,3,25,0,Afternoon,2026-03-25 12:15:00,75.83,71.66666666666667,76.11142857142856,77.59689419795221,3,1.0,SAFE,2
2026-03-25,Wednesday,4,12:15 PM,Python Programming,Prof. Patil,4,MBA,C,Lab 2,120,116,96.67,Practical,0,0,0,80,12,3,25,0,Afternoon,2026-03-25 12:15:00,76.67,70.55666666666667,74.68285714285715,77.59374149659864,4,24.0,SAFE,2
2026-03-25,Wednesday,5,02:00 PM,Financial Management,Akash Upadhayay,2,MBA,C,Lab 2,120,114,95.0,Practical,0,1,0,80,12,3,25,0,Afternoon,2026-03-25 14:00:00,96.67,83.05666666666666,78.49285714285715,77.65840677966102,5,1.75,SAFE,2
2026-03-26,Thursday,3,11:15 AM,Cloud Computing,Prof. Deshmukh,2,MBA,C,Room 202,120,107,89.17,Theory,0,0,0,81,12,3,26,0,Morning,2026-03-26 11:15:00,95.0,89.44666666666667,80.23857142857142,77.71699324324324,1,21.25,SAFE,2
2026-03-26,Thursday,6,03:00 PM,Advanced DBMS,Ishwari Gaikwad,2,MBA,C,Auditorium,120,99,82.5,Theory,0,1,0,81,12,3,26,0,Afternoon,2026-03-26 15:00:00,89.17,93.61333333333333,81.78714285714285,77.75555555555556,2,3.75,SAFE,2
2026-03-28,Saturday,5,02:00 PM,Web Development,Prof. Patil,4,MBA,C,Room 202,120,94,78.33,Theory,0,0,0,83,12,3,28,1,Afternoon,2026-03-28 14:00:00,82.5,88.89,82.14428571428572,77.77147651006712,1,47.0,SAFE,2
2026-03-29,Monday,1,09:00 AM,Advanced DBMS,Prof. Sharma,2,MBA,C,Room 202,120,67,55.83,Theory,1,0,0,84,12,3,29,0,Morning,2026-03-29 09:00:00,78.33,83.33333333333333,84.88142857142859,77.77334448160535,1,19.0,WARNING,1
2026-03-29,Monday,2,10:00 AM,Machine Learning,Prof. Kulkarni,4,MBA,C,Room 202,120,79,65.83,Theory,1,1,0,84,12,3,29,0,Morning,2026-03-29 10:00:00,55.83,72.21999999999998,82.02428571428571,77.70020000000001,2,1.0,WARNING,1
2026-03-29,Monday,3,11:15 AM,Web Development,Prof. Sharma,2,MBA,C,Auditorium,120,80,66.67,Theory,0,0,0,84,12,3,29,0,Morning,2026-03-29 11:15:00,65.83,66.66333333333333,80.47571428571428,77.66076411960132,3,1.25,WARNING,1
2026-03-29,Monday,3,11:15 AM,Cloud Computing,Prof. Deshmukh,2,MBA,C,Auditorium,120,93,77.5,Theory,0,0,0,84,12,3,29,0,Morning,2026-03-29 11:15:00,66.67,62.776666666666664,76.19000000000001,77.62437086092716,4,24.0,SAFE,2
2026-03-29,Monday,5,02:00 PM,Machine Learning,Akash Upadhayay,2,MBA,C,Room 202,120,59,49.17,Theory,1,1,0,84,12,3,29,0,Afternoon,2026-03-29 14:00:00,77.5,70.0,73.69000000000001,77.6239603960396,5,2.75,CRITICAL,0
2026-03-30,Monday,1,09:00 AM,Financial Management,Prof. Kulkarni,2,MBA,C,Lab 1,120,84,70.0,Practical,0,0,0,85,13,3,30,0,Morning,2026-03-30 09:00:00,49.17,64.44666666666667,67.97571428571429,77.53036184210526,1,19.0,WARNING,1
2026-03-30,Monday,5,02:00 PM,Python Programming,Ishwari Gaikwad,4,MBA,C,Room 202,120,96,80.0,Theory,0,0,0,85,13,3,30,0,Afternoon,2026-03-30 14:00:00,70.0,65.55666666666667,66.19000000000001,77.50567213114753,2,5.0,SAFE,2
2026-03-31,Tuesday,1,09:00 AM,Web Development,Akash Upadhayay,4,MBA,C,Auditorium,120,86,71.67,Theory,1,0,0,86,13,3,31,0,Morning,2026-03-31 09:00:00,80.0,66.39,66.42857142857143,77.51382352941177,1,19.0,WARNING,1
2026-03-31,Tuesday,3,11:15 AM,Web Development,Prof. Deshmukh,2,MBA,C,Lab 2,120,116,96.67,Practical,0,0,0,86,13,3,31,0,Morning,2026-03-31 11:15:00,71.67,73.89,68.69142857142857,77.49478827361564,2,2.25,SAFE,2
2026-04-01,Wednesday,1,09:00 AM,Advanced DBMS,Prof. Patil,2,MBA,C,Lab 1,120,102,85.0,Practical,0,1,0,87,13,4,1,0,Morning,2026-04-01 09:00:00,96.67,82.78000000000002,73.09714285714286,80.84483173076923,1,21.75,SAFE,2
2026-04-01,Wednesday,2,10:00 AM,HR Analytics,Akash Upadhayay,2,MBA,C,Auditorium,120,88,73.33,Theory,0,0,1,87,13,4,1,0,Morning,2026-04-01 10:00:00,85.0,84.44666666666667,75.71571428571428,80.86471291866027,2,1.0,WARNING,1
2026-04-01,Wednesday,3,11:15 AM,Web Development,Prof. Sharma,2,MBA,C,Lab 2,120,107,89.17,Practical,0,0,0,87,13,4,1,0,Morning,2026-04-01 11:15:00,73.33,85.0,75.12,80.82883333333334,3,1.25,SAFE,2
2026-04-01,Wednesday,5,02:00 PM,Advanced DBMS,Prof. Kulkarni,2,MBA,C,Auditorium,120,108,90.0,Theory,0,0,0,87,13,4,1,0,Afternoon,2026-04-01 14:00:00,89.17,82.5,80.83428571428571,80.86836492890994,4,2.75,SAFE,2
2026-04-01,Wednesday,5,02:00 PM,Web Development,Prof. Deshmukh,2,MBA,C,Lab 1,120,109,90.83,Practical,0,1,0,87,13,4,1,0,Afternoon,2026-04-01 14:00:00,90.0,84.16666666666667,83.69142857142857,80.91143867924528,5,24.0,SAFE,2
2026-04-02,Thursday,1,09:00 AM,Python Programming,Akash Upadhayay,2,MBA,C,Lab 2,120,97,80.83,Practical,0,0,0,88,13,4,2,0,Morning,2026-04-02 09:00:00,90.83,90.0,85.23857142857143,80.95800469483568,1,19.0,SAFE,2
2026-04-02,Thursday,5,02:00 PM,Cloud Computing,Prof. Patil,2,MBA,C,Lab 2,120,110,91.67,Practical,1,0,0,88,13,4,2,0,Afternoon,2026-04-02 14:00:00,80.83,87.21999999999998,86.54714285714284,80.95740654205606,2,5.0,SAFE,2
2026-04-02,Thursday,5,02:00 PM,HR Analytics,Akash Upadhayay,4,MBA,C,Lab 1,120,94,78.33,Practical,0,1,0,88,13,4,2,0,Afternoon,2026-04-02 14:00:00,91.67,87.77666666666666,85.83285714285715,81.00723255813953,3,24.0,SAFE,2
2026-04-02,Thursday,6,03:00 PM,Machine Learning,Akash Upadhayay,4,MBA,C,Room 202,120,120,100.0,Theory,0,1,0,88,13,4,2,0,Afternoon,2026-04-02 15:00:00,78.33,83.61,84.88,80.99483796296296,4,1.0,SAFE,2
2026-04-03,Friday,4,12:15 PM,HR Analytics,Prof. Sharma,4,MBA,C,Room 202,120,106,88.33,Theory,0,0,0,89,13,4,3,0,Afternoon,2026-04-03 12:15:00,100.0,90.0,88.68999999999998,81.0824193548387,1,21.25,SAFE,2
2026-04-04,Saturday,2,10:00 AM,Machine Learning,Prof. Deshmukh,4,MBA,C,Lab 1,120,98,81.67,Practical,0,0,0,90,13,4,4,1,Morning,2026-04-04 10:00:00,88.33,88.88666666666666,88.57000000000001,81.11566513761468,1,21.75,SAFE,2
2026-04-04,Saturday,3,11:15 AM,Web Development,Prof. Deshmukh,2,MBA,C,Room 201,120,100,83.33,Theory,0,0,0,90,13,4,4,1,Morning,2026-04-04 11:15:00,81.67,90.0,87.38,81.11819634703195,2,1.25,SAFE,2
2026-04-04,Saturday,5,02:00 PM,Cloud Computing,Ishwari Gaikwad,4,MBA,C,Auditorium,120,99,82.5,Theory,0,0,0,90,13,4,4,1,Afternoon,2026-04-04 14:00:00,83.33,84.44333333333334,86.30857142857143,81.12825,3,2.75,SAFE,2
2026-04-05,Monday,1,09:00 AM,Advanced DBMS,Prof. Deshmukh,2,MBA,C,Room 202,120,94,78.33,Theory,0,0,0,91,13,4,5,0,Morning,2026-04-05 09:00:00,82.5,82.5,86.54714285714286,81.13445701357466,1,19.0,SAFE,2
2026-04-06,Monday,1,09:00 AM,Cloud Computing,Ishwari Gaikwad,4,MBA,C,Room 202,120,72,60.0,Theory,0,0,1,92,14,4,6,0,Morning,2026-04-06 09:00:00,78.33,81.38666666666666,84.64142857142858,81.12182432432432,1,24.0,WARNING,1
2026-04-06,Monday,2,10:00 AM,Advanced DBMS,Prof. Kulkarni,2,MBA,C,Lab 2,120,96,80.0,Practical,0,0,0,92,14,4,6,0,Morning,2026-04-06 10:00:00,60.0,73.61,82.02285714285715,81.02710762331837,2,1.0,SAFE,2
2026-04-06,Monday,3,11:15 AM,Python Programming,Prof. Kulkarni,2,MBA,C,Auditorium,120,73,60.83,Theory,1,0,0,92,14,4,6,0,Morning,2026-04-06 11:15:00,80.0,72.77666666666666,79.1657142857143,81.02252232142857,3,1.25,WARNING,1
2026-04-06,Monday,4,12:15 PM,Advanced DBMS,Prof. Deshmukh,2,MBA,C,Lab 1,120,100,83.33,Practical,0,0,0,92,14,4,6,0,Afternoon,2026-04-06 12:15:00,60.83,66.94333333333334,75.23714285714286,80.93277777777777,4,1.0,SAFE,2
2026-04-06,Monday,5,02:00 PM,HR Analytics,Prof. Sharma,2,MBA,C,Auditorium,120,120,100.0,Theory,0,0,0,92,14,4,6,0,Afternoon,2026-04-06 14:00:00,83.33,74.71999999999998,75.47428571428573,80.94338495575222,5,1.75,SAFE,2
2026-04-06,Monday,5,02:00 PM,HR Analytics,Prof. Deshmukh,4,MBA,C,Lab 1,120,104,86.67,Practical,0,0,0,92,14,4,6,0,Afternoon,2026-04-06 14:00:00,100.0,81.38666666666666,77.85571428571428,81.02733480176212,6,24.0,SAFE,2
2026-04-06,Monday,6,03:00 PM,HR Analytics,Prof. Patil,4,MBA,C,Lab 2,120,120,100.0,Practical,0,1,0,92,14,4,6,0,Afternoon,2026-04-06 15:00:00,86.67,90.0,78.45142857142856,81.05208333333333,7,1.0,SAFE,2
2026-04-07,Tuesday,1,09:00 AM,Python Programming,Prof. Sharma,2,MBA,C,Room 202,120,95,79.17,Theory,0,0,0,93,14,4,7,0,Morning,2026-04-07 09:00:00,100.0,95.55666666666667,81.54714285714286,81.13482532751091,1,18.0,SAFE,2
2026-04-07,Tuesday,2,10:00 AM,Web Development,Prof. Patil,4,MBA,C,Room 202,120,87,72.5,Theory,0,0,1,93,14,4,7,0,Morning,2026-04-07 10:00:00,79.17,88.61333333333334,84.28571428571429,81.12628260869565,2,1.0,WARNING,1
2026-04-07,Tuesday,3,11:15 AM,Financial Management,Prof. Patil,4,MBA,C,Auditorium,120,103,85.83,Theory,0,0,0,93,14,4,7,0,Morning,2026-04-07 11:15:00,72.5,83.89,83.21428571428571,81.08893939393938,3,1.25,SAFE,2
2026-04-07,Tuesday,3,11:15 AM,Python Programming,Prof. Kulkarni,2,MBA,C,Auditorium,120,102,85.0,Theory,0,0,0,93,14,4,7,0,Morning,2026-04-07 11:15:00,85.83,79.16666666666667,86.78571428571429,81.109375,4,24.0,SAFE,2
2026-04-07,Tuesday,5,02:00 PM,Web Development,Akash Upadhayay,2,MBA,C,Room 201,120,116,96.67,Theory,0,0,0,93,14,4,7,0,Afternoon,2026-04-07 14:00:00,85.0,81.11,87.02428571428572,81.1260729613734,5,2.75,SAFE,2
2026-04-07,Tuesday,6,03:00 PM,HR Analytics,Prof. Sharma,2,MBA,C,Room 201,120,94,78.33,Theory,0,0,0,93,14,4,7,0,Afternoon,2026-04-07 15:00:00,96.67,89.16666666666667,86.54857142857144,81.1925,6,1.0,SAFE,2
2026-04-08,Wednesday,1,09:00 AM,Web Development,Prof. Kulkarni,4,MBA,C,Lab 2,120,99,82.78,Practical,0,0,0,94,14,4,8,0,Morning,2026-04-08 09:00:00,78.33,86.66666666666667,85.35714285714286,81.18031914893616,1,18.0,SAFE,2
2026-04-08,Wednesday,1,09:00 AM,Cloud Computing,Prof. Patil,2,MBA,C,Room 201,120,70,58.33,Theory,1,0,0,94,14,4,8,0,Morning,2026-04-08 09:00:00,82.78,85.92666666666666,82.89714285714285,81.18709745762712,2,24.0,WARNING,1
2026-04-08,Wednesday,5,02:00 PM,Web Development,Akash Upadhayay,4,MBA,C,Lab 2,120,108,90.0,Practical,0,0,0,94,14,4,8,0,Afternoon,2026-04-08 14:00:00,58.33,73.14666666666666,79.92,81.09065400843882,3,5.0,SAFE,2
2026-04-09,Thursday,1,09:00 AM,HR Analytics,Prof. Deshmukh,2,MBA,C,Lab 1,120,79,65.83,Practical,0,1,1,95,14,4,9,0,Morning,2026-04-09 09:00:00,90.0,77.03666666666668,82.42,81.12808823529411,1,19.0,WARNING,1
2026-04-09,Thursday,6,03:00 PM,HR Analytics,Prof. Deshmukh,2,MBA,C,Room 202,120,70,58.33,Theory,0,0,1,95,14,4,9,0,Afternoon,2026-04-09 15:00:00,65.83,71.38666666666667,79.56285714285715,81.06407949790794,2,6.0,WARNING,1
2026-04-10,Friday,4,12:15 PM,Advanced DBMS,Prof. Deshmukh,4,MBA,C,Room 201,120,88,73.33,Theory,1,0,0,96,14,4,10,0,Afternoon,2026-04-10 12:15:00,58.33,71.38666666666666,75.75285714285714,80.96935416666666,1,21.25,WARNING,1
2026-04-12,Monday,3,11:15 AM,HR Analytics,Akash Upadhayay,4,MBA,C,Room 202,120,71,59.17,Theory,0,1,1,98,14,4,12,0,Morning,2026-04-12 11:15:00,73.33,65.83,72.41857142857143,80.93765560165974,1,47.0,WARNING,1
2026-04-12,Monday,4,12:15 PM,Advanced DBMS,Akash Upadhayay,4,MBA,C,Lab 2,120,103,85.83,Practical,0,1,0,98,14,4,12,0,Afternoon,2026-04-12 12:15:00,59.17,63.61000000000001,69.68142857142857,80.84770661157025,2,1.0,SAFE,2
2026-04-12,Monday,5,02:00 PM,Machine Learning,Prof. Kulkarni,2,MBA,C,Auditorium,120,94,78.33,Theory,0,1,0,98,14,4,12,0,Afternoon,2026-04-12 14:00:00,85.83,72.77666666666666,70.11714285714285,80.8682098765432,3,1.75,SAFE,2
2026-04-13,Monday,4,12:15 PM,Cloud Computing,Prof. Deshmukh,2,MBA,C,Auditorium,120,77,64.17,Theory,0,1,1,99,15,4,13,0,Afternoon,2026-04-13 12:15:00,78.33,74.44333333333334,72.97428571428571,80.85780737704918,1,22.25,WARNING,1
2026-04-13,Monday,5,02:00 PM,Python Programming,Ishwari Gaikwad,2,MBA,C,Lab 2,120,110,91.67,Practical,0,0,0,99,15,4,13,0,Afternoon,2026-04-13 14:00:00,64.17,76.11,69.28428571428572,80.78969387755102,2,1.75,SAFE,2
2026-04-14,Tuesday,1,09:00 AM,Cloud Computing,Prof. Kulkarni,2,MBA,C,Auditorium,120,74,61.67,Theory,0,0,0,100,15,4,14,0,Morning,2026-04-14 09:00:00,91.67,78.05666666666667,72.97571428571429,80.83392276422764,1,19.0,WARNING,1
2026-04-14,Tuesday,1,09:00 AM,Cloud Computing,Ishwari Gaikwad,4,MBA,C,Lab 2,120,100,83.33,Practical,0,0,0,100,15,4,14,0,Morning,2026-04-14 09:00:00,61.67,72.50333333333333,73.45285714285714,80.75633603238866,2,24.0,SAFE,2
2026-04-14,Tuesday,4,12:15 PM,Cloud Computing,Ishwari Gaikwad,4,MBA,C,Auditorium,120,102,85.0,Theory,0,0,0,100,15,4,14,0,Afternoon,2026-04-14 12:15:00,83.33,78.89,74.88142857142857,80.76671370967742,3,3.25,SAFE,2
2026-04-14,Tuesday,6,03:00 PM,Cloud Computing,Prof. Patil,4,MBA,C,Room 201,120,95,78.89,Theory,0,0,0,100,15,4,14,0,Afternoon,2026-04-14 15:00:00,85.0,76.66666666666667,78.57142857142857,80.78371485943775,4,2.75,SAFE,2
2026-04-15,Wednesday,1,09:00 AM,Cloud Computing,Prof. Patil,4,MBA,C,Lab 1,120,92,76.67,Practical,0,1,0,101,15,4,15,0,Morning,2026-04-15 09:00:00,78.89,82.40666666666665,77.58,80.77614,1,18.0,SAFE,2
2026-04-16,Thursday,1,09:00 AM,Web Development,Ishwari Gaikwad,2,MBA,C,Lab 2,120,79,65.83,Practical,1,0,0,102,15,4,16,0,Morning,2026-04-16 09:00:00,76.67,80.18666666666667,77.34285714285714,80.75978087649403,1,24.0,WARNING,1
2026-04-16,Thursday,2,10:00 AM,Financial Management,Prof. Kulkarni,2,MBA,C,Lab 2,120,106,88.33,Practical,0,1,0,102,15,4,16,0,Morning,2026-04-16 10:00:00,65.83,73.79666666666667,77.58,80.70053571428572,2,1.0,SAFE,2
2026-04-17,Friday,2,10:00 AM,Cloud Computing,Prof. Patil,2,MBA,C,Auditorium,120,104,86.67,Theory,0,0,0,103,15,4,17,0,Morning,2026-04-17 10:00:00,88.33,76.94333333333334,77.10285714285715,80.73069169960475,1,24.0,SAFE,2
2026-04-17,Friday,5,02:00 PM,Web Development,Akash Upadhayay,2,MBA,C,Room 201,120,99,82.5,Theory,0,1,0,103,15,4,17,0,Afternoon,2026-04-17 14:00:00,86.67,80.27666666666666,80.67428571428572,80.7540748031496,2,4.0,SAFE,2
2026-04-18,Saturday,3,11:15 AM,Advanced DBMS,Ishwari Gaikwad,2,MBA,C,Room 201,120,88,73.33,Theory,0,0,0,104,15,4,18,1,Morning,2026-04-18 11:15:00,82.5,85.83333333333333,80.55571428571429,80.76092156862745,1,21.25,WARNING,1
2026-04-18,Saturday,3,11:15 AM,Advanced DBMS,Akash Upadhayay,2,MBA,C,Lab 2,120,103,85.83,Practical,0,1,0,104,15,4,18,1,Morning,2026-04-18 11:15:00,73.33,80.83333333333333,78.88857142857144,80.73189453125,2,24.0,SAFE,2
2026-04-18,Saturday,6,03:00 PM,Python Programming,Prof. Sharma,2,MBA,C,Lab 2,120,84,70.0,Practical,0,0,0,104,15,4,18,1,Afternoon,2026-04-18 15:00:00,85.83,80.55333333333333,79.88,80.75173151750973,3,3.75,WARNING,1
2026-04-19,Monday,1,09:00 AM,Cloud Computing,Prof. Kulkarni,4,MBA,C,Lab 1,120,65,54.17,Practical,1,0,0,105,15,4,19,0,Morning,2026-04-19 09:00:00,70.0,76.38666666666666,78.92714285714285,80.71005813953488,1,18.0,WARNING,1
2026-04-19,Monday,3,11:15 AM,HR Analytics,Prof. Patil,4,MBA,C,Lab 2,120,101,84.17,Practical,0,0,0,105,15,4,19,0,Morning,2026-04-19 11:15:00,54.17,70.0,77.26142857142857,80.60758687258688,2,2.25,SAFE,2
2026-04-20,Monday,1,09:00 AM,Cloud Computing,Prof. Kulkarni,2,MBA,C,Lab 2,120,80,66.67,Practical,0,1,0,106,16,4,20,0,Morning,2026-04-20 09:00:00,84.17,69.44666666666667,76.66714285714285,80.62128846153846,1,21.75,WARNING,1
2026-04-20,Monday,3,11:15 AM,Financial Management,Prof. Sharma,2,MBA,C,Auditorium,120,97,80.83,Theory,0,0,0,106,16,4,20,0,Morning,2026-04-20 11:15:00,66.67,68.33666666666666,73.80999999999999,80.56783524904215,2,2.25,SAFE,2
2026-04-21,Tuesday,3,11:15 AM,Advanced DBMS,Prof. Patil,2,MBA,C,Room 201,120,77,64.17,Theory,1,1,0,107,16,4,21,0,Morning,2026-04-21 11:15:00,80.83,77.22333333333333,73.57142857142857,80.5688358778626,1,24.0,WARNING,1
2026-04-21,Tuesday,5,02:00 PM,Machine Learning,Prof. Sharma,2,MBA,C,Auditorium,120,95,79.17,Theory,0,0,0,107,16,4,21,0,Afternoon,2026-04-21 14:00:00,64.17,70.55666666666667,72.26285714285714,80.50648288973385,2,2.75,SAFE,2
2026-04-21,Tuesday,5,02:00 PM,Python Programming,Ishwari Gaikwad,2,MBA,C,Auditorium,120,108,90.0,Theory,0,0,0,107,16,4,21,0,Afternoon,2026-04-21 14:00:00,79.17,74.72333333333333,71.31142857142858,80.50142045454545,3,24.0,SAFE,2
2026-04-21,Tuesday,6,03:00 PM,HR Analytics,Ishwari Gaikwad,4,MBA,C,Lab 2,120,67,55.83,Practical,1,0,0,107,16,4,21,0,Afternoon,2026-04-21 15:00:00,90.0,77.78,74.16857142857144,80.5372641509434,4,1.0,WARNING,1
2026-04-22,Wednesday,1,09:00 AM,HR Analytics,Ishwari Gaikwad,2,MBA,C,Room 202,120,96,80.0,Theory,0,1,0,108,16,4,22,0,Morning,2026-04-22 09:00:00,55.83,75.0,74.4057142857143,80.44437969924813,1,18.0,SAFE,2
2026-04-22,Wednesday,5,02:00 PM,Web Development,Prof. Kulkarni,2,MBA,C,Lab 2,120,86,71.67,Practical,0,0,0,108,16,4,22,0,Afternoon,2026-04-22 14:00:00,80.0,75.27666666666666,73.80999999999999,80.44271535580525,2,5.0,WARNING,1
2026-04-22,Wednesday,5,02:00 PM,HR Analytics,Ishwari Gaikwad,2,MBA,C,Room 202,120,99,82.5,Theory,0,0,0,108,16,4,22,0,Afternoon,2026-04-22 14:00:00,71.67,69.16666666666667,74.52428571428572,80.40998134328358,3,24.0,SAFE,2
2026-04-24,Friday,1,09:00 AM,Python Programming,Prof. Deshmukh,2,MBA,C,Lab 2,120,99,82.5,Practical,0,0,0,110,16,4,24,0,Morning,2026-04-24 09:00:00,82.5,78.05666666666667,74.76285714285714,80.41775092936803,1,43.0,SAFE,2
2026-04-24,Friday,1,09:00 AM,Web Development,Prof. Kulkarni,4,MBA,C,Lab 2,120,80,66.67,Practical,1,0,0,110,16,4,24,0,Morning,2026-04-24 09:00:00,82.5,78.89,77.38142857142859,80.42546296296297,2,24.0,WARNING,1
2026-04-24,Friday,3,11:15 AM,Python Programming,Akash Upadhayay,4,MBA,C,Lab 1,120,113,94.17,Practical,0,0,0,110,16,4,24,0,Morning,2026-04-24 11:15:00,66.67,77.22333333333334,75.5957142857143,80.37470479704797,3,2.25,SAFE,2
2026-04-24,Friday,4,12:15 PM,Web Development,Prof. Kulkarni,4,MBA,C,Auditorium,120,90,75.0,Theory,0,0,1,110,16,4,24,0,Afternoon,2026-04-24 12:15:00,94.17,81.11333333333333,76.19142857142857,80.42542279411765,4,1.0,WARNING,1
2026-04-24,Friday,6,03:00 PM,HR Analytics,Prof. Kulkarni,2,MBA,C,Room 201,120,59,49.17,Theory,1,0,0,110,16,4,24,0,Afternoon,2026-04-24 15:00:00,75.0,78.61333333333333,78.92999999999999,80.40554945054946,5,2.75,CRITICAL,0
2026-04-24,Friday,6,03:00 PM,Cloud Computing,Ishwari Gaikwad,2,MBA,C,Auditorium,120,95,79.17,Theory,0,0,0,110,16,4,24,0,Afternoon,2026-04-24 15:00:00,49.17,72.78000000000002,74.52571428571427,80.29155109489051,6,24.0,SAFE,2
2026-04-25,Saturday,2,10:00 AM,Cloud Computing,Prof. Kulkarni,2,MBA,C,Lab 1,120,95,79.17,Practical,0,0,0,111,16,4,25,1,Morning,2026-04-25 10:00:00,79.17,67.78,75.59714285714287,80.28747272727273,1,19.0,SAFE,2
2026-04-25,Saturday,3,11:15 AM,Cloud Computing,Prof. Sharma,2,MBA,C,Lab 2,120,78,65.0,Practical,1,0,0,111,16,4,25,1,Morning,2026-04-25 11:15:00,79.17,69.17,75.12142857142858,80.28342391304348,2,1.25,WARNING,1
2026-04-25,Saturday,3,11:15 AM,Cloud Computing,Prof. Patil,4,MBA,C,Room 202,120,96,80.0,Theory,0,0,0,111,16,4,25,1,Morning,2026-04-25 11:15:00,65.0,74.44666666666666,72.62142857142858,80.22824909747293,3,24.0,SAFE,2
2026-04-25,Saturday,5,02:00 PM,Python Programming,Prof. Deshmukh,4,MBA,C,Lab 2,120,101,83.89,Practical,0,1,0,111,16,4,25,1,Afternoon,2026-04-25 14:00:00,80.0,74.72333333333334,74.5257142857143,80.22742805755395,4,2.75,SAFE,2
2026-04-26,Monday,1,09:00 AM,Advanced DBMS,Ishwari Gaikwad,2,MBA,C,Room 201,120,94,78.33,Theory,0,0,0,112,16,4,26,0,Morning,2026-04-26 09:00:00,83.89,76.29666666666667,73.05714285714285,80.24055555555556,1,19.0,SAFE,2
2026-04-26,Monday,2,10:00 AM,Web Development,Prof. Patil,4,MBA,C,Lab 2,120,100,83.33,Practical,0,0,0,112,16,4,26,0,Morning,2026-04-26 10:00:00,78.33,80.74,73.53285714285714,80.23373214285714,2,1.0,SAFE,2
2026-04-26,Monday,4,12:15 PM,Cloud Computing,Ishwari Gaikwad,2,MBA,C,Auditorium,120,71,59.17,Theory,1,1,0,112,16,4,26,0,Afternoon,2026-04-26 12:15:00,83.33,81.85,78.41285714285713,80.24475088967972,3,2.25,WARNING,1
2026-04-27,Monday,1,09:00 AM,Python Programming,Ishwari Gaikwad,4,MBA,C,Lab 1,120,82,68.33,Practical,0,0,0,113,17,4,27,0,Morning,2026-04-27 09:00:00,59.17,73.61,75.55571428571429,80.17001773049645,1,20.75,WARNING,1
2026-04-27,Monday,1,09:00 AM,Web Development,Ishwari Gaikwad,2,MBA,C,Room 202,120,93,77.5,Theory,0,0,0,113,17,4,27,0,Morning,2026-04-27 09:00:00,68.33,70.27666666666667,74.00714285714285,80.12818021201414,2,24.0,SAFE,2
2026-04-27,Monday,3,11:15 AM,Machine Learning,Akash Upadhayay,4,MBA,C,Room 202,120,91,75.83,Theory,1,1,0,113,17,4,27,0,Morning,2026-04-27 11:15:00,77.5,68.33333333333333,75.79285714285713,80.11892605633804,3,2.25,SAFE,2
2026-04-27,Monday,4,12:15 PM,Python Programming,Prof. Kulkarni,4,MBA,C,Room 202,120,120,100.0,Theory,1,0,0,113,17,4,27,0,Afternoon,2026-04-27 12:15:00,75.83,73.88666666666666,75.19714285714285,80.10387719298245,4,1.0,SAFE,2
2026-04-28,Tuesday,1,09:00 AM,Web Development,Ishwari Gaikwad,2,MBA,C,Room 202,120,71,59.17,Theory,1,0,1,114,17,4,28,0,Morning,2026-04-28 09:00:00,100.0,84.44333333333333,77.49857142857142,80.17344405594406,1,20.75,WARNING,1
2026-04-28,Tuesday,3,11:15 AM,Web Development,Prof. Patil,2,MBA,C,Room 201,120,94,78.33,Theory,0,1,0,114,17,4,28,0,Morning,2026-04-28 11:15:00,59.17,78.33333333333333,74.76142857142857,80.10026132404181,2,2.25,SAFE,2
2026-04-28,Tuesday,6,03:00 PM,Cloud Computing,Prof. Sharma,4,MBA,C,Room 202,120,101,84.17,Theory,0,0,0,114,17,4,28,0,Afternoon,2026-04-28 15:00:00,78.33,79.16666666666667,74.04714285714284,80.09411458333334,3,3.75,SAFE,2
2026-04-29,Wednesday,4,12:15 PM,HR Analytics,Prof. Deshmukh,2,MBA,C,Room 201,120,88,73.33,Theory,0,0,0,115,17,4,29,0,Afternoon,2026-04-29 12:15:00,84.17,73.89,77.61857142857143,80.10821799307959,1,21.25,WARNING,1
2026-04-30,Thursday,2,10:00 AM,Web Development,Akash Upadhayay,4,MBA,C,Room 202,120,115,95.83,Theory,0,0,0,116,17,4,30,0,Morning,2026-04-30 10:00:00,73.33,78.61,78.33285714285714,80.08484482758621,1,21.75,SAFE,2
2026-04-30,Thursday,5,02:00 PM,Financial Management,Prof. Patil,4,MBA,C,Auditorium,120,100,83.33,Theory,0,1,0,116,17,4,30,0,Afternoon,2026-04-30 14:00:00,95.83,84.44333333333334,80.95142857142856,80.13895189003436,2,4.0,SAFE,2
2026-04-30,Thursday,5,02:00 PM,Financial Management,Prof. Deshmukh,2,MBA,C,Room 202,120,114,95.0,Theory,0,0,0,116,17,4,30,0,Afternoon,2026-04-30 14:00:00,83.33,84.16333333333334,82.02285714285713,80.1498801369863,3,24.0,SAFE,2
2026-04-30,Thursday,5,02:00 PM,Cloud Computing,Prof. Deshmukh,4,MBA,C,Room 202,120,76,63.33,Theory,1,0,0,116,17,4,30,0,Afternoon,2026-04-30 14:00:00,95.0,91.38666666666667,81.30857142857143,80.20056313993175,4,24.0,WARNING,1
2026-05-01,Friday,2,10:00 AM,Advanced DBMS,Prof. Kulkarni,2,MBA,C,Room 202,120,95,79.17,Theory,0,1,0,117,17,5,1,0,Morning,2026-05-01 10:00:00,63.33,80.55333333333333,81.90285714285713,77.54220588235295,1,20.0,SAFE,2
2026-05-01,Friday,5,02:00 PM,Financial Management,Prof. Deshmukh,2,MBA,C,Lab 1,120,81,67.5,Practical,0,0,1,117,17,5,1,0,Afternoon,2026-05-01 14:00:00,79.17,79.16666666666667,82.02285714285713,77.55014634146342,2,4.0,WARNING,1
2026-05-01,Friday,6,03:00 PM,Advanced DBMS,Akash Upadhayay,4,MBA,C,Room 202,120,69,57.5,Theory,0,0,1,117,17,5,1,0,Afternoon,2026-05-01 15:00:00,67.5,70.0,79.64142857142858,77.50135922330098,3,1.0,WARNING,1
2026-05-02,Saturday,1,09:00 AM,Machine Learning,Ishwari Gaikwad,2,MBA,C,Room 201,120,89,74.17,Theory,0,0,0,118,17,5,2,1,Morning,2026-05-02 09:00:00,57.5,68.05666666666667,77.38,77.40473429951692,1,18.0,WARNING,1
2026-05-02,Saturday,3,11:15 AM,HR Analytics,Ishwari Gaikwad,2,MBA,C,Lab 1,120,82,68.33,Practical,0,0,1,118,17,5,2,1,Morning,2026-05-02 11:15:00,74.17,66.39,74.28571428571429,77.3891826923077,2,2.25,WARNING,1
2026-05-02,Saturday,4,12:15 PM,HR Analytics,Prof. Kulkarni,4,MBA,C,Room 202,120,90,75.0,Theory,0,1,0,118,17,5,2,1,Afternoon,2026-05-02 12:15:00,68.33,66.66666666666667,72.14285714285714,77.34583732057416,3,1.0,WARNING,1
2026-05-02,Saturday,4,12:15 PM,Advanced DBMS,Prof. Patil,2,MBA,C,Auditorium,120,106,88.33,Theory,0,1,0,118,17,5,2,1,Afternoon,2026-05-02 12:15:00,75.0,72.5,69.28571428571429,77.33466666666666,4,24.0,SAFE,2
2026-05-02,Saturday,6,03:00 PM,Financial Management,Prof. Sharma,4,MBA,C,Room 202,120,76,63.33,Theory,0,0,0,118,17,5,2,1,Afternoon,2026-05-02 15:00:00,88.33,77.21999999999998,72.85714285714286,77.38677725118484,5,2.75,WARNING,1
2026-05-03,Monday,1,09:00 AM,Python Programming,Ishwari Gaikwad,2,MBA,C,Room 202,120,89,74.17,Theory,0,0,0,119,17,5,3,0,Morning,2026-05-03 09:00:00,63.33,75.55333333333333,70.59428571428572,77.3204716981132,1,18.0,WARNING,1
2026-05-03,Monday,6,03:00 PM,Cloud Computing,Prof. Patil,4,MBA,C,Room 201,120,98,81.67,Theory,0,1,0,119,17,5,3,0,Afternoon,2026-05-03 15:00:00,74.17,75.27666666666666,71.54714285714286,77.30568075117371,2,6.0,SAFE,2
2026-05-04,Monday,1,09:00 AM,Machine Learning,Prof. Kulkarni,2,MBA,C,Lab 2,120,68,56.67,Practical,0,0,1,120,18,5,4,0,Morning,2026-05-04 09:00:00,81.67,73.05666666666667,75.0,77.32607476635513,1,18.0,WARNING,1
2026-05-04,Monday,4,12:15 PM,Financial Management,Prof. Sharma,2,MBA,C,Room 202,120,83,69.17,Theory,0,0,0,120,18,5,4,0,Afternoon,2026-05-04 12:15:00,56.67,70.83666666666666,72.5,77.23,2,3.25,WARNING,1
2026-05-04,Monday,6,03:00 PM,HR Analytics,Ishwari Gaikwad,2,MBA,C,Lab 1,120,94,78.33,Practical,0,1,0,120,18,5,4,0,Afternoon,2026-05-04 15:00:00,69.17,69.17,72.61999999999999,77.19268518518518,3,2.75,SAFE,2
2026-05-05,Tuesday,5,02:00 PM,Web Development,Prof. Kulkarni,4,MBA,C,Auditorium,120,100,83.33,Theory,0,0,0,121,18,5,5,0,Afternoon,2026-05-05 14:00:00,78.33,68.05666666666667,73.0957142857143,77.1979262672811,1,23.0,SAFE,2
2026-05-05,Tuesday,6,03:00 PM,Python Programming,Prof. Sharma,2,MBA,C,Lab 1,120,90,75.0,Practical,0,0,0,121,18,5,5,0,Afternoon,2026-05-05 15:00:00,83.33,76.94333333333333,72.38142857142857,77.22605504587156,2,1.0,WARNING,1
2026-05-06,Wednesday,1,09:00 AM,Cloud Computing,Ishwari Gaikwad,4,MBA,C,Room 201,120,107,89.17,Theory,0,0,0,122,18,5,6,0,Morning,2026-05-06 09:00:00,75.0,78.88666666666667,74.04857142857144,77.21589041095889,1,18.0,SAFE,2
2026-05-06,Wednesday,5,02:00 PM,Advanced DBMS,Prof. Patil,4,MBA,C,Room 202,120,101,84.17,Theory,0,0,0,122,18,5,6,0,Afternoon,2026-05-06 14:00:00,89.17,82.5,76.19142857142857,77.27022727272728,2,5.0,SAFE,2
2026-05-07,Thursday,4,12:15 PM,Web Development,Prof. Patil,2,MBA,C,Auditorium,120,108,90.0,Theory,0,0,0,123,18,5,7,0,Afternoon,2026-05-07 12:15:00,84.17,82.78,76.54857142857144,77.3014479638009,1,22.25,SAFE,2
2026-05-07,Thursday,6,03:00 PM,Financial Management,Akash Upadhayay,2,MBA,C,Lab 1,120,84,70.0,Practical,0,0,1,123,18,5,7,0,Afternoon,2026-05-07 15:00:00,90.0,87.78000000000002,81.31000000000002,77.35864864864864,2,2.75,WARNING,1
2026-05-08,Friday,1,09:00 AM,Python Programming,Ishwari Gaikwad,4,MBA,C,Lab 2,120,80,66.67,Practical,0,0,1,124,18,5,8,0,Morning,2026-05-08 09:00:00,70.0,81.39,81.42857142857143,77.32565022421524,1,18.0,WARNING,1
2026-05-08,Friday,2,10:00 AM,Web Development,Ishwari Gaikwad,4,MBA,C,Room 201,120,102,85.0,Theory,1,0,0,124,18,5,8,0,Morning,2026-05-08 10:00:00,66.67,75.55666666666667,79.76285714285714,77.27808035714285,2,1.0,SAFE,2
2026-05-08,Friday,3,11:15 AM,Advanced DBMS,Prof. Patil,4,MBA,C,Room 201,120,101,84.17,Theory,0,0,0,124,18,5,8,0,Morning,2026-05-08 11:15:00,85.0,73.89,80.00142857142858,77.31240000000001,3,1.25,SAFE,2
2026-05-08,Friday,4,12:15 PM,Python Programming,Ishwari Gaikwad,2,MBA,C,Auditorium,120,111,92.5,Theory,0,1,0,124,18,5,8,0,Afternoon,2026-05-08 12:15:00,84.17,78.61333333333333,81.31142857142856,77.34274336283185,4,1.0,SAFE,2
2026-05-08,Friday,5,02:00 PM,Financial Management,Prof. Kulkarni,4,MBA,C,Lab 2,120,94,78.33,Practical,0,1,0,124,18,5,8,0,Afternoon,2026-05-08 14:00:00,92.5,87.22333333333334,81.78714285714285,77.4095154185022,5,1.75,SAFE,2
2026-05-08,Friday,6,03:00 PM,Web Development,Prof. Sharma,4,MBA,C,Lab 1,120,87,72.5,Practical,0,1,0,124,18,5,8,0,Afternoon,2026-05-08 15:00:00,78.33,85.0,80.95285714285714,77.41355263157895,6,1.0,WARNING,1
2026-05-09,Saturday,1,09:00 AM,Cloud Computing,Akash Upadhayay,4,MBA,C,Lab 1,120,69,57.5,Practical,0,0,0,125,18,5,9,1,Morning,2026-05-09 09:00:00,72.5,81.11,78.45285714285714,77.392096069869,1,18.0,WARNING,1
2026-05-09,Saturday,1,09:00 AM,Cloud Computing,Ishwari Gaikwad,2,MBA,C,Auditorium,120,79,65.83,Theory,0,0,0,125,18,5,9,1,Morning,2026-05-09 09:00:00,57.5,69.44333333333333,76.66714285714285,77.30560869565218,2,24.0,WARNING,1
2026-05-09,Saturday,2,10:00 AM,Financial Management,Prof. Patil,4,MBA,C,Room 202,120,103,85.83,Theory,0,1,0,125,18,5,9,1,Morning,2026-05-09 10:00:00,65.83,65.27666666666667,76.54714285714284,77.25593073593073,3,1.0,SAFE,2
2026-05-09,Saturday,3,11:15 AM,Advanced DBMS,Akash Upadhayay,4,MBA,C,Auditorium,120,93,77.5,Theory,0,0,0,125,18,5,9,1,Morning,2026-05-09 11:15:00,85.83,69.72,76.66571428571429,77.29288793103449,4,1.25,SAFE,2
2026-05-10,Monday,2,10:00 AM,Python Programming,Prof. Deshmukh,4,MBA,C,Room 202,120,80,66.67,Theory,1,0,0,126,18,5,10,0,Morning,2026-05-10 10:00:00,77.5,76.38666666666667,75.71285714285715,77.29377682403434,1,22.75,WARNING,1
2026-05-10,Monday,5,02:00 PM,HR Analytics,Prof. Patil,4,MBA,C,Auditorium,120,87,72.5,Theory,0,0,0,126,18,5,10,0,Afternoon,2026-05-10 14:00:00,66.67,76.66666666666667,72.02285714285715,77.24837606837606,2,4.0,WARNING,1
2026-05-10,Monday,6,03:00 PM,Financial Management,Ishwari Gaikwad,4,MBA,C,Room 202,120,96,80.0,Theory,0,0,0,126,18,5,10,0,Afternoon,2026-05-10 15:00:00,72.5,72.22333333333334,71.19,77.22817021276596,3,1.0,SAFE,2
2026-05-12,Tuesday,1,09:00 AM,Advanced DBMS,Prof. Kulkarni,4,MBA,C,Room 201,120,87,72.5,Theory,0,0,0,128,19,5,12,0,Morning,2026-05-12 09:00:00,80.0,73.05666666666667,72.26142857142857,77.23991525423729,1,42.0,WARNING,1
2026-05-12,Tuesday,3,11:15 AM,Machine Learning,Prof. Kulkarni,4,MBA,C,Lab 2,120,107,89.17,Practical,0,1,0,128,19,5,12,0,Morning,2026-05-12 11:15:00,72.5,75.0,74.4042857142857,77.21991561181434,2,2.25,SAFE,2
2026-05-12,Tuesday,4,12:15 PM,HR Analytics,Prof. Kulkarni,2,MBA,C,Lab 1,120,110,91.67,Practical,0,0,0,128,19,5,12,0,Afternoon,2026-05-12 12:15:00,89.17,80.55666666666666,77.73857142857142,77.27012605042017,3,1.0,SAFE,2
2026-05-12,Tuesday,6,03:00 PM,Machine Learning,Prof. Patil,2,MBA,C,Lab 1,120,95,79.17,Practical,0,0,0,128,19,5,12,0,Afternoon,2026-05-12 15:00:00,91.67,84.44666666666667,78.57285714285715,77.33037656903765,4,2.75,SAFE,2
2026-05-13,Wednesday,1,09:00 AM,Web Development,Prof. Kulkarni,4,MBA,C,Room 202,120,76,63.33,Theory,0,1,0,129,19,5,13,0,Morning,2026-05-13 09:00:00,79.17,86.67,78.81142857142858,77.33804166666667,1,18.0,WARNING,1
2026-05-13,Wednesday,3,11:15 AM,Machine Learning,Prof. Deshmukh,2,MBA,C,Lab 2,120,106,88.33,Practical,0,1,0,129,19,5,13,0,Morning,2026-05-13 11:15:00,63.33,78.05666666666667,78.33428571428571,77.27991701244812,2,2.25,SAFE,2
2026-05-13,Wednesday,5,02:00 PM,Web Development,Prof. Sharma,2,MBA,C,Lab 1,120,117,97.5,Practical,0,0,0,129,19,5,13,0,Afternoon,2026-05-13 14:00:00,88.33,76.94333333333333,80.59571428571428,77.3255785123967,3,2.75,SAFE,2
2026-05-13,Wednesday,6,03:00 PM,Python Programming,Prof. Deshmukh,4,MBA,C,Room 202,120,87,72.5,Theory,0,0,0,129,19,5,13,0,Afternoon,2026-05-13 15:00:00,97.5,83.05333333333333,83.09571428571428,77.40860082304528,4,1.0,WARNING,1
2026-05-13,Wednesday,6,03:00 PM,HR Analytics,Prof. Deshmukh,4,MBA,C,Auditorium,120,92,76.67,Theory,0,0,0,129,19,5,13,0,Afternoon,2026-05-13 15:00:00,72.5,86.11,83.09571428571428,77.38848360655739,5,24.0,SAFE,2
2026-05-13,Wednesday,6,03:00 PM,Machine Learning,Prof. Sharma,4,MBA,C,Auditorium,120,120,100.0,Theory,1,1,0,129,19,5,13,0,Afternoon,2026-05-13 15:00:00,76.67,82.22333333333334,81.30999999999999,77.38555102040816,6,24.0,SAFE,2
2026-05-15,Friday,1,09:00 AM,Machine Learning,Prof. Patil,4,MBA,C,Auditorium,120,93,77.5,Theory,0,0,0,131,19,5,15,0,Morning,2026-05-15 09:00:00,100.0,83.05666666666667,82.5,77.47747967479674,1,42.0,SAFE,2
2026-05-15,Friday,3,11:15 AM,Advanced DBMS,Ishwari Gaikwad,4,MBA,C,Lab 2,120,114,95.0,Practical,0,1,0,131,19,5,15,0,Morning,2026-05-15 11:15:00,77.5,84.72333333333334,82.26142857142858,77.47757085020243,2,2.25,SAFE,2
2026-05-15,Friday,6,03:00 PM,Machine Learning,Prof. Patil,4,MBA,C,Lab 1,120,107,89.17,Practical,0,0,0,131,19,5,15,0,Afternoon,2026-05-15 15:00:00,95.0,90.83333333333333,86.78571428571429,77.54822580645161,3,3.75,SAFE,2
2026-05-16,Saturday,3,11:15 AM,Advanced DBMS,Prof. Sharma,4,MBA,C,Auditorium,120,91,75.83,Theory,0,0,0,132,19,5,16,1,Morning,2026-05-16 11:15:00,89.17,87.22333333333331,86.9057142857143,77.59489959839358,1,20.25,SAFE,2
2026-05-16,Saturday,6,03:00 PM,HR Analytics,Akash Upadhayay,2,MBA,C,Auditorium,120,74,61.67,Theory,0,1,0,132,19,5,16,1,Afternoon,2026-05-16 15:00:00,75.83,86.66666666666667,83.80999999999999,77.58784,2,3.75,WARNING,1
2026-05-17,Monday,3,11:15 AM,Financial Management,Ishwari Gaikwad,2,MBA,C,Room 201,120,80,66.67,Theory,1,1,0,133,19,5,17,0,Morning,2026-05-17 11:15:00,61.67,75.55666666666666,82.26285714285714,77.52442231075698,1,20.25,WARNING,1
2026-05-17,Monday,5,02:00 PM,Advanced DBMS,Prof. Deshmukh,2,MBA,C,Lab 1,120,100,83.33,Practical,0,0,1,133,19,5,17,0,Afternoon,2026-05-17 14:00:00,66.67,68.05666666666667,80.83428571428571,77.48134920634921,2,2.75,SAFE,2
2026-05-17,Monday,6,03:00 PM,Advanced DBMS,Prof. Kulkarni,2,MBA,C,Room 202,120,95,79.17,Theory,0,0,0,133,19,5,17,0,Afternoon,2026-05-17 15:00:00,83.33,70.55666666666667,78.45285714285716,77.50446640316206,3,1.0,SAFE,2
2026-05-18,Monday,1,09:00 AM,Web Development,Prof. Sharma,2,MBA,C,Room 201,120,62,51.67,Theory,0,0,1,134,20,5,18,0,Morning,2026-05-18 09:00:00,79.17,76.39,78.69142857142857,77.51102362204725,1,18.0,WARNING,1
2026-05-19,Tuesday,1,09:00 AM,HR Analytics,Akash Upadhayay,2,MBA,C,Room 201,120,94,78.33,Theory,0,0,0,135,20,5,19,0,Morning,2026-05-19 09:00:00,51.67,71.39,72.50142857142858,77.40968627450981,1,24.0,SAFE,2
2026-05-19,Tuesday,4,12:15 PM,Python Programming,Prof. Kulkarni,4,MBA,C,Auditorium,120,75,62.5,Theory,0,0,1,135,20,5,19,0,Afternoon,2026-05-19 12:15:00,78.33,69.72333333333334,70.95285714285714,77.41328125,2,3.25,WARNING,1
2026-05-19,Tuesday,4,12:15 PM,Financial Management,Prof. Kulkarni,4,MBA,C,Auditorium,120,105,87.5,Theory,0,1,0,135,20,5,19,0,Afternoon,2026-05-19 12:15:00,62.5,64.16666666666667,69.04857142857144,77.35525291828793,3,24.0,SAFE,2
2026-05-20,Wednesday,1,09:00 AM,Machine Learning,Akash Upadhayay,2,MBA,C,Lab 1,120,97,80.83,Practical,1,0,0,136,20,5,20,0,Morning,2026-05-20 09:00:00,87.5,76.11,72.73857142857143,77.39457364341085,1,20.75,SAFE,2
2026-05-20,Wednesday,2,10:00 AM,Python Programming,Ishwari Gaikwad,4,MBA,C,Auditorium,120,107,89.17,Theory,0,0,0,136,20,5,20,0,Morning,2026-05-20 10:00:00,80.83,76.94333333333334,74.76142857142858,77.40783783783785,2,1.0,SAFE,2
2026-05-20,Wednesday,2,10:00 AM,Web Development,Prof. Patil,4,MBA,C,Auditorium,120,101,84.17,Theory,0,1,0,136,20,5,20,0,Morning,2026-05-20 10:00:00,89.17,85.83333333333333,75.5957142857143,77.45307692307692,3,24.0,SAFE,2
2026-05-20,Wednesday,4,12:15 PM,HR Analytics,Prof. Deshmukh,2,MBA,C,Room 202,120,101,84.17,Theory,0,1,0,136,20,5,20,0,Afternoon,2026-05-20 12:15:00,84.17,84.72333333333333,76.30999999999999,77.4788122605364,4,2.25,SAFE,2
2026-05-20,Wednesday,6,03:00 PM,HR Analytics,Akash Upadhayay,2,MBA,C,Auditorium,120,95,79.17,Theory,0,0,0,136,20,5,20,0,Afternoon,2026-05-20 15:00:00,84.17,85.83666666666666,80.95285714285714,77.50435114503817,5,2.75,SAFE,2
2026-05-21,Thursday,3,11:15 AM,Advanced DBMS,Prof. Patil,4,MBA,C,Lab 2,120,117,97.5,Practical,0,0,0,137,20,5,21,0,Morning,2026-05-21 11:15:00,79.17,82.50333333333333,81.07285714285715,77.51068441064639,1,20.25,SAFE,2
2026-05-21,Thursday,4,12:15 PM,Web Development,Prof. Patil,4,MBA,C,Room 202,120,110,91.67,Theory,0,1,0,137,20,5,21,0,Afternoon,2026-05-21 12:15:00,97.5,86.94666666666667,86.07285714285715,77.58640151515152,2,1.0,SAFE,2
2026-05-21,Thursday,6,03:00 PM,Cloud Computing,Prof. Deshmukh,4,MBA,C,Room 202,120,85,70.83,Theory,0,0,0,137,20,5,21,0,Afternoon,2026-05-21 15:00:00,91.67,89.44666666666666,86.66857142857144,77.63954716981132,3,2.75,WARNING,1
2026-05-22,Friday,6,03:00 PM,Web Development,Prof. Deshmukh,2,MBA,C,Room 201,120,59,49.17,Theory,1,0,1,138,20,5,22,0,Afternoon,2026-05-22 15:00:00,70.83,86.66666666666667,85.24,77.61394736842105,1,24.0,CRITICAL,0
2026-05-23,Saturday,3,11:15 AM,Advanced DBMS,Ishwari Gaikwad,2,MBA,C,Room 202,120,93,77.5,Theory,0,1,0,139,20,5,23,1,Morning,2026-05-23 11:15:00,49.17,70.55666666666667,79.5257142857143,77.50741573033707,1,20.25,SAFE,2
2026-05-23,Saturday,5,02:00 PM,Advanced DBMS,Prof. Deshmukh,2,MBA,C,Lab 2,120,108,90.0,Practical,0,0,0,139,20,5,23,1,Afternoon,2026-05-23 14:00:00,77.5,65.83333333333333,78.57285714285715,77.5073880597015,2,2.75,SAFE,2
2026-05-24,Monday,1,09:00 AM,Cloud Computing,Akash Upadhayay,4,MBA,C,Lab 2,120,100,83.33,Practical,0,0,0,140,20,5,24,0,Morning,2026-05-24 09:00:00,90.0,72.22333333333334,79.4057142857143,77.55382899628253,1,19.0,SAFE,2
2026-05-24,Monday,5,02:00 PM,Cloud Computing,Akash Upadhayay,4,MBA,C,Lab 1,120,79,65.83,Practical,0,0,1,140,20,5,24,0,Afternoon,2026-05-24 14:00:00,83.33,83.61,80.0,77.57522222222222,2,5.0,WARNING,1
2026-05-25,Monday,1,09:00 AM,Web Development,Ishwari Gaikwad,4,MBA,C,Lab 1,120,64,53.33,Practical,1,0,0,141,21,5,25,0,Morning,2026-05-25 09:00:00,65.83,79.71999999999998,75.47571428571429,77.53188191881918,1,19.0,WARNING,1
2026-05-25,Monday,1,09:00 AM,Cloud Computing,Prof. Sharma,4,MBA,C,Auditorium,120,95,79.17,Theory,0,0,0,141,21,5,25,0,Morning,2026-05-25 09:00:00,53.33,67.49666666666666,69.99857142857142,77.44290441176472,2,24.0,SAFE,2
2026-05-25,Monday,3,11:15 AM,HR Analytics,Akash Upadhayay,4,MBA,C,Room 201,120,93,77.78,Theory,0,1,0,141,21,5,25,0,Morning,2026-05-25 11:15:00,79.17,66.11,71.19000000000001,77.44923076923077,3,2.25,SAFE,2
2026-05-25,Monday,4,12:15 PM,HR Analytics,Prof. Kulkarni,4,MBA,C,Lab 2,120,117,97.5,Practical,0,0,0,141,21,5,25,0,Afternoon,2026-05-25 12:15:00,77.78,70.09333333333335,75.27714285714286,77.45043795620437,4,1.0,SAFE,2
2026-05-25,Monday,6,03:00 PM,HR Analytics,Ishwari Gaikwad,2,MBA,C,Auditorium,120,88,73.33,Theory,0,1,0,141,21,5,25,0,Afternoon,2026-05-25 15:00:00,97.5,84.81666666666666,78.13428571428572,77.52334545454545,5,2.75,WARNING,1
2026-05-26,Tuesday,1,09:00 AM,Advanced DBMS,Akash Upadhayay,4,MBA,C,Auditorium,120,94,78.33,Theory,0,0,0,142,21,5,26,0,Morning,2026-05-26 09:00:00,73.33,82.86999999999999,75.75285714285714,77.50815217391305,1,18.0,SAFE,2
2026-05-27,Wednesday,2,10:00 AM,Financial Management,Akash Upadhayay,2,MBA,C,Auditorium,120,106,88.33,Theory,0,0,0,143,21,5,27,0,Morning,2026-05-27 10:00:00,78.33,83.05333333333333,75.03857142857143,77.51111913357401,1,25.0,SAFE,2
2026-05-27,Wednesday,5,02:00 PM,Web Development,Prof. Patil,2,MBA,C,Auditorium,120,95,79.17,Theory,1,1,0,143,21,5,27,0,Afternoon,2026-05-27 14:00:00,88.33,79.99666666666666,78.25285714285714,77.55003597122302,2,4.0,SAFE,2
2026-05-27,Wednesday,6,03:00 PM,Advanced DBMS,Prof. Sharma,2,MBA,C,Room 201,120,77,64.17,Theory,1,1,0,143,21,5,27,0,Afternoon,2026-05-27 15:00:00,79.17,81.94333333333333,81.94428571428571,77.55584229390682,3,1.0,WARNING,1
2026-05-28,Thursday,2,10:00 AM,Machine Learning,Prof. Patil,4,MBA,C,Lab 2,120,100,83.33,Practical,0,1,0,144,21,5,28,0,Morning,2026-05-28 10:00:00,64.17,77.22333333333334,79.80142857142857,77.50803571428571,1,19.0,SAFE,2
2026-05-28,Thursday,3,11:15 AM,Cloud Computing,Prof. Deshmukh,4,MBA,C,Lab 2,120,100,83.33,Practical,0,0,0,144,21,5,28,0,Morning,2026-05-28 11:15:00,83.33,75.55666666666667,80.5942857142857,77.52875444839859,2,1.25,SAFE,2
2026-05-28,Thursday,4,12:15 PM,Machine Learning,Prof. Deshmukh,2,MBA,C,Room 201,120,98,81.67,Theory,1,0,0,144,21,5,28,0,Afternoon,2026-05-28 12:15:00,83.33,76.94333333333333,78.57000000000001,77.54932624113475,3,1.0,SAFE,2
2026-05-28,Thursday,5,02:00 PM,Python Programming,Akash Upadhayay,4,MBA,C,Lab 2,120,103,85.83,Practical,0,0,0,144,21,5,28,0,Afternoon,2026-05-28 14:00:00,81.67,82.77666666666666,79.76142857142858,77.56388692579506,4,1.75,SAFE,2
2026-05-28,Thursday,5,02:00 PM,HR Analytics,Ishwari Gaikwad,2,MBA,C,Lab 2,120,117,97.5,Practical,0,0,0,144,21,5,28,0,Afternoon,2026-05-28 14:00:00,85.83,83.61,80.83285714285714,77.59299295774647,5,24.0,SAFE,2
2026-05-29,Friday,1,09:00 AM,Advanced DBMS,Prof. Sharma,4,MBA,C,Lab 1,120,95,79.17,Practical,0,1,0,145,21,5,29,0,Morning,2026-05-29 09:00:00,97.5,88.33333333333333,82.14285714285714,77.66284210526315,1,19.0,SAFE,2
2026-05-29,Friday,1,09:00 AM,Web Development,Prof. Patil,4,MBA,C,Auditorium,120,84,70.0,Theory,1,0,0,145,21,5,29,0,Morning,2026-05-29 09:00:00,79.17,87.5,82.14285714285714,77.6681118881119,2,24.0,WARNING,1
2026-05-29,Friday,4,12:15 PM,Financial Management,Prof. Patil,4,MBA,C,Lab 2,120,111,92.5,Practical,0,0,0,145,21,5,29,0,Afternoon,2026-05-29 12:15:00,70.0,82.22333333333334,82.97571428571429,77.64139372822301,3,3.25,SAFE,2
2026-05-29,Friday,5,02:00 PM,Financial Management,Prof. Deshmukh,4,MBA,C,Lab 2,120,113,94.17,Practical,0,0,0,145,21,5,29,0,Afternoon,2026-05-29 14:00:00,92.5,80.55666666666667,84.28571428571429,77.69298611111111,4,1.75,SAFE,2
2026-05-29,Friday,6,03:00 PM,Advanced DBMS,Prof. Patil,2,MBA,C,Lab 1,120,85,70.83,Practical,0,1,0,145,21,5,29,0,Afternoon,2026-05-29 15:00:00,94.17,85.55666666666666,85.83428571428571,77.75,5,1.0,WARNING,1
2026-05-29,Friday,6,03:00 PM,HR Analytics,Akash Upadhayay,4,MBA,C,Lab 2,120,93,77.5,Practical,0,0,0,145,21,5,29,0,Afternoon,2026-05-29 15:00:00,70.83,85.83333333333333,84.28571428571429,77.72613793103449,6,24.0,SAFE,2
2026-05-30,Saturday,2,10:00 AM,Advanced DBMS,Prof. Deshmukh,4,MBA,C,Auditorium,120,86,71.67,Theory,0,0,0,146,21,5,30,1,Morning,2026-05-30 10:00:00,77.5,80.83333333333333,83.09571428571428,77.72536082474227,1,19.0,WARNING,1
2026-05-30,Saturday,5,02:00 PM,Web Development,Prof. Sharma,2,MBA,C,Lab 1,120,97,80.83,Practical,0,0,0,146,21,5,30,1,Afternoon,2026-05-30 14:00:00,71.67,73.33333333333333,79.4057142857143,77.70462328767124,2,4.0,SAFE,2
2026-05-30,Saturday,5,02:00 PM,Python Programming,Akash Upadhayay,4,MBA,C,Lab 1,120,117,97.5,Practical,0,0,0,146,21,5,30,1,Afternoon,2026-05-30 14:00:00,80.83,76.66666666666667,79.64285714285714,77.71529010238909,3,24.0,SAFE,2
2026-05-30,Saturday,5,02:00 PM,Cloud Computing,Prof. Sharma,4,MBA,C,Room 201,120,117,97.5,Theory,0,0,0,146,21,5,30,1,Afternoon,2026-05-30 14:00:00,97.5,83.33333333333333,83.57142857142857,77.78258503401361,4,24.0,SAFE,2
2026-05-30,Saturday,6,03:00 PM,Web Development,Akash Upadhayay,4,MBA,C,Room 201,120,76,63.33,Theory,1,0,0,146,21,5,30,1,Afternoon,2026-05-30 15:00:00,97.5,91.94333333333333,84.28571428571429,77.84942372881356,5,1.0,WARNING,1
2026-06-01,Monday,1,09:00 AM,HR Analytics,Prof. Deshmukh,4,MBA,C,Room 201,120,84,70.0,Theory,0,0,0,148,22,6,1,0,Morning,2026-06-01 09:00:00,63.33,86.11000000000001,79.88,74.5275,1,42.0,WARNING,1
2026-06-01,Monday,2,10:00 AM,Advanced DBMS,Prof. Deshmukh,4,MBA,C,Room 202,120,103,85.83,Theory,0,0,0,148,22,6,1,0,Morning,2026-06-01 10:00:00,70.0,76.94333333333334,79.76142857142857,74.31190476190476,2,1.0,SAFE,2
2026-06-01,Monday,3,11:15 AM,Advanced DBMS,Prof. Kulkarni,2,MBA,C,Lab 1,120,99,82.5,Practical,0,0,0,148,22,6,1,0,Morning,2026-06-01 11:15:00,85.83,73.05333333333333,80.95142857142856,74.83545454545455,3,1.25,SAFE,2
2026-06-01,Monday,3,11:15 AM,Python Programming,Prof. Sharma,4,MBA,C,Auditorium,120,103,85.83,Theory,0,0,0,148,22,6,1,0,Morning,2026-06-01 11:15:00,82.5,79.44333333333333,82.49857142857142,75.16869565217392,4,24.0,SAFE,2
2026-06-01,Monday,4,12:15 PM,Machine Learning,Prof. Sharma,4,MBA,C,Lab 2,120,93,77.5,Practical,0,0,0,148,22,6,1,0,Afternoon,2026-06-01 12:15:00,85.83,84.72,83.21285714285715,75.61291666666666,5,1.0,SAFE,2
2026-06-02,Tuesday,4,12:15 PM,HR Analytics,Prof. Sharma,4,MBA,C,Auditorium,120,113,94.17,Theory,0,0,0,149,22,6,2,0,Afternoon,2026-06-02 12:15:00,77.5,81.94333333333333,80.35571428571428,75.6884,1,24.0,SAFE,2
2026-06-02,Tuesday,5,02:00 PM,Advanced DBMS,Prof. Sharma,4,MBA,C,Lab 2,120,95,79.17,Practical,0,0,0,149,22,6,2,0,Afternoon,2026-06-02 14:00:00,94.17,85.83333333333333,79.88,76.39923076923077,2,1.75,SAFE,2
2026-06-03,Wednesday,2,10:00 AM,HR Analytics,Akash Upadhayay,2,MBA,C,Lab 1,120,111,92.5,Practical,0,0,0,150,22,6,3,0,Morning,2026-06-03 10:00:00,79.17,83.61333333333333,82.14285714285714,76.50185185185185,1,20.0,SAFE,2
2026-06-03,Wednesday,5,02:00 PM,Advanced DBMS,Ishwari Gaikwad,2,MBA,C,Lab 1,120,96,80.0,Practical,1,0,0,150,22,6,3,0,Afternoon,2026-06-03 14:00:00,92.5,88.61333333333334,85.35714285714286,77.07321428571429,2,4.0,SAFE,2
2026-06-03,Wednesday,5,02:00 PM,Python Programming,Prof. Sharma,4,MBA,C,Lab 1,120,88,73.33,Practical,1,0,1,150,22,6,3,0,Afternoon,2026-06-03 14:00:00,80.0,83.89,84.52428571428571,77.1741379310345,3,24.0,WARNING,1
2026-01-05,Monday,3,11:15 AM,Cloud Computing,Akash Upadhayay,4,MCA,A,Auditorium,180,89,49.17,Theory,0,0,0,1,1,1,5,0,Morning,2026-01-05 11:15:00,78.9210138888889,78.9210138888889,78.9210138888889,80.11414682539683,1,24.0,CRITICAL,0
2026-01-05,Monday,5,02:00 PM,HR Analytics,Prof. Deshmukh,4,MCA,A,Auditorium,180,162,90.0,Theory,0,0,0,1,1,1,5,0,Afternoon,2026-01-05 14:00:00,49.17,49.17,49.17,79.99183794466404,2,2.75,SAFE,2
2026-01-06,Tuesday,1,09:00 AM,Advanced DBMS,Ishwari Gaikwad,4,MCA,A,Room 202,180,146,81.11,Theory,0,0,0,2,1,1,6,0,Morning,2026-01-06 09:00:00,90.0,69.58500000000001,69.58500000000001,80.03124015748033,1,19.0,SAFE,2
2026-01-06,Tuesday,1,09:00 AM,Machine Learning,Prof. Deshmukh,4,MCA,A,Room 201,180,140,77.78,Theory,1,0,0,2,1,1,6,0,Morning,2026-01-06 09:00:00,81.11,73.42666666666666,73.42666666666666,80.03547058823528,2,24.0,SAFE,2
2026-01-06,Tuesday,2,10:00 AM,Advanced DBMS,Prof. Deshmukh,2,MCA,A,Lab 1,180,151,83.89,Practical,1,1,0,2,1,1,6,0,Morning,2026-01-06 10:00:00,77.78,82.96333333333334,74.515,80.02666015625,3,1.0,SAFE,2
2026-01-06,Tuesday,3,11:15 AM,Machine Learning,Ishwari Gaikwad,2,MCA,A,Lab 1,180,131,72.78,Practical,0,0,1,2,1,1,6,0,Morning,2026-01-06 11:15:00,83.89,80.92666666666666,76.39,80.0416926070039,4,1.25,WARNING,1
2026-01-06,Tuesday,3,11:15 AM,Machine Learning,Prof. Sharma,4,MCA,A,Lab 2,180,164,91.11,Practical,0,1,0,2,1,1,6,0,Morning,2026-01-06 11:15:00,72.78,78.14999999999999,75.78833333333334,80.01354651162791,5,24.0,SAFE,2
2026-01-06,Tuesday,4,12:15 PM,Financial Management,Prof. Patil,4,MCA,A,Auditorium,180,154,85.56,Theory,1,1,0,2,1,1,6,0,Afternoon,2026-01-06 12:15:00,91.11,82.59333333333333,77.97714285714287,80.05638996138995,6,1.0,SAFE,2
2026-01-07,Wednesday,1,09:00 AM,Advanced DBMS,Akash Upadhayay,2,MCA,A,Room 202,180,94,52.22,Theory,0,0,1,3,1,1,7,0,Morning,2026-01-07 09:00:00,85.56,83.14999999999999,83.17571428571429,80.07755769230769,1,20.75,WARNING,1
2026-01-07,Wednesday,1,09:00 AM,Python Programming,Prof. Patil,4,MCA,A,Auditorium,180,150,83.33,Theory,0,0,0,3,1,1,7,0,Morning,2026-01-07 09:00:00,52.22,76.29666666666667,77.77857142857144,79.97082375478927,2,24.0,SAFE,2
2026-01-07,Wednesday,1,09:00 AM,HR Analytics,Ishwari Gaikwad,4,MCA,A,Room 201,180,128,71.11,Theory,0,0,0,3,1,1,7,0,Morning,2026-01-07 09:00:00,83.33,73.70333333333333,78.09571428571428,79.98364503816794,3,24.0,WARNING,1
2026-01-08,Thursday,1,09:00 AM,Machine Learning,Prof. Sharma,4,MCA,A,Room 202,180,143,79.17,Theory,0,0,0,4,1,1,8,0,Morning,2026-01-08 09:00:00,71.11,68.88666666666667,77.14285714285714,79.94990494296579,1,24.0,SAFE,2
2026-01-08,Thursday,1,09:00 AM,HR Analytics,Prof. Sharma,4,MCA,A,Lab 1,180,143,79.44,Practical,0,0,0,4,1,1,8,0,Morning,2026-01-08 09:00:00,79.17,77.87,76.46857142857142,79.94695075757575,2,24.0,SAFE,2
2026-01-08,Thursday,2,10:00 AM,Financial Management,Akash Upadhayay,2,MCA,A,Auditorium,180,142,78.89,Theory,0,0,0,4,1,1,8,0,Morning,2026-01-08 10:00:00,79.44,76.57333333333334,77.41999999999999,79.94503773584906,3,1.0,SAFE,2
2026-01-08,Thursday,2,10:00 AM,Machine Learning,Prof. Deshmukh,2,MCA,A,Room 202,180,123,68.33,Theory,0,0,1,4,1,1,8,0,Morning,2026-01-08 10:00:00,78.89,79.16666666666667,75.67428571428572,79.94107142857143,4,24.0,WARNING,1
2026-01-08,Thursday,2,10:00 AM,Machine Learning,Ishwari Gaikwad,2,MCA,A,Auditorium,180,174,96.67,Theory,0,1,0,4,1,1,8,0,Morning,2026-01-08 10:00:00,68.33,75.55333333333333,73.21285714285715,79.89758426966291,5,24.0,SAFE,2
2026-01-08,Thursday,4,12:15 PM,Machine Learning,Prof. Kulkarni,2,MCA,A,Lab 1,180,176,97.78,Practical,0,0,0,4,1,1,8,0,Afternoon,2026-01-08 12:15:00,96.67,81.29666666666667,79.56285714285715,79.96016791044777,6,2.25,SAFE,2
2026-01-08,Thursday,4,12:15 PM,Advanced DBMS,Prof. Deshmukh,2,MCA,A,Lab 2,180,170,94.44,Practical,0,1,0,4,1,1,8,0,Afternoon,2026-01-08 12:15:00,97.78,87.59333333333332,81.62714285714286,80.02641263940521,7,24.0,SAFE,2
2026-01-08,Thursday,5,02:00 PM,Machine Learning,Prof. Kulkarni,4,MCA,A,Room 201,180,147,81.67,Theory,0,0,0,4,1,1,8,0,Afternoon,2026-01-08 14:00:00,94.44,96.29666666666667,84.96000000000001,80.0797962962963,8,1.75,SAFE,2
2026-01-08,Thursday,6,03:00 PM,Cloud Computing,Prof. Sharma,2,MCA,A,Room 201,180,135,75.0,Theory,0,0,0,4,1,1,8,0,Afternoon,2026-01-08 15:00:00,81.67,91.29666666666667,85.31714285714285,80.08566420664206,9,1.0,WARNING,1
2026-01-09,Friday,1,09:00 AM,Cloud Computing,Akash Upadhayay,2,MCA,A,Lab 1,180,130,72.22,Practical,1,0,0,5,1,1,9,0,Morning,2026-01-09 09:00:00,75.0,83.70333333333333,84.68285714285715,80.06696691176471,1,18.0,WARNING,1
2026-01-09,Friday,1,09:00 AM,Web Development,Prof. Deshmukh,2,MCA,A,Lab 2,180,148,82.22,Practical,0,0,0,5,1,1,9,0,Morning,2026-01-09 09:00:00,72.22,76.29666666666667,83.73,80.03822344322344,2,24.0,SAFE,2
2026-01-09,Friday,2,10:00 AM,Machine Learning,Prof. Deshmukh,2,MCA,A,Auditorium,180,146,81.11,Theory,0,0,0,5,1,1,9,0,Morning,2026-01-09 10:00:00,82.22,76.48,85.71428571428571,80.04618613138686,3,1.0,SAFE,2
2026-01-09,Friday,2,10:00 AM,Web Development,Akash Upadhayay,2,MCA,A,Room 202,180,176,97.78,Theory,0,0,0,5,1,1,9,0,Morning,2026-01-09 10:00:00,81.11,78.51666666666667,83.49142857142859,80.05005454545454,4,24.0,SAFE,2
2026-01-09,Friday,3,11:15 AM,Financial Management,Ishwari Gaikwad,2,MCA,A,Room 202,180,171,95.0,Theory,0,0,0,5,1,1,9,0,Morning,2026-01-09 11:15:00,97.78,87.03666666666668,83.49142857142859,80.11429347826086,5,1.25,SAFE,2
2026-01-09,Friday,4,12:15 PM,Financial Management,Ishwari Gaikwad,2,MCA,A,Room 201,180,171,95.0,Theory,0,0,0,5,1,1,9,0,Afternoon,2026-01-09 12:15:00,95.0,91.29666666666667,83.57142857142857,80.16803249097472,6,1.0,SAFE,2
2026-01-10,Saturday,1,09:00 AM,Python Programming,Prof. Kulkarni,4,MCA,A,Room 202,180,130,72.22,Theory,0,0,0,6,1,1,10,1,Morning,2026-01-10 09:00:00,95.0,95.92666666666666,85.47571428571429,80.22138489208632,1,20.75,WARNING,1
2026-01-10,Saturday,2,10:00 AM,Machine Learning,Prof. Patil,2,MCA,A,Room 201,180,158,87.78,Theory,0,0,0,6,1,1,10,1,Morning,2026-01-10 10:00:00,72.22,87.40666666666668,85.07857142857142,80.19270609318997,2,1.0,SAFE,2
2026-01-10,Saturday,4,12:15 PM,Machine Learning,Prof. Kulkarni,2,MCA,A,Lab 1,180,155,86.11,Practical,0,1,0,6,1,1,10,1,Afternoon,2026-01-10 12:15:00,87.78,85.0,87.30142857142857,80.21980357142857,3,2.25,SAFE,2
2026-01-11,Monday,2,10:00 AM,Machine Learning,Akash Upadhayay,2,MCA,A,Lab 2,180,131,72.78,Practical,1,1,0,7,1,1,11,0,Morning,2026-01-11 10:00:00,86.11,82.03666666666668,87.85714285714286,80.24076512455515,1,21.75,WARNING,1
2026-01-11,Monday,4,12:15 PM,HR Analytics,Prof. Kulkarni,2,MCA,A,Lab 2,180,144,80.0,Practical,1,0,0,7,1,1,11,0,Afternoon,2026-01-11 12:15:00,72.78,82.22333333333334,86.66714285714286,80.2143085106383,2,2.25,SAFE,2
2026-01-11,Monday,5,02:00 PM,Financial Management,Ishwari Gaikwad,4,MCA,A,Lab 2,180,146,81.11,Practical,0,0,0,7,1,1,11,0,Afternoon,2026-01-11 14:00:00,80.0,79.63,84.12714285714286,80.21355123674913,3,1.75,SAFE,2
2026-01-12,Monday,1,09:00 AM,Financial Management,Ishwari Gaikwad,2,MCA,A,Room 202,180,89,49.17,Theory,1,0,0,8,2,1,12,0,Morning,2026-01-12 09:00:00,81.11,77.96333333333332,82.14285714285714,80.21670774647886,1,19.0,CRITICAL,0
2026-01-12,Monday,3,11:15 AM,Financial Management,Ishwari Gaikwad,4,MCA,A,Room 201,180,136,75.56,Theory,0,0,0,8,2,1,12,0,Morning,2026-01-12 11:15:00,49.17,70.09333333333335,75.59571428571428,80.10777192982457,2,2.25,SAFE,2
2026-01-12,Monday,5,02:00 PM,Advanced DBMS,Prof. Kulkarni,2,MCA,A,Auditorium,180,138,76.67,Theory,0,0,0,8,2,1,12,0,Afternoon,2026-01-12 14:00:00,75.56,68.61333333333334,76.07285714285715,80.09187062937063,3,2.75,SAFE,2
2026-01-12,Monday,5,02:00 PM,Financial Management,Prof. Kulkarni,2,MCA,A,Lab 1,180,146,81.11,Practical,0,1,0,8,2,1,12,0,Afternoon,2026-01-12 14:00:00,76.67,67.13333333333334,74.4857142857143,80.07994773519164,4,24.0,SAFE,2
2026-01-13,Tuesday,2,10:00 AM,Python Programming,Prof. Deshmukh,2,MCA,A,Auditorium,180,150,83.33,Theory,0,0,0,9,2,1,13,0,Morning,2026-01-13 10:00:00,81.11,77.78000000000002,73.77142857142857,80.08352430555556,1,20.0,SAFE,2
2026-01-13,Tuesday,3,11:15 AM,Python Programming,Prof. Kulkarni,2,MCA,A,Room 201,180,142,78.89,Theory,0,0,0,9,2,1,13,0,Morning,2026-01-13 11:15:00,83.33,80.37,75.27857142857144,80.09475778546712,2,1.25,SAFE,2
2026-01-13,Tuesday,4,12:15 PM,HR Analytics,Prof. Sharma,4,MCA,A,Lab 2,180,149,82.78,Practical,0,0,0,9,2,1,13,0,Afternoon,2026-01-13 12:15:00,78.89,81.11,75.12,80.09060344827587,3,1.0,SAFE,2
2026-01-13,Tuesday,4,12:15 PM,HR Analytics,Prof. Deshmukh,2,MCA,A,Auditorium,180,163,90.56,Theory,0,0,0,9,2,1,13,0,Afternoon,2026-01-13 12:15:00,82.78,81.66666666666667,75.35857142857142,80.09984536082474,4,24.0,SAFE,2
2026-01-13,Tuesday,4,12:15 PM,Machine Learning,Prof. Kulkarni,4,MCA,A,Room 201,180,174,96.67,Theory,0,0,0,9,2,1,13,0,Afternoon,2026-01-13 12:15:00,90.56,84.07666666666667,81.27142857142857,80.13566780821918,5,24.0,SAFE,2
2026-01-13,Tuesday,5,02:00 PM,Advanced DBMS,Akash Upadhayay,4,MCA,A,Room 201,180,131,72.78,Theory,1,0,0,9,2,1,13,0,Afternoon,2026-01-13 14:00:00,96.67,90.00333333333333,84.28714285714285,80.19209897610922,6,1.75,WARNING,1
2026-01-13,Tuesday,6,03:00 PM,HR Analytics,Prof. Sharma,2,MCA,A,Lab 2,180,147,81.67,Practical,0,0,0,9,2,1,13,0,Afternoon,2026-01-13 15:00:00,72.78,86.67,83.73142857142855,80.16688775510204,7,1.0,SAFE,2
2026-01-13,Tuesday,6,03:00 PM,Machine Learning,Prof. Patil,2,MCA,A,Auditorium,180,152,84.44,Theory,0,0,0,9,2,1,13,0,Afternoon,2026-01-13 15:00:00,81.67,83.70666666666666,83.81142857142856,80.17198305084746,8,24.0,SAFE,2
2026-01-14,Wednesday,1,09:00 AM,Advanced DBMS,Prof. Sharma,2,MCA,A,Lab 1,180,156,86.67,Practical,0,0,0,10,2,1,14,0,Morning,2026-01-14 09:00:00,84.44,79.63,83.97,80.18640202702703,1,18.0,SAFE,2
2026-01-14,Wednesday,3,11:15 AM,Cloud Computing,Prof. Patil,2,MCA,A,Auditorium,180,147,81.67,Theory,0,0,0,10,2,1,14,0,Morning,2026-01-14 11:15:00,86.67,84.26,85.08142857142857,80.20823232323232,2,2.25,SAFE,2
2026-01-14,Wednesday,4,12:15 PM,Cloud Computing,Ishwari Gaikwad,2,MCA,A,Auditorium,180,158,87.78,Theory,0,1,0,10,2,1,14,0,Afternoon,2026-01-14 12:15:00,81.67,84.26,84.92285714285715,80.21313758389262,3,1.0,SAFE,2
2026-01-14,Wednesday,5,02:00 PM,Web Development,Prof. Deshmukh,2,MCA,A,Auditorium,180,124,68.89,Theory,0,0,1,10,2,1,14,0,Afternoon,2026-01-14 14:00:00,87.78,85.37333333333333,84.52571428571427,80.2384448160535,4,1.75,WARNING,1
2026-01-14,Wednesday,6,03:00 PM,Machine Learning,Ishwari Gaikwad,2,MCA,A,Lab 1,180,143,79.44,Practical,0,0,0,10,2,1,14,0,Afternoon,2026-01-14 15:00:00,68.89,79.44666666666667,80.55714285714286,80.20061666666668,5,1.0,SAFE,2
2026-01-14,Wednesday,6,03:00 PM,Financial Management,Prof. Sharma,4,MCA,A,Auditorium,180,144,80.0,Theory,0,0,0,10,2,1,14,0,Afternoon,2026-01-14 15:00:00,79.44,78.70333333333333,81.50857142857141,80.19808970099668,6,24.0,SAFE,2
2026-01-15,Thursday,2,10:00 AM,Python Programming,Prof. Deshmukh,4,MCA,A,Auditorium,180,151,83.89,Theory,0,0,0,11,2,1,15,0,Morning,2026-01-15 10:00:00,80.0,76.11,81.27,80.19743377483444,1,19.0,SAFE,2
2026-01-15,Thursday,3,11:15 AM,Advanced DBMS,Prof. Kulkarni,4,MCA,A,Lab 1,180,98,54.44,Practical,1,0,1,11,2,1,15,0,Morning,2026-01-15 11:15:00,83.89,81.11,81.19142857142857,80.2096204620462,2,1.25,WARNING,1
2026-01-15,Thursday,6,03:00 PM,Python Programming,Akash Upadhayay,4,MCA,A,Lab 2,180,127,70.56,Practical,0,1,0,11,2,1,15,0,Afternoon,2026-01-15 15:00:00,54.44,72.77666666666666,76.58714285714287,80.12485197368422,3,3.75,WARNING,1
2026-01-15,Thursday,6,03:00 PM,Machine Learning,Prof. Deshmukh,2,MCA,A,Room 202,180,136,75.56,Theory,0,0,0,11,2,1,15,0,Afternoon,2026-01-15 15:00:00,70.56,69.63,75.0,80.09349180327868,4,24.0,SAFE,2
2026-01-16,Friday,1,09:00 AM,Python Programming,Prof. Deshmukh,2,MCA,A,Lab 1,180,109,60.56,Practical,0,0,1,12,2,1,16,0,Morning,2026-01-16 09:00:00,75.56,66.85333333333334,73.25428571428571,80.07867647058823,1,18.0,WARNING,1
2026-01-16,Friday,3,11:15 AM,HR Analytics,Ishwari Gaikwad,4,MCA,A,Lab 2,180,169,93.89,Practical,0,0,0,12,2,1,16,0,Morning,2026-01-16 11:15:00,60.56,68.89333333333333,72.06428571428572,80.0150977198697,2,2.25,SAFE,2
2026-01-16,Friday,6,03:00 PM,Advanced DBMS,Prof. Sharma,4,MCA,A,Auditorium,180,144,80.0,Theory,0,0,0,12,2,1,16,0,Afternoon,2026-01-16 15:00:00,93.89,76.67,74.12857142857142,80.0601461038961,3,3.75,SAFE,2
2026-01-16,Friday,6,03:00 PM,Python Programming,Prof. Kulkarni,2,MCA,A,Lab 2,180,112,62.22,Practical,0,0,1,12,2,1,16,0,Afternoon,2026-01-16 15:00:00,80.0,78.14999999999999,74.12857142857142,80.05995145631069,4,24.0,WARNING,1
2026-01-17,Saturday,1,09:00 AM,Python Programming,Prof. Deshmukh,4,MCA,A,Auditorium,180,125,69.44,Theory,0,0,0,13,2,1,17,1,Morning,2026-01-17 09:00:00,62.22,78.70333333333333,71.03285714285714,80.00240322580645,1,18.0,WARNING,1
2026-01-17,Saturday,3,11:15 AM,Python Programming,Akash Upadhayay,2,MCA,A,Room 202,180,141,78.33,Theory,0,0,0,13,2,1,17,1,Morning,2026-01-17 11:15:00,69.44,70.55333333333334,73.17571428571429,79.96844051446946,2,2.25,SAFE,2
2026-01-17,Saturday,3,11:15 AM,Python Programming,Ishwari Gaikwad,4,MCA,A,Room 202,180,153,85.0,Theory,0,0,0,13,2,1,17,1,Morning,2026-01-17 11:15:00,78.33,69.99666666666667,74.28571428571429,79.9631891025641,3,24.0,SAFE,2
2026-01-17,Saturday,6,03:00 PM,Advanced DBMS,Prof. Deshmukh,4,MCA,A,Room 201,180,144,80.0,Theory,0,0,0,13,2,1,17,1,Afternoon,2026-01-17 15:00:00,85.0,77.58999999999999,75.63428571428572,79.97928115015974,4,3.75,SAFE,2
2026-01-18,Monday,2,10:00 AM,Financial Management,Prof. Kulkarni,4,MCA,A,Room 201,180,154,85.56,Theory,0,0,0,14,2,1,18,0,Morning,2026-01-18 10:00:00,80.0,81.11,78.41142857142857,79.97934713375795,1,19.0,SAFE,2
2026-01-18,Monday,4,12:15 PM,HR Analytics,Prof. Sharma,2,MCA,A,Lab 1,180,89,49.17,Practical,1,0,1,14,2,1,18,0,Afternoon,2026-01-18 12:15:00,85.56,83.52,77.22142857142858,79.99706349206349,2,2.25,CRITICAL,0
2026-01-19,Monday,2,10:00 AM,Machine Learning,Prof. Sharma,4,MCA,A,Room 201,180,130,72.22,Theory,0,0,0,15,3,1,19,0,Morning,2026-01-19 10:00:00,49.17,71.57666666666667,72.81714285714285,79.89950949367088,1,21.75,WARNING,1
2026-01-19,Monday,3,11:15 AM,Machine Learning,Prof. Sharma,2,MCA,A,Auditorium,180,138,76.67,Theory,0,0,0,15,3,1,19,0,Morning,2026-01-19 11:15:00,72.22,68.98333333333333,74.24571428571429,79.87528391167193,2,1.25,SAFE,2
2026-01-19,Monday,3,11:15 AM,Advanced DBMS,Prof. Sharma,4,MCA,A,Lab 1,180,133,73.89,Practical,1,1,0,15,3,1,19,0,Morning,2026-01-19 11:15:00,76.67,66.02,75.27857142857144,79.86520440251572,3,24.0,WARNING,1
2026-01-19,Monday,4,12:15 PM,HR Analytics,Prof. Patil,2,MCA,A,Lab 2,180,134,74.44,Practical,0,0,1,15,3,1,19,0,Afternoon,2026-01-19 12:15:00,73.89,74.25999999999999,74.64428571428572,79.84647335423197,4,1.0,WARNING,1
2026-01-19,Monday,4,12:15 PM,Machine Learning,Prof. Kulkarni,4,MCA,A,Room 202,180,129,71.67,Theory,0,0,0,15,3,1,19,0,Afternoon,2026-01-19 12:15:00,74.44,75.0,73.13571428571429,79.829578125,5,24.0,WARNING,1
2026-01-19,Monday,5,02:00 PM,Python Programming,Prof. Patil,4,MCA,A,Lab 2,180,168,93.33,Practical,0,0,0,15,3,1,19,0,Afternoon,2026-01-19 14:00:00,71.67,73.33333333333333,71.94571428571429,79.80415887850467,6,1.75,SAFE,2
2026-01-20,Tuesday,1,09:00 AM,Machine Learning,Prof. Deshmukh,4,MCA,A,Auditorium,180,156,86.67,Theory,0,1,0,16,3,1,20,0,Morning,2026-01-20 09:00:00,93.33,79.81333333333333,73.05571428571429,79.8461645962733,1,19.0,SAFE,2
2026-01-20,Tuesday,1,09:00 AM,Machine Learning,Ishwari Gaikwad,4,MCA,A,Room 201,180,92,51.11,Theory,1,0,1,16,3,1,20,0,Morning,2026-01-20 09:00:00,86.67,83.89,78.41285714285713,79.86729102167182,2,24.0,WARNING,1
2026-01-20,Tuesday,2,10:00 AM,Cloud Computing,Prof. Patil,2,MCA,A,Auditorium,180,174,96.67,Theory,0,1,0,16,3,1,20,0,Morning,2026-01-20 10:00:00,51.11,77.03666666666668,75.39714285714285,79.77853395061729,3,1.0,SAFE,2
2026-01-20,Tuesday,2,10:00 AM,Cloud Computing,Prof. Kulkarni,2,MCA,A,Room 202,180,129,71.67,Theory,1,0,0,16,3,1,20,0,Morning,2026-01-20 10:00:00,96.67,78.15,78.25428571428571,79.83050769230769,4,24.0,WARNING,1
2026-01-20,Tuesday,4,12:15 PM,Advanced DBMS,Prof. Patil,4,MCA,A,Auditorium,180,180,100.0,Theory,0,0,0,16,3,1,20,0,Afternoon,2026-01-20 12:15:00,71.67,73.14999999999999,77.93714285714286,79.8054754601227,5,2.25,SAFE,2
2026-01-20,Tuesday,4,12:15 PM,Financial Management,Prof. Sharma,2,MCA,A,Auditorium,180,165,91.67,Theory,0,0,0,16,3,1,20,0,Afternoon,2026-01-20 12:15:00,100.0,89.44666666666666,81.58857142857143,79.86723241590214,6,24.0,SAFE,2
2026-01-20,Tuesday,6,03:00 PM,Financial Management,Akash Upadhayay,2,MCA,A,Lab 2,180,129,71.67,Practical,0,0,0,16,3,1,20,0,Afternoon,2026-01-20 15:00:00,91.67,87.78000000000002,84.44571428571429,79.90321646341464,7,2.75,WARNING,1
2026-01-21,Wednesday,1,09:00 AM,Web Development,Prof. Patil,4,MCA,A,Lab 1,180,89,49.17,Practical,0,0,0,17,3,1,21,0,Morning,2026-01-21 09:00:00,71.67,87.77999999999999,81.35142857142857,79.8781914893617,1,18.0,CRITICAL,0
2026-01-21,Wednesday,1,09:00 AM,HR Analytics,Ishwari Gaikwad,2,MCA,A,Lab 1,180,130,72.22,Practical,1,0,0,17,3,1,21,0,Morning,2026-01-21 09:00:00,49.17,70.83666666666666,75.99428571428572,79.78513636363637,2,24.0,WARNING,1
2026-01-21,Wednesday,2,10:00 AM,Advanced DBMS,Prof. Patil,4,MCA,A,Room 202,180,148,82.22,Theory,0,0,0,17,3,1,21,0,Morning,2026-01-21 10:00:00,72.22,64.35333333333334,79.01,79.76228096676736,3,1.0,SAFE,2
2026-01-21,Wednesday,3,11:15 AM,Machine Learning,Prof. Patil,4,MCA,A,Room 201,180,161,89.44,Theory,0,1,0,17,3,1,21,0,Morning,2026-01-21 11:15:00,82.22,67.87,76.94571428571429,79.76968373493976,4,1.25,SAFE,2
2026-01-21,Wednesday,5,02:00 PM,Advanced DBMS,Prof. Sharma,2,MCA,A,Lab 1,180,152,84.44,Practical,0,0,0,17,3,1,21,0,Afternoon,2026-01-21 14:00:00,89.44,81.29333333333334,79.48428571428572,79.79872372372373,5,2.75,SAFE,2
2026-01-22,Thursday,1,09:00 AM,Machine Learning,Prof. Kulkarni,4,MCA,A,Room 201,180,135,75.0,Theory,0,1,0,18,3,1,22,0,Morning,2026-01-22 09:00:00,84.44,85.36666666666667,77.26142857142858,79.81261976047904,1,19.0,WARNING,1
2026-01-22,Thursday,3,11:15 AM,Advanced DBMS,Ishwari Gaikwad,2,MCA,A,Lab 2,180,159,88.33,Practical,0,0,0,18,3,1,22,0,Morning,2026-01-22 11:15:00,75.0,82.96,74.88,79.79825373134328,2,2.25,SAFE,2
2026-01-22,Thursday,3,11:15 AM,Python Programming,Prof. Deshmukh,2,MCA,A,Auditorium,180,169,93.89,Theory,0,0,0,18,3,1,22,0,Morning,2026-01-22 11:15:00,88.33,82.58999999999999,77.25999999999999,79.82364583333333,3,24.0,SAFE,2
2026-01-22,Thursday,5,02:00 PM,Python Programming,Prof. Patil,4,MCA,A,Lab 2,180,164,91.11,Practical,0,1,0,18,3,1,22,0,Afternoon,2026-01-22 14:00:00,93.89,85.74,83.64857142857143,79.86538575667656,4,2.75,SAFE,2
2026-01-22,Thursday,5,02:00 PM,Python Programming,Prof. Sharma,4,MCA,A,Lab 2,180,130,72.22,Practical,1,0,0,18,3,1,22,0,Afternoon,2026-01-22 14:00:00,91.11,91.11,86.34714285714286,79.89865384615385,5,24.0,WARNING,1
2026-01-22,Thursday,6,03:00 PM,Machine Learning,Prof. Kulkarni,4,MCA,A,Room 201,180,133,73.89,Theory,0,0,0,18,3,1,22,0,Afternoon,2026-01-22 15:00:00,72.22,85.74000000000001,84.91857142857144,79.8760029498525,6,1.0,WARNING,1
2026-01-23,Friday,2,10:00 AM,Advanced DBMS,Prof. Patil,4,MCA,A,Room 202,180,116,64.44,Theory,0,0,1,19,3,1,23,0,Morning,2026-01-23 10:00:00,73.89,79.07333333333334,82.69714285714285,79.85839705882353,1,19.0,WARNING,1
2026-01-23,Friday,2,10:00 AM,Web Development,Prof. Kulkarni,2,MCA,A,Auditorium,180,148,82.22,Theory,0,0,0,19,3,1,23,0,Morning,2026-01-23 10:00:00,64.44,70.18333333333334,79.84,79.81318181818182,2,24.0,SAFE,2
2026-01-23,Friday,3,11:15 AM,Web Development,Prof. Sharma,4,MCA,A,Room 201,180,151,83.89,Theory,0,0,0,19,3,1,23,0,Morning,2026-01-23 11:15:00,82.22,73.51666666666667,80.87142857142858,79.82021929824562,3,1.25,SAFE,2
2026-01-23,Friday,4,12:15 PM,HR Analytics,Prof. Deshmukh,4,MCA,A,Room 201,180,160,88.89,Theory,0,0,0,19,3,1,23,0,Afternoon,2026-01-23 12:15:00,83.89,76.85000000000001,80.23714285714286,79.83208454810496,4,1.0,SAFE,2
2026-01-24,Saturday,5,02:00 PM,HR Analytics,Akash Upadhayay,4,MCA,A,Auditorium,180,132,73.33,Theory,0,0,0,20,3,1,24,1,Afternoon,2026-01-24 14:00:00,88.89,85.0,79.52285714285713,79.85841569767442,1,25.75,WARNING,1
2026-01-24,Saturday,5,02:00 PM,Machine Learning,Ishwari Gaikwad,2,MCA,A,Lab 2,180,180,100.0,Practical,0,0,0,20,3,1,24,1,Afternoon,2026-01-24 14:00:00,73.33,82.03666666666666,76.98285714285714,79.83949275362319,2,24.0,SAFE,2
2026-01-25,Monday,2,10:00 AM,Python Programming,Prof. Patil,4,MCA,A,Auditorium,180,154,85.56,Theory,0,1,0,21,3,1,25,0,Morning,2026-01-25 10:00:00,100.0,87.40666666666668,80.95142857142856,79.89776011560694,1,20.0,SAFE,2
2026-01-25,Monday,4,12:15 PM,Financial Management,Prof. Kulkarni,2,MCA,A,Room 202,180,154,85.56,Theory,0,1,0,21,3,1,25,0,Afternoon,2026-01-25 12:15:00,85.56,86.29666666666667,82.61857142857141,79.91407780979827,2,2.25,SAFE,2
2026-01-25,Monday,4,12:15 PM,Financial Management,Prof. Deshmukh,2,MCA,A,Lab 2,180,151,83.89,Practical,0,0,0,21,3,1,25,0,Afternoon,2026-01-25 12:15:00,85.56,90.37333333333333,85.63571428571429,79.93030172413793,3,24.0,SAFE,2
2026-01-26,Monday,2,10:00 AM,Web Development,Prof. Patil,2,MCA,A,Auditorium,180,148,82.22,Theory,0,1,0,22,4,1,26,0,Morning,2026-01-26 10:00:00,83.89,85.00333333333333,85.87428571428572,79.9416475644699,1,21.75,SAFE,2
2026-01-26,Monday,2,10:00 AM,Machine Learning,Prof. Deshmukh,2,MCA,A,Lab 1,180,175,97.22,Practical,0,1,0,22,4,1,26,0,Morning,2026-01-26 10:00:00,82.22,83.89,85.63571428571429,79.94815714285714,2,24.0,SAFE,2
2026-01-26,Monday,5,02:00 PM,Python Programming,Ishwari Gaikwad,2,MCA,A,Lab 2,180,170,94.44,Practical,0,1,0,22,4,1,26,0,Afternoon,2026-01-26 14:00:00,97.22,87.77666666666666,86.82571428571428,79.99736467236467,3,4.0,SAFE,2
2026-01-26,Monday,6,03:00 PM,Advanced DBMS,Prof. Patil,4,MCA,A,Auditorium,180,114,63.33,Theory,0,0,0,22,4,1,26,0,Afternoon,2026-01-26 15:00:00,94.44,91.29333333333334,89.84142857142858,80.03839488636363,4,1.0,WARNING,1
2026-01-27,Tuesday,4,12:15 PM,Cloud Computing,Prof. Sharma,4,MCA,A,Lab 2,180,150,83.33,Practical,1,0,0,23,4,1,27,0,Afternoon,2026-01-27 12:15:00,63.33,84.99666666666666,84.60285714285715,79.99106232294618,1,21.25,SAFE,2
2026-01-27,Tuesday,5,02:00 PM,HR Analytics,Ishwari Gaikwad,2,MCA,A,Lab 2,180,150,83.33,Practical,0,0,0,23,4,1,27,0,Afternoon,2026-01-27 14:00:00,83.33,80.36666666666666,84.28428571428572,80.00049435028248,2,1.75,SAFE,2
2026-01-27,Tuesday,5,02:00 PM,HR Analytics,Prof. Kulkarni,4,MCA,A,Lab 2,180,165,91.67,Practical,0,0,0,23,4,1,27,0,Afternoon,2026-01-27 14:00:00,83.33,76.66333333333333,83.96571428571428,80.00987323943663,3,24.0,SAFE,2
2026-01-27,Tuesday,6,03:00 PM,Web Development,Prof. Deshmukh,2,MCA,A,Auditorium,180,143,79.44,Theory,0,0,0,23,4,1,27,0,Afternoon,2026-01-27 15:00:00,91.67,86.11,85.07714285714285,80.04262640449438,4,1.0,SAFE,2
2026-01-28,Wednesday,1,09:00 AM,Machine Learning,Ishwari Gaikwad,4,MCA,A,Lab 2,180,151,83.89,Practical,0,0,0,24,4,1,28,0,Morning,2026-01-28 09:00:00,79.44,84.81333333333333,84.67999999999999,80.04093837535015,1,18.0,SAFE,2
2026-01-28,Wednesday,2,10:00 AM,Advanced DBMS,Prof. Patil,2,MCA,A,Room 202,180,156,86.67,Theory,0,0,0,24,4,1,28,0,Morning,2026-01-28 10:00:00,83.89,85.0,82.7757142857143,80.05168994413408,2,1.0,SAFE,2
2026-01-28,Wednesday,2,10:00 AM,Advanced DBMS,Akash Upadhayay,4,MCA,A,Lab 1,180,176,97.78,Practical,0,0,0,24,4,1,28,0,Morning,2026-01-28 10:00:00,86.67,83.33333333333333,81.66571428571429,80.0701253481894,3,24.0,SAFE,2
2026-01-28,Wednesday,3,11:15 AM,Advanced DBMS,Prof. Deshmukh,4,MCA,A,Lab 2,180,168,93.33,Practical,0,0,0,24,4,1,28,0,Morning,2026-01-28 11:15:00,97.78,89.44666666666666,86.58714285714287,80.11931944444444,4,1.25,SAFE,2
2026-01-28,Wednesday,3,11:15 AM,Financial Management,Akash Upadhayay,4,MCA,A,Auditorium,180,117,65.0,Theory,0,0,1,24,4,1,28,0,Morning,2026-01-28 11:15:00,93.33,92.59333333333332,88.01571428571428,80.15591412742383,5,24.0,WARNING,1
2026-01-28,Wednesday,5,02:00 PM,Cloud Computing,Ishwari Gaikwad,2,MCA,A,Room 202,180,176,97.78,Theory,0,0,0,24,4,1,28,0,Afternoon,2026-01-28 14:00:00,65.0,85.37,85.39714285714285,80.11404696132597,6,2.75,SAFE,2
2026-01-29,Thursday,1,09:00 AM,HR Analytics,Prof. Sharma,4,MCA,A,Auditorium,180,128,71.11,Theory,0,0,0,25,4,1,29,0,Morning,2026-01-29 09:00:00,97.78,85.37,86.27,80.16271349862258,1,19.0,WARNING,1
2026-01-29,Thursday,2,10:00 AM,Python Programming,Ishwari Gaikwad,2,MCA,A,Lab 2,180,151,83.89,Practical,0,0,0,25,4,1,29,0,Morning,2026-01-29 10:00:00,71.11,77.96333333333332,85.08000000000001,80.1378434065934,2,1.0,SAFE,2
2026-01-29,Thursday,4,12:15 PM,Web Development,Prof. Sharma,2,MCA,A,Auditorium,180,170,94.44,Theory,0,0,0,25,4,1,29,0,Afternoon,2026-01-29 12:15:00,83.89,84.26,85.08,80.14812328767123,3,2.25,SAFE,2
2026-01-29,Thursday,5,02:00 PM,Web Development,Akash Upadhayay,4,MCA,A,Lab 1,180,176,97.78,Practical,0,0,0,25,4,1,29,0,Afternoon,2026-01-29 14:00:00,94.44,83.14666666666666,86.18999999999998,80.18717213114755,4,1.75,SAFE,2
2026-01-29,Thursday,6,03:00 PM,HR Analytics,Prof. Patil,4,MCA,A,Auditorium,180,140,77.78,Theory,0,1,0,25,4,1,29,0,Afternoon,2026-01-29 15:00:00,97.78,92.03666666666668,86.19000000000001,80.23510899182561,5,1.0,SAFE,2
2026-01-30,Friday,1,09:00 AM,Python Programming,Prof. Patil,4,MCA,A,Lab 2,180,157,87.22,Practical,0,0,0,26,4,1,30,0,Morning,2026-01-30 09:00:00,77.78,90.0,83.96857142857142,80.2284375,1,18.0,SAFE,2
2026-01-30,Friday,1,09:00 AM,Financial Management,Prof. Kulkarni,2,MCA,A,Lab 2,180,144,80.0,Practical,0,0,0,26,4,1,30,0,Morning,2026-01-30 09:00:00,87.22,87.59333333333332,87.14285714285714,80.24738482384824,2,24.0,SAFE,2
2026-01-30,Friday,4,12:15 PM,Python Programming,Prof. Kulkarni,4,MCA,A,Lab 2,180,128,71.11,Practical,1,0,0,26,4,1,30,0,Afternoon,2026-01-30 12:15:00,80.0,81.66666666666667,84.60285714285715,80.24671621621621,3,3.25,WARNING,1
2026-01-30,Friday,4,12:15 PM,Financial Management,Prof. Deshmukh,4,MCA,A,Lab 2,180,180,100.0,Practical,0,0,0,26,4,1,30,0,Afternoon,2026-01-30 12:15:00,71.11,79.44333333333333,84.60285714285715,80.22208894878706,4,24.0,SAFE,2
2026-01-31,Saturday,3,11:15 AM,Machine Learning,Prof. Sharma,2,MCA,A,Room 202,180,163,90.56,Theory,0,0,0,27,4,1,31,1,Morning,2026-01-31 11:15:00,100.0,83.70333333333333,86.90428571428572,80.27525537634409,1,23.0,SAFE,2
2026-01-31,Saturday,3,11:15 AM,Web Development,Prof. Deshmukh,4,MCA,A,Room 202,180,123,68.33,Theory,1,1,0,27,4,1,31,1,Morning,2026-01-31 11:15:00,90.56,87.22333333333334,86.35000000000001,80.30282841823056,2,24.0,WARNING,1
2026-01-31,Saturday,4,12:15 PM,Cloud Computing,Prof. Deshmukh,4,MCA,A,Room 201,180,149,82.78,Theory,0,0,0,27,4,1,31,1,Afternoon,2026-01-31 12:15:00,68.33,86.29666666666667,82.14285714285714,80.27081550802139,3,1.0,SAFE,2
2026-01-31,Saturday,6,03:00 PM,Cloud Computing,Prof. Deshmukh,4,MCA,A,Lab 1,180,130,72.22,Practical,0,0,0,27,4,1,31,1,Afternoon,2026-01-31 15:00:00,82.78,80.55666666666666,82.85714285714286,80.27750666666667,4,2.75,WARNING,1
2026-01-31,Saturday,6,03:00 PM,Python Programming,Prof. Patil,2,MCA,A,Room 202,180,129,71.67,Theory,0,1,0,27,4,1,31,1,Afternoon,2026-01-31 15:00:00,72.22,74.44333333333334,80.71428571428571,80.25607712765958,5,24.0,WARNING,1
2026-02-01,Monday,1,09:00 AM,Machine Learning,Prof. Patil,4,MCA,A,Lab 2,180,120,66.67,Practical,0,0,0,28,4,2,1,0,Morning,2026-02-01 09:00:00,71.67,75.55666666666667,79.52428571428571,77.58437007874016,1,18.0,WARNING,1
2026-02-01,Monday,1,09:00 AM,Machine Learning,Akash Upadhayay,2,MCA,A,Room 202,180,119,66.11,Theory,0,0,0,28,4,2,1,0,Morning,2026-02-01 09:00:00,66.67,70.18666666666667,78.89,77.54156862745097,2,24.0,WARNING,1
2026-02-01,Monday,2,10:00 AM,Cloud Computing,Prof. Patil,4,MCA,A,Lab 2,180,163,90.56,Practical,0,0,0,28,4,2,1,0,Morning,2026-02-01 10:00:00,66.11,68.14999999999999,74.04857142857144,77.4969140625,3,1.0,SAFE,2
2026-02-01,Monday,3,11:15 AM,Web Development,Akash Upadhayay,4,MCA,A,Auditorium,180,139,77.22,Theory,0,0,0,28,4,2,1,0,Morning,2026-02-01 11:15:00,90.56,74.44666666666666,74.04857142857144,77.54774319066148,4,1.25,SAFE,2
2026-02-01,Monday,4,12:15 PM,Web Development,Prof. Sharma,4,MCA,A,Auditorium,180,150,83.33,Theory,0,0,0,28,4,2,1,0,Afternoon,2026-02-01 12:15:00,77.22,77.96333333333332,75.31857142857143,77.54647286821707,5,1.0,SAFE,2
2026-02-01,Monday,5,02:00 PM,Advanced DBMS,Prof. Kulkarni,2,MCA,A,Lab 1,180,151,83.89,Practical,0,0,0,28,4,2,1,0,Afternoon,2026-02-01 14:00:00,83.33,83.70333333333333,75.39714285714285,77.5688030888031,6,1.75,SAFE,2
2026-02-01,Monday,6,03:00 PM,Python Programming,Prof. Kulkarni,4,MCA,A,Room 201,180,147,81.67,Theory,0,0,0,28,4,2,1,0,Afternoon,2026-02-01 15:00:00,83.89,81.48,77.0642857142857,77.59311538461539,7,1.0,SAFE,2
2026-02-02,Monday,2,10:00 AM,Python Programming,Prof. Kulkarni,4,MCA,A,Lab 2,180,131,72.78,Practical,1,1,0,29,5,2,2,0,Morning,2026-02-02 10:00:00,81.67,82.96333333333332,78.49285714285715,77.60873563218391,1,19.0,WARNING,1
2026-02-02,Monday,3,11:15 AM,Advanced DBMS,Akash Upadhayay,2,MCA,A,Lab 2,180,145,80.56,Practical,0,1,0,29,5,2,2,0,Morning,2026-02-02 11:15:00,72.78,79.44666666666667,79.36571428571428,77.59030534351145,2,1.25,SAFE,2
2026-02-02,Monday,6,03:00 PM,Web Development,Ishwari Gaikwad,2,MCA,A,Lab 1,180,140,77.78,Practical,0,1,0,29,5,2,2,0,Afternoon,2026-02-02 15:00:00,80.56,78.33666666666666,81.42999999999999,77.60159695817491,3,3.75,SAFE,2
2026-02-03,Tuesday,2,10:00 AM,Web Development,Ishwari Gaikwad,4,MCA,A,Room 202,180,146,81.11,Theory,0,0,0,30,5,2,3,0,Morning,2026-02-03 10:00:00,77.78,77.04,79.60428571428572,77.60227272727273,1,19.0,SAFE,2
2026-02-03,Tuesday,4,12:15 PM,Web Development,Prof. Deshmukh,4,MCA,A,Auditorium,180,140,77.78,Theory,0,0,0,30,5,2,3,0,Afternoon,2026-02-03 12:15:00,81.11,79.81666666666666,80.16,77.61550943396226,2,2.25,SAFE,2
2026-02-03,Tuesday,6,03:00 PM,Machine Learning,Prof. Kulkarni,4,MCA,A,Auditorium,180,127,70.56,Theory,0,0,0,30,5,2,3,0,Afternoon,2026-02-03 15:00:00,77.78,78.89,79.36714285714285,77.61612781954886,3,2.75,WARNING,1
2026-02-03,Tuesday,6,03:00 PM,Advanced DBMS,Prof. Sharma,4,MCA,A,Room 202,180,165,91.67,Theory,0,0,0,30,5,2,3,0,Afternoon,2026-02-03 15:00:00,70.56,76.48333333333333,77.46285714285715,77.58970037453184,4,24.0,SAFE,2
2026-02-04,Wednesday,1,09:00 AM,Cloud Computing,Prof. Kulkarni,4,MCA,A,Room 201,180,151,83.89,Theory,0,0,0,31,5,2,4,0,Morning,2026-02-04 09:00:00,91.67,80.00333333333333,78.89142857142858,77.64223880597015,1,18.0,SAFE,2
2026-02-04,Wednesday,2,10:00 AM,Financial Management,Prof. Kulkarni,4,MCA,A,Room 201,180,155,86.11,Theory,0,0,0,31,5,2,4,0,Morning,2026-02-04 10:00:00,83.89,82.04,80.47857142857143,77.66546468401486,2,1.0,SAFE,2
2026-02-04,Wednesday,4,12:15 PM,Python Programming,Ishwari Gaikwad,2,MCA,A,Auditorium,180,124,68.89,Theory,1,0,0,31,5,2,4,0,Afternoon,2026-02-04 12:15:00,86.11,87.22333333333334,81.27142857142857,77.69674074074074,3,2.25,WARNING,1
2026-02-04,Wednesday,4,12:15 PM,Advanced DBMS,Prof. Kulkarni,2,MCA,A,Lab 1,180,163,90.56,Practical,0,0,0,31,5,2,4,0,Afternoon,2026-02-04 12:15:00,68.89,79.63,80.00142857142858,77.66424354243541,4,24.0,SAFE,2
2026-02-04,Wednesday,5,02:00 PM,Python Programming,Ishwari Gaikwad,2,MCA,A,Lab 1,180,170,94.44,Practical,0,0,0,31,5,2,4,0,Afternoon,2026-02-04 14:00:00,90.56,81.85333333333334,81.35142857142857,77.7116544117647,5,1.75,SAFE,2
2026-02-05,Thursday,1,09:00 AM,Cloud Computing,Prof. Deshmukh,4,MCA,A,Room 201,180,134,74.44,Theory,0,0,0,32,5,2,5,0,Morning,2026-02-05 09:00:00,94.44,84.63,83.73142857142857,77.7729304029304,1,19.0,WARNING,1
2026-02-05,Thursday,1,09:00 AM,HR Analytics,Ishwari Gaikwad,4,MCA,A,Auditorium,180,107,59.44,Theory,0,0,0,32,5,2,5,0,Morning,2026-02-05 09:00:00,74.44,86.48,84.28571428571429,77.76076642335767,2,24.0,WARNING,1
2026-02-05,Thursday,2,10:00 AM,Web Development,Akash Upadhayay,2,MCA,A,Auditorium,180,152,84.44,Theory,0,0,0,32,5,2,5,0,Morning,2026-02-05 10:00:00,59.44,76.10666666666667,79.68142857142857,77.69414545454545,3,1.0,SAFE,2
2026-02-05,Thursday,2,10:00 AM,Financial Management,Prof. Patil,2,MCA,A,Room 201,180,161,89.44,Theory,0,0,0,32,5,2,5,0,Morning,2026-02-05 10:00:00,84.44,72.77333333333333,79.75999999999999,77.71858695652175,4,24.0,SAFE,2
2026-02-05,Thursday,6,03:00 PM,Python Programming,Akash Upadhayay,4,MCA,A,Room 202,180,156,86.67,Theory,0,0,0,32,5,2,5,0,Afternoon,2026-02-05 15:00:00,89.44,77.77333333333333,80.23571428571428,77.76090252707581,5,5.0,SAFE,2
2026-02-06,Friday,1,09:00 AM,Advanced DBMS,Prof. Deshmukh,4,MCA,A,Lab 2,180,159,88.33,Practical,0,0,0,33,5,2,6,0,Morning,2026-02-06 09:00:00,86.67,86.85000000000001,82.77571428571427,77.79294964028776,1,18.0,SAFE,2
2026-02-06,Friday,2,10:00 AM,Web Development,Prof. Deshmukh,2,MCA,A,Room 201,180,133,73.89,Theory,0,0,0,33,5,2,6,0,Morning,2026-02-06 10:00:00,88.33,88.14666666666666,82.45714285714284,77.83071684587814,2,1.0,WARNING,1
2026-02-06,Friday,5,02:00 PM,Python Programming,Ishwari Gaikwad,2,MCA,A,Lab 1,180,176,97.78,Practical,0,0,0,33,5,2,6,0,Afternoon,2026-02-06 14:00:00,73.89,82.96333333333334,79.52142857142857,77.81664285714285,3,4.0,SAFE,2
2026-02-06,Friday,5,02:00 PM,Machine Learning,Prof. Deshmukh,2,MCA,A,Room 202,180,170,94.44,Theory,0,0,0,33,5,2,6,0,Afternoon,2026-02-06 14:00:00,97.78,86.66666666666667,82.85571428571428,77.88768683274021,4,24.0,SAFE,2
2026-02-06,Friday,6,03:00 PM,Advanced DBMS,Prof. Patil,4,MCA,A,Room 201,180,127,70.56,Theory,0,0,0,33,5,2,6,0,Afternoon,2026-02-06 15:00:00,94.44,88.70333333333333,87.85571428571428,77.9463829787234,5,1.0,WARNING,1
2026-02-07,Saturday,1,09:00 AM,Machine Learning,Akash Upadhayay,4,MCA,A,Auditorium,180,136,75.56,Theory,0,0,0,34,5,2,7,1,Morning,2026-02-07 09:00:00,70.56,87.59333333333332,85.87285714285714,77.92028268551236,1,18.0,SAFE,2
2026-02-07,Saturday,4,12:15 PM,Web Development,Prof. Kulkarni,2,MCA,A,Room 201,180,149,82.78,Theory,0,0,0,34,5,2,7,1,Afternoon,2026-02-07 12:15:00,75.56,80.18666666666667,83.89,77.91197183098592,2,3.25,SAFE,2
2026-02-07,Saturday,5,02:00 PM,Cloud Computing,Prof. Deshmukh,4,MCA,A,Lab 1,180,156,86.67,Practical,0,0,0,34,5,2,7,1,Afternoon,2026-02-07 14:00:00,82.78,76.3,83.33428571428571,77.92905263157894,3,1.75,SAFE,2
2026-02-08,Monday,1,09:00 AM,Cloud Computing,Ishwari Gaikwad,2,MCA,A,Room 202,180,132,73.33,Theory,0,0,0,35,5,2,8,0,Morning,2026-02-08 09:00:00,86.67,81.67,83.09714285714286,77.95961538461539,1,19.0,WARNING,1
2026-02-08,Monday,2,10:00 AM,Financial Management,Prof. Sharma,2,MCA,A,Lab 1,180,127,70.56,Practical,0,0,1,35,5,2,8,0,Morning,2026-02-08 10:00:00,73.33,80.92666666666666,83.01714285714286,77.94348432055749,2,1.0,WARNING,1
2026-02-08,Monday,3,11:15 AM,HR Analytics,Prof. Sharma,2,MCA,A,Lab 2,180,133,73.89,Practical,0,0,1,35,5,2,8,0,Morning,2026-02-08 11:15:00,70.56,76.85333333333334,79.12857142857145,77.91784722222222,3,1.25,WARNING,1
2026-02-08,Monday,4,12:15 PM,Web Development,Prof. Kulkarni,4,MCA,A,Lab 1,180,159,88.33,Practical,0,0,0,35,5,2,8,0,Afternoon,2026-02-08 12:15:00,73.89,72.59333333333332,76.19285714285715,77.90391003460208,4,1.0,SAFE,2
2026-02-08,Monday,6,03:00 PM,Financial Management,Prof. Kulkarni,4,MCA,A,Room 202,180,122,67.78,Theory,0,0,0,35,5,2,8,0,Afternoon,2026-02-08 15:00:00,88.33,77.59333333333333,78.73142857142857,77.93986206896552,5,2.75,WARNING,1
2026-02-09,Monday,2,10:00 AM,Financial Management,Ishwari Gaikwad,2,MCA,A,Room 202,180,120,66.67,Theory,1,1,0,36,6,2,9,0,Morning,2026-02-09 10:00:00,67.78,76.66666666666667,77.61999999999999,77.90494845360824,1,19.0,WARNING,1
2026-02-09,Monday,2,10:00 AM,Web Development,Prof. Patil,4,MCA,A,Lab 2,180,149,82.78,Practical,0,0,0,36,6,2,9,0,Morning,2026-02-09 10:00:00,66.67,74.26,75.31857142857143,77.86647260273972,2,24.0,SAFE,2
2026-02-09,Monday,3,11:15 AM,Advanced DBMS,Prof. Kulkarni,4,MCA,A,Auditorium,180,149,82.78,Theory,0,0,0,36,6,2,9,0,Morning,2026-02-09 11:15:00,82.78,72.41000000000001,74.76285714285714,77.88324232081912,3,1.25,SAFE,2
2026-02-09,Monday,4,12:15 PM,Advanced DBMS,Prof. Kulkarni,4,MCA,A,Room 202,180,156,86.67,Theory,0,0,0,36,6,2,9,0,Afternoon,2026-02-09 12:15:00,82.78,77.41000000000001,76.11285714285714,77.89989795918368,4,1.0,SAFE,2
2026-02-09,Monday,4,12:15 PM,Financial Management,Prof. Deshmukh,2,MCA,A,Lab 1,180,153,85.0,Practical,0,0,0,36,6,2,9,0,Afternoon,2026-02-09 12:15:00,86.67,84.07666666666667,78.41428571428571,77.92962711864408,5,24.0,SAFE,2
2026-02-09,Monday,5,02:00 PM,Python Programming,Prof. Deshmukh,4,MCA,A,Auditorium,180,115,63.89,Theory,1,0,0,36,6,2,9,0,Afternoon,2026-02-09 14:00:00,85.0,84.81666666666666,80.00142857142858,77.95351351351351,6,1.75,WARNING,1
2026-02-09,Monday,5,02:00 PM,Web Development,Akash Upadhayay,2,MCA,A,Room 201,180,143,79.44,Theory,1,1,0,36,6,2,9,0,Afternoon,2026-02-09 14:00:00,63.89,78.52,76.50999999999999,77.90616161616163,7,24.0,SAFE,2
2026-02-09,Monday,5,02:00 PM,Python Programming,Prof. Sharma,2,MCA,A,Room 202,180,147,81.67,Theory,0,0,0,36,6,2,9,0,Afternoon,2026-02-09 14:00:00,79.44,76.11,78.17571428571429,77.91130872483221,8,24.0,SAFE,2
2026-02-09,Monday,6,03:00 PM,HR Analytics,Prof. Sharma,4,MCA,A,Room 201,180,89,49.17,Theory,0,0,1,36,6,2,9,0,Afternoon,2026-02-09 15:00:00,81.67,75.0,80.31857142857143,77.92387959866221,9,1.0,CRITICAL,0
2026-02-10,Tuesday,1,09:00 AM,Web Development,Ishwari Gaikwad,2,MCA,A,Room 201,180,147,81.67,Theory,0,0,0,37,6,2,10,0,Morning,2026-02-10 09:00:00,49.17,70.09333333333335,75.51714285714286,77.82803333333334,1,18.0,SAFE,2
2026-02-10,Tuesday,2,10:00 AM,Machine Learning,Prof. Patil,4,MCA,A,Room 201,180,143,79.17,Theory,0,0,0,37,6,2,10,0,Morning,2026-02-10 10:00:00,81.67,70.83666666666667,75.35857142857142,77.8407973421927,2,1.0,SAFE,2
2026-02-10,Tuesday,3,11:15 AM,Cloud Computing,Prof. Sharma,4,MCA,A,Lab 2,180,170,94.44,Practical,0,0,0,37,6,2,10,0,Morning,2026-02-10 11:15:00,79.17,70.00333333333333,74.28714285714285,77.84519867549669,3,1.25,SAFE,2
2026-02-10,Tuesday,5,02:00 PM,Python Programming,Prof. Sharma,2,MCA,A,Lab 1,180,169,93.89,Practical,0,1,0,37,6,2,10,0,Afternoon,2026-02-10 14:00:00,94.44,85.09333333333332,75.63571428571429,77.89996699669966,4,2.75,SAFE,2
2026-02-11,Wednesday,3,11:15 AM,Python Programming,Ishwari Gaikwad,4,MCA,A,Room 201,180,159,88.33,Theory,0,0,0,38,6,2,11,0,Morning,2026-02-11 11:15:00,93.89,89.16666666666667,79.92142857142858,77.9525657894737,1,21.25,SAFE,2
2026-02-11,Wednesday,4,12:15 PM,Advanced DBMS,Prof. Deshmukh,4,MCA,A,Lab 1,180,89,49.17,Practical,0,0,0,38,6,2,11,0,Afternoon,2026-02-11 12:15:00,88.33,92.21999999999998,81.19142857142857,77.98659016393442,2,1.0,CRITICAL,0
2026-02-11,Wednesday,4,12:15 PM,Cloud Computing,Akash Upadhayay,2,MCA,A,Auditorium,180,156,86.67,Theory,0,0,0,38,6,2,11,0,Afternoon,2026-02-11 12:15:00,49.17,77.13,76.54857142857144,77.8924183006536,3,24.0,SAFE,2
2026-02-11,Wednesday,5,02:00 PM,Financial Management,Ishwari Gaikwad,4,MCA,A,Lab 1,180,176,97.78,Practical,0,0,0,38,6,2,11,0,Afternoon,2026-02-11 14:00:00,86.67,74.72333333333334,81.9057142857143,77.92100977198697,4,1.75,SAFE,2
2026-02-12,Thursday,1,09:00 AM,Advanced DBMS,Akash Upadhayay,2,MCA,A,Room 201,180,146,81.11,Theory,0,0,0,39,6,2,12,0,Morning,2026-02-12 09:00:00,97.78,77.87333333333333,84.20714285714287,77.98548701298701,1,19.0,SAFE,2
2026-02-12,Thursday,1,09:00 AM,Financial Management,Prof. Sharma,4,MCA,A,Lab 2,180,142,78.89,Practical,0,0,1,39,6,2,12,0,Morning,2026-02-12 09:00:00,81.11,88.52,84.48428571428572,77.99559870550162,2,24.0,SAFE,2
2026-02-12,Thursday,3,11:15 AM,Cloud Computing,Ishwari Gaikwad,2,MCA,A,Room 201,180,153,85.0,Theory,0,0,0,39,6,2,12,0,Morning,2026-02-12 11:15:00,78.89,85.92666666666666,82.26285714285714,77.99848387096773,3,2.25,SAFE,2
2026-02-12,Thursday,3,11:15 AM,HR Analytics,Akash Upadhayay,2,MCA,A,Auditorium,180,159,88.33,Theory,0,0,0,39,6,2,12,0,Morning,2026-02-12 11:15:00,85.0,81.66666666666667,80.99285714285715,78.02099678456591,4,24.0,SAFE,2
2026-02-12,Thursday,6,03:00 PM,Financial Management,Ishwari Gaikwad,4,MCA,A,Room 202,180,161,89.44,Theory,0,0,0,39,6,2,12,0,Afternoon,2026-02-12 15:00:00,88.33,84.07333333333334,80.99285714285715,78.05403846153847,5,3.75,SAFE,2
2026-02-12,Thursday,6,03:00 PM,Web Development,Prof. Deshmukh,2,MCA,A,Room 201,180,163,90.56,Theory,0,1,0,39,6,2,12,0,Afternoon,2026-02-12 15:00:00,89.44,87.58999999999999,86.74571428571427,78.09041533546326,6,24.0,SAFE,2
2026-02-13,Friday,1,09:00 AM,Python Programming,Akash Upadhayay,4,MCA,A,Room 201,180,146,81.11,Theory,0,0,0,40,6,2,13,0,Morning,2026-02-13 09:00:00,90.56,89.44333333333333,87.30142857142857,78.13012738853503,1,18.0,SAFE,2
2026-02-13,Friday,4,12:15 PM,Python Programming,Prof. Patil,2,MCA,A,Room 202,180,152,84.44,Theory,0,1,0,40,6,2,13,0,Afternoon,2026-02-13 12:15:00,81.11,87.03666666666668,84.92,78.13958730158731,2,3.25,SAFE,2
2026-02-14,Saturday,1,09:00 AM,Machine Learning,Prof. Sharma,2,MCA,A,Room 201,180,180,100.0,Theory,1,0,1,41,6,2,14,1,Morning,2026-02-14 09:00:00,84.44,85.37,85.39571428571428,78.1595253164557,1,20.75,SAFE,2
2026-02-14,Saturday,2,10:00 AM,Advanced DBMS,Ishwari Gaikwad,2,MCA,A,Room 201,180,128,71.11,Theory,0,0,0,41,6,2,14,1,Morning,2026-02-14 10:00:00,100.0,88.51666666666667,88.41142857142857,78.22842271293375,2,1.0,WARNING,1
2026-02-15,Monday,1,09:00 AM,HR Analytics,Prof. Deshmukh,2,MCA,A,Lab 1,180,149,82.78,Practical,0,0,0,42,6,2,15,0,Morning,2026-02-15 09:00:00,71.11,85.18333333333332,86.42714285714285,78.20603773584905,1,23.0,SAFE,2
2026-02-15,Monday,3,11:15 AM,Cloud Computing,Ishwari Gaikwad,4,MCA,A,Lab 1,180,136,75.56,Practical,1,0,0,42,6,2,15,0,Morning,2026-02-15 11:15:00,82.78,84.63000000000001,85.63428571428571,78.22037617554858,2,2.25,SAFE,2
2026-02-15,Monday,4,12:15 PM,Web Development,Prof. Sharma,4,MCA,A,Room 201,180,120,66.67,Theory,0,0,1,42,6,2,15,0,Afternoon,2026-02-15 12:15:00,75.56,76.48333333333333,83.65142857142858,78.2120625,3,1.0,WARNING,1
2026-02-15,Monday,5,02:00 PM,Web Development,Akash Upadhayay,4,MCA,A,Room 201,180,146,81.11,Theory,0,0,0,42,6,2,15,0,Afternoon,2026-02-15 14:00:00,66.67,75.00333333333333,80.23857142857142,78.1761059190031,4,1.75,SAFE,2
2026-02-15,Monday,6,03:00 PM,Advanced DBMS,Prof. Kulkarni,4,MCA,A,Room 202,180,92,51.11,Theory,0,0,1,42,6,2,15,0,Afternoon,2026-02-15 15:00:00,81.11,74.44666666666667,80.23857142857143,78.18521739130435,5,1.0,WARNING,1
2026-02-16,Monday,1,09:00 AM,HR Analytics,Ishwari Gaikwad,2,MCA,A,Lab 1,180,134,74.44,Practical,0,0,0,43,7,2,16,0,Morning,2026-02-16 09:00:00,51.11,66.29666666666667,75.47714285714287,78.10139318885449,1,18.0,WARNING,1
2026-02-16,Monday,1,09:00 AM,HR Analytics,Prof. Deshmukh,4,MCA,A,Room 202,180,180,100.0,Theory,0,0,0,43,7,2,16,0,Morning,2026-02-16 09:00:00,74.44,68.88666666666666,71.82571428571428,78.09009259259258,2,24.0,SAFE,2
2026-02-16,Monday,2,10:00 AM,HR Analytics,Prof. Kulkarni,4,MCA,A,Room 202,180,142,78.89,Theory,0,0,0,43,7,2,16,0,Morning,2026-02-16 10:00:00,100.0,75.18333333333334,75.95285714285714,78.15750769230769,3,1.0,SAFE,2
2026-02-16,Monday,2,10:00 AM,Advanced DBMS,Ishwari Gaikwad,4,MCA,A,Room 201,180,143,79.44,Theory,0,0,0,43,7,2,16,0,Morning,2026-02-16 10:00:00,78.89,84.44333333333333,75.39714285714285,78.159754601227,4,24.0,SAFE,2
2026-02-16,Monday,4,12:15 PM,Machine Learning,Prof. Patil,2,MCA,A,Room 201,180,138,76.67,Theory,0,0,0,43,7,2,16,0,Afternoon,2026-02-16 12:15:00,79.44,86.11,75.95142857142856,78.16366972477064,5,2.25,SAFE,2
2026-02-16,Monday,5,02:00 PM,Web Development,Prof. Kulkarni,2,MCA,A,Lab 1,180,162,90.0,Practical,0,0,0,43,7,2,16,0,Afternoon,2026-02-16 14:00:00,76.67,78.33333333333333,77.38,78.15911585365853,6,1.75,SAFE,2
2026-02-16,Monday,5,02:00 PM,Advanced DBMS,Ishwari Gaikwad,4,MCA,A,Lab 2,180,148,82.22,Practical,0,0,0,43,7,2,16,0,Afternoon,2026-02-16 14:00:00,90.0,82.03666666666668,78.64999999999999,78.19510638297872,7,24.0,SAFE,2
2026-02-16,Monday,6,03:00 PM,Financial Management,Prof. Deshmukh,2,MCA,A,Auditorium,180,132,73.33,Theory,0,1,0,43,7,2,16,0,Afternoon,2026-02-16 15:00:00,82.22,82.96333333333332,83.0942857142857,78.20730303030302,8,1.0,WARNING,1
2026-02-16,Monday,6,03:00 PM,Web Development,Akash Upadhayay,4,MCA,A,Auditorium,180,113,62.78,Theory,1,0,0,43,7,2,16,0,Afternoon,2026-02-16 15:00:00,73.33,81.85,82.93571428571428,78.19256797583083,9,24.0,WARNING,1
2026-02-17,Tuesday,1,09:00 AM,Financial Management,Ishwari Gaikwad,4,MCA,A,Room 202,180,111,61.67,Theory,0,0,1,44,7,2,17,0,Morning,2026-02-17 09:00:00,62.78,72.77666666666667,77.61857142857141,78.14614457831325,1,18.0,WARNING,1
2026-02-17,Tuesday,2,10:00 AM,HR Analytics,Prof. Patil,4,MCA,A,Lab 2,180,149,82.78,Practical,0,0,0,44,7,2,17,0,Morning,2026-02-17 10:00:00,61.67,65.92666666666668,75.15857142857143,78.09666666666666,2,1.0,SAFE,2
2026-02-17,Tuesday,4,12:15 PM,Python Programming,Prof. Patil,2,MCA,A,Room 201,180,149,82.78,Theory,0,0,0,44,7,2,17,0,Afternoon,2026-02-17 12:15:00,82.78,69.07666666666667,75.63571428571429,78.1106886227545,3,2.25,SAFE,2
2026-02-17,Tuesday,5,02:00 PM,Cloud Computing,Ishwari Gaikwad,2,MCA,A,Room 202,180,152,84.44,Theory,0,1,0,44,7,2,17,0,Afternoon,2026-02-17 14:00:00,82.78,75.74333333333334,76.50857142857141,78.12462686567164,4,1.75,SAFE,2
2026-02-17,Tuesday,5,02:00 PM,Advanced DBMS,Akash Upadhayay,2,MCA,A,Room 201,180,166,92.22,Theory,0,1,0,44,7,2,17,0,Afternoon,2026-02-17 14:00:00,84.44,83.33333333333333,75.71428571428571,78.14342261904761,5,24.0,SAFE,2
2026-02-18,Wednesday,1,09:00 AM,Web Development,Prof. Sharma,2,MCA,A,Lab 2,180,146,81.11,Practical,0,0,0,45,7,2,18,0,Morning,2026-02-18 09:00:00,92.22,86.48,77.14285714285714,78.18519287833828,1,19.0,SAFE,2
2026-02-18,Wednesday,3,11:15 AM,Advanced DBMS,Prof. Sharma,2,MCA,A,Room 202,180,158,87.78,Theory,0,0,0,45,7,2,18,0,Morning,2026-02-18 11:15:00,81.11,85.92333333333333,78.25428571428571,78.19384615384615,2,2.25,SAFE,2
2026-02-18,Wednesday,4,12:15 PM,Financial Management,Prof. Sharma,4,MCA,A,Room 202,180,150,83.33,Theory,0,0,0,45,7,2,18,0,Afternoon,2026-02-18 12:15:00,87.78,87.03666666666668,81.82571428571428,78.2221238938053,3,1.0,SAFE,2
2026-02-18,Wednesday,4,12:15 PM,HR Analytics,Prof. Sharma,4,MCA,A,Auditorium,180,156,86.67,Theory,0,0,0,45,7,2,18,0,Afternoon,2026-02-18 12:15:00,83.33,84.07333333333334,84.91999999999999,78.23714705882354,4,24.0,SAFE,2
2026-02-18,Wednesday,5,02:00 PM,Machine Learning,Akash Upadhayay,2,MCA,A,Auditorium,180,153,85.0,Theory,0,0,0,45,7,2,18,0,Afternoon,2026-02-18 14:00:00,86.67,85.92666666666666,85.47571428571429,78.26187683284458,5,1.75,SAFE,2
2026-02-18,Wednesday,6,03:00 PM,Cloud Computing,Ishwari Gaikwad,4,MCA,A,Lab 1,180,139,77.22,Practical,0,1,0,45,7,2,18,0,Afternoon,2026-02-18 15:00:00,85.0,85.0,85.79285714285716,78.28157894736842,6,1.0,SAFE,2
2026-02-19,Thursday,1,09:00 AM,Python Programming,Prof. Patil,2,MCA,A,Lab 1,180,131,72.78,Practical,0,0,0,46,7,2,19,0,Morning,2026-02-19 09:00:00,77.22,82.96333333333334,84.76142857142857,78.27848396501457,1,18.0,WARNING,1
2026-02-19,Thursday,4,12:15 PM,Financial Management,Prof. Patil,2,MCA,A,Room 202,180,158,87.78,Theory,0,0,0,46,7,2,19,0,Afternoon,2026-02-19 12:15:00,72.78,78.33333333333333,81.98428571428572,78.2625,2,3.25,SAFE,2
2026-02-19,Thursday,6,03:00 PM,Machine Learning,Prof. Deshmukh,4,MCA,A,Auditorium,180,143,79.44,Theory,0,0,0,46,7,2,19,0,Afternoon,2026-02-19 15:00:00,87.78,79.26,82.93714285714285,78.29008695652175,3,2.75,SAFE,2
2026-02-20,Friday,1,09:00 AM,Machine Learning,Akash Upadhayay,2,MCA,A,Lab 1,180,160,88.89,Practical,0,0,0,47,7,2,20,0,Morning,2026-02-20 09:00:00,79.44,80.0,81.74571428571429,78.29341040462428,1,18.0,SAFE,2
2026-02-20,Friday,2,10:00 AM,Web Development,Prof. Kulkarni,4,MCA,A,Lab 2,180,167,92.78,Practical,0,0,0,47,7,2,20,0,Morning,2026-02-20 10:00:00,88.89,85.37,82.53999999999999,78.32394812680116,2,1.0,SAFE,2
2026-02-20,Friday,5,02:00 PM,Cloud Computing,Prof. Sharma,4,MCA,A,Auditorium,180,153,85.0,Theory,0,1,0,47,7,2,20,0,Afternoon,2026-02-20 14:00:00,92.78,87.03666666666668,83.41285714285713,78.36548850574712,3,4.0,SAFE,2
2026-02-20,Friday,6,03:00 PM,Machine Learning,Prof. Sharma,4,MCA,A,Lab 1,180,125,69.44,Practical,0,0,1,47,7,2,20,0,Afternoon,2026-02-20 15:00:00,85.0,88.89,83.41285714285713,78.38449856733524,4,1.0,WARNING,1
2026-02-21,Saturday,2,10:00 AM,Web Development,Prof. Deshmukh,2,MCA,A,Auditorium,180,101,56.11,Theory,1,0,0,48,7,2,21,1,Morning,2026-02-21 10:00:00,69.44,82.40666666666668,82.30142857142857,78.35894285714286,1,19.0,WARNING,1
2026-02-21,Saturday,5,02:00 PM,Advanced DBMS,Prof. Deshmukh,4,MCA,A,Room 201,180,116,64.44,Theory,1,0,0,48,7,2,21,1,Afternoon,2026-02-21 14:00:00,56.11,70.18333333333332,79.92,78.29555555555557,2,4.0,WARNING,1
2026-02-21,Saturday,6,03:00 PM,Python Programming,Prof. Deshmukh,4,MCA,A,Lab 2,180,123,68.33,Practical,1,0,0,48,7,2,21,1,Afternoon,2026-02-21 15:00:00,64.44,63.330000000000005,76.58571428571429,78.25619318181818,3,1.0,WARNING,1
2026-02-22,Monday,1,09:00 AM,Python Programming,Ishwari Gaikwad,2,MCA,A,Room 201,180,121,67.22,Theory,0,0,0,49,7,2,22,0,Morning,2026-02-22 09:00:00,68.33,62.96,74.99857142857142,78.22807365439093,1,18.0,WARNING,1
2026-02-22,Monday,1,09:00 AM,HR Analytics,Prof. Kulkarni,4,MCA,A,Auditorium,180,125,69.44,Theory,0,0,0,49,7,2,22,0,Morning,2026-02-22 09:00:00,67.22,66.66333333333333,71.90285714285714,78.19697740112994,2,24.0,WARNING,1
2026-02-22,Monday,1,09:00 AM,Financial Management,Prof. Patil,2,MCA,A,Room 201,180,137,76.11,Theory,0,1,0,49,7,2,22,0,Morning,2026-02-22 09:00:00,69.44,68.33,68.56857142857142,78.17230985915492,3,24.0,SAFE,2
2026-02-22,Monday,2,10:00 AM,Financial Management,Ishwari Gaikwad,2,MCA,A,Lab 1,180,149,82.78,Practical,0,0,0,49,7,2,22,0,Morning,2026-02-22 10:00:00,76.11,70.92333333333333,67.29857142857142,78.16651685393258,4,1.0,SAFE,2
2026-02-22,Monday,5,02:00 PM,Machine Learning,Akash Upadhayay,4,MCA,A,Auditorium,180,126,70.0,Theory,1,0,0,49,7,2,22,0,Afternoon,2026-02-22 14:00:00,82.78,76.11,69.2042857142857,78.17943977591037,5,4.0,WARNING,1
2026-02-22,Monday,6,03:00 PM,Machine Learning,Akash Upadhayay,2,MCA,A,Room 201,180,89,49.17,Theory,1,0,0,49,7,2,22,0,Afternoon,2026-02-22 15:00:00,70.0,76.29666666666667,71.18857142857142,78.15659217877095,6,1.0,CRITICAL,0
2026-02-23,Monday,1,09:00 AM,Cloud Computing,Prof. Patil,4,MCA,A,Lab 2,180,139,77.22,Practical,0,1,0,50,8,2,23,0,Morning,2026-02-23 09:00:00,49.17,67.31666666666666,69.00714285714285,78.0758495821727,1,18.0,SAFE,2
2026-02-23,Monday,2,10:00 AM,Financial Management,Akash Upadhayay,2,MCA,A,Room 202,180,150,83.33,Theory,0,0,0,50,8,2,23,0,Morning,2026-02-23 10:00:00,77.22,65.46333333333332,70.27714285714286,78.07347222222222,2,1.0,SAFE,2
2026-02-23,Monday,3,11:15 AM,Python Programming,Prof. Sharma,2,MCA,A,Auditorium,180,143,79.44,Theory,0,1,0,50,8,2,23,0,Morning,2026-02-23 11:15:00,83.33,69.90666666666667,72.57857142857144,78.08803324099722,3,1.25,SAFE,2
2026-02-23,Monday,3,11:15 AM,Advanced DBMS,Ishwari Gaikwad,4,MCA,A,Room 202,180,129,71.67,Theory,1,0,0,50,8,2,23,0,Morning,2026-02-23 11:15:00,79.44,79.99666666666667,74.00714285714285,78.0917679558011,4,24.0,WARNING,1
2026-02-23,Monday,4,12:15 PM,HR Analytics,Prof. Sharma,2,MCA,A,Room 201,180,144,80.0,Theory,0,1,0,50,8,2,23,0,Afternoon,2026-02-23 12:15:00,71.67,78.14666666666666,73.37285714285714,78.07407713498623,5,1.0,SAFE,2
2026-02-23,Monday,4,12:15 PM,Web Development,Akash Upadhayay,2,MCA,A,Lab 2,180,131,72.78,Practical,0,0,1,50,8,2,23,0,Afternoon,2026-02-23 12:15:00,80.0,77.03666666666668,72.97571428571429,78.07936813186814,6,24.0,WARNING,1
2026-02-23,Monday,5,02:00 PM,Python Programming,Prof. Sharma,4,MCA,A,Lab 1,180,134,74.44,Practical,0,1,0,50,8,2,23,0,Afternoon,2026-02-23 14:00:00,72.78,74.81666666666666,73.37285714285714,78.06484931506849,7,1.75,WARNING,1
2026-02-23,Monday,6,03:00 PM,Advanced DBMS,Prof. Kulkarni,2,MCA,A,Room 202,180,128,71.11,Theory,0,0,0,50,8,2,23,0,Afternoon,2026-02-23 15:00:00,74.44,75.74,76.98285714285714,78.05494535519126,8,1.0,WARNING,1
2026-02-24,Tuesday,2,10:00 AM,Advanced DBMS,Prof. Kulkarni,4,MCA,A,Lab 1,180,156,86.67,Practical,0,0,0,51,8,2,24,0,Morning,2026-02-24 10:00:00,71.11,72.77666666666666,76.11,78.03602179836513,1,19.0,SAFE,2
2026-02-24,Tuesday,5,02:00 PM,Web Development,Prof. Patil,4,MCA,A,Lab 1,180,131,72.78,Practical,0,0,1,51,8,2,24,0,Afternoon,2026-02-24 14:00:00,86.67,77.40666666666668,76.58714285714287,78.05948369565218,2,4.0,WARNING,1
2026-02-25,Wednesday,4,12:15 PM,Machine Learning,Prof. Patil,2,MCA,A,Lab 1,180,157,87.22,Practical,0,0,0,52,8,2,25,0,Afternoon,2026-02-25 12:15:00,72.78,76.85333333333334,75.63571428571429,78.04517615176151,1,22.25,SAFE,2
2026-02-25,Wednesday,5,02:00 PM,Financial Management,Prof. Patil,2,MCA,A,Room 201,180,176,97.78,Theory,0,0,0,52,8,2,25,0,Afternoon,2026-02-25 14:00:00,87.22,82.22333333333334,77.85714285714286,78.06997297297298,2,1.75,SAFE,2
2026-02-25,Wednesday,5,02:00 PM,Cloud Computing,Akash Upadhayay,4,MCA,A,Lab 2,180,145,80.56,Practical,0,0,0,52,8,2,25,0,Afternoon,2026-02-25 14:00:00,97.78,85.92666666666666,80.39714285714285,78.12309973045822,3,24.0,SAFE,2
2026-02-25,Wednesday,6,03:00 PM,HR Analytics,Prof. Patil,4,MCA,A,Auditorium,180,98,54.44,Theory,0,1,1,52,8,2,25,0,Afternoon,2026-02-25 15:00:00,80.56,88.52,81.50857142857144,78.1296505376344,4,1.0,WARNING,1
2026-02-26,Thursday,2,10:00 AM,Python Programming,Prof. Sharma,2,MCA,A,Room 201,180,127,70.56,Theory,1,0,0,53,8,2,26,0,Morning,2026-02-26 10:00:00,54.44,77.59333333333332,78.65142857142858,78.06613941018766,1,19.0,WARNING,1
2026-02-26,Thursday,3,11:15 AM,HR Analytics,Prof. Patil,4,MCA,A,Auditorium,180,142,78.89,Theory,0,0,0,53,8,2,26,0,Morning,2026-02-26 11:15:00,70.56,68.52,78.57285714285715,78.04606951871658,2,1.25,SAFE,2
2026-02-26,Thursday,3,11:15 AM,Machine Learning,Ishwari Gaikwad,2,MCA,A,Room 201,180,167,92.78,Theory,0,1,0,53,8,2,26,0,Morning,2026-02-26 11:15:00,78.89,67.96333333333332,77.46142857142857,78.04832,3,24.0,SAFE,2
2026-02-26,Thursday,4,12:15 PM,Financial Management,Prof. Kulkarni,2,MCA,A,Room 202,180,162,90.0,Theory,0,0,0,53,8,2,26,0,Afternoon,2026-02-26 12:15:00,92.78,80.74333333333334,80.31857142857143,78.0875,4,1.0,SAFE,2
2026-02-26,Thursday,4,12:15 PM,Python Programming,Prof. Kulkarni,4,MCA,A,Room 202,180,160,88.89,Theory,0,0,0,53,8,2,26,0,Afternoon,2026-02-26 12:15:00,90.0,87.22333333333334,80.71571428571428,78.11909814323607,5,24.0,SAFE,2
2026-02-26,Thursday,4,12:15 PM,Web Development,Prof. Patil,2,MCA,A,Lab 1,180,174,96.67,Practical,0,0,0,53,8,2,26,0,Afternoon,2026-02-26 12:15:00,88.89,90.55666666666667,79.44571428571429,78.14759259259259,6,24.0,SAFE,2
2026-02-26,Thursday,6,03:00 PM,Web Development,Akash Upadhayay,2,MCA,A,Room 201,180,117,65.0,Theory,0,0,0,53,8,2,26,0,Afternoon,2026-02-26 15:00:00,96.67,91.85333333333334,81.74714285714286,78.19646437994723,7,2.75,WARNING,1
2026-02-27,Friday,4,12:15 PM,HR Analytics,Prof. Deshmukh,2,MCA,A,Auditorium,180,180,100.0,Theory,1,0,0,54,8,2,27,0,Afternoon,2026-02-27 12:15:00,65.0,83.52,83.25571428571428,78.16173684210526,1,21.25,SAFE,2
2026-02-27,Friday,4,12:15 PM,Financial Management,Ishwari Gaikwad,2,MCA,A,Room 201,180,145,80.56,Theory,0,0,0,54,8,2,27,0,Afternoon,2026-02-27 12:15:00,100.0,87.22333333333334,87.46142857142857,78.21905511811023,2,24.0,SAFE,2
2026-02-28,Saturday,1,09:00 AM,Advanced DBMS,Ishwari Gaikwad,4,MCA,A,Auditorium,180,124,68.89,Theory,0,0,0,55,8,2,28,1,Morning,2026-02-28 09:00:00,80.56,81.85333333333334,87.70000000000002,78.2251832460733,1,20.75,WARNING,1
2026-02-28,Saturday,5,02:00 PM,Web Development,Akash Upadhayay,4,MCA,A,Lab 2,180,164,91.11,Practical,0,0,0,55,8,2,28,1,Afternoon,2026-02-28 14:00:00,68.89,83.14999999999999,84.28714285714287,78.2008093994778,2,5.0,SAFE,2
2026-02-28,Saturday,6,03:00 PM,Cloud Computing,Prof. Deshmukh,2,MCA,A,Lab 2,180,137,76.11,Practical,0,0,0,55,8,2,28,1,Afternoon,2026-02-28 15:00:00,91.11,80.18666666666667,84.44571428571429,78.23442708333333,3,1.0,SAFE,2
2026-03-01,Monday,1,09:00 AM,Machine Learning,Prof. Patil,2,MCA,A,Room 201,180,130,72.22,Theory,0,0,0,56,8,3,1,0,Morning,2026-03-01 09:00:00,76.11,78.70333333333333,82.62,77.55704545454546,1,18.0,WARNING,1
2026-03-02,Monday,3,11:15 AM,HR Analytics,Prof. Sharma,2,MCA,A,Auditorium,180,152,84.44,Theory,0,0,0,57,9,3,2,0,Morning,2026-03-02 11:15:00,72.22,79.81333333333333,79.12714285714286,77.53977346278317,1,26.25,SAFE,2
2026-03-02,Monday,3,11:15 AM,Cloud Computing,Prof. Sharma,2,MCA,A,Room 201,180,118,65.56,Theory,1,0,0,57,9,3,2,0,Morning,2026-03-02 11:15:00,84.44,77.58999999999999,81.90428571428572,77.56203225806452,2,24.0,WARNING,1
2026-03-02,Monday,4,12:15 PM,Machine Learning,Prof. Kulkarni,2,MCA,A,Lab 2,180,139,77.22,Practical,0,0,0,57,9,3,2,0,Afternoon,2026-03-02 12:15:00,65.56,74.07333333333334,76.98428571428572,77.52344051446946,3,1.0,SAFE,2
2026-03-02,Monday,5,02:00 PM,Cloud Computing,Prof. Sharma,2,MCA,A,Lab 1,180,164,91.11,Practical,0,0,0,57,9,3,2,0,Afternoon,2026-03-02 14:00:00,77.22,75.74,76.50714285714285,77.52246794871795,4,1.75,SAFE,2
2026-03-02,Monday,6,03:00 PM,Python Programming,Prof. Patil,2,MCA,A,Auditorium,180,108,60.0,Theory,0,0,0,57,9,3,2,0,Afternoon,2026-03-02 15:00:00,91.11,77.96333333333332,79.68142857142857,77.5658785942492,5,1.0,WARNING,1
2026-03-03,Tuesday,1,09:00 AM,Web Development,Ishwari Gaikwad,4,MCA,A,Auditorium,180,134,74.44,Theory,0,1,0,58,9,3,3,0,Morning,2026-03-03 09:00:00,60.0,76.11,75.23714285714286,77.50993630573248,1,18.0,WARNING,1
2026-03-03,Tuesday,3,11:15 AM,Python Programming,Prof. Sharma,2,MCA,A,Lab 2,180,168,93.33,Practical,0,0,0,58,9,3,3,0,Morning,2026-03-03 11:15:00,74.44,75.18333333333334,74.99857142857142,77.50019047619048,2,2.25,SAFE,2
2026-03-03,Tuesday,4,12:15 PM,Cloud Computing,Prof. Patil,4,MCA,A,Lab 2,180,176,97.78,Practical,0,0,0,58,9,3,3,0,Afternoon,2026-03-03 12:15:00,93.33,75.92333333333333,78.01428571428572,77.55028481012658,3,1.0,SAFE,2
2026-03-03,Tuesday,4,12:15 PM,Financial Management,Prof. Sharma,4,MCA,A,Lab 1,180,158,87.78,Practical,0,1,0,58,9,3,3,0,Afternoon,2026-03-03 12:15:00,97.78,88.51666666666665,79.92,77.61410094637223,4,24.0,SAFE,2
2026-03-03,Tuesday,4,12:15 PM,Cloud Computing,Ishwari Gaikwad,4,MCA,A,Room 202,180,151,83.89,Theory,0,0,0,58,9,3,3,0,Afternoon,2026-03-03 12:15:00,87.78,92.96333333333332,83.0942857142857,77.64606918238994,5,24.0,SAFE,2
2026-03-03,Tuesday,6,03:00 PM,Cloud Computing,Ishwari Gaikwad,4,MCA,A,Lab 1,180,151,83.89,Practical,0,0,0,58,9,3,3,0,Afternoon,2026-03-03 15:00:00,83.89,89.81666666666666,84.04714285714284,77.66564263322884,6,2.75,SAFE,2
2026-03-04,Wednesday,1,09:00 AM,Web Development,Ishwari Gaikwad,2,MCA,A,Lab 1,180,166,92.22,Practical,0,0,0,59,9,3,4,0,Morning,2026-03-04 09:00:00,83.89,85.18666666666667,83.01571428571428,77.68509375,1,18.0,SAFE,2
2026-03-04,Wednesday,2,10:00 AM,Advanced DBMS,Prof. Deshmukh,2,MCA,A,Lab 2,180,169,93.89,Practical,0,0,0,59,9,3,4,0,Morning,2026-03-04 10:00:00,92.22,86.66666666666667,87.61857142857141,77.73037383177571,2,1.0,SAFE,2
2026-03-04,Wednesday,3,11:15 AM,Advanced DBMS,Prof. Deshmukh,4,MCA,A,Lab 2,180,153,85.0,Practical,0,0,0,59,9,3,4,0,Morning,2026-03-04 11:15:00,93.89,90.0,90.39714285714285,77.78055900621118,3,1.25,SAFE,2
2026-03-04,Wednesday,3,11:15 AM,Cloud Computing,Prof. Kulkarni,4,MCA,A,Lab 2,180,164,91.11,Practical,1,0,0,59,9,3,4,0,Morning,2026-03-04 11:15:00,85.0,90.37,89.20714285714287,77.80291021671826,4,24.0,SAFE,2
2026-03-04,Wednesday,4,12:15 PM,Python Programming,Prof. Deshmukh,4,MCA,A,Room 202,180,131,72.78,Theory,0,0,1,59,9,3,4,0,Afternoon,2026-03-04 12:15:00,91.11,90.0,88.25428571428571,77.84398148148148,5,1.0,WARNING,1
2026-03-04,Wednesday,4,12:15 PM,Cloud Computing,Prof. Patil,2,MCA,A,Room 202,180,169,93.89,Theory,0,0,0,59,9,3,4,0,Afternoon,2026-03-04 12:15:00,72.78,82.96333333333334,86.11142857142859,77.8284,6,24.0,SAFE,2
2026-03-04,Wednesday,5,02:00 PM,Python Programming,Prof. Deshmukh,4,MCA,A,Auditorium,180,89,49.17,Theory,0,0,0,59,9,3,4,0,Afternoon,2026-03-04 14:00:00,93.89,85.92666666666666,87.54,77.87766871165644,7,1.75,CRITICAL,0
2026-03-04,Wednesday,5,02:00 PM,Cloud Computing,Prof. Kulkarni,4,MCA,A,Auditorium,180,138,76.67,Theory,0,0,0,59,9,3,4,0,Afternoon,2026-03-04 14:00:00,49.17,71.94666666666667,82.58,77.78987767584098,8,24.0,SAFE,2
2026-03-04,Wednesday,6,03:00 PM,HR Analytics,Akash Upadhayay,2,MCA,A,Lab 1,180,147,81.67,Practical,0,0,0,59,9,3,4,0,Afternoon,2026-03-04 15:00:00,76.67,73.24333333333334,80.35857142857142,77.78646341463414,9,1.0,SAFE,2
2026-03-05,Thursday,3,11:15 AM,HR Analytics,Prof. Kulkarni,4,MCA,A,Lab 2,180,162,90.0,Practical,0,0,0,60,9,3,5,0,Morning,2026-03-05 11:15:00,81.67,69.17,78.61285714285714,77.79826747720365,1,20.25,SAFE,2
2026-03-05,Thursday,4,12:15 PM,Advanced DBMS,Akash Upadhayay,4,MCA,A,Lab 1,180,140,77.78,Practical,1,0,0,60,9,3,5,0,Afternoon,2026-03-05 12:15:00,90.0,82.77999999999999,79.32714285714285,77.83524242424242,2,1.0,SAFE,2
2026-03-05,Thursday,5,02:00 PM,HR Analytics,Akash Upadhayay,2,MCA,A,Lab 2,180,176,97.78,Practical,0,0,0,60,9,3,5,0,Afternoon,2026-03-05 14:00:00,77.78,83.14999999999999,77.42285714285715,77.83507552870091,3,1.75,SAFE,2
2026-03-06,Friday,1,09:00 AM,Web Development,Prof. Sharma,2,MCA,A,Lab 2,180,149,82.78,Practical,0,1,0,61,9,3,6,0,Morning,2026-03-06 09:00:00,97.78,88.52,80.99428571428572,77.89515060240963,1,19.0,SAFE,2
2026-03-06,Friday,1,09:00 AM,Machine Learning,Prof. Kulkarni,4,MCA,A,Auditorium,180,180,100.0,Theory,0,0,0,61,9,3,6,0,Morning,2026-03-06 09:00:00,82.78,86.11333333333333,79.40714285714286,77.90981981981983,2,24.0,SAFE,2
2026-03-06,Friday,1,09:00 AM,HR Analytics,Akash Upadhayay,2,MCA,A,Room 201,180,140,77.78,Theory,0,0,0,61,9,3,6,0,Morning,2026-03-06 09:00:00,100.0,93.52,86.66857142857144,77.97595808383234,3,24.0,SAFE,2
2026-03-06,Friday,3,11:15 AM,HR Analytics,Prof. Kulkarni,4,MCA,A,Room 201,180,157,87.22,Theory,0,0,0,61,9,3,6,0,Morning,2026-03-06 11:15:00,77.78,86.85333333333334,86.82714285714285,77.97537313432836,4,2.25,SAFE,2
2026-03-06,Friday,5,02:00 PM,Financial Management,Akash Upadhayay,2,MCA,A,Room 201,180,142,78.89,Theory,0,0,0,61,9,3,6,0,Afternoon,2026-03-06 14:00:00,87.22,88.33333333333333,87.62,78.00288690476191,5,2.75,SAFE,2
2026-03-06,Friday,5,02:00 PM,Web Development,Prof. Sharma,2,MCA,A,Room 201,180,89,49.17,Theory,0,0,0,61,9,3,6,0,Afternoon,2026-03-06 14:00:00,78.89,81.29666666666667,86.03285714285714,78.00551928783383,6,24.0,CRITICAL,0
2026-03-07,Saturday,1,09:00 AM,Advanced DBMS,Prof. Deshmukh,4,MCA,A,Room 201,180,141,78.33,Theory,0,0,0,62,9,3,7,1,Morning,2026-03-07 09:00:00,49.17,71.76,81.94571428571429,77.92020710059171,1,19.0,SAFE,2
2026-03-07,Saturday,2,10:00 AM,Python Programming,Prof. Deshmukh,4,MCA,A,Room 202,180,126,70.0,Theory,0,0,0,62,9,3,7,1,Morning,2026-03-07 10:00:00,78.33,68.79666666666667,79.16714285714285,77.92141592920355,2,1.0,WARNING,1
2026-03-07,Saturday,4,12:15 PM,Machine Learning,Prof. Sharma,2,MCA,A,Room 201,180,100,55.56,Theory,1,0,1,62,9,3,7,1,Afternoon,2026-03-07 12:15:00,70.0,65.83333333333333,77.34142857142857,77.89811764705883,3,2.25,WARNING,1
2026-03-07,Saturday,5,02:00 PM,Financial Management,Ishwari Gaikwad,4,MCA,A,Lab 2,180,140,77.78,Practical,0,0,0,62,9,3,7,1,Afternoon,2026-03-07 14:00:00,55.56,67.96333333333332,70.99285714285715,77.83260997067448,4,1.75,SAFE,2
2026-03-07,Saturday,5,02:00 PM,Web Development,Prof. Kulkarni,4,MCA,A,Auditorium,180,119,66.11,Theory,0,0,0,62,9,3,7,1,Afternoon,2026-03-07 14:00:00,77.78,67.78,70.99285714285715,77.83245614035089,5,24.0,WARNING,1
2026-03-08,Monday,3,11:15 AM,Advanced DBMS,Prof. Deshmukh,4,MCA,A,Room 202,180,137,76.11,Theory,0,0,0,63,9,3,8,0,Morning,2026-03-08 11:15:00,66.11,66.48333333333333,67.97714285714287,77.79827988338192,1,21.25,SAFE,2
2026-03-08,Monday,3,11:15 AM,HR Analytics,Prof. Deshmukh,2,MCA,A,Lab 1,180,132,73.33,Practical,1,0,0,63,9,3,8,0,Morning,2026-03-08 11:15:00,76.11,73.33333333333333,67.58000000000001,77.79337209302325,2,24.0,WARNING,1
2026-03-08,Monday,4,12:15 PM,Web Development,Prof. Patil,2,MCA,A,Auditorium,180,112,62.22,Theory,1,0,0,63,9,3,8,0,Afternoon,2026-03-08 12:15:00,73.33,71.85000000000001,71.03142857142858,77.7804347826087,3,1.0,WARNING,1
2026-03-08,Monday,5,02:00 PM,HR Analytics,Akash Upadhayay,2,MCA,A,Room 201,180,160,88.89,Theory,0,0,0,63,9,3,8,0,Afternoon,2026-03-08 14:00:00,62.22,70.55333333333333,68.72999999999999,77.73546242774567,4,1.75,SAFE,2
2026-03-08,Monday,5,02:00 PM,Python Programming,Prof. Sharma,4,MCA,A,Room 201,180,126,70.0,Theory,0,1,1,63,9,3,8,0,Afternoon,2026-03-08 14:00:00,88.89,74.81333333333333,71.42857142857143,77.76760806916427,5,24.0,WARNING,1
2026-03-08,Monday,6,03:00 PM,HR Analytics,Prof. Kulkarni,2,MCA,A,Room 201,180,140,77.78,Theory,0,0,0,63,9,3,8,0,Afternoon,2026-03-08 15:00:00,70.0,73.70333333333333,73.49142857142856,77.74528735632184,6,1.0,SAFE,2
2026-03-09,Monday,1,09:00 AM,Financial Management,Prof. Deshmukh,4,MCA,A,Room 202,180,130,72.22,Theory,0,0,0,64,10,3,9,0,Morning,2026-03-09 09:00:00,77.78,78.89,73.49142857142859,77.74538681948424,1,18.0,WARNING,1
2026-03-09,Monday,4,12:15 PM,Python Programming,Akash Upadhayay,4,MCA,A,Lab 2,180,176,97.78,Practical,0,0,0,64,10,3,9,0,Afternoon,2026-03-09 12:15:00,72.22,73.33333333333333,74.36428571428571,77.7296,2,3.25,SAFE,2
2026-03-09,Monday,5,02:00 PM,Financial Management,Akash Upadhayay,4,MCA,A,Auditorium,180,140,77.78,Theory,0,1,0,64,10,3,9,0,Afternoon,2026-03-09 14:00:00,97.78,82.59333333333333,77.46000000000001,77.78672364672364,3,1.75,SAFE,2
2026-03-09,Monday,6,03:00 PM,Python Programming,Prof. Deshmukh,2,MCA,A,Lab 2,180,133,73.89,Practical,1,0,0,64,10,3,9,0,Afternoon,2026-03-09 15:00:00,77.78,82.59333333333333,78.09571428571428,77.78670454545454,4,1.0,WARNING,1
2026-03-09,Monday,6,03:00 PM,HR Analytics,Akash Upadhayay,2,MCA,A,Lab 1,180,112,62.22,Practical,0,0,0,64,10,3,9,0,Afternoon,2026-03-09 15:00:00,73.89,83.14999999999999,79.76285714285714,77.77566572237961,5,24.0,WARNING,1
2026-03-09,Monday,6,03:00 PM,Python Programming,Prof. Kulkarni,2,MCA,A,Auditorium,180,157,87.22,Theory,0,0,0,64,10,3,9,0,Afternoon,2026-03-09 15:00:00,62.22,71.29666666666667,75.95285714285716,77.7317231638418,6,24.0,SAFE,2
2026-03-10,Tuesday,2,10:00 AM,Cloud Computing,Prof. Kulkarni,4,MCA,A,Room 201,180,135,75.0,Theory,0,0,1,65,10,3,10,0,Morning,2026-03-10 10:00:00,87.22,74.44333333333333,78.41285714285713,77.75845070422535,1,19.0,WARNING,1
2026-03-10,Tuesday,5,02:00 PM,Python Programming,Prof. Kulkarni,4,MCA,A,Room 202,180,141,78.33,Theory,0,0,0,65,10,3,10,0,Afternoon,2026-03-10 14:00:00,75.0,74.81333333333333,78.01571428571428,77.75070224719101,2,4.0,SAFE,2
2026-03-11,Wednesday,2,10:00 AM,Python Programming,Prof. Patil,2,MCA,A,Room 202,180,150,83.33,Theory,1,0,0,66,10,3,11,0,Morning,2026-03-11 10:00:00,78.33,80.18333333333332,78.88857142857144,77.75232492997199,1,20.0,SAFE,2
2026-03-11,Wednesday,5,02:00 PM,Machine Learning,Prof. Kulkarni,4,MCA,A,Room 202,180,152,84.44,Theory,0,0,0,66,10,3,11,0,Afternoon,2026-03-11 14:00:00,83.33,78.88666666666666,76.82428571428571,77.76790502793295,2,4.0,SAFE,2
2026-03-12,Thursday,3,11:15 AM,Machine Learning,Prof. Kulkarni,2,MCA,A,Lab 2,180,176,97.78,Practical,0,0,0,67,10,3,12,0,Morning,2026-03-12 11:15:00,84.44,82.03333333333332,77.7757142857143,77.78649025069637,1,21.25,SAFE,2
2026-03-12,Thursday,3,11:15 AM,Python Programming,Prof. Kulkarni,2,MCA,A,Room 201,180,89,49.17,Theory,0,1,0,67,10,3,12,0,Morning,2026-03-12 11:15:00,97.78,88.51666666666667,81.18857142857142,77.84202777777779,2,24.0,CRITICAL,0
2026-03-12,Thursday,5,02:00 PM,Advanced DBMS,Prof. Sharma,4,MCA,A,Lab 1,180,161,89.44,Practical,0,0,0,67,10,3,12,0,Afternoon,2026-03-12 14:00:00,49.17,77.13000000000001,79.32428571428571,77.76260387811634,3,2.75,SAFE,2
2026-03-13,Friday,3,11:15 AM,Python Programming,Akash Upadhayay,4,MCA,A,Room 202,180,141,78.33,Theory,0,0,0,68,10,3,13,0,Morning,2026-03-13 11:15:00,89.44,78.79666666666667,79.64142857142858,77.79486187845305,1,21.25,SAFE,2
2026-03-13,Friday,4,12:15 PM,Financial Management,Ishwari Gaikwad,2,MCA,A,Lab 2,180,180,100.0,Practical,0,0,0,68,10,3,13,0,Afternoon,2026-03-13 12:15:00,78.33,72.31333333333333,80.11714285714285,77.79633608815426,2,1.0,SAFE,2
2026-03-13,Friday,4,12:15 PM,Python Programming,Prof. Patil,4,MCA,A,Lab 2,180,143,79.44,Practical,0,0,0,68,10,3,13,0,Afternoon,2026-03-13 12:15:00,100.0,89.25666666666666,83.21285714285715,77.85733516483516,3,24.0,SAFE,2
2026-03-13,Friday,5,02:00 PM,HR Analytics,Prof. Deshmukh,4,MCA,A,Room 201,180,154,85.56,Theory,0,0,0,68,10,3,13,0,Afternoon,2026-03-13 14:00:00,79.44,85.92333333333333,82.65714285714286,77.8616712328767,4,1.75,SAFE,2
2026-03-13,Friday,6,03:00 PM,HR Analytics,Prof. Kulkarni,4,MCA,A,Lab 1,180,89,49.17,Practical,1,0,1,68,10,3,13,0,Afternoon,2026-03-13 15:00:00,85.56,88.33333333333333,82.81714285714285,77.88270491803279,5,1.0,CRITICAL,0
2026-03-14,Saturday,2,10:00 AM,Cloud Computing,Prof. Patil,4,MCA,A,Lab 1,180,150,83.33,Practical,0,0,0,69,10,3,14,1,Morning,2026-03-14 10:00:00,49.17,71.39,75.87285714285714,77.80446866485013,1,19.0,SAFE,2
2026-03-14,Saturday,2,10:00 AM,Web Development,Ishwari Gaikwad,4,MCA,A,Lab 2,180,136,75.56,Practical,0,0,0,69,10,3,14,1,Morning,2026-03-14 10:00:00,83.33,72.68666666666667,80.75285714285714,77.81948369565217,2,24.0,SAFE,2
2026-03-14,Saturday,3,11:15 AM,Financial Management,Akash Upadhayay,4,MCA,A,Lab 2,180,161,89.44,Practical,0,0,0,69,10,3,14,1,Morning,2026-03-14 11:15:00,75.56,69.35333333333334,78.77,77.81336043360434,3,1.25,SAFE,2
2026-03-14,Saturday,4,12:15 PM,Python Programming,Prof. Patil,4,MCA,A,Room 201,180,136,75.56,Theory,0,0,0,69,10,3,14,1,Afternoon,2026-03-14 12:15:00,89.44,82.77666666666666,80.35714285714286,77.84478378378378,4,1.0,SAFE,2
2026-03-14,Saturday,6,03:00 PM,Advanced DBMS,Akash Upadhayay,2,MCA,A,Room 201,180,125,69.44,Theory,0,0,0,69,10,3,14,1,Afternoon,2026-03-14 15:00:00,75.56,80.18666666666667,76.86571428571428,77.83862533692722,5,2.75,WARNING,1
2026-03-15,Monday,2,10:00 AM,Web Development,Prof. Sharma,4,MCA,A,Lab 2,180,148,82.22,Practical,0,0,0,70,10,3,15,0,Morning,2026-03-15 10:00:00,69.44,78.14666666666666,75.43714285714285,77.81604838709677,1,19.0,SAFE,2
2026-03-15,Monday,2,10:00 AM,Cloud Computing,Akash Upadhayay,2,MCA,A,Room 201,180,149,82.78,Theory,0,0,0,70,10,3,15,0,Morning,2026-03-15 10:00:00,82.22,75.74000000000001,74.96000000000001,77.82785522788204,2,24.0,SAFE,2
2026-03-15,Monday,3,11:15 AM,HR Analytics,Akash Upadhayay,2,MCA,A,Lab 1,180,126,70.0,Practical,0,0,0,70,10,3,15,0,Morning,2026-03-15 11:15:00,82.78,78.14666666666666,79.76142857142858,77.8410962566845,3,1.25,WARNING,1
2026-03-15,Monday,3,11:15 AM,Python Programming,Akash Upadhayay,2,MCA,A,Auditorium,180,143,79.44,Theory,0,0,0,70,10,3,15,0,Morning,2026-03-15 11:15:00,70.0,78.33333333333333,77.85714285714286,77.82018666666667,4,24.0,SAFE,2
2026-03-15,Monday,5,02:00 PM,Cloud Computing,Prof. Patil,4,MCA,A,Room 202,180,137,76.11,Theory,0,0,0,70,10,3,15,0,Afternoon,2026-03-15 14:00:00,79.44,77.40666666666665,78.41142857142857,77.82449468085106,5,2.75,SAFE,2
2026-03-15,Monday,5,02:00 PM,Cloud Computing,Prof. Kulkarni,2,MCA,A,Room 202,180,111,61.67,Theory,0,1,1,70,10,3,15,0,Afternoon,2026-03-15 14:00:00,76.11,75.18333333333334,76.50714285714285,77.81994694960211,6,24.0,WARNING,1
2026-03-16,Monday,2,10:00 AM,Web Development,Prof. Deshmukh,4,MCA,A,Lab 2,180,145,80.56,Practical,0,0,0,71,11,3,16,0,Morning,2026-03-16 10:00:00,61.67,72.40666666666668,74.52285714285713,77.77722222222222,1,20.0,SAFE,2
2026-03-16,Monday,4,12:15 PM,Machine Learning,Akash Upadhayay,4,MCA,A,Room 202,180,143,79.17,Theory,0,0,0,71,11,3,16,0,Afternoon,2026-03-16 12:15:00,80.56,72.78000000000002,76.11142857142856,77.78456464379947,2,2.25,SAFE,2
2026-03-16,Monday,6,03:00 PM,Web Development,Akash Upadhayay,2,MCA,A,Room 201,180,108,60.0,Theory,0,0,0,71,11,3,16,0,Afternoon,2026-03-16 15:00:00,79.17,73.8,75.67571428571429,77.7882105263158,3,2.75,WARNING,1
2026-03-17,Tuesday,1,09:00 AM,Financial Management,Prof. Deshmukh,4,MCA,A,Lab 1,180,145,80.56,Practical,0,0,0,72,11,3,17,0,Morning,2026-03-17 09:00:00,60.0,73.24333333333334,72.42142857142856,77.74152230971129,1,18.0,SAFE,2
2026-03-17,Tuesday,1,09:00 AM,HR Analytics,Prof. Sharma,4,MCA,A,Room 201,180,147,81.67,Theory,0,0,0,72,11,3,17,0,Morning,2026-03-17 09:00:00,80.56,73.24333333333334,73.92999999999999,77.74890052356021,2,24.0,SAFE,2
2026-03-17,Tuesday,3,11:15 AM,Machine Learning,Prof. Deshmukh,4,MCA,A,Lab 2,180,171,95.0,Practical,0,0,0,72,11,3,17,0,Morning,2026-03-17 11:15:00,81.67,74.07666666666667,74.24857142857142,77.75913838120104,3,2.25,SAFE,2
2026-03-17,Tuesday,3,11:15 AM,Machine Learning,Ishwari Gaikwad,2,MCA,A,Lab 2,180,176,97.78,Practical,0,0,0,72,11,3,17,0,Morning,2026-03-17 11:15:00,95.0,85.74333333333334,76.94714285714285,77.80403645833333,4,24.0,SAFE,2
2026-03-17,Tuesday,4,12:15 PM,Cloud Computing,Akash Upadhayay,2,MCA,A,Room 202,180,116,64.44,Theory,0,0,1,72,11,3,17,0,Afternoon,2026-03-17 12:15:00,97.78,91.48333333333333,82.10571428571428,77.85592207792207,5,1.0,WARNING,1
2026-03-18,Wednesday,1,09:00 AM,Web Development,Prof. Sharma,2,MCA,A,Room 201,180,123,68.33,Theory,0,1,1,73,11,3,18,0,Morning,2026-03-18 09:00:00,64.44,85.74,79.80285714285715,77.82116580310881,1,20.75,WARNING,1
2026-03-18,Wednesday,2,10:00 AM,Financial Management,Prof. Kulkarni,2,MCA,A,Auditorium,180,173,96.11,Theory,0,0,0,73,11,3,18,0,Morning,2026-03-18 10:00:00,68.33,76.85,78.25428571428571,77.79664082687339,2,1.0,SAFE,2
2026-03-18,Wednesday,3,11:15 AM,HR Analytics,Ishwari Gaikwad,2,MCA,A,Auditorium,180,128,71.11,Theory,0,0,0,73,11,3,18,0,Morning,2026-03-18 11:15:00,96.11,76.29333333333334,83.41285714285713,77.84384020618556,3,1.25,WARNING,1
2026-03-18,Wednesday,4,12:15 PM,Python Programming,Ishwari Gaikwad,4,MCA,A,Room 201,180,147,81.67,Theory,0,0,0,73,11,3,18,0,Afternoon,2026-03-18 12:15:00,71.11,78.51666666666667,82.06285714285715,77.826529562982,4,1.0,SAFE,2
2026-03-18,Wednesday,5,02:00 PM,HR Analytics,Ishwari Gaikwad,4,MCA,A,Room 201,180,119,66.11,Theory,1,0,1,73,11,3,18,0,Afternoon,2026-03-18 14:00:00,81.67,82.96333333333332,82.06285714285714,77.83638461538462,5,1.75,WARNING,1
2026-03-19,Thursday,2,10:00 AM,Machine Learning,Prof. Deshmukh,4,MCA,A,Room 201,180,159,88.33,Theory,0,0,0,74,11,3,19,0,Morning,2026-03-19 10:00:00,66.11,72.96333333333332,77.93571428571428,77.80639386189259,1,20.0,SAFE,2
2026-03-19,Thursday,2,10:00 AM,Financial Management,Prof. Sharma,2,MCA,A,Lab 2,180,149,82.78,Practical,0,0,0,74,11,3,19,0,Morning,2026-03-19 10:00:00,88.33,78.70333333333333,76.58571428571429,77.83323979591837,2,24.0,SAFE,2
2026-03-19,Thursday,6,03:00 PM,Cloud Computing,Akash Upadhayay,2,MCA,A,Lab 1,180,150,83.33,Practical,0,0,0,74,11,3,19,0,Afternoon,2026-03-19 15:00:00,82.78,79.07333333333332,79.2057142857143,77.84582697201017,3,5.0,SAFE,2
2026-03-20,Friday,1,09:00 AM,Cloud Computing,Prof. Sharma,2,MCA,A,Room 202,180,132,73.33,Theory,0,0,0,75,11,3,20,0,Morning,2026-03-20 09:00:00,83.33,84.81333333333333,81.34857142857142,77.85974619289341,1,18.0,WARNING,1
2026-03-21,Saturday,2,10:00 AM,Web Development,Prof. Kulkarni,4,MCA,A,Room 201,180,148,82.22,Theory,0,0,0,76,11,3,21,1,Morning,2026-03-21 10:00:00,73.33,79.81333333333333,78.0942857142857,77.84827848101266,1,25.0,SAFE,2
2026-03-21,Saturday,3,11:15 AM,Financial Management,Prof. Sharma,4,MCA,A,Room 201,180,149,82.78,Theory,0,0,0,76,11,3,21,1,Morning,2026-03-21 11:15:00,82.22,79.62666666666667,79.68142857142857,77.85931818181818,2,1.25,SAFE,2
2026-03-21,Saturday,4,12:15 PM,Web Development,Prof. Kulkarni,2,MCA,A,Lab 2,180,139,77.22,Practical,0,0,0,76,11,3,21,1,Afternoon,2026-03-21 12:15:00,82.78,79.44333333333333,79.84,77.8717128463476,3,1.0,SAFE,2
2026-03-21,Saturday,4,12:15 PM,Cloud Computing,Prof. Deshmukh,2,MCA,A,Room 202,180,114,63.33,Theory,1,1,0,76,11,3,21,1,Afternoon,2026-03-21 12:15:00,77.22,80.74000000000001,81.42714285714285,77.87007537688443,4,24.0,WARNING,1
2026-03-21,Saturday,4,12:15 PM,HR Analytics,Ishwari Gaikwad,4,MCA,A,Auditorium,180,122,67.78,Theory,1,0,0,76,11,3,21,1,Afternoon,2026-03-21 12:15:00,63.33,74.44333333333333,77.85571428571428,77.83363408521303,5,24.0,WARNING,1
2026-03-21,Saturday,5,02:00 PM,Cloud Computing,Ishwari Gaikwad,4,MCA,A,Room 202,180,136,75.56,Theory,0,1,0,76,11,3,21,1,Afternoon,2026-03-21 14:00:00,67.78,69.44333333333334,75.71285714285715,77.80850000000001,6,1.75,SAFE,2
2026-03-21,Saturday,5,02:00 PM,Machine Learning,Prof. Patil,2,MCA,A,Auditorium,180,127,70.56,Theory,0,0,0,76,11,3,21,1,Afternoon,2026-03-21 14:00:00,75.56,68.89,74.60285714285715,77.8028927680798,7,24.0,WARNING,1
2026-03-21,Saturday,6,03:00 PM,Financial Management,Prof. Deshmukh,4,MCA,A,Room 202,180,131,72.78,Theory,0,0,0,76,11,3,21,1,Afternoon,2026-03-21 15:00:00,70.56,71.3,74.20714285714287,77.78487562189055,8,1.0,WARNING,1
2026-03-21,Saturday,6,03:00 PM,Web Development,Ishwari Gaikwad,2,MCA,A,Lab 1,180,155,86.11,Practical,0,0,0,76,11,3,21,1,Afternoon,2026-03-21 15:00:00,72.78,72.96666666666667,72.85857142857142,77.77245657568238,9,24.0,SAFE,2
2026-03-22,Monday,1,09:00 AM,Python Programming,Prof. Kulkarni,4,MCA,A,Auditorium,180,111,61.67,Theory,0,1,0,77,11,3,22,0,Morning,2026-03-22 09:00:00,86.11,76.48333333333333,73.33428571428571,77.79309405940595,1,18.0,WARNING,1
2026-03-22,Monday,2,10:00 AM,Web Development,Prof. Kulkarni,2,MCA,A,Room 201,180,123,68.33,Theory,0,0,0,77,11,3,22,0,Morning,2026-03-22 10:00:00,61.67,73.52,71.11285714285715,77.75328395061729,2,1.0,WARNING,1
2026-03-22,Monday,3,11:15 AM,Financial Management,Prof. Kulkarni,4,MCA,A,Auditorium,180,176,97.78,Theory,0,0,0,77,11,3,22,0,Morning,2026-03-22 11:15:00,68.33,72.03666666666668,71.82714285714286,77.73007389162562,3,1.25,SAFE,2
2026-03-22,Monday,5,02:00 PM,Web Development,Akash Upadhayay,4,MCA,A,Lab 1,180,154,85.56,Practical,0,0,0,77,11,3,22,0,Afternoon,2026-03-22 14:00:00,97.78,75.92666666666666,76.11285714285714,77.77933660933661,4,2.75,SAFE,2
2026-03-22,Monday,6,03:00 PM,Web Development,Ishwari Gaikwad,2,MCA,A,Lab 1,180,135,75.0,Practical,0,0,0,77,11,3,22,0,Afternoon,2026-03-22 15:00:00,85.56,83.89,77.54142857142857,77.7984068627451,5,1.0,WARNING,1
2026-03-23,Monday,1,09:00 AM,Machine Learning,Prof. Kulkarni,2,MCA,A,Lab 1,180,128,71.11,Practical,0,0,0,78,12,3,23,0,Morning,2026-03-23 09:00:00,75.0,86.11333333333334,78.17571428571429,77.79156479217603,1,18.0,WARNING,1
2026-03-23,Monday,1,09:00 AM,Financial Management,Prof. Patil,4,MCA,A,Auditorium,180,142,78.89,Theory,0,0,0,78,12,3,23,0,Morning,2026-03-23 09:00:00,71.11,77.22333333333333,77.93714285714286,77.77526829268292,2,24.0,SAFE,2
2026-03-23,Monday,3,11:15 AM,Web Development,Prof. Deshmukh,4,MCA,A,Auditorium,180,140,77.78,Theory,0,0,0,78,12,3,23,0,Morning,2026-03-23 11:15:00,78.89,75.0,76.9057142857143,77.77798053527981,3,2.25,SAFE,2
2026-03-23,Monday,5,02:00 PM,Advanced DBMS,Prof. Kulkarni,2,MCA,A,Auditorium,180,126,70.0,Theory,0,0,0,78,12,3,23,0,Afternoon,2026-03-23 14:00:00,77.78,75.92666666666668,79.20714285714287,77.7779854368932,4,2.75,WARNING,1
2026-03-24,Tuesday,1,09:00 AM,Machine Learning,Prof. Kulkarni,2,MCA,A,Auditorium,180,120,66.67,Theory,0,0,0,79,12,3,24,0,Morning,2026-03-24 09:00:00,70.0,75.55666666666667,79.44571428571429,77.75915254237287,1,19.0,WARNING,1
2026-03-24,Tuesday,2,10:00 AM,Machine Learning,Prof. Deshmukh,2,MCA,A,Room 201,180,133,73.89,Theory,0,0,0,79,12,3,24,0,Morning,2026-03-24 10:00:00,66.67,71.48333333333333,75.00142857142858,77.73236714975846,2,1.0,WARNING,1
2026-03-24,Tuesday,2,10:00 AM,Machine Learning,Prof. Deshmukh,4,MCA,A,Lab 2,180,176,97.78,Practical,0,0,0,79,12,3,24,0,Morning,2026-03-24 10:00:00,73.89,70.18666666666667,73.33428571428571,77.72310843373494,3,24.0,SAFE,2
2026-03-24,Tuesday,2,10:00 AM,HR Analytics,Prof. Deshmukh,2,MCA,A,Lab 1,180,156,86.67,Practical,0,0,0,79,12,3,24,0,Morning,2026-03-24 10:00:00,97.78,79.44666666666667,76.58857142857143,77.7713221153846,4,24.0,SAFE,2
2026-03-24,Tuesday,4,12:15 PM,Advanced DBMS,Prof. Kulkarni,4,MCA,A,Auditorium,180,164,91.11,Theory,0,0,0,79,12,3,24,0,Afternoon,2026-03-24 12:15:00,86.67,86.11333333333334,78.81142857142856,77.7926618705036,5,2.25,SAFE,2
2026-03-24,Tuesday,4,12:15 PM,Advanced DBMS,Ishwari Gaikwad,2,MCA,A,Auditorium,180,140,77.78,Theory,1,0,0,79,12,3,24,0,Afternoon,2026-03-24 12:15:00,91.11,91.85333333333334,80.55714285714285,77.82452153110049,6,24.0,SAFE,2
2026-03-25,Wednesday,2,10:00 AM,Advanced DBMS,Prof. Sharma,2,MCA,A,Room 201,180,136,75.56,Theory,0,0,0,80,12,3,25,0,Morning,2026-03-25 10:00:00,77.78,85.18666666666667,80.55714285714285,77.82441527446301,1,21.75,SAFE,2
2026-03-25,Wednesday,4,12:15 PM,Financial Management,Prof. Sharma,4,MCA,A,Lab 1,180,142,78.89,Practical,0,0,1,80,12,3,25,0,Afternoon,2026-03-25 12:15:00,75.56,81.48333333333333,81.35142857142857,77.81902380952381,2,2.25,SAFE,2
2026-03-25,Wednesday,4,12:15 PM,Financial Management,Akash Upadhayay,4,MCA,A,Room 202,180,168,93.33,Theory,0,0,0,80,12,3,25,0,Afternoon,2026-03-25 12:15:00,78.89,77.41,83.09714285714287,77.821567695962,3,24.0,SAFE,2
2026-03-25,Wednesday,5,02:00 PM,HR Analytics,Akash Upadhayay,2,MCA,A,Lab 2,180,127,70.56,Practical,0,0,1,80,12,3,25,0,Afternoon,2026-03-25 14:00:00,93.33,82.59333333333332,85.87428571428572,77.85831753554503,4,1.75,WARNING,1
2026-03-25,Wednesday,5,02:00 PM,Financial Management,Prof. Patil,4,MCA,A,Room 201,180,131,72.78,Theory,0,0,1,80,12,3,25,0,Afternoon,2026-03-25 14:00:00,70.56,80.92666666666666,81.98571428571428,77.84106382978723,5,24.0,WARNING,1
2026-03-26,Thursday,1,09:00 AM,Web Development,Prof. Patil,4,MCA,A,Lab 2,180,154,85.56,Practical,0,0,0,81,12,3,26,0,Morning,2026-03-26 09:00:00,72.78,78.89,80.00142857142858,77.82912735849057,1,19.0,SAFE,2
2026-03-26,Thursday,4,12:15 PM,Machine Learning,Prof. Kulkarni,2,MCA,A,Room 201,180,165,91.67,Theory,0,0,0,81,12,3,26,0,Afternoon,2026-03-26 12:15:00,85.56,76.30000000000001,79.20857142857143,77.84731764705883,2,3.25,SAFE,2
2026-03-26,Thursday,6,03:00 PM,HR Analytics,Prof. Deshmukh,2,MCA,A,Auditorium,180,157,87.22,Theory,0,0,0,81,12,3,26,0,Afternoon,2026-03-26 15:00:00,91.67,83.33666666666667,81.19285714285715,77.87976525821595,3,2.75,SAFE,2
2026-03-27,Friday,1,09:00 AM,Financial Management,Prof. Sharma,4,MCA,A,Auditorium,180,89,49.17,Theory,0,1,0,82,12,3,27,0,Morning,2026-03-27 09:00:00,87.22,88.15000000000002,82.85857142857142,77.90163934426229,1,18.0,CRITICAL,0
2026-03-27,Friday,1,09:00 AM,Web Development,Prof. Sharma,4,MCA,A,Room 201,180,137,76.11,Theory,0,0,0,82,12,3,27,0,Morning,2026-03-27 09:00:00,49.17,76.02,78.61285714285714,77.83450934579439,2,24.0,SAFE,2
2026-03-27,Friday,2,10:00 AM,Advanced DBMS,Prof. Sharma,4,MCA,A,Lab 2,180,157,87.22,Practical,0,1,0,82,12,3,27,0,Morning,2026-03-27 10:00:00,76.11,70.83333333333333,76.15285714285714,77.83048951048951,3,1.0,SAFE,2
2026-03-27,Friday,5,02:00 PM,Financial Management,Prof. Sharma,4,MCA,A,Room 202,180,125,69.44,Theory,0,0,1,82,12,3,27,0,Afternoon,2026-03-27 14:00:00,87.22,70.83333333333333,78.53285714285714,77.85232558139535,4,4.0,WARNING,1
2026-03-27,Friday,5,02:00 PM,Cloud Computing,Prof. Deshmukh,4,MCA,A,Auditorium,180,153,85.0,Theory,0,1,0,82,12,3,27,0,Afternoon,2026-03-27 14:00:00,69.44,77.58999999999999,78.05571428571429,77.83280742459397,5,24.0,SAFE,2
2026-03-27,Friday,6,03:00 PM,HR Analytics,Prof. Deshmukh,2,MCA,A,Room 201,180,135,75.0,Theory,0,1,0,82,12,3,27,0,Afternoon,2026-03-27 15:00:00,85.0,80.55333333333333,77.97571428571428,77.84939814814815,6,1.0,WARNING,1
2026-03-27,Friday,6,03:00 PM,Cloud Computing,Ishwari Gaikwad,2,MCA,A,Auditorium,180,133,73.89,Theory,0,0,0,82,12,3,27,0,Afternoon,2026-03-27 15:00:00,75.0,76.48,75.59428571428573,77.84281755196305,7,24.0,WARNING,1
2026-03-28,Saturday,1,09:00 AM,Python Programming,Prof. Sharma,4,MCA,A,Auditorium,180,133,73.89,Theory,0,1,0,83,12,3,28,1,Morning,2026-03-28 09:00:00,73.89,77.96333333333332,73.69000000000001,77.83370967741936,1,18.0,WARNING,1
2026-03-28,Saturday,5,02:00 PM,Web Development,Prof. Patil,4,MCA,A,Auditorium,180,171,95.0,Theory,0,0,0,83,12,3,28,1,Afternoon,2026-03-28 14:00:00,73.89,74.26,77.22142857142856,77.82464367816092,2,5.0,SAFE,2
2026-03-28,Saturday,6,03:00 PM,Python Programming,Ishwari Gaikwad,4,MCA,A,Lab 2,180,132,73.33,Practical,0,0,0,83,12,3,28,1,Afternoon,2026-03-28 15:00:00,95.0,80.92666666666666,79.91999999999999,77.86403669724771,3,1.0,WARNING,1
2026-03-29,Monday,2,10:00 AM,Web Development,Prof. Kulkarni,4,MCA,A,Lab 1,180,128,71.11,Practical,0,0,0,84,12,3,29,0,Morning,2026-03-29 10:00:00,73.33,80.74,77.93571428571428,77.85366132723112,1,19.0,WARNING,1
2026-03-29,Monday,5,02:00 PM,Web Development,Akash Upadhayay,4,MCA,A,Lab 1,180,169,93.89,Practical,0,0,0,84,12,3,29,0,Afternoon,2026-03-29 14:00:00,71.11,79.81333333333333,78.17428571428572,77.83826484018266,2,4.0,SAFE,2
2026-03-29,Monday,5,02:00 PM,Web Development,Prof. Deshmukh,2,MCA,A,Room 201,180,140,77.5,Theory,0,0,0,84,12,3,29,0,Afternoon,2026-03-29 14:00:00,93.89,79.44333333333333,79.44428571428571,77.87482915717541,3,24.0,SAFE,2
2026-03-29,Monday,5,02:00 PM,Cloud Computing,Ishwari Gaikwad,4,MCA,A,Auditorium,180,142,78.89,Theory,0,0,0,84,12,3,29,0,Afternoon,2026-03-29 14:00:00,77.5,80.83333333333333,79.80142857142857,77.87397727272727,4,24.0,SAFE,2
2026-03-30,Monday,4,12:15 PM,Advanced DBMS,Prof. Sharma,2,MCA,A,Lab 1,180,162,90.0,Practical,0,0,0,85,13,3,30,0,Afternoon,2026-03-30 12:15:00,78.89,83.42666666666666,80.51571428571428,77.87628117913833,1,22.25,SAFE,2
2026-03-30,Monday,4,12:15 PM,Cloud Computing,Prof. Deshmukh,2,MCA,A,Lab 2,180,127,70.56,Practical,1,0,0,85,13,3,30,0,Afternoon,2026-03-30 12:15:00,90.0,82.13,82.81714285714285,77.90371040723983,2,24.0,WARNING,1
2026-03-30,Monday,4,12:15 PM,Advanced DBMS,Prof. Sharma,2,MCA,A,Lab 2,180,163,90.56,Practical,0,0,0,85,13,3,30,0,Afternoon,2026-03-30 12:15:00,70.56,79.81666666666666,79.32571428571428,77.88713318284424,3,24.0,SAFE,2
2026-03-30,Monday,6,03:00 PM,Financial Management,Prof. Sharma,2,MCA,A,Room 202,180,180,100.0,Theory,0,0,0,85,13,3,30,0,Afternoon,2026-03-30 15:00:00,90.56,83.70666666666666,81.78714285714285,77.91567567567567,4,2.75,SAFE,2
2026-03-30,Monday,6,03:00 PM,Web Development,Prof. Deshmukh,4,MCA,A,Auditorium,180,113,62.78,Theory,0,0,1,85,13,3,30,0,Afternoon,2026-03-30 15:00:00,100.0,87.04,85.91428571428571,77.96530337078651,5,24.0,WARNING,1
2026-03-31,Tuesday,1,09:00 AM,Advanced DBMS,Ishwari Gaikwad,2,MCA,A,Auditorium,180,132,73.33,Theory,0,0,0,86,13,3,31,0,Morning,2026-03-31 09:00:00,62.78,84.44666666666667,81.47,77.93125560538115,1,18.0,WARNING,1
2026-03-31,Tuesday,2,10:00 AM,Cloud Computing,Akash Upadhayay,4,MCA,A,Room 201,180,124,68.89,Theory,0,0,0,86,13,3,31,0,Morning,2026-03-31 10:00:00,73.33,78.70333333333333,80.87428571428572,77.92096196868009,2,1.0,WARNING,1
2026-03-31,Tuesday,4,12:15 PM,Machine Learning,Prof. Deshmukh,4,MCA,A,Room 202,180,121,67.22,Theory,0,0,1,86,13,3,31,0,Afternoon,2026-03-31 12:15:00,68.89,68.33333333333333,79.44571428571429,77.90080357142857,3,2.25,WARNING,1
2026-03-31,Tuesday,5,02:00 PM,Cloud Computing,Akash Upadhayay,2,MCA,A,Auditorium,180,111,61.67,Theory,0,1,1,86,13,3,31,0,Afternoon,2026-03-31 14:00:00,67.22,69.81333333333333,76.19142857142857,77.87701559020044,4,1.75,WARNING,1
2026-03-31,Tuesday,6,03:00 PM,Web Development,Prof. Patil,4,MCA,A,Auditorium,180,119,66.11,Theory,1,0,0,86,13,3,31,0,Afternoon,2026-03-31 15:00:00,61.67,65.92666666666668,74.92142857142858,77.841,5,1.0,WARNING,1
2026-03-31,Tuesday,6,03:00 PM,Advanced DBMS,Prof. Patil,4,MCA,A,Lab 2,180,153,85.0,Practical,0,1,0,86,13,3,31,0,Afternoon,2026-03-31 15:00:00,66.11,65.0,71.42857142857143,77.8149889135255,6,24.0,SAFE,2
2026-04-01,Wednesday,4,12:15 PM,Cloud Computing,Akash Upadhayay,2,MCA,A,Auditorium,180,127,70.56,Theory,0,1,0,87,13,4,1,0,Afternoon,2026-04-01 12:15:00,85.0,70.92666666666666,69.28571428571429,80.14318027210885,1,21.25,WARNING,1
2026-04-01,Wednesday,4,12:15 PM,HR Analytics,Prof. Deshmukh,4,MCA,A,Lab 1,180,166,92.22,Practical,0,0,0,87,13,4,1,0,Afternoon,2026-04-01 12:15:00,70.56,73.89,70.39714285714287,80.11069491525423,2,24.0,SAFE,2
2026-04-01,Wednesday,4,12:15 PM,Financial Management,Prof. Kulkarni,4,MCA,A,Lab 2,180,165,91.67,Practical,0,0,0,87,13,4,1,0,Afternoon,2026-04-01 12:15:00,92.22,82.59333333333333,73.09571428571428,80.15160472972973,3,24.0,SAFE,2
2026-04-01,Wednesday,5,02:00 PM,Cloud Computing,Akash Upadhayay,4,MCA,A,Room 202,180,119,66.11,Theory,0,0,1,87,13,4,1,0,Afternoon,2026-04-01 14:00:00,91.67,84.81666666666666,76.35000000000001,80.1903872053872,4,1.75,WARNING,1
2026-04-02,Thursday,1,09:00 AM,Cloud Computing,Prof. Deshmukh,2,MCA,A,Room 202,180,155,86.11,Theory,0,0,0,88,13,4,2,0,Morning,2026-04-02 09:00:00,66.11,83.33333333333333,76.19142857142856,80.14313758389261,1,19.0,SAFE,2
2026-04-02,Thursday,3,11:15 AM,Python Programming,Ishwari Gaikwad,4,MCA,A,Lab 1,180,161,89.44,Practical,0,0,0,88,13,4,2,0,Morning,2026-04-02 11:15:00,86.11,81.29666666666667,79.68285714285715,80.16309364548495,2,2.25,SAFE,2
2026-04-02,Thursday,3,11:15 AM,HR Analytics,Prof. Deshmukh,2,MCA,A,Auditorium,180,123,68.33,Theory,1,0,0,88,13,4,2,0,Morning,2026-04-02 11:15:00,89.44,80.55333333333333,83.01571428571428,80.19401666666667,3,24.0,WARNING,1
2026-04-02,Thursday,6,03:00 PM,Machine Learning,Prof. Deshmukh,4,MCA,A,Room 201,180,144,80.0,Theory,0,1,0,88,13,4,2,0,Afternoon,2026-04-02 15:00:00,68.33,81.29333333333334,80.63428571428572,80.15460132890365,4,3.75,SAFE,2
2026-04-03,Friday,2,10:00 AM,Web Development,Akash Upadhayay,4,MCA,A,Room 202,180,105,58.33,Theory,0,0,1,89,13,4,3,0,Morning,2026-04-03 10:00:00,80.0,79.25666666666666,81.98285714285714,80.15408940397352,1,19.0,WARNING,1
2026-04-03,Friday,3,11:15 AM,Machine Learning,Prof. Kulkarni,2,MCA,A,Room 202,180,143,79.17,Theory,0,0,0,89,13,4,3,0,Morning,2026-04-03 11:15:00,58.33,68.88666666666666,77.14142857142858,80.08206270627063,2,1.25,SAFE,2
2026-04-03,Friday,3,11:15 AM,Financial Management,Prof. Kulkarni,4,MCA,A,Lab 1,180,180,100.0,Practical,0,1,0,89,13,4,3,0,Morning,2026-04-03 11:15:00,79.17,72.5,75.35571428571428,80.0790625,3,24.0,SAFE,2
2026-04-03,Friday,4,12:15 PM,Machine Learning,Akash Upadhayay,2,MCA,A,Room 201,180,159,88.33,Theory,0,0,0,89,13,4,3,0,Afternoon,2026-04-03 12:15:00,100.0,79.16666666666667,80.19714285714285,80.14437704918032,4,1.0,SAFE,2
2026-04-03,Friday,5,02:00 PM,Cloud Computing,Akash Upadhayay,2,MCA,A,Room 202,180,163,90.56,Theory,0,0,0,89,13,4,3,0,Afternoon,2026-04-03 14:00:00,88.33,89.16666666666667,80.51428571428572,80.17112745098039,5,1.75,SAFE,2
2026-04-04,Saturday,3,11:15 AM,Python Programming,Ishwari Gaikwad,4,MCA,A,Lab 1,180,158,87.78,Practical,0,0,0,90,13,4,4,1,Morning,2026-04-04 11:15:00,90.56,92.96333333333332,80.67428571428572,80.2049674267101,1,21.25,SAFE,2
2026-04-04,Saturday,3,11:15 AM,Machine Learning,Prof. Sharma,4,MCA,A,Room 202,180,155,86.11,Theory,0,1,0,90,13,4,4,1,Morning,2026-04-04 11:15:00,87.78,88.89,83.45285714285714,80.22956168831169,2,24.0,SAFE,2
2026-04-04,Saturday,5,02:00 PM,Web Development,Prof. Patil,2,MCA,A,Room 201,180,140,77.5,Theory,0,0,1,90,13,4,4,1,Afternoon,2026-04-04 14:00:00,86.11,88.15000000000002,84.32571428571428,80.2485922330097,3,2.75,SAFE,2
2026-04-05,Monday,1,09:00 AM,Advanced DBMS,Prof. Sharma,4,MCA,A,Lab 2,180,145,80.56,Practical,0,0,0,91,13,4,5,0,Morning,2026-04-05 09:00:00,77.5,83.79666666666667,87.0642857142857,80.2397258064516,1,19.0,SAFE,2
2026-04-05,Monday,4,12:15 PM,Financial Management,Prof. Kulkarni,2,MCA,A,Lab 2,180,151,83.89,Practical,0,1,0,91,13,4,5,0,Afternoon,2026-04-05 12:15:00,80.56,81.39,87.26285714285714,80.24075562700965,2,3.25,SAFE,2
2026-04-05,Monday,6,03:00 PM,Financial Management,Akash Upadhayay,2,MCA,A,Room 201,180,132,73.33,Theory,0,1,0,91,13,4,5,0,Afternoon,2026-04-05 15:00:00,83.89,80.64999999999999,84.96142857142857,80.25245192307692,3,2.75,WARNING,1
2026-04-05,Monday,6,03:00 PM,Advanced DBMS,Prof. Kulkarni,2,MCA,A,Auditorium,180,117,65.0,Theory,0,0,0,91,13,4,5,0,Afternoon,2026-04-05 15:00:00,73.33,79.26,82.81857142857143,80.23033546325878,4,24.0,WARNING,1
2026-04-06,Monday,2,10:00 AM,Python Programming,Prof. Kulkarni,4,MCA,A,Lab 2,180,131,72.78,Practical,1,0,0,92,14,4,6,0,Morning,2026-04-06 10:00:00,65.0,74.07333333333334,79.16714285714286,80.18183121019109,1,19.0,WARNING,1
2026-04-06,Monday,2,10:00 AM,Web Development,Prof. Patil,4,MCA,A,Room 202,180,147,81.67,Theory,0,0,0,92,14,4,6,0,Morning,2026-04-06 10:00:00,72.78,70.36999999999999,77.02428571428571,80.15833333333333,2,24.0,SAFE,2
2026-04-06,Monday,4,12:15 PM,HR Analytics,Prof. Kulkarni,2,MCA,A,Auditorium,180,140,77.78,Theory,0,1,0,92,14,4,6,0,Afternoon,2026-04-06 12:15:00,81.67,73.14999999999999,76.39,80.16311708860759,3,2.25,SAFE,2
2026-04-06,Monday,5,02:00 PM,Advanced DBMS,Prof. Sharma,2,MCA,A,Room 201,180,92,51.11,Theory,1,1,1,92,14,4,6,0,Afternoon,2026-04-06 14:00:00,77.78,77.41000000000001,76.42999999999999,80.15559936908518,4,1.75,WARNING,1
2026-04-06,Monday,6,03:00 PM,Web Development,Prof. Deshmukh,2,MCA,A,Room 202,180,117,65.0,Theory,0,0,0,92,14,4,6,0,Afternoon,2026-04-06 15:00:00,51.11,70.18666666666667,72.22285714285715,80.06426100628931,5,1.0,WARNING,1
2026-04-07,Tuesday,2,10:00 AM,Python Programming,Prof. Sharma,4,MCA,A,Room 202,180,149,82.78,Theory,0,1,0,93,14,4,7,0,Morning,2026-04-07 10:00:00,65.0,64.63,69.52428571428571,80.01703761755486,1,19.0,SAFE,2
2026-04-07,Tuesday,4,12:15 PM,Cloud Computing,Akash Upadhayay,4,MCA,A,Auditorium,180,146,81.11,Theory,0,0,0,93,14,4,7,0,Afternoon,2026-04-07 12:15:00,82.78,66.29666666666667,70.87428571428572,80.025671875,2,2.25,SAFE,2
2026-04-07,Tuesday,6,03:00 PM,Web Development,Prof. Patil,2,MCA,A,Lab 2,180,149,82.78,Practical,0,0,0,93,14,4,7,0,Afternoon,2026-04-07 15:00:00,81.11,76.29666666666667,73.17571428571429,80.02904984423677,3,2.75,SAFE,2
2026-04-08,Wednesday,1,09:00 AM,Web Development,Akash Upadhayay,4,MCA,A,Room 202,180,145,80.56,Theory,0,0,0,94,14,4,8,0,Morning,2026-04-08 09:00:00,82.78,82.22333333333333,74.60428571428572,80.03759316770186,1,18.0,SAFE,2
2026-04-08,Wednesday,2,10:00 AM,Advanced DBMS,Prof. Patil,4,MCA,A,Room 201,180,161,89.44,Theory,0,0,0,94,14,4,8,0,Morning,2026-04-08 10:00:00,80.56,81.48333333333333,74.44571428571429,80.0392105263158,2,1.0,SAFE,2
2026-04-08,Wednesday,2,10:00 AM,HR Analytics,Prof. Kulkarni,2,MCA,A,Auditorium,180,128,71.11,Theory,0,0,0,94,14,4,8,0,Morning,2026-04-08 10:00:00,89.44,84.26,76.11142857142856,80.06822530864197,3,24.0,WARNING,1
2026-04-08,Wednesday,3,11:15 AM,Machine Learning,Prof. Sharma,4,MCA,A,Room 202,180,146,81.11,Theory,0,0,0,94,14,4,8,0,Morning,2026-04-08 11:15:00,71.11,80.37,78.96857142857142,80.04066153846153,4,1.25,SAFE,2
2026-04-08,Wednesday,3,11:15 AM,Machine Learning,Prof. Deshmukh,4,MCA,A,Lab 2,180,142,78.89,Practical,0,0,0,94,14,4,8,0,Morning,2026-04-08 11:15:00,81.11,80.55333333333333,81.27,80.04394171779141,5,24.0,SAFE,2
2026-04-08,Wednesday,4,12:15 PM,Advanced DBMS,Akash Upadhayay,2,MCA,A,Room 202,180,147,81.67,Theory,0,0,0,94,14,4,8,0,Afternoon,2026-04-08 12:15:00,78.89,77.03666666666668,80.71428571428571,80.0404128440367,6,1.0,SAFE,2
2026-04-08,Wednesday,4,12:15 PM,Machine Learning,Ishwari Gaikwad,4,MCA,A,Lab 2,180,176,97.78,Practical,0,0,0,94,14,4,8,0,Afternoon,2026-04-08 12:15:00,81.67,80.55666666666666,80.7942857142857,80.04538109756098,7,24.0,SAFE,2
2026-04-08,Wednesday,5,02:00 PM,Cloud Computing,Akash Upadhayay,2,MCA,A,Room 202,180,144,80.0,Theory,0,0,0,94,14,4,8,0,Afternoon,2026-04-08 14:00:00,97.78,86.11333333333334,82.93714285714286,80.09928571428571,8,1.75,SAFE,2
2026-04-08,Wednesday,6,03:00 PM,Python Programming,Prof. Deshmukh,2,MCA,A,Auditorium,180,133,73.89,Theory,0,0,0,94,14,4,8,0,Afternoon,2026-04-08 15:00:00,80.0,86.48333333333335,82.85714285714286,80.09898484848485,9,1.0,WARNING,1
2026-04-09,Thursday,1,09:00 AM,Machine Learning,Prof. Deshmukh,2,MCA,A,Room 202,180,146,81.11,Theory,0,0,0,95,14,4,9,0,Morning,2026-04-09 09:00:00,73.89,83.89,80.63571428571429,80.08022658610273,1,18.0,SAFE,2
2026-04-09,Thursday,2,10:00 AM,Financial Management,Akash Upadhayay,2,MCA,A,Room 201,180,164,91.11,Theory,0,0,0,95,14,4,9,0,Morning,2026-04-09 10:00:00,81.11,78.33333333333333,82.06428571428572,80.08332831325302,2,1.0,SAFE,2
2026-04-09,Thursday,3,11:15 AM,Financial Management,Prof. Kulkarni,4,MCA,A,Auditorium,180,148,82.22,Theory,0,0,0,95,14,4,9,0,Morning,2026-04-09 11:15:00,91.11,82.03666666666668,83.49285714285715,80.11644144144145,3,1.25,SAFE,2
2026-04-09,Thursday,3,11:15 AM,Advanced DBMS,Akash Upadhayay,2,MCA,A,Room 201,180,153,85.0,Theory,0,0,0,95,14,4,9,0,Morning,2026-04-09 11:15:00,82.22,84.81333333333333,83.96857142857142,80.12273952095808,4,24.0,SAFE,2
2026-04-09,Thursday,4,12:15 PM,Cloud Computing,Prof. Sharma,4,MCA,A,Room 202,180,119,66.11,Theory,1,0,0,95,14,4,9,0,Afternoon,2026-04-09 12:15:00,85.0,86.11,84.44428571428571,80.13729850746269,5,1.0,WARNING,1
2026-04-09,Thursday,4,12:15 PM,HR Analytics,Prof. Patil,2,MCA,A,Lab 2,180,176,97.78,Practical,0,1,0,95,14,4,9,0,Afternoon,2026-04-09 12:15:00,66.11,77.77666666666666,79.92,80.0955505952381,6,24.0,SAFE,2
2026-04-09,Thursday,5,02:00 PM,HR Analytics,Ishwari Gaikwad,4,MCA,A,Room 202,180,123,68.33,Theory,1,0,0,95,14,4,9,0,Afternoon,2026-04-09 14:00:00,97.78,82.96333333333334,82.46000000000001,80.14802670623145,7,1.75,WARNING,1
2026-04-09,Thursday,6,03:00 PM,Python Programming,Prof. Kulkarni,4,MCA,A,Room 202,180,141,78.33,Theory,0,0,0,95,14,4,9,0,Afternoon,2026-04-09 15:00:00,68.33,77.40666666666665,81.6657142857143,80.11306213017751,8,1.0,SAFE,2
2026-04-10,Friday,1,09:00 AM,Financial Management,Akash Upadhayay,4,MCA,A,Room 202,180,131,72.78,Theory,0,0,0,96,14,4,10,0,Morning,2026-04-10 09:00:00,78.33,81.48,81.26857142857143,80.107802359882,1,18.0,WARNING,1
2026-04-10,Friday,3,11:15 AM,Financial Management,Prof. Sharma,2,MCA,A,Lab 1,180,117,65.0,Practical,1,0,0,96,14,4,10,0,Morning,2026-04-10 11:15:00,72.78,73.14666666666666,78.64999999999999,80.08625,2,2.25,WARNING,1
2026-04-10,Friday,3,11:15 AM,Python Programming,Akash Upadhayay,2,MCA,A,Auditorium,180,127,70.56,Theory,0,0,0,96,14,4,10,0,Morning,2026-04-10 11:15:00,65.0,72.03666666666668,76.18999999999998,80.04200879765396,3,24.0,WARNING,1
2026-04-10,Friday,6,03:00 PM,HR Analytics,Ishwari Gaikwad,4,MCA,A,Auditorium,180,106,58.89,Theory,0,0,1,96,14,4,10,0,Afternoon,2026-04-10 15:00:00,70.56,69.44666666666667,74.12714285714286,80.01428362573098,4,3.75,WARNING,1
2026-04-10,Friday,6,03:00 PM,Financial Management,Akash Upadhayay,2,MCA,A,Auditorium,180,158,87.78,Theory,0,1,0,96,14,4,10,0,Afternoon,2026-04-10 15:00:00,58.89,64.81666666666666,73.0957142857143,79.95269679300291,5,24.0,SAFE,2
2026-04-10,Friday,6,03:00 PM,Python Programming,Prof. Sharma,4,MCA,A,Room 202,180,141,78.33,Theory,0,0,0,96,14,4,10,0,Afternoon,2026-04-10 15:00:00,87.78,72.41000000000001,71.66714285714285,79.97545058139535,6,24.0,SAFE,2
2026-04-11,Saturday,2,10:00 AM,Financial Management,Prof. Deshmukh,4,MCA,A,Lab 1,180,154,85.56,Practical,0,0,0,97,14,4,11,1,Morning,2026-04-11 10:00:00,78.33,75.0,73.0957142857143,79.97068115942028,1,19.0,SAFE,2
2026-04-11,Saturday,3,11:15 AM,Machine Learning,Akash Upadhayay,2,MCA,A,Room 201,180,91,50.56,Theory,1,0,1,97,14,4,11,1,Morning,2026-04-11 11:15:00,85.56,83.89,74.12857142857142,79.98683526011561,2,1.25,WARNING,1
2026-04-11,Saturday,4,12:15 PM,Web Development,Prof. Sharma,4,MCA,A,Lab 1,180,164,91.11,Practical,0,0,0,97,14,4,11,1,Afternoon,2026-04-11 12:15:00,50.56,71.48333333333333,70.95428571428572,79.90203170028819,3,1.0,SAFE,2
2026-04-11,Saturday,5,02:00 PM,Web Development,Prof. Sharma,4,MCA,A,Room 202,180,114,63.33,Theory,0,1,1,97,14,4,11,1,Afternoon,2026-04-11 14:00:00,91.11,75.74333333333334,74.6842857142857,79.93423850574713,4,1.75,WARNING,1
2026-04-11,Saturday,5,02:00 PM,Cloud Computing,Ishwari Gaikwad,4,MCA,A,Room 201,180,180,100.0,Theory,0,0,0,97,14,4,11,1,Afternoon,2026-04-11 14:00:00,63.33,68.33333333333333,73.65142857142857,79.88666189111748,5,24.0,SAFE,2
2026-04-12,Monday,1,09:00 AM,Python Programming,Prof. Deshmukh,2,MCA,A,Room 202,180,131,72.78,Theory,0,0,0,98,14,4,12,0,Morning,2026-04-12 09:00:00,100.0,84.81333333333333,79.52428571428571,79.94412857142856,1,19.0,WARNING,1
2026-04-12,Monday,2,10:00 AM,Advanced DBMS,Prof. Deshmukh,4,MCA,A,Room 201,180,144,80.0,Theory,0,0,0,98,14,4,12,0,Morning,2026-04-12 10:00:00,72.78,78.70333333333333,77.38142857142859,79.92371794871795,2,1.0,SAFE,2
2026-04-12,Monday,4,12:15 PM,Advanced DBMS,Prof. Sharma,2,MCA,A,Auditorium,180,142,78.89,Theory,0,0,0,98,14,4,12,0,Afternoon,2026-04-12 12:15:00,80.0,84.26,77.62,79.9239346590909,3,2.25,SAFE,2
2026-04-12,Monday,5,02:00 PM,Advanced DBMS,Prof. Kulkarni,4,MCA,A,Room 202,180,119,66.11,Theory,0,0,0,98,14,4,12,0,Afternoon,2026-04-12 14:00:00,78.89,77.22333333333334,76.66714285714285,79.92100566572239,4,1.75,WARNING,1
2026-04-13,Monday,1,09:00 AM,Web Development,Prof. Kulkarni,4,MCA,A,Lab 1,180,115,63.89,Practical,0,0,1,99,15,4,13,0,Morning,2026-04-13 09:00:00,66.11,75.0,78.88857142857144,79.88199152542373,1,19.0,WARNING,1
2026-04-13,Monday,3,11:15 AM,Machine Learning,Ishwari Gaikwad,2,MCA,A,Lab 1,180,157,87.22,Practical,0,0,0,99,15,4,13,0,Morning,2026-04-13 11:15:00,63.89,69.63,75.0,79.83694366197183,2,2.25,SAFE,2
2026-04-13,Monday,3,11:15 AM,Machine Learning,Prof. Sharma,4,MCA,A,Room 201,180,145,80.56,Theory,0,0,0,99,15,4,13,0,Morning,2026-04-13 11:15:00,87.22,72.40666666666668,78.41285714285713,79.85768258426965,3,24.0,SAFE,2
2026-04-13,Monday,6,03:00 PM,Python Programming,Prof. Patil,2,MCA,A,Room 202,180,144,80.0,Theory,0,0,0,99,15,4,13,0,Afternoon,2026-04-13 15:00:00,80.56,77.22333333333334,75.63571428571429,79.85964985994399,4,3.75,SAFE,2
2026-04-14,Tuesday,1,09:00 AM,HR Analytics,Prof. Kulkarni,4,MCA,A,Room 201,180,89,49.17,Theory,0,1,1,100,15,4,14,0,Morning,2026-04-14 09:00:00,80.0,82.59333333333335,76.66714285714286,79.86004189944134,1,18.0,CRITICAL,0
2026-04-14,Tuesday,3,11:15 AM,Python Programming,Prof. Patil,2,MCA,A,Auditorium,180,156,86.67,Theory,0,0,0,100,15,4,14,0,Morning,2026-04-14 11:15:00,49.17,69.91,72.26285714285714,79.77455431754875,2,2.25,SAFE,2
2026-04-14,Tuesday,3,11:15 AM,HR Analytics,Prof. Deshmukh,4,MCA,A,Auditorium,180,146,81.11,Theory,0,0,0,100,15,4,14,0,Morning,2026-04-14 11:15:00,86.67,71.94666666666667,73.37428571428572,79.79370833333334,3,24.0,SAFE,2
2026-04-14,Tuesday,3,11:15 AM,Cloud Computing,Prof. Kulkarni,2,MCA,A,Lab 1,180,150,83.33,Practical,0,0,0,100,15,4,14,0,Morning,2026-04-14 11:15:00,81.11,72.31666666666668,75.51714285714286,79.79735457063713,4,24.0,SAFE,2
2026-04-14,Tuesday,5,02:00 PM,HR Analytics,Prof. Sharma,2,MCA,A,Room 202,180,133,73.89,Theory,0,0,1,100,15,4,14,0,Afternoon,2026-04-14 14:00:00,83.33,83.70333333333333,78.29428571428572,79.80711325966851,5,2.75,WARNING,1
2026-04-15,Wednesday,2,10:00 AM,Machine Learning,Prof. Deshmukh,4,MCA,A,Room 201,180,145,80.56,Theory,0,0,0,101,15,4,15,0,Morning,2026-04-15 10:00:00,73.89,79.44333333333333,76.39,79.7908126721763,1,20.0,SAFE,2
2026-04-15,Wednesday,2,10:00 AM,HR Analytics,Ishwari Gaikwad,4,MCA,A,Lab 2,180,133,73.89,Practical,0,1,1,101,15,4,15,0,Morning,2026-04-15 10:00:00,80.56,79.26,76.39,79.79292582417582,2,24.0,WARNING,1
2026-04-15,Wednesday,3,11:15 AM,HR Analytics,Prof. Sharma,4,MCA,A,Lab 1,180,155,86.11,Practical,0,0,0,101,15,4,15,0,Morning,2026-04-15 11:15:00,73.89,76.11333333333333,75.51714285714286,79.77675342465753,3,1.25,SAFE,2
2026-04-15,Wednesday,4,12:15 PM,Web Development,Akash Upadhayay,2,MCA,A,Room 201,180,157,87.22,Theory,0,1,0,101,15,4,15,0,Afternoon,2026-04-15 12:15:00,86.11,80.18666666666667,80.7942857142857,79.79405737704919,4,1.0,SAFE,2
2026-04-15,Wednesday,6,03:00 PM,HR Analytics,Prof. Sharma,4,MCA,A,Lab 2,180,156,86.67,Practical,0,0,0,101,15,4,15,0,Afternoon,2026-04-15 15:00:00,87.22,82.40666666666667,80.87285714285714,79.81429155313351,5,2.75,SAFE,2
2026-04-16,Thursday,2,10:00 AM,Web Development,Prof. Sharma,4,MCA,A,Auditorium,180,137,76.11,Theory,0,0,0,102,15,4,16,0,Morning,2026-04-16 10:00:00,86.67,86.66666666666667,81.66714285714286,79.83292119565218,1,19.0,SAFE,2
2026-04-16,Thursday,2,10:00 AM,HR Analytics,Prof. Sharma,4,MCA,A,Room 201,180,152,84.44,Theory,0,0,0,102,15,4,16,0,Morning,2026-04-16 10:00:00,76.11,83.33333333333333,80.63571428571427,79.82283197831978,2,24.0,SAFE,2
2026-04-16,Thursday,3,11:15 AM,Web Development,Prof. Patil,2,MCA,A,Lab 1,180,153,85.0,Practical,1,0,0,102,15,4,16,0,Morning,2026-04-16 11:15:00,84.44,82.40666666666667,82.14285714285714,79.83531081081081,3,1.25,SAFE,2
2026-04-16,Thursday,6,03:00 PM,Advanced DBMS,Prof. Patil,2,MCA,A,Lab 1,180,180,100.0,Practical,0,0,0,102,15,4,16,0,Afternoon,2026-04-16 15:00:00,85.0,81.85000000000001,82.77714285714285,79.84923180592992,4,3.75,SAFE,2
2026-04-17,Friday,3,11:15 AM,HR Analytics,Ishwari Gaikwad,2,MCA,A,Room 201,180,89,49.17,Theory,0,0,0,103,15,4,17,0,Morning,2026-04-17 11:15:00,100.0,89.81333333333333,86.50714285714285,79.90340053763441,1,20.25,CRITICAL,0
2026-04-17,Friday,3,11:15 AM,Advanced DBMS,Prof. Deshmukh,4,MCA,A,Room 201,180,138,76.67,Theory,0,0,0,103,15,4,17,0,Morning,2026-04-17 11:15:00,49.17,78.05666666666667,81.23,79.82100536193029,2,24.0,SAFE,2
2026-04-17,Friday,4,12:15 PM,Advanced DBMS,Prof. Sharma,2,MCA,A,Room 202,180,168,93.33,Theory,0,0,0,103,15,4,17,0,Afternoon,2026-04-17 12:15:00,76.67,75.28,79.72285714285715,79.81258021390374,3,1.0,SAFE,2
2026-04-17,Friday,5,02:00 PM,Advanced DBMS,Akash Upadhayay,2,MCA,A,Auditorium,180,125,69.44,Theory,1,1,0,103,15,4,17,0,Afternoon,2026-04-17 14:00:00,93.33,73.05666666666667,80.67428571428572,79.84862666666668,4,1.75,WARNING,1
2026-04-18,Saturday,1,09:00 AM,Machine Learning,Akash Upadhayay,4,MCA,A,Lab 1,180,150,83.33,Practical,0,0,0,104,15,4,18,1,Morning,2026-04-18 09:00:00,69.44,79.81333333333333,79.72142857142856,79.82094414893616,1,19.0,SAFE,2
2026-04-18,Saturday,2,10:00 AM,Advanced DBMS,Prof. Deshmukh,2,MCA,A,Room 201,180,143,79.44,Theory,0,0,0,104,15,4,18,1,Morning,2026-04-18 10:00:00,83.33,82.03333333333333,79.56285714285714,79.83025198938992,2,1.0,SAFE,2
2026-04-18,Saturday,3,11:15 AM,Advanced DBMS,Prof. Patil,4,MCA,A,Auditorium,180,111,61.67,Theory,1,0,0,104,15,4,18,1,Morning,2026-04-18 11:15:00,79.44,77.40333333333332,78.76857142857143,79.82921957671958,3,1.25,WARNING,1
2026-04-18,Saturday,5,02:00 PM,HR Analytics,Akash Upadhayay,2,MCA,A,Lab 1,180,159,88.33,Practical,0,1,0,104,15,4,18,1,Afternoon,2026-04-18 14:00:00,61.67,74.81333333333333,73.29285714285713,79.78130606860158,4,2.75,SAFE,2
2026-04-19,Monday,2,10:00 AM,Financial Management,Ishwari Gaikwad,2,MCA,A,Auditorium,180,122,67.78,Theory,0,0,0,105,15,4,19,0,Morning,2026-04-19 10:00:00,88.33,76.48,78.88714285714286,79.80380263157895,1,20.0,WARNING,1
2026-04-19,Monday,2,10:00 AM,Financial Management,Akash Upadhayay,2,MCA,A,Auditorium,180,142,78.89,Theory,0,0,0,105,15,4,19,0,Morning,2026-04-19 10:00:00,67.78,72.59333333333333,77.61714285714287,79.77224409448819,2,24.0,SAFE,2
2026-04-19,Monday,3,11:15 AM,Web Development,Akash Upadhayay,4,MCA,A,Room 201,180,111,61.67,Theory,0,0,1,105,15,4,19,0,Morning,2026-04-19 11:15:00,78.89,78.33333333333333,75.55428571428571,79.76993455497383,3,1.25,WARNING,1
2026-04-20,Monday,2,10:00 AM,Financial Management,Ishwari Gaikwad,4,MCA,A,Lab 1,180,123,68.33,Practical,1,0,0,106,16,4,20,0,Morning,2026-04-20 10:00:00,61.67,69.44666666666667,74.44428571428571,79.72267624020888,1,22.75,WARNING,1
2026-04-20,Monday,2,10:00 AM,Cloud Computing,Akash Upadhayay,4,MCA,A,Room 202,180,113,62.78,Theory,1,0,0,106,16,4,20,0,Morning,2026-04-20 10:00:00,68.33,69.63,72.30142857142857,79.6930078125,2,24.0,WARNING,1
2026-04-20,Monday,3,11:15 AM,Advanced DBMS,Ishwari Gaikwad,2,MCA,A,Room 202,180,140,77.78,Theory,0,0,0,106,16,4,20,0,Morning,2026-04-20 11:15:00,62.78,64.26,69.92142857142856,79.64907792207792,3,1.25,SAFE,2
2026-04-20,Monday,4,12:15 PM,Python Programming,Akash Upadhayay,2,MCA,A,Room 201,180,131,72.78,Theory,0,0,0,106,16,4,20,0,Afternoon,2026-04-20 12:15:00,77.78,69.63,72.22285714285714,79.64423575129534,4,1.0,WARNING,1
2026-04-20,Monday,4,12:15 PM,Machine Learning,Prof. Sharma,4,MCA,A,Lab 1,180,110,61.11,Practical,0,0,1,106,16,4,20,0,Afternoon,2026-04-20 12:15:00,72.78,71.11333333333334,70.00142857142858,79.62649870801035,5,24.0,WARNING,1
2026-04-20,Monday,6,03:00 PM,Web Development,Ishwari Gaikwad,4,MCA,A,Room 202,180,120,66.67,Theory,0,0,0,106,16,4,20,0,Afternoon,2026-04-20 15:00:00,61.11,70.55666666666666,69.04857142857144,79.57877577319587,6,2.75,WARNING,1
2026-04-21,Tuesday,1,09:00 AM,Financial Management,Prof. Kulkarni,2,MCA,A,Lab 1,180,152,84.44,Practical,0,0,0,107,16,4,21,0,Morning,2026-04-21 09:00:00,66.67,66.85333333333334,67.30285714285715,79.5455912596401,1,18.0,SAFE,2
2026-04-21,Tuesday,1,09:00 AM,Advanced DBMS,Akash Upadhayay,2,MCA,A,Lab 1,180,162,90.0,Practical,0,1,0,107,16,4,21,0,Morning,2026-04-21 09:00:00,84.44,70.74,70.55571428571429,79.55814102564102,2,24.0,SAFE,2
2026-04-21,Tuesday,2,10:00 AM,Financial Management,Prof. Sharma,2,MCA,A,Room 202,180,152,84.44,Theory,0,0,0,107,16,4,21,0,Morning,2026-04-21 10:00:00,90.0,80.37,73.65142857142857,79.58484654731457,3,1.0,SAFE,2
2026-04-22,Wednesday,1,09:00 AM,HR Analytics,Prof. Sharma,2,MCA,A,Auditorium,180,150,83.33,Theory,0,0,0,108,16,4,22,0,Morning,2026-04-22 09:00:00,84.44,86.29333333333334,76.74571428571429,79.59723214285715,1,23.0,SAFE,2
2026-04-22,Wednesday,1,09:00 AM,HR Analytics,Prof. Kulkarni,2,MCA,A,Auditorium,180,146,81.11,Theory,0,0,0,108,16,4,22,0,Morning,2026-04-22 09:00:00,83.33,85.92333333333333,77.53857142857143,79.60673027989822,2,24.0,SAFE,2
2026-04-22,Wednesday,2,10:00 AM,Advanced DBMS,Ishwari Gaikwad,2,MCA,A,Room 201,180,156,86.67,Theory,0,0,0,108,16,4,22,0,Morning,2026-04-22 10:00:00,81.11,82.96,78.72857142857143,79.61054568527919,3,1.0,SAFE,2
2026-04-22,Wednesday,3,11:15 AM,Web Development,Akash Upadhayay,4,MCA,A,Auditorium,180,165,91.67,Theory,0,0,0,108,16,4,22,0,Morning,2026-04-22 11:15:00,86.67,83.70333333333333,82.38,79.62841772151899,4,1.25,SAFE,2
2026-04-22,Wednesday,5,02:00 PM,Machine Learning,Prof. Patil,2,MCA,A,Room 201,180,171,95.0,Theory,0,0,0,108,16,4,22,0,Afternoon,2026-04-22 14:00:00,91.67,86.48333333333335,85.95142857142858,79.65882575757576,5,2.75,SAFE,2
2026-04-23,Thursday,2,10:00 AM,Cloud Computing,Prof. Sharma,4,MCA,A,Room 202,180,157,87.22,Theory,0,0,0,109,16,4,23,0,Morning,2026-04-23 10:00:00,95.0,91.11333333333334,87.46000000000001,79.6974685138539,1,20.0,SAFE,2
2026-04-23,Thursday,3,11:15 AM,Financial Management,Prof. Deshmukh,4,MCA,A,Lab 2,180,176,97.78,Practical,0,0,0,109,16,4,23,0,Morning,2026-04-23 11:15:00,87.22,91.29666666666667,87.06285714285714,79.71636934673367,2,1.25,SAFE,2
2026-04-23,Thursday,6,03:00 PM,HR Analytics,Prof. Deshmukh,4,MCA,A,Lab 1,180,153,85.0,Practical,0,0,0,109,16,4,23,0,Afternoon,2026-04-23 15:00:00,97.78,93.33333333333333,88.96857142857142,79.76164160401002,3,3.75,SAFE,2
2026-04-24,Friday,3,11:15 AM,Cloud Computing,Prof. Patil,2,MCA,A,Auditorium,180,154,85.56,Theory,0,0,0,110,16,4,24,0,Morning,2026-04-24 11:15:00,85.0,90.0,89.20714285714287,79.7747375,1,20.25,SAFE,2
2026-04-24,Friday,5,02:00 PM,Cloud Computing,Ishwari Gaikwad,4,MCA,A,Lab 1,180,121,67.22,Practical,0,0,1,110,16,4,24,0,Afternoon,2026-04-24 14:00:00,85.56,89.44666666666667,89.84285714285714,79.78916458852868,2,2.75,WARNING,1
2026-04-25,Saturday,1,09:00 AM,Python Programming,Prof. Deshmukh,2,MCA,A,Lab 1,180,126,70.0,Practical,0,0,0,111,16,4,25,1,Morning,2026-04-25 09:00:00,67.22,79.26,87.06428571428572,79.75789800995025,1,19.0,WARNING,1
2026-04-25,Saturday,1,09:00 AM,HR Analytics,Prof. Deshmukh,2,MCA,A,Lab 1,180,137,76.11,Practical,0,0,0,111,16,4,25,1,Morning,2026-04-25 09:00:00,70.0,74.26,83.96857142857142,79.73368486352358,2,24.0,SAFE,2
2026-04-25,Saturday,2,10:00 AM,Python Programming,Prof. Kulkarni,2,MCA,A,Room 202,180,135,75.0,Theory,0,0,0,111,16,4,25,1,Morning,2026-04-25 10:00:00,76.11,71.11,81.27,79.72471534653465,3,1.0,WARNING,1
2026-04-25,Saturday,6,03:00 PM,Financial Management,Prof. Deshmukh,2,MCA,A,Lab 2,180,128,71.11,Practical,0,1,0,111,16,4,25,1,Afternoon,2026-04-25 15:00:00,75.0,73.70333333333333,79.52428571428571,79.71304938271605,4,5.0,WARNING,1
2026-04-25,Saturday,6,03:00 PM,Financial Management,Prof. Patil,4,MCA,A,Lab 1,180,150,83.33,Practical,0,0,0,111,16,4,25,1,Afternoon,2026-04-25 15:00:00,71.11,74.07333333333334,75.71428571428571,79.69185960591133,5,24.0,SAFE,2
2026-04-26,Monday,1,09:00 AM,Web Development,Prof. Deshmukh,4,MCA,A,Lab 2,180,137,76.11,Practical,0,0,0,112,16,4,26,0,Morning,2026-04-26 09:00:00,83.33,76.48,75.47571428571429,79.70079852579852,1,18.0,SAFE,2
2026-04-26,Monday,2,10:00 AM,Machine Learning,Akash Upadhayay,2,MCA,A,Room 202,180,143,79.17,Theory,0,0,0,112,16,4,26,0,Morning,2026-04-26 10:00:00,76.11,76.85000000000001,74.12571428571428,79.6919975490196,2,1.0,SAFE,2
2026-04-26,Monday,4,12:15 PM,Advanced DBMS,Prof. Patil,2,MCA,A,Auditorium,180,120,66.67,Theory,0,0,0,112,16,4,26,0,Afternoon,2026-04-26 12:15:00,79.17,79.53666666666668,75.83285714285714,79.69072127139364,3,2.25,WARNING,1
2026-04-26,Monday,5,02:00 PM,Advanced DBMS,Akash Upadhayay,4,MCA,A,Auditorium,180,141,78.33,Theory,0,0,0,112,16,4,26,0,Afternoon,2026-04-26 14:00:00,66.67,73.98333333333333,75.35714285714286,79.65896341463414,4,1.75,SAFE,2
2026-04-26,Monday,5,02:00 PM,Financial Management,Ishwari Gaikwad,2,MCA,A,Room 202,180,133,73.89,Theory,0,0,0,112,16,4,26,0,Afternoon,2026-04-26 14:00:00,78.33,74.72333333333334,75.67428571428572,79.6557299270073,5,24.0,WARNING,1
2026-04-27,Monday,1,09:00 AM,HR Analytics,Prof. Sharma,4,MCA,A,Auditorium,180,124,68.89,Theory,0,1,0,113,17,4,27,0,Morning,2026-04-27 09:00:00,73.89,72.96333333333332,75.51571428571428,79.6417354368932,1,19.0,WARNING,1
2026-04-27,Monday,2,10:00 AM,Web Development,Prof. Patil,4,MCA,A,Lab 2,180,147,81.67,Practical,0,0,0,113,17,4,27,0,Morning,2026-04-27 10:00:00,68.89,73.70333333333333,75.19857142857143,79.61570217917676,2,1.0,SAFE,2
2026-04-27,Monday,4,12:15 PM,Machine Learning,Prof. Patil,4,MCA,A,Room 201,180,180,100.0,Theory,0,0,0,113,17,4,27,0,Afternoon,2026-04-27 12:15:00,81.67,74.81666666666668,74.96142857142857,79.62066425120773,3,2.25,SAFE,2
2026-04-27,Monday,5,02:00 PM,Financial Management,Prof. Kulkarni,4,MCA,A,Lab 1,180,149,82.78,Practical,0,1,0,113,17,4,27,0,Afternoon,2026-04-27 14:00:00,100.0,83.52,78.37428571428572,79.66977108433736,4,1.75,SAFE,2
2026-04-27,Monday,6,03:00 PM,HR Analytics,Ishwari Gaikwad,2,MCA,A,Room 201,180,106,58.89,Theory,0,1,0,113,17,4,27,0,Afternoon,2026-04-27 15:00:00,82.78,88.15000000000002,78.89,79.67724759615385,5,1.0,WARNING,1
2026-04-28,Tuesday,1,09:00 AM,HR Analytics,Prof. Deshmukh,4,MCA,A,Lab 1,180,160,88.89,Practical,0,0,0,114,17,4,28,0,Morning,2026-04-28 09:00:00,58.89,80.55666666666667,77.77857142857144,79.62739808153478,1,18.0,SAFE,2
2026-04-28,Tuesday,1,09:00 AM,Machine Learning,Prof. Deshmukh,4,MCA,A,Lab 2,180,113,62.78,Practical,0,0,1,114,17,4,28,0,Morning,2026-04-28 09:00:00,88.89,76.85333333333334,79.28714285714285,79.64955741626794,2,24.0,WARNING,1
2026-04-28,Tuesday,2,10:00 AM,Cloud Computing,Prof. Sharma,4,MCA,A,Lab 2,180,159,88.33,Practical,0,0,0,114,17,4,28,0,Morning,2026-04-28 10:00:00,62.78,70.18666666666667,77.7,79.60929594272076,3,1.0,SAFE,2
2026-04-28,Tuesday,2,10:00 AM,Python Programming,Akash Upadhayay,2,MCA,A,Lab 1,180,176,97.78,Practical,0,0,0,114,17,4,28,0,Morning,2026-04-28 10:00:00,88.33,80.0,80.47714285714287,79.63005952380952,4,24.0,SAFE,2
2026-04-28,Tuesday,3,11:15 AM,Cloud Computing,Prof. Deshmukh,2,MCA,A,Lab 1,180,115,63.89,Practical,0,0,1,114,17,4,28,0,Morning,2026-04-28 11:15:00,97.78,82.96333333333332,82.77857142857144,79.67317102137767,5,1.25,WARNING,1
2026-04-28,Tuesday,4,12:15 PM,Web Development,Prof. Kulkarni,2,MCA,A,Lab 2,180,111,61.67,Practical,0,0,1,114,17,4,28,0,Afternoon,2026-04-28 12:15:00,63.89,83.33333333333333,77.62,79.63577014218009,6,1.0,WARNING,1
2026-04-28,Tuesday,4,12:15 PM,Python Programming,Prof. Deshmukh,4,MCA,A,Room 202,180,172,95.56,Theory,0,0,0,114,17,4,28,0,Afternoon,2026-04-28 12:15:00,61.67,74.44666666666667,74.60428571428572,79.59329787234041,7,24.0,SAFE,2
2026-04-28,Tuesday,5,02:00 PM,HR Analytics,Ishwari Gaikwad,2,MCA,A,Room 201,180,161,89.44,Theory,0,1,0,114,17,4,28,0,Afternoon,2026-04-28 14:00:00,95.56,73.70666666666666,79.84285714285714,79.63095518867925,8,1.75,SAFE,2
2026-04-29,Wednesday,1,09:00 AM,Financial Management,Prof. Sharma,2,MCA,A,Room 201,180,137,76.11,Theory,0,0,0,115,17,4,29,0,Morning,2026-04-29 09:00:00,89.44,82.22333333333334,79.92142857142858,79.65403529411763,1,19.0,SAFE,2
2026-04-29,Wednesday,1,09:00 AM,Python Programming,Prof. Kulkarni,2,MCA,A,Lab 1,180,160,88.89,Practical,0,1,0,115,17,4,29,0,Morning,2026-04-29 09:00:00,76.11,87.03666666666668,81.82571428571428,79.6457159624413,2,24.0,SAFE,2
2026-04-29,Wednesday,3,11:15 AM,Web Development,Ishwari Gaikwad,2,MCA,A,Auditorium,180,162,90.0,Theory,0,0,0,115,17,4,29,0,Morning,2026-04-29 11:15:00,88.89,84.81333333333333,81.9057142857143,79.66736533957845,3,2.25,SAFE,2
2026-04-29,Wednesday,5,02:00 PM,Advanced DBMS,Akash Upadhayay,4,MCA,A,Lab 2,180,165,91.67,Practical,0,0,1,115,17,4,29,0,Afternoon,2026-04-29 14:00:00,90.0,85.0,80.79428571428572,79.69150700934578,4,2.75,SAFE,2
2026-04-30,Thursday,2,10:00 AM,Machine Learning,Prof. Sharma,2,MCA,A,Auditorium,180,145,80.56,Theory,0,0,0,116,17,4,30,0,Morning,2026-04-30 10:00:00,91.67,90.18666666666667,84.76285714285714,79.71942890442891,1,20.0,SAFE,2
2026-04-30,Thursday,3,11:15 AM,Machine Learning,Akash Upadhayay,4,MCA,A,Room 201,180,147,81.67,Theory,0,0,0,116,17,4,30,0,Morning,2026-04-30 11:15:00,80.56,87.41000000000001,87.46142857142857,79.72138372093023,2,1.25,SAFE,2
2026-04-30,Thursday,4,12:15 PM,Advanced DBMS,Prof. Kulkarni,4,MCA,A,Auditorium,180,131,72.78,Theory,0,0,0,116,17,4,30,0,Afternoon,2026-04-30 12:15:00,81.67,84.63333333333334,85.47714285714287,79.72590487238979,3,1.0,WARNING,1
2026-04-30,Thursday,6,03:00 PM,Web Development,Prof. Patil,4,MCA,A,Auditorium,180,140,77.78,Theory,0,0,0,116,17,4,30,0,Afternoon,2026-04-30 15:00:00,72.78,78.33666666666667,83.09714285714287,79.70982638888889,4,2.75,SAFE,2
2026-04-30,Thursday,6,03:00 PM,Advanced DBMS,Prof. Kulkarni,4,MCA,A,Room 202,180,118,65.56,Theory,1,0,0,116,17,4,30,0,Afternoon,2026-04-30 15:00:00,77.78,77.41,83.33571428571429,79.70536951501155,5,24.0,WARNING,1
2026-05-01,Friday,1,09:00 AM,Web Development,Ishwari Gaikwad,2,MCA,A,Lab 2,180,107,59.44,Practical,0,0,1,117,17,5,1,0,Morning,2026-05-01 09:00:00,65.56,72.04,80.00285714285714,77.80037162162162,1,18.0,WARNING,1
2026-05-01,Friday,2,10:00 AM,Machine Learning,Prof. Patil,4,MCA,A,Room 201,180,117,65.0,Theory,1,0,0,117,17,5,1,0,Morning,2026-05-01 10:00:00,59.44,67.59333333333333,75.63714285714286,77.73855218855218,2,1.0,WARNING,1
2026-05-01,Friday,5,02:00 PM,Web Development,Ishwari Gaikwad,4,MCA,A,Lab 2,180,176,97.78,Practical,0,1,0,117,17,5,1,0,Afternoon,2026-05-01 14:00:00,65.0,63.333333333333336,71.82714285714286,77.69580536912751,3,4.0,SAFE,2
2026-05-02,Saturday,1,09:00 AM,Cloud Computing,Prof. Patil,4,MCA,A,Auditorium,180,99,55.0,Theory,0,1,1,118,17,5,2,1,Morning,2026-05-02 09:00:00,97.78,74.07333333333334,74.28714285714285,77.76297658862876,1,19.0,WARNING,1
2026-05-02,Saturday,2,10:00 AM,Python Programming,Prof. Deshmukh,4,MCA,A,Lab 2,180,159,88.33,Practical,0,0,0,118,17,5,2,1,Morning,2026-05-02 10:00:00,55.0,72.59333333333333,70.47714285714285,77.6871,2,1.0,SAFE,2
2026-05-02,Saturday,2,10:00 AM,Advanced DBMS,Prof. Deshmukh,4,MCA,A,Auditorium,180,120,66.67,Theory,1,0,0,118,17,5,2,1,Morning,2026-05-02 10:00:00,88.33,80.37,72.69857142857143,77.72245847176079,3,24.0,WARNING,1
2026-05-02,Saturday,2,10:00 AM,Financial Management,Prof. Deshmukh,4,MCA,A,Lab 2,180,169,93.89,Practical,0,0,0,118,17,5,2,1,Morning,2026-05-02 10:00:00,66.67,70.0,71.11142857142856,77.68586092715232,4,24.0,SAFE,2
2026-05-02,Saturday,2,10:00 AM,Machine Learning,Prof. Kulkarni,2,MCA,A,Room 202,180,124,68.89,Theory,0,0,0,118,17,5,2,1,Morning,2026-05-02 10:00:00,93.89,82.96333333333332,75.15857142857143,77.7393399339934,5,24.0,WARNING,1
2026-05-02,Saturday,4,12:15 PM,Web Development,Akash Upadhayay,2,MCA,A,Room 201,180,135,75.0,Theory,0,0,0,118,17,5,2,1,Afternoon,2026-05-02 12:15:00,68.89,76.48333333333333,76.50857142857141,77.7102302631579,6,2.25,WARNING,1
2026-05-03,Monday,5,02:00 PM,HR Analytics,Prof. Kulkarni,2,MCA,A,Room 201,180,133,73.89,Theory,0,0,0,119,17,5,3,0,Afternoon,2026-05-03 14:00:00,75.0,79.26,77.93714285714285,77.70134426229508,1,25.75,WARNING,1
2026-05-03,Monday,6,03:00 PM,Cloud Computing,Prof. Sharma,2,MCA,A,Lab 2,180,144,80.0,Practical,0,0,0,119,17,5,3,0,Afternoon,2026-05-03 15:00:00,73.89,72.59333333333332,74.52428571428572,77.68888888888888,2,1.0,SAFE,2
2026-05-04,Monday,2,10:00 AM,Cloud Computing,Prof. Patil,2,MCA,A,Room 201,180,112,62.22,Theory,1,0,0,120,18,5,4,0,Morning,2026-05-04 10:00:00,80.0,76.29666666666667,78.0957142857143,77.69641693811074,1,19.0,WARNING,1
2026-05-04,Monday,4,12:15 PM,Web Development,Prof. Sharma,4,MCA,A,Lab 2,180,176,97.78,Practical,0,0,0,120,18,5,4,0,Afternoon,2026-05-04 12:15:00,62.22,72.03666666666668,74.36571428571428,77.64616883116884,2,2.25,SAFE,2
2026-05-04,Monday,5,02:00 PM,Web Development,Prof. Sharma,4,MCA,A,Room 202,180,126,70.0,Theory,1,1,0,120,18,5,4,0,Afternoon,2026-05-04 14:00:00,97.78,80.0,78.81000000000002,77.71132686084142,3,1.75,WARNING,1
2026-05-04,Monday,5,02:00 PM,Machine Learning,Ishwari Gaikwad,4,MCA,A,Room 202,180,164,91.11,Theory,0,0,0,120,18,5,4,0,Afternoon,2026-05-04 14:00:00,70.0,76.66666666666667,75.39714285714285,77.68645161290323,4,24.0,SAFE,2
2026-05-04,Monday,5,02:00 PM,Financial Management,Prof. Sharma,4,MCA,A,Room 201,180,138,76.67,Theory,0,0,0,120,18,5,4,0,Afternoon,2026-05-04 14:00:00,91.11,86.29666666666667,78.57142857142857,77.72961414790997,5,24.0,SAFE,2
2026-05-05,Tuesday,2,10:00 AM,Python Programming,Ishwari Gaikwad,2,MCA,A,Room 201,180,142,78.89,Theory,0,0,0,121,18,5,5,0,Morning,2026-05-05 10:00:00,76.67,79.26,78.80999999999999,77.72621794871796,1,20.0,SAFE,2
2026-05-05,Tuesday,2,10:00 AM,Machine Learning,Prof. Kulkarni,2,MCA,A,Lab 1,180,164,91.11,Practical,0,0,0,121,18,5,5,0,Morning,2026-05-05 10:00:00,78.89,82.22333333333334,79.52428571428571,77.72993610223642,2,24.0,SAFE,2
2026-05-05,Tuesday,4,12:15 PM,Web Development,Prof. Deshmukh,4,MCA,A,Auditorium,180,139,77.22,Theory,0,1,1,121,18,5,5,0,Afternoon,2026-05-05 12:15:00,91.11,82.22333333333334,81.11142857142856,77.77254777070064,3,2.25,SAFE,2
2026-05-05,Tuesday,6,03:00 PM,Advanced DBMS,Ishwari Gaikwad,4,MCA,A,Room 201,180,152,84.44,Theory,0,0,0,121,18,5,5,0,Afternoon,2026-05-05 15:00:00,77.22,82.40666666666665,83.25428571428571,77.77079365079365,4,2.75,SAFE,2
2026-05-06,Wednesday,1,09:00 AM,Machine Learning,Prof. Patil,4,MCA,A,Room 202,180,138,76.67,Theory,0,0,0,122,18,5,6,0,Morning,2026-05-06 09:00:00,84.44,84.25666666666666,81.34857142857143,77.79189873417722,1,18.0,SAFE,2
2026-05-06,Wednesday,5,02:00 PM,HR Analytics,Prof. Deshmukh,2,MCA,A,Room 202,180,163,90.56,Theory,0,0,0,122,18,5,6,0,Afternoon,2026-05-06 14:00:00,76.67,79.44333333333333,82.30142857142857,77.78835962145111,2,5.0,SAFE,2
2026-05-07,Thursday,1,09:00 AM,Python Programming,Prof. Kulkarni,2,MCA,A,Lab 1,180,124,68.89,Practical,0,0,0,123,18,5,7,0,Morning,2026-05-07 09:00:00,90.56,83.89,82.22285714285714,77.82852201257862,1,19.0,WARNING,1
2026-05-07,Thursday,4,12:15 PM,Web Development,Akash Upadhayay,4,MCA,A,Auditorium,180,167,92.78,Theory,0,0,0,123,18,5,7,0,Afternoon,2026-05-07 12:15:00,68.89,78.70666666666666,81.11142857142856,77.80050156739811,2,3.25,SAFE,2
2026-05-07,Thursday,5,02:00 PM,Financial Management,Prof. Deshmukh,2,MCA,A,Lab 2,180,171,95.0,Practical,0,0,0,123,18,5,7,0,Afternoon,2026-05-07 14:00:00,92.78,84.07666666666667,83.09571428571428,77.8473125,3,1.75,SAFE,2
2026-05-08,Friday,3,11:15 AM,Python Programming,Ishwari Gaikwad,2,MCA,A,Auditorium,180,158,87.78,Theory,0,1,0,124,18,5,8,0,Morning,2026-05-08 11:15:00,95.0,85.55666666666667,83.65142857142857,77.9007476635514,1,21.25,SAFE,2
2026-05-08,Friday,4,12:15 PM,Financial Management,Prof. Deshmukh,4,MCA,A,Room 202,180,169,93.89,Theory,0,0,0,124,18,5,8,0,Afternoon,2026-05-08 12:15:00,87.78,91.85333333333334,85.16,77.93142857142857,2,1.0,SAFE,2
2026-05-09,Saturday,1,09:00 AM,Python Programming,Prof. Patil,4,MCA,A,Room 202,180,126,70.0,Theory,0,0,0,125,18,5,9,1,Morning,2026-05-09 09:00:00,93.89,92.22333333333331,86.51,77.9808359133127,1,20.75,WARNING,1
2026-05-09,Saturday,3,11:15 AM,Cloud Computing,Akash Upadhayay,4,MCA,A,Auditorium,180,129,71.67,Theory,1,0,0,125,18,5,9,1,Morning,2026-05-09 11:15:00,70.0,83.89,85.55714285714286,77.95620370370371,2,2.25,WARNING,1
2026-05-09,Saturday,5,02:00 PM,Web Development,Prof. Sharma,4,MCA,A,Lab 1,180,150,83.33,Practical,0,0,1,125,18,5,9,1,Afternoon,2026-05-09 14:00:00,71.67,78.52,82.85857142857142,77.93686153846154,3,2.75,SAFE,2
2026-05-09,Saturday,5,02:00 PM,Advanced DBMS,Prof. Sharma,4,MCA,A,Lab 1,180,148,82.22,Practical,0,0,0,125,18,5,9,1,Afternoon,2026-05-09 14:00:00,83.33,75.0,84.92142857142858,77.95340490797547,4,24.0,SAFE,2
2026-05-09,Saturday,6,03:00 PM,Financial Management,Prof. Sharma,4,MCA,A,Auditorium,180,113,62.78,Theory,0,0,0,125,18,5,9,1,Afternoon,2026-05-09 15:00:00,82.22,79.07333333333334,83.41285714285713,77.96645259938838,5,1.0,WARNING,1
2026-05-10,Monday,1,09:00 AM,Python Programming,Prof. Kulkarni,2,MCA,A,Lab 2,180,129,71.67,Practical,1,0,0,126,18,5,10,0,Morning,2026-05-10 09:00:00,62.78,76.11,78.81000000000002,77.92015243902439,1,18.0,WARNING,1
2026-05-10,Monday,3,11:15 AM,Advanced DBMS,Prof. Deshmukh,4,MCA,A,Lab 1,180,114,63.33,Practical,1,0,0,126,18,5,10,0,Morning,2026-05-10 11:15:00,71.67,72.22333333333334,76.50857142857141,77.90115501519757,2,2.25,WARNING,1
2026-05-10,Monday,3,11:15 AM,HR Analytics,Prof. Deshmukh,2,MCA,A,Room 201,180,125,69.44,Theory,1,0,0,126,18,5,10,0,Morning,2026-05-10 11:15:00,63.33,65.92666666666666,72.14285714285714,77.857,3,24.0,WARNING,1
2026-05-10,Monday,5,02:00 PM,Machine Learning,Akash Upadhayay,4,MCA,A,Auditorium,180,124,68.89,Theory,0,0,1,126,18,5,10,0,Afternoon,2026-05-10 14:00:00,69.44,68.14666666666666,72.06285714285714,77.83157099697885,4,2.75,WARNING,1
2026-05-10,Monday,6,03:00 PM,Machine Learning,Akash Upadhayay,2,MCA,A,Room 201,180,119,66.11,Theory,0,0,0,126,18,5,10,0,Afternoon,2026-05-10 15:00:00,68.89,67.21999999999998,71.66571428571429,77.80463855421687,5,1.0,WARNING,1
2026-05-11,Monday,1,09:00 AM,Financial Management,Prof. Patil,4,MCA,A,Lab 2,180,112,62.22,Practical,1,0,0,127,19,5,11,0,Morning,2026-05-11 09:00:00,66.11,68.14666666666666,69.20571428571428,77.76951951951952,1,18.0,WARNING,1
2026-05-11,Monday,1,09:00 AM,Cloud Computing,Prof. Deshmukh,2,MCA,A,Auditorium,180,105,58.33,Theory,1,0,0,127,19,5,11,0,Morning,2026-05-11 09:00:00,62.22,65.74,66.34857142857143,77.7229640718563,2,24.0,WARNING,1
2026-05-11,Monday,3,11:15 AM,Cloud Computing,Akash Upadhayay,2,MCA,A,Lab 2,180,133,73.89,Practical,1,0,0,127,19,5,11,0,Morning,2026-05-11 11:15:00,58.33,62.21999999999999,65.71285714285715,77.66507462686567,3,2.25,WARNING,1
2026-05-11,Monday,5,02:00 PM,Machine Learning,Ishwari Gaikwad,4,MCA,A,Room 202,180,142,78.89,Theory,0,0,0,127,19,5,11,0,Afternoon,2026-05-11 14:00:00,73.89,64.81333333333333,66.03,77.65383928571428,4,2.75,SAFE,2
2026-05-12,Tuesday,1,09:00 AM,Web Development,Prof. Kulkarni,4,MCA,A,Lab 2,180,157,87.22,Practical,0,0,0,128,19,5,12,0,Morning,2026-05-12 09:00:00,78.89,70.37,68.25285714285714,77.65750741839763,1,19.0,SAFE,2
2026-05-12,Tuesday,1,09:00 AM,HR Analytics,Akash Upadhayay,2,MCA,A,Auditorium,180,139,77.22,Theory,0,1,0,128,19,5,12,0,Morning,2026-05-12 09:00:00,87.22,80.0,70.79285714285714,77.68579881656804,2,24.0,SAFE,2
2026-05-12,Tuesday,1,09:00 AM,Advanced DBMS,Ishwari Gaikwad,2,MCA,A,Auditorium,180,141,78.33,Theory,0,0,1,128,19,5,12,0,Morning,2026-05-12 09:00:00,77.22,81.11,71.98285714285714,77.68442477876107,3,24.0,SAFE,2
2026-05-12,Tuesday,2,10:00 AM,Financial Management,Prof. Patil,4,MCA,A,Auditorium,180,147,81.67,Theory,0,0,0,128,19,5,12,0,Morning,2026-05-12 10:00:00,78.33,80.92333333333333,73.72857142857143,77.68632352941177,4,1.0,SAFE,2
2026-05-12,Tuesday,2,10:00 AM,Machine Learning,Akash Upadhayay,2,MCA,A,Room 201,180,118,65.56,Theory,1,0,0,128,19,5,12,0,Morning,2026-05-12 10:00:00,81.67,79.07333333333334,76.50714285714285,77.69800586510264,5,24.0,WARNING,1
2026-05-12,Tuesday,4,12:15 PM,HR Analytics,Prof. Patil,2,MCA,A,Lab 2,180,151,83.89,Practical,0,0,0,128,19,5,12,0,Afternoon,2026-05-12 12:15:00,65.56,75.18666666666667,77.53999999999999,77.66251461988304,6,2.25,SAFE,2
2026-05-12,Tuesday,6,03:00 PM,Python Programming,Ishwari Gaikwad,2,MCA,A,Lab 2,180,157,87.22,Practical,0,0,0,128,19,5,12,0,Afternoon,2026-05-12 15:00:00,83.89,77.04,78.96857142857142,77.68067055393587,7,2.75,SAFE,2
2026-05-12,Tuesday,6,03:00 PM,Python Programming,Prof. Deshmukh,2,MCA,A,Room 201,180,121,67.22,Theory,0,0,0,128,19,5,12,0,Afternoon,2026-05-12 15:00:00,87.22,78.89,80.15857142857143,77.7084011627907,8,24.0,WARNING,1
2026-05-13,Wednesday,3,11:15 AM,Cloud Computing,Prof. Kulkarni,2,MCA,A,Lab 1,180,173,96.11,Practical,0,0,0,129,19,5,13,0,Morning,2026-05-13 11:15:00,67.22,79.44333333333334,77.30142857142857,77.678,1,20.25,SAFE,2
2026-05-13,Wednesday,3,11:15 AM,Machine Learning,Akash Upadhayay,2,MCA,A,Room 201,180,180,100.0,Theory,0,0,0,129,19,5,13,0,Morning,2026-05-13 11:15:00,96.11,83.51666666666667,80.0,77.73127167630058,2,24.0,SAFE,2
2026-05-13,Wednesday,5,02:00 PM,Cloud Computing,Prof. Sharma,2,MCA,A,Room 201,180,142,78.89,Theory,0,0,0,129,19,5,13,0,Afternoon,2026-05-13 14:00:00,100.0,87.77666666666666,83.09571428571428,77.79544668587896,3,2.75,SAFE,2
2026-05-14,Thursday,1,09:00 AM,Advanced DBMS,Prof. Sharma,4,MCA,A,Lab 1,180,180,100.0,Practical,0,0,0,130,19,5,14,0,Morning,2026-05-14 09:00:00,78.89,91.66666666666667,82.69857142857143,77.79859195402298,1,19.0,SAFE,2
2026-05-14,Thursday,3,11:15 AM,Machine Learning,Prof. Sharma,2,MCA,A,Room 202,180,140,77.78,Theory,1,0,0,130,19,5,14,0,Morning,2026-05-14 11:15:00,100.0,92.96333333333332,87.61857142857141,77.86220630372493,2,2.25,SAFE,2
2026-05-14,Thursday,4,12:15 PM,Financial Management,Prof. Patil,4,MCA,A,Room 202,180,140,77.78,Theory,0,1,0,130,19,5,14,0,Afternoon,2026-05-14 12:15:00,77.78,85.55666666666666,86.74571428571429,77.86197142857142,3,1.0,SAFE,2
2026-05-14,Thursday,5,02:00 PM,Machine Learning,Ishwari Gaikwad,4,MCA,A,Room 201,180,132,73.33,Theory,0,1,0,130,19,5,14,0,Afternoon,2026-05-14 14:00:00,77.78,85.18666666666667,85.39714285714285,77.86173789173789,4,1.75,WARNING,1
2026-05-14,Thursday,6,03:00 PM,Web Development,Prof. Deshmukh,4,MCA,A,Room 202,180,119,66.11,Theory,1,1,0,130,19,5,14,0,Afternoon,2026-05-14 15:00:00,73.33,76.29666666666667,86.27000000000001,77.84886363636363,5,1.0,WARNING,1
2026-05-14,Thursday,6,03:00 PM,Cloud Computing,Prof. Patil,2,MCA,A,Auditorium,180,141,78.33,Theory,0,0,0,130,19,5,14,0,Afternoon,2026-05-14 15:00:00,66.11,72.40666666666667,81.98428571428572,77.81560906515581,6,24.0,SAFE,2
2026-05-15,Friday,1,09:00 AM,Web Development,Prof. Patil,2,MCA,A,Auditorium,180,135,75.0,Theory,0,0,0,131,19,5,15,0,Morning,2026-05-15 09:00:00,78.33,72.58999999999999,78.88857142857144,77.81706214689267,1,18.0,WARNING,1
2026-05-15,Friday,4,12:15 PM,HR Analytics,Prof. Deshmukh,4,MCA,A,Auditorium,180,139,77.22,Theory,0,1,0,131,19,5,15,0,Afternoon,2026-05-15 12:15:00,75.0,73.14666666666666,78.33285714285714,77.80912676056339,2,3.25,SAFE,2
2026-05-15,Friday,5,02:00 PM,HR Analytics,Prof. Kulkarni,2,MCA,A,Room 202,180,154,85.56,Theory,0,0,0,131,19,5,15,0,Afternoon,2026-05-15 14:00:00,77.22,76.85000000000001,75.07857142857142,77.80747191011235,3,1.75,SAFE,2
2026-05-15,Friday,6,03:00 PM,Python Programming,Akash Upadhayay,2,MCA,A,Lab 1,180,154,85.56,Practical,0,0,0,131,19,5,15,0,Afternoon,2026-05-15 15:00:00,85.56,79.26,76.19000000000001,77.82918767507003,4,1.0,SAFE,2
2026-05-16,Saturday,2,10:00 AM,HR Analytics,Prof. Sharma,2,MCA,A,Lab 1,180,96,53.33,Practical,1,0,1,132,19,5,16,1,Morning,2026-05-16 10:00:00,85.56,82.78000000000002,77.30142857142857,77.85078212290503,1,19.0,WARNING,1
2026-05-16,Saturday,2,10:00 AM,HR Analytics,Prof. Kulkarni,2,MCA,A,Lab 2,180,123,68.33,Practical,0,0,1,132,19,5,16,1,Morning,2026-05-16 10:00:00,53.33,74.81666666666666,74.44428571428571,77.7824791086351,2,24.0,WARNING,1
2026-05-16,Saturday,2,10:00 AM,Financial Management,Prof. Kulkarni,4,MCA,A,Room 202,180,138,76.67,Theory,0,0,0,132,19,5,16,1,Morning,2026-05-16 10:00:00,68.33,69.07333333333332,74.76142857142857,77.75622222222222,3,24.0,SAFE,2
2026-05-16,Saturday,3,11:15 AM,HR Analytics,Prof. Patil,4,MCA,A,Room 201,180,124,68.89,Theory,0,1,0,132,19,5,16,1,Morning,2026-05-16 11:15:00,76.67,66.11,74.52428571428571,77.7532132963989,4,1.25,WARNING,1
2026-05-16,Saturday,3,11:15 AM,Python Programming,Prof. Sharma,2,MCA,A,Auditorium,180,153,85.0,Theory,0,1,0,132,19,5,16,1,Morning,2026-05-16 11:15:00,68.89,71.29666666666667,73.65142857142857,77.72872928176795,5,24.0,SAFE,2
2026-05-17,Monday,3,11:15 AM,Cloud Computing,Prof. Patil,4,MCA,A,Lab 2,180,161,89.44,Practical,0,0,0,133,19,5,17,0,Morning,2026-05-17 11:15:00,85.0,76.85333333333334,74.76285714285713,77.7487603305785,1,24.0,SAFE,2
2026-05-18,Monday,3,11:15 AM,Cloud Computing,Prof. Sharma,4,MCA,A,Room 202,180,151,83.89,Theory,0,1,0,134,20,5,18,0,Morning,2026-05-18 11:15:00,89.44,81.11,75.31714285714285,77.78087912087912,1,24.0,SAFE,2
2026-05-18,Monday,5,02:00 PM,Advanced DBMS,Prof. Kulkarni,2,MCA,A,Auditorium,180,173,96.11,Theory,0,0,0,134,20,5,18,0,Afternoon,2026-05-18 14:00:00,83.89,86.11,75.07857142857142,77.79761643835617,2,2.75,SAFE,2
2026-05-18,Monday,6,03:00 PM,Machine Learning,Ishwari Gaikwad,4,MCA,A,Lab 2,180,121,67.22,Practical,0,1,0,134,20,5,18,0,Afternoon,2026-05-18 15:00:00,96.11,89.81333333333333,81.18999999999998,77.84765027322405,3,1.0,WARNING,1
2026-05-19,Tuesday,2,10:00 AM,Cloud Computing,Prof. Kulkarni,4,MCA,A,Room 202,180,147,81.67,Theory,0,0,0,135,20,5,19,0,Morning,2026-05-19 10:00:00,67.22,82.40666666666667,81.03142857142858,77.81869209809264,1,19.0,SAFE,2
2026-05-19,Tuesday,5,02:00 PM,Financial Management,Prof. Kulkarni,4,MCA,A,Lab 1,180,158,87.78,Practical,0,0,0,135,20,5,19,0,Afternoon,2026-05-19 14:00:00,81.67,81.66666666666667,81.74571428571429,77.82915760869565,2,4.0,SAFE,2
2026-05-19,Tuesday,6,03:00 PM,Advanced DBMS,Prof. Kulkarni,2,MCA,A,Auditorium,180,122,67.78,Theory,0,0,0,135,20,5,19,0,Afternoon,2026-05-19 15:00:00,87.78,78.89,84.44428571428571,77.85612466124661,3,1.0,WARNING,1
2026-05-21,Thursday,1,09:00 AM,Advanced DBMS,Prof. Deshmukh,4,MCA,A,Room 201,180,134,74.44,Theory,0,0,0,137,20,5,21,0,Morning,2026-05-21 09:00:00,67.78,79.07666666666667,81.98428571428572,77.82889189189189,1,42.0,WARNING,1
2026-05-21,Thursday,2,10:00 AM,Cloud Computing,Prof. Patil,2,MCA,A,Lab 1,180,176,97.78,Practical,0,1,0,137,20,5,21,0,Morning,2026-05-21 10:00:00,74.44,76.66666666666667,79.84142857142857,77.81975741239893,2,1.0,SAFE,2
2026-05-21,Thursday,3,11:15 AM,Web Development,Prof. Sharma,4,MCA,A,Lab 2,180,144,80.0,Practical,1,1,0,137,20,5,21,0,Morning,2026-05-21 11:15:00,97.78,80.0,81.82571428571428,77.87341397849463,3,1.25,SAFE,2
2026-05-21,Thursday,3,11:15 AM,Cloud Computing,Akash Upadhayay,4,MCA,A,Lab 1,180,148,82.22,Practical,0,0,1,137,20,5,21,0,Morning,2026-05-21 11:15:00,80.0,84.07333333333332,79.52428571428571,77.87911528150134,4,24.0,SAFE,2
2026-05-21,Thursday,4,12:15 PM,Advanced DBMS,Prof. Sharma,4,MCA,A,Auditorium,180,176,97.78,Theory,0,0,0,137,20,5,21,0,Afternoon,2026-05-21 12:15:00,82.22,86.66666666666667,81.66714285714285,77.89072192513369,5,1.0,SAFE,2
2026-05-22,Friday,1,09:00 AM,Financial Management,Prof. Kulkarni,4,MCA,A,Room 201,180,130,72.22,Theory,0,0,0,138,20,5,22,0,Morning,2026-05-22 09:00:00,97.78,86.66666666666667,83.96857142857142,77.94376,1,20.75,WARNING,1
2026-05-22,Friday,1,09:00 AM,Cloud Computing,Prof. Deshmukh,4,MCA,A,Lab 1,180,146,81.11,Practical,0,0,0,138,20,5,22,0,Morning,2026-05-22 09:00:00,72.22,84.07333333333334,81.74571428571429,77.92853723404255,2,24.0,SAFE,2
2026-05-22,Friday,2,10:00 AM,Advanced DBMS,Ishwari Gaikwad,2,MCA,A,Lab 2,180,153,85.0,Practical,0,1,0,138,20,5,22,0,Morning,2026-05-22 10:00:00,81.11,83.70333333333333,83.64999999999999,77.93697612732096,3,1.0,SAFE,2
2026-05-22,Friday,2,10:00 AM,Financial Management,Prof. Patil,4,MCA,A,Lab 2,180,148,82.08500000000001,Practical,0,0,0,138,20,5,22,0,Morning,2026-05-22 10:00:00,85.0,79.44333333333333,85.15857142857143,77.95566137566138,4,24.0,SAFE,2
2026-05-22,Friday,2,10:00 AM,HR Analytics,Ishwari Gaikwad,2,MCA,A,Lab 1,180,176,97.78,Practical,0,0,0,138,20,5,22,0,Morning,2026-05-22 10:00:00,82.08500000000001,82.73166666666667,82.91642857142857,77.96655672823219,5,24.0,SAFE,2
2026-05-22,Friday,3,11:15 AM,Cloud Computing,Prof. Kulkarni,2,MCA,A,Room 201,180,157,87.22,Theory,0,0,0,138,20,5,22,0,Morning,2026-05-22 11:15:00,97.78,88.28833333333334,85.45642857142856,78.01869736842106,6,1.25,SAFE,2
2026-05-22,Friday,4,12:15 PM,Financial Management,Prof. Sharma,2,MCA,A,Lab 1,180,155,86.11,Practical,0,0,0,138,20,5,22,0,Afternoon,2026-05-22 12:15:00,87.22,89.02833333333335,86.17071428571428,78.04284776902887,7,1.0,SAFE,2
2026-05-22,Friday,6,03:00 PM,Advanced DBMS,Ishwari Gaikwad,4,MCA,A,Auditorium,180,153,85.0,Theory,0,0,0,138,20,5,22,0,Afternoon,2026-05-22 15:00:00,86.11,90.37,84.50357142857142,78.06396596858639,8,2.75,SAFE,2
2026-05-23,Saturday,1,09:00 AM,Python Programming,Prof. Patil,2,MCA,A,Auditorium,180,120,66.67,Theory,0,0,0,139,20,5,23,1,Morning,2026-05-23 09:00:00,85.0,86.11,86.3292857142857,78.08207571801567,1,18.0,WARNING,1
2026-05-23,Saturday,3,11:15 AM,Web Development,Prof. Patil,4,MCA,A,Lab 1,180,148,82.22,Practical,0,0,0,139,20,5,23,1,Morning,2026-05-23 11:15:00,66.67,79.26,84.26642857142858,78.05235677083333,2,2.25,SAFE,2
2026-05-23,Saturday,4,12:15 PM,Machine Learning,Prof. Kulkarni,4,MCA,A,Auditorium,180,135,75.0,Theory,0,0,0,139,20,5,23,1,Afternoon,2026-05-23 12:15:00,82.22,77.96333333333334,83.86928571428572,78.06318181818182,3,1.0,WARNING,1
2026-05-23,Saturday,5,02:00 PM,Machine Learning,Akash Upadhayay,4,MCA,A,Lab 2,180,155,86.11,Practical,0,0,0,139,20,5,23,1,Afternoon,2026-05-23 14:00:00,75.0,74.63,82.85714285714286,78.05524611398964,4,1.75,SAFE,2
2026-05-23,Saturday,5,02:00 PM,Machine Learning,Prof. Kulkarni,4,MCA,A,Lab 1,180,161,89.44,Practical,0,0,0,139,20,5,23,1,Afternoon,2026-05-23 14:00:00,86.11,81.11,81.19000000000001,78.07605943152456,5,24.0,SAFE,2
2026-05-23,Saturday,6,03:00 PM,Advanced DBMS,Prof. Patil,4,MCA,A,Auditorium,180,89,49.17,Theory,0,0,0,139,20,5,23,1,Afternoon,2026-05-23 15:00:00,89.44,83.51666666666667,81.50714285714285,78.10534793814433,6,1.0,CRITICAL,0
2026-05-23,Saturday,6,03:00 PM,Advanced DBMS,Ishwari Gaikwad,2,MCA,A,Room 202,180,115,63.89,Theory,0,0,0,139,20,5,23,1,Afternoon,2026-05-23 15:00:00,49.17,74.90666666666667,76.23,78.03096401028277,7,24.0,WARNING,1
2026-05-23,Saturday,6,03:00 PM,Cloud Computing,Prof. Sharma,2,MCA,A,Lab 1,180,141,78.33,Practical,0,0,0,139,20,5,23,1,Afternoon,2026-05-23 15:00:00,63.89,67.5,73.21428571428571,77.99470512820513,8,24.0,SAFE,2
2026-05-24,Monday,1,09:00 AM,Web Development,Akash Upadhayay,2,MCA,A,Lab 2,180,138,76.67,Practical,1,0,0,140,20,5,24,0,Morning,2026-05-24 09:00:00,78.33,63.79666666666666,74.88,77.99556265984654,1,18.0,SAFE,2
2026-05-24,Monday,1,09:00 AM,Machine Learning,Prof. Sharma,2,MCA,A,Room 201,180,128,71.11,Theory,0,0,0,140,20,5,24,0,Morning,2026-05-24 09:00:00,76.67,72.96333333333332,74.08714285714287,77.99218112244898,2,24.0,WARNING,1
2026-05-24,Monday,2,10:00 AM,HR Analytics,Ishwari Gaikwad,4,MCA,A,Room 202,180,126,70.0,Theory,0,0,0,140,20,5,24,0,Morning,2026-05-24 10:00:00,71.11,75.37,73.53142857142858,77.97466921119593,3,1.0,WARNING,1
2026-05-24,Monday,3,11:15 AM,Web Development,Prof. Deshmukh,2,MCA,A,Lab 2,180,155,86.11,Practical,0,0,0,140,20,5,24,0,Morning,2026-05-24 11:15:00,70.0,72.59333333333335,71.23,77.95442893401015,4,1.25,SAFE,2
2026-05-24,Monday,6,03:00 PM,HR Analytics,Prof. Kulkarni,2,MCA,A,Auditorium,180,134,74.44,Theory,0,0,0,140,20,5,24,0,Afternoon,2026-05-24 15:00:00,86.11,75.74,70.75428571428571,77.97507594936708,5,3.75,WARNING,1
2026-05-25,Monday,1,09:00 AM,Python Programming,Prof. Kulkarni,2,MCA,A,Room 201,180,143,79.44,Theory,0,1,0,141,21,5,25,0,Morning,2026-05-25 09:00:00,74.44,76.85000000000001,74.36428571428571,77.966148989899,1,18.0,SAFE,2
2026-05-25,Monday,2,10:00 AM,HR Analytics,Prof. Kulkarni,2,MCA,A,Auditorium,180,142,78.89,Theory,0,0,0,141,21,5,25,0,Morning,2026-05-25 10:00:00,79.44,79.99666666666667,76.58571428571429,77.96986146095718,2,1.0,SAFE,2
2026-05-25,Monday,4,12:15 PM,Machine Learning,Prof. Deshmukh,2,MCA,A,Lab 2,180,154,85.56,Practical,0,0,0,141,21,5,25,0,Afternoon,2026-05-25 12:15:00,78.89,77.58999999999999,76.66571428571429,77.97217336683417,3,2.25,SAFE,2
2026-05-26,Tuesday,1,09:00 AM,Advanced DBMS,Akash Upadhayay,4,MCA,A,Room 202,180,136,75.56,Theory,0,0,0,142,21,5,26,0,Morning,2026-05-26 09:00:00,85.56,81.29666666666667,77.93571428571428,77.99119047619048,1,20.75,SAFE,2
2026-05-26,Tuesday,2,10:00 AM,Advanced DBMS,Prof. Deshmukh,4,MCA,A,Lab 2,180,134,74.44,Practical,0,0,1,142,21,5,26,0,Morning,2026-05-26 10:00:00,75.56,80.00333333333333,78.57142857142857,77.9851125,2,1.0,WARNING,1
2026-05-26,Tuesday,2,10:00 AM,HR Analytics,Prof. Sharma,2,MCA,A,Room 201,180,146,81.11,Theory,1,0,0,142,21,5,26,0,Morning,2026-05-26 10:00:00,74.44,78.52,79.2057142857143,77.97627182044889,3,24.0,SAFE,2
2026-05-26,Tuesday,3,11:15 AM,Machine Learning,Prof. Deshmukh,2,MCA,A,Room 201,180,129,71.67,Theory,1,0,0,142,21,5,26,0,Morning,2026-05-26 11:15:00,81.11,77.03666666666668,78.49142857142856,77.98406716417911,4,1.25,WARNING,1
2026-05-26,Tuesday,5,02:00 PM,Cloud Computing,Prof. Deshmukh,2,MCA,A,Room 202,180,140,77.78,Theory,0,0,0,142,21,5,26,0,Afternoon,2026-05-26 14:00:00,71.67,75.74000000000001,78.09571428571428,77.96839950372208,5,2.75,SAFE,2
2026-05-26,Tuesday,5,02:00 PM,Advanced DBMS,Prof. Kulkarni,2,MCA,A,Room 201,180,180,100.0,Theory,0,0,0,142,21,5,26,0,Afternoon,2026-05-26 14:00:00,77.78,76.85333333333334,77.85857142857142,77.96793316831683,6,24.0,SAFE,2
2026-05-26,Tuesday,5,02:00 PM,Financial Management,Prof. Kulkarni,2,MCA,A,Room 202,180,153,85.0,Theory,0,0,0,142,21,5,26,0,Afternoon,2026-05-26 14:00:00,100.0,83.14999999999999,80.87428571428572,78.02233333333334,7,24.0,SAFE,2
2026-05-26,Tuesday,6,03:00 PM,Web Development,Ishwari Gaikwad,2,MCA,A,Room 201,180,133,73.89,Theory,0,0,0,142,21,5,26,0,Afternoon,2026-05-26 15:00:00,85.0,87.59333333333332,80.7942857142857,78.03951970443349,8,1.0,WARNING,1
2026-05-27,Wednesday,1,09:00 AM,Cloud Computing,Prof. Patil,4,MCA,A,Room 201,180,142,78.89,Theory,0,0,0,143,21,5,27,0,Morning,2026-05-27 09:00:00,73.89,86.29666666666667,80.55571428571429,78.02932432432432,1,18.0,SAFE,2
2026-05-27,Wednesday,2,10:00 AM,Financial Management,Akash Upadhayay,4,MCA,A,Room 201,180,159,88.33,Theory,0,0,0,143,21,5,27,0,Morning,2026-05-27 10:00:00,78.89,79.26,81.19142857142857,78.03143382352941,2,1.0,SAFE,2
2026-05-27,Wednesday,3,11:15 AM,Financial Management,Prof. Patil,4,MCA,A,Room 201,180,157,87.22,Theory,0,1,0,143,21,5,27,0,Morning,2026-05-27 11:15:00,88.33,80.37,82.22285714285714,78.05661369193153,3,1.25,SAFE,2
2026-05-27,Wednesday,3,11:15 AM,Financial Management,Prof. Patil,2,MCA,A,Room 202,180,126,70.0,Theory,0,1,1,143,21,5,27,0,Morning,2026-05-27 11:15:00,87.22,84.81333333333333,84.44428571428571,78.07896341463415,4,24.0,WARNING,1
2026-05-27,Wednesday,4,12:15 PM,Python Programming,Prof. Sharma,4,MCA,A,Auditorium,180,150,83.33,Theory,0,0,0,143,21,5,27,0,Afternoon,2026-05-27 12:15:00,70.0,81.85000000000001,83.33285714285714,78.05930656934306,5,1.0,SAFE,2
2026-05-27,Wednesday,4,12:15 PM,Advanced DBMS,Akash Upadhayay,4,MCA,A,Room 201,180,141,78.33,Theory,0,0,0,143,21,5,27,0,Afternoon,2026-05-27 12:15:00,83.33,80.18333333333334,80.95142857142856,78.0720995145631,6,24.0,SAFE,2
2026-05-27,Wednesday,4,12:15 PM,Machine Learning,Prof. Kulkarni,2,MCA,A,Lab 1,180,148,82.22,Practical,0,0,0,143,21,5,27,0,Afternoon,2026-05-27 12:15:00,78.33,77.22,79.99857142857142,78.07272397094431,7,24.0,SAFE,2
2026-05-27,Wednesday,6,03:00 PM,Python Programming,Prof. Kulkarni,4,MCA,A,Room 201,180,148,82.22,Theory,0,0,0,143,21,5,27,0,Afternoon,2026-05-27 15:00:00,82.22,81.29333333333334,81.18857142857144,78.08274154589373,8,2.75,SAFE,2
2026-05-28,Thursday,3,11:15 AM,Machine Learning,Prof. Sharma,4,MCA,A,Auditorium,180,164,91.11,Theory,0,0,0,144,21,5,28,0,Morning,2026-05-28 11:15:00,82.22,80.92333333333333,81.66428571428571,78.0927108433735,1,20.25,SAFE,2
2026-05-28,Thursday,3,11:15 AM,Financial Management,Ishwari Gaikwad,2,MCA,A,Room 202,180,142,78.89,Theory,0,1,0,144,21,5,28,0,Morning,2026-05-28 11:15:00,91.11,85.18333333333334,82.06142857142856,78.12400240384615,2,24.0,SAFE,2
2026-05-28,Thursday,4,12:15 PM,Web Development,Ishwari Gaikwad,4,MCA,A,Room 201,180,159,88.33,Theory,0,0,0,144,21,5,28,0,Afternoon,2026-05-28 12:15:00,78.89,84.07333333333334,80.87142857142858,78.12583932853717,3,1.0,SAFE,2
2026-05-28,Thursday,6,03:00 PM,HR Analytics,Prof. Kulkarni,2,MCA,A,Room 202,180,132,73.33,Theory,0,0,0,144,21,5,28,0,Afternoon,2026-05-28 15:00:00,88.33,86.11,83.49000000000001,78.15025119617225,4,2.75,WARNING,1
2026-05-28,Thursday,6,03:00 PM,Financial Management,Prof. Kulkarni,4,MCA,A,Room 201,180,124,68.89,Theory,0,0,0,144,21,5,28,0,Afternoon,2026-05-28 15:00:00,73.33,80.18333333333332,82.06142857142856,78.13874701670645,5,24.0,WARNING,1
2026-05-29,Friday,2,10:00 AM,Cloud Computing,Prof. Patil,2,MCA,A,Auditorium,180,97,53.89,Theory,1,1,1,145,21,5,29,0,Morning,2026-05-29 10:00:00,68.89,76.85000000000001,80.71285714285715,78.1167261904762,1,19.0,WARNING,1
2026-05-29,Friday,4,12:15 PM,Web Development,Prof. Kulkarni,2,MCA,A,Lab 1,180,173,96.11,Practical,0,0,0,145,21,5,29,0,Afternoon,2026-05-29 12:15:00,53.89,65.37,76.66571428571429,78.05918052256533,2,2.25,SAFE,2
2026-05-29,Friday,5,02:00 PM,Web Development,Prof. Sharma,2,MCA,A,Room 201,180,139,77.22,Theory,1,0,0,145,21,5,29,0,Afternoon,2026-05-29 14:00:00,96.11,72.96333333333332,78.64999999999999,78.10195497630332,3,1.75,SAFE,2
2026-05-29,Friday,5,02:00 PM,Python Programming,Prof. Kulkarni,2,MCA,A,Auditorium,180,147,81.67,Theory,0,0,0,145,21,5,29,0,Afternoon,2026-05-29 14:00:00,77.22,75.74000000000001,76.66571428571429,78.09986997635934,4,24.0,SAFE,2
2026-05-29,Friday,6,03:00 PM,Financial Management,Akash Upadhayay,4,MCA,A,Lab 2,180,129,71.67,Practical,0,0,0,145,21,5,29,0,Afternoon,2026-05-29 15:00:00,81.67,85.0,77.06285714285714,78.10829009433962,5,1.0,WARNING,1
2026-05-30,Saturday,2,10:00 AM,Cloud Computing,Prof. Deshmukh,4,MCA,A,Room 202,180,142,78.89,Theory,0,0,0,146,21,5,30,1,Morning,2026-05-30 10:00:00,71.67,76.85333333333334,74.68285714285715,78.09314117647058,1,19.0,SAFE,2
2026-05-30,Saturday,3,11:15 AM,Machine Learning,Ishwari Gaikwad,4,MCA,A,Auditorium,180,143,79.44,Theory,0,0,0,146,21,5,30,1,Morning,2026-05-30 11:15:00,78.89,77.41000000000001,75.47714285714287,78.0950117370892,2,1.25,SAFE,2
2026-05-30,Saturday,6,03:00 PM,Cloud Computing,Prof. Deshmukh,2,MCA,A,Lab 1,180,94,52.22,Practical,0,1,1,146,21,5,30,1,Afternoon,2026-05-30 15:00:00,79.44,76.66666666666667,76.98428571428572,78.09816159250586,3,3.75,WARNING,1
2026-05-30,Saturday,6,03:00 PM,Financial Management,Prof. Kulkarni,4,MCA,A,Room 202,180,150,83.33,Theory,0,0,0,146,21,5,30,1,Afternoon,2026-05-30 15:00:00,52.22,70.18333333333332,76.74571428571429,78.03769859813085,4,24.0,SAFE,2
2026-05-31,Monday,1,09:00 AM,HR Analytics,Prof. Sharma,4,MCA,A,Room 201,180,112,62.22,Theory,1,0,0,147,21,5,31,0,Morning,2026-05-31 09:00:00,83.33,71.66333333333334,74.91999999999999,78.05003496503495,1,18.0,WARNING,1
2026-05-31,Monday,3,11:15 AM,Web Development,Akash Upadhayay,2,MCA,A,Lab 1,180,144,80.0,Practical,0,0,0,147,21,5,31,0,Morning,2026-05-31 11:15:00,62.22,65.92333333333333,72.77714285714286,78.01322093023255,2,2.25,SAFE,2
2026-05-31,Monday,4,12:15 PM,Machine Learning,Prof. Patil,2,MCA,A,Lab 2,180,136,75.56,Practical,1,1,0,147,21,5,31,0,Afternoon,2026-05-31 12:15:00,80.0,75.18333333333334,72.53857142857143,78.0178306264501,3,1.0,SAFE,2
2026-05-31,Monday,5,02:00 PM,Advanced DBMS,Ishwari Gaikwad,2,MCA,A,Lab 2,180,133,73.89,Practical,0,0,0,147,21,5,31,0,Afternoon,2026-05-31 14:00:00,75.56,72.59333333333335,73.09428571428572,78.0121412037037,4,1.75,WARNING,1
2026-05-31,Monday,6,03:00 PM,Web Development,Prof. Deshmukh,4,MCA,A,Lab 2,180,89,49.17,Practical,0,1,0,147,21,5,31,0,Afternoon,2026-05-31 15:00:00,73.89,76.48333333333333,72.38,78.00262124711317,5,1.0,CRITICAL,0
2026-05-31,Monday,6,03:00 PM,Machine Learning,Ishwari Gaikwad,2,MCA,A,Lab 1,180,140,77.78,Practical,0,0,0,147,21,5,31,0,Afternoon,2026-05-31 15:00:00,49.17,66.20666666666666,68.05571428571429,77.93618663594471,6,24.0,SAFE,2
2026-06-01,Monday,1,09:00 AM,Cloud Computing,Prof. Sharma,2,MCA,A,Auditorium,180,144,80.0,Theory,0,0,0,148,22,6,1,0,Morning,2026-06-01 09:00:00,77.78,66.94666666666667,71.70714285714287,77.046,1,18.0,SAFE,2
2026-06-01,Monday,4,12:15 PM,HR Analytics,Prof. Sharma,2,MCA,A,Lab 2,180,127,70.56,Practical,1,0,0,148,22,6,1,0,Afternoon,2026-06-01 12:15:00,80.0,68.98333333333333,71.23142857142857,77.14129032258064,2,3.25,WARNING,1
2026-06-02,Tuesday,3,11:15 AM,Web Development,Prof. Patil,2,MCA,A,Room 201,180,167,92.78,Theory,0,0,0,149,22,6,2,0,Morning,2026-06-02 11:15:00,70.56,76.11333333333333,72.42285714285715,76.935625,1,23.0,SAFE,2
2026-06-02,Tuesday,3,11:15 AM,Python Programming,Prof. Sharma,4,MCA,A,Lab 1,180,176,97.78,Practical,0,0,0,149,22,6,2,0,Morning,2026-06-02 11:15:00,92.78,81.11333333333334,74.24857142857142,77.41575757575757,2,24.0,SAFE,2
2026-06-02,Tuesday,4,12:15 PM,Cloud Computing,Prof. Sharma,2,MCA,A,Room 201,180,166,92.22,Theory,0,1,0,149,22,6,2,0,Afternoon,2026-06-02 12:15:00,97.78,87.04,77.42285714285715,78.01470588235294,3,1.0,SAFE,2
2026-06-03,Wednesday,1,09:00 AM,Cloud Computing,Prof. Kulkarni,2,MCA,A,Lab 1,180,154,85.56,Practical,0,0,0,150,22,6,3,0,Morning,2026-06-03 09:00:00,92.22,94.26,80.04142857142857,78.42057142857142,1,20.75,SAFE,2
2026-06-03,Wednesday,1,09:00 AM,Financial Management,Prof. Kulkarni,4,MCA,A,Room 202,180,146,81.11,Theory,0,0,0,150,22,6,3,0,Morning,2026-06-03 09:00:00,85.56,91.85333333333334,85.24000000000001,78.61888888888889,2,24.0,SAFE,2
2026-06-03,Wednesday,2,10:00 AM,Machine Learning,Akash Upadhayay,4,MCA,A,Lab 1,180,169,93.89,Practical,0,1,0,150,22,6,3,0,Morning,2026-06-03 10:00:00,81.11,86.29666666666667,85.71571428571428,78.68621621621621,3,1.0,SAFE,2
2026-06-03,Wednesday,2,10:00 AM,Cloud Computing,Prof. Deshmukh,4,MCA,A,Room 202,180,156,86.67,Theory,0,0,0,150,22,6,3,0,Morning,2026-06-03 10:00:00,93.89,86.85333333333334,87.70000000000002,79.08631578947369,4,24.0,SAFE,2
2026-06-03,Wednesday,3,11:15 AM,Advanced DBMS,Prof. Patil,4,MCA,A,Lab 1,180,166,92.22,Practical,0,0,0,150,22,6,3,0,Morning,2026-06-03 11:15:00,86.67,87.22333333333331,90.00142857142858,79.28076923076922,5,1.25,SAFE,2
2026-06-03,Wednesday,3,11:15 AM,Machine Learning,Akash Upadhayay,4,MCA,A,Lab 2,180,130,72.22,Practical,1,0,0,150,22,6,3,0,Morning,2026-06-03 11:15:00,92.22,90.92666666666666,89.92142857142858,79.60425000000001,6,24.0,WARNING,1
2026-06-03,Wednesday,5,02:00 PM,Advanced DBMS,Prof. Patil,2,MCA,A,Room 202,180,143,79.44,Theory,0,0,0,150,22,6,3,0,Afternoon,2026-06-03 14:00:00,72.22,83.70333333333333,86.27,79.42414634146341,7,2.75,SAFE,2
2026-01-05,Monday,1,09:00 AM,Advanced DBMS,Prof. Patil,4,MCA,B,Room 202,180,141,78.33,Theory,0,0,0,1,1,1,5,0,Morning,2026-01-05 09:00:00,78.9210138888889,78.9210138888889,78.9210138888889,80.23330238726791,1,24.0,SAFE,2
2026-01-05,Monday,1,09:00 AM,Financial Management,Ishwari Gaikwad,2,MCA,B,Room 201,180,135,75.0,Theory,0,1,0,1,1,1,5,0,Morning,2026-01-05 09:00:00,78.33,78.33,78.33,80.2282671957672,2,24.0,WARNING,1
2026-01-05,Monday,2,10:00 AM,Python Programming,Akash Upadhayay,2,MCA,B,Lab 1,180,151,83.89,Practical,0,0,0,1,1,1,5,0,Morning,2026-01-05 10:00:00,75.0,76.66499999999999,76.66499999999999,80.21447229551451,3,1.0,SAFE,2
2026-01-05,Monday,2,10:00 AM,HR Analytics,Ishwari Gaikwad,4,MCA,B,Room 201,180,140,77.78,Theory,0,0,1,1,1,1,5,0,Morning,2026-01-05 10:00:00,83.89,79.07333333333334,79.07333333333334,80.2241447368421,4,24.0,SAFE,2
2026-01-05,Monday,3,11:15 AM,Web Development,Akash Upadhayay,4,MCA,B,Room 201,180,145,80.56,Theory,0,0,0,1,1,1,5,0,Morning,2026-01-05 11:15:00,77.78,78.89,78.75,80.21772965879265,5,1.25,SAFE,2
2026-01-05,Monday,3,11:15 AM,Financial Management,Prof. Patil,4,MCA,B,Lab 1,180,150,83.33,Practical,0,0,0,1,1,1,5,0,Morning,2026-01-05 11:15:00,80.56,80.74333333333334,79.112,80.21862565445026,6,24.0,SAFE,2
2026-01-05,Monday,4,12:15 PM,Cloud Computing,Prof. Sharma,2,MCA,B,Auditorium,180,154,85.56,Theory,0,0,0,1,1,1,5,0,Afternoon,2026-01-05 12:15:00,83.33,80.55666666666667,79.815,80.22674934725849,7,1.0,SAFE,2
2026-01-05,Monday,5,02:00 PM,Advanced DBMS,Prof. Kulkarni,4,MCA,B,Room 202,180,138,76.67,Theory,0,0,0,1,1,1,5,0,Afternoon,2026-01-05 14:00:00,85.56,83.14999999999999,80.63571428571429,80.24063802083333,8,1.75,SAFE,2
2026-01-06,Tuesday,2,10:00 AM,HR Analytics,Akash Upadhayay,2,MCA,B,Lab 2,180,140,77.78,Practical,0,0,0,2,1,1,6,0,Morning,2026-01-06 10:00:00,76.67,81.85333333333334,80.39857142857143,80.23136363636364,1,20.0,SAFE,2
2026-01-06,Tuesday,2,10:00 AM,Machine Learning,Prof. Deshmukh,4,MCA,B,Lab 2,180,176,97.78,Practical,0,1,0,2,1,1,6,0,Morning,2026-01-06 10:00:00,77.78,80.00333333333334,80.7957142857143,80.22501295336788,2,24.0,SAFE,2
2026-01-06,Tuesday,3,11:15 AM,Advanced DBMS,Prof. Kulkarni,2,MCA,B,Lab 1,180,115,63.89,Practical,0,0,1,2,1,1,6,0,Morning,2026-01-06 11:15:00,97.78,84.07666666666667,82.78,80.27037467700258,3,1.25,WARNING,1
2026-01-06,Tuesday,4,12:15 PM,Financial Management,Prof. Deshmukh,4,MCA,B,Lab 2,180,156,86.67,Practical,0,0,0,2,1,1,6,0,Afternoon,2026-01-06 12:15:00,63.89,79.81666666666666,80.7957142857143,80.22815721649485,4,1.0,SAFE,2
2026-01-06,Tuesday,4,12:15 PM,Cloud Computing,Akash Upadhayay,2,MCA,B,Lab 2,180,176,97.78,Practical,0,0,0,2,1,1,6,0,Afternoon,2026-01-06 12:15:00,86.67,82.78,81.66857142857144,80.24471722365038,5,24.0,SAFE,2
2026-01-06,Tuesday,5,02:00 PM,HR Analytics,Prof. Deshmukh,4,MCA,B,Auditorium,180,166,92.22,Theory,0,0,0,2,1,1,6,0,Afternoon,2026-01-06 14:00:00,97.78,82.78,83.73285714285714,80.28967948717948,6,1.75,SAFE,2
2026-01-06,Tuesday,6,03:00 PM,Advanced DBMS,Akash Upadhayay,2,MCA,B,Room 201,180,149,82.78,Theory,0,0,0,2,1,1,6,0,Afternoon,2026-01-06 15:00:00,92.22,92.22333333333331,84.6842857142857,80.32019181585677,7,1.0,SAFE,2
2026-01-07,Wednesday,1,09:00 AM,Advanced DBMS,Prof. Deshmukh,4,MCA,B,Room 201,180,129,71.67,Theory,0,0,0,3,1,1,7,0,Morning,2026-01-07 09:00:00,82.78,90.92666666666666,85.55714285714285,80.3264668367347,1,18.0,WARNING,1
2026-01-07,Wednesday,2,10:00 AM,HR Analytics,Prof. Patil,4,MCA,B,Auditorium,180,102,56.67,Theory,1,1,0,3,1,1,7,0,Morning,2026-01-07 10:00:00,71.67,82.22333333333334,84.6842857142857,80.30444020356234,2,1.0,WARNING,1
2026-01-07,Wednesday,3,11:15 AM,Financial Management,Prof. Kulkarni,2,MCA,B,Room 202,180,154,85.56,Theory,0,0,0,3,1,1,7,0,Morning,2026-01-07 11:15:00,56.67,70.37333333333333,78.81142857142858,80.24445431472081,3,1.25,SAFE,2
2026-01-07,Wednesday,3,11:15 AM,Machine Learning,Akash Upadhayay,2,MCA,B,Auditorium,180,157,87.22,Theory,0,0,0,3,1,1,7,0,Morning,2026-01-07 11:15:00,85.56,71.3,81.90714285714286,80.25791139240506,4,24.0,SAFE,2
2026-01-07,Wednesday,4,12:15 PM,Advanced DBMS,Ishwari Gaikwad,4,MCA,B,Room 202,180,162,90.0,Theory,0,0,0,3,1,1,7,0,Afternoon,2026-01-07 12:15:00,87.22,76.48333333333333,81.98571428571428,80.27549242424243,5,1.0,SAFE,2
2026-01-07,Wednesday,5,02:00 PM,Cloud Computing,Prof. Kulkarni,4,MCA,B,Lab 1,180,142,78.89,Practical,0,0,1,3,1,1,7,0,Afternoon,2026-01-07 14:00:00,90.0,87.59333333333332,80.87428571428572,80.29998740554157,6,1.75,SAFE,2
2026-01-07,Wednesday,6,03:00 PM,Machine Learning,Prof. Patil,2,MCA,B,Lab 2,180,144,80.0,Practical,0,0,0,3,1,1,7,0,Afternoon,2026-01-07 15:00:00,78.89,85.37,78.97,80.2964447236181,7,1.0,SAFE,2
2026-01-08,Thursday,3,11:15 AM,Web Development,Ishwari Gaikwad,2,MCA,B,Lab 1,180,141,78.33,Practical,0,0,0,4,1,1,8,0,Morning,2026-01-08 11:15:00,80.0,82.96333333333332,78.57285714285715,80.29570175438597,1,20.25,SAFE,2
2026-01-08,Thursday,3,11:15 AM,Financial Management,Prof. Kulkarni,4,MCA,B,Room 202,180,149,82.78,Theory,0,0,0,4,1,1,8,0,Morning,2026-01-08 11:15:00,78.33,79.07333333333334,79.52428571428572,80.2907875,2,24.0,SAFE,2
2026-01-08,Thursday,4,12:15 PM,Cloud Computing,Ishwari Gaikwad,4,MCA,B,Auditorium,180,143,79.44,Theory,0,0,0,4,1,1,8,0,Afternoon,2026-01-08 12:15:00,82.78,80.36999999999999,83.25428571428571,80.29699501246883,3,1.0,SAFE,2
2026-01-08,Thursday,5,02:00 PM,Advanced DBMS,Prof. Deshmukh,2,MCA,B,Room 201,180,146,81.11,Theory,0,0,0,4,1,1,8,0,Afternoon,2026-01-08 14:00:00,79.44,80.18333333333334,82.38,80.2948631840796,4,1.75,SAFE,2
2026-01-08,Thursday,6,03:00 PM,Financial Management,Akash Upadhayay,4,MCA,B,Lab 1,180,117,65.0,Practical,1,0,0,4,1,1,8,0,Afternoon,2026-01-08 15:00:00,81.11,81.11,81.50714285714285,80.2968858560794,5,1.0,WARNING,1
2026-01-09,Friday,4,12:15 PM,Python Programming,Prof. Deshmukh,2,MCA,B,Room 201,180,162,90.0,Theory,0,0,0,5,1,1,9,0,Afternoon,2026-01-09 12:15:00,65.0,75.18333333333334,77.93571428571428,80.25902227722773,1,21.25,SAFE,2
2026-01-09,Friday,6,03:00 PM,Financial Management,Prof. Kulkarni,4,MCA,B,Lab 1,180,123,68.33,Practical,1,0,0,5,1,1,9,0,Afternoon,2026-01-09 15:00:00,90.0,78.70333333333333,79.52285714285713,80.28307407407408,2,2.75,WARNING,1
2026-01-10,Saturday,1,09:00 AM,Machine Learning,Prof. Patil,4,MCA,B,Lab 1,180,123,68.33,Practical,0,0,0,6,1,1,10,1,Morning,2026-01-10 09:00:00,68.33,74.44333333333333,77.85571428571428,80.2536330049261,1,18.0,WARNING,1
2026-01-10,Saturday,3,11:15 AM,Web Development,Prof. Patil,4,MCA,B,Room 202,180,137,76.11,Theory,0,1,0,6,1,1,10,1,Morning,2026-01-10 11:15:00,68.33,75.55333333333333,76.42714285714285,80.2243366093366,2,2.25,SAFE,2
2026-01-10,Saturday,4,12:15 PM,HR Analytics,Ishwari Gaikwad,4,MCA,B,Lab 1,180,89,49.17,Practical,1,0,1,6,1,1,10,1,Afternoon,2026-01-10 12:15:00,76.11,70.92333333333333,75.47428571428573,80.2142524509804,3,1.0,CRITICAL,0
2026-01-10,Saturday,5,02:00 PM,Cloud Computing,Ishwari Gaikwad,4,MCA,B,Lab 2,180,145,80.56,Practical,0,0,0,6,1,1,10,1,Afternoon,2026-01-10 14:00:00,49.17,64.53666666666668,71.14999999999999,80.13834963325183,4,1.75,SAFE,2
2026-01-10,Saturday,5,02:00 PM,Python Programming,Prof. Sharma,2,MCA,B,Room 202,180,129,71.67,Theory,0,0,0,6,1,1,10,1,Afternoon,2026-01-10 14:00:00,80.56,68.61333333333333,71.07142857142857,80.13937804878049,5,24.0,WARNING,1
2026-01-11,Monday,1,09:00 AM,Python Programming,Prof. Deshmukh,4,MCA,B,Room 201,180,119,66.11,Theory,0,0,0,7,1,1,11,0,Morning,2026-01-11 09:00:00,71.67,67.13333333333334,72.02428571428571,80.11877128953772,1,19.0,WARNING,1
2026-01-11,Monday,2,10:00 AM,Advanced DBMS,Prof. Patil,4,MCA,B,Auditorium,180,148,82.22,Theory,0,0,0,7,1,1,11,0,Morning,2026-01-11 10:00:00,66.11,72.78,68.61142857142858,80.08476941747574,2,1.0,SAFE,2
2026-01-11,Monday,3,11:15 AM,Advanced DBMS,Prof. Deshmukh,4,MCA,B,Lab 1,180,154,85.56,Practical,0,0,0,7,1,1,11,0,Morning,2026-01-11 11:15:00,82.22,73.33333333333333,70.5957142857143,80.08993946731233,3,1.25,SAFE,2
2026-01-11,Monday,3,11:15 AM,Web Development,Akash Upadhayay,4,MCA,B,Auditorium,180,148,82.22,Theory,0,0,0,7,1,1,11,0,Morning,2026-01-11 11:15:00,85.56,77.96333333333332,73.05714285714285,80.10315217391305,4,24.0,SAFE,2
2026-01-11,Monday,3,11:15 AM,Web Development,Prof. Patil,2,MCA,B,Lab 1,180,172,95.56,Practical,0,0,0,7,1,1,11,0,Morning,2026-01-11 11:15:00,82.22,83.33333333333333,73.92999999999999,80.1082530120482,5,24.0,SAFE,2
2026-01-11,Monday,4,12:15 PM,Machine Learning,Prof. Kulkarni,4,MCA,B,Auditorium,180,135,75.0,Theory,0,0,0,7,1,1,11,0,Afternoon,2026-01-11 12:15:00,95.56,87.78000000000002,80.55714285714285,80.14539663461538,6,1.0,WARNING,1
2026-01-11,Monday,5,02:00 PM,Web Development,Ishwari Gaikwad,2,MCA,B,Room 201,180,153,85.0,Theory,0,0,0,7,1,1,11,0,Afternoon,2026-01-11 14:00:00,75.0,84.26,79.76285714285714,80.13305755395683,7,1.75,SAFE,2
2026-01-11,Monday,5,02:00 PM,HR Analytics,Akash Upadhayay,4,MCA,B,Room 202,180,141,78.33,Theory,0,0,0,7,1,1,11,0,Afternoon,2026-01-11 14:00:00,85.0,85.18666666666667,81.66714285714285,80.1447009569378,8,24.0,SAFE,2
2026-01-12,Monday,1,09:00 AM,Web Development,Ishwari Gaikwad,2,MCA,B,Auditorium,180,128,71.11,Theory,0,0,0,8,2,1,12,0,Morning,2026-01-12 09:00:00,78.33,79.44333333333333,83.41285714285713,80.14036992840096,1,19.0,WARNING,1
2026-01-12,Monday,1,09:00 AM,Advanced DBMS,Prof. Deshmukh,4,MCA,B,Lab 1,180,134,74.44,Practical,0,0,0,8,2,1,12,0,Morning,2026-01-12 09:00:00,71.11,78.14666666666666,81.82571428571428,80.11886904761906,2,24.0,WARNING,1
2026-01-12,Monday,2,10:00 AM,Advanced DBMS,Prof. Kulkarni,4,MCA,B,Auditorium,180,147,81.67,Theory,0,0,0,8,2,1,12,0,Morning,2026-01-12 10:00:00,74.44,74.62666666666667,80.23714285714286,80.10538004750593,3,1.0,SAFE,2
2026-01-12,Monday,2,10:00 AM,Web Development,Prof. Deshmukh,4,MCA,B,Room 201,180,152,84.44,Theory,0,0,0,8,2,1,12,0,Morning,2026-01-12 10:00:00,81.67,75.74000000000001,80.15857142857143,80.10908767772513,4,24.0,SAFE,2
2026-01-12,Monday,3,11:15 AM,Cloud Computing,Prof. Deshmukh,4,MCA,B,Auditorium,180,142,78.89,Theory,0,0,0,8,2,1,12,0,Morning,2026-01-12 11:15:00,84.44,80.18333333333334,78.57000000000001,80.11932624113474,5,1.25,SAFE,2
2026-01-12,Monday,4,12:15 PM,Financial Management,Prof. Patil,2,MCA,B,Auditorium,180,142,78.89,Theory,1,0,0,8,2,1,12,0,Afternoon,2026-01-12 12:15:00,78.89,81.66666666666667,79.12571428571428,80.11642688679245,6,1.0,SAFE,2
2026-01-12,Monday,4,12:15 PM,HR Analytics,Prof. Sharma,2,MCA,B,Lab 1,180,145,80.56,Practical,0,0,0,8,2,1,12,0,Afternoon,2026-01-12 12:15:00,78.89,80.74,78.25285714285714,80.11354117647058,7,24.0,SAFE,2
2026-01-12,Monday,6,03:00 PM,Python Programming,Akash Upadhayay,2,MCA,B,Room 202,180,180,100.0,Theory,0,0,0,8,2,1,12,0,Afternoon,2026-01-12 15:00:00,80.56,79.44666666666666,78.57142857142857,80.11458920187793,8,2.75,SAFE,2
2026-01-12,Monday,6,03:00 PM,Python Programming,Prof. Deshmukh,2,MCA,B,Lab 2,180,144,80.0,Practical,0,0,0,8,2,1,12,0,Afternoon,2026-01-12 15:00:00,100.0,86.48333333333333,82.69857142857143,80.16115925058548,9,24.0,SAFE,2
2026-01-12,Monday,6,03:00 PM,Machine Learning,Prof. Deshmukh,4,MCA,B,Room 202,180,126,70.0,Theory,1,1,0,8,2,1,12,0,Afternoon,2026-01-12 15:00:00,80.0,86.85333333333334,83.49285714285715,80.16078271028037,10,24.0,WARNING,1
2026-01-13,Tuesday,1,09:00 AM,Financial Management,Ishwari Gaikwad,2,MCA,B,Lab 1,180,162,90.0,Practical,0,1,0,9,2,1,13,0,Morning,2026-01-13 09:00:00,70.0,83.33333333333333,81.82571428571428,80.1370979020979,1,18.0,SAFE,2
2026-01-13,Tuesday,1,09:00 AM,Web Development,Akash Upadhayay,2,MCA,B,Auditorium,180,139,77.22,Theory,0,0,0,9,2,1,13,0,Morning,2026-01-13 09:00:00,90.0,80.0,82.61999999999999,80.16003488372094,2,24.0,SAFE,2
2026-01-13,Tuesday,1,09:00 AM,Web Development,Prof. Deshmukh,2,MCA,B,Room 201,180,119,66.11,Theory,1,0,0,9,2,1,13,0,Morning,2026-01-13 09:00:00,77.22,79.07333333333334,82.38142857142857,80.15321345707657,3,24.0,WARNING,1
2026-01-13,Tuesday,3,11:15 AM,Advanced DBMS,Akash Upadhayay,2,MCA,B,Auditorium,180,137,76.11,Theory,1,0,0,9,2,1,13,0,Morning,2026-01-13 11:15:00,66.11,77.77666666666667,80.55571428571429,80.1207060185185,4,2.25,SAFE,2
2026-01-14,Wednesday,1,09:00 AM,Web Development,Prof. Sharma,2,MCA,B,Lab 1,180,133,73.89,Practical,0,0,0,10,2,1,14,0,Morning,2026-01-14 09:00:00,76.11,73.14666666666666,79.92,80.11144341801385,1,21.75,WARNING,1
2026-01-14,Wednesday,2,10:00 AM,Machine Learning,Prof. Sharma,4,MCA,B,Room 201,180,146,81.11,Theory,0,1,0,10,2,1,14,0,Morning,2026-01-14 10:00:00,73.89,72.03666666666668,76.19000000000001,80.09710829493086,2,1.0,SAFE,2
2026-01-14,Wednesday,2,10:00 AM,Cloud Computing,Prof. Deshmukh,2,MCA,B,Auditorium,180,162,90.0,Theory,0,0,0,10,2,1,14,0,Morning,2026-01-14 10:00:00,81.11,77.03666666666668,76.34857142857143,80.09943678160919,3,24.0,SAFE,2
2026-01-14,Wednesday,5,02:00 PM,Machine Learning,Prof. Deshmukh,2,MCA,B,Auditorium,180,180,100.0,Theory,1,0,0,10,2,1,14,0,Afternoon,2026-01-14 14:00:00,90.0,81.66666666666667,79.2057142857143,80.12214449541284,4,4.0,SAFE,2
2026-01-15,Thursday,1,09:00 AM,Advanced DBMS,Prof. Kulkarni,2,MCA,B,Lab 2,180,172,95.56,Practical,0,1,0,11,2,1,15,0,Morning,2026-01-15 09:00:00,100.0,90.37,80.63428571428572,80.16763157894736,1,19.0,SAFE,2
2026-01-15,Thursday,1,09:00 AM,HR Analytics,Prof. Patil,4,MCA,B,Room 201,180,147,81.67,Theory,0,0,0,11,2,1,15,0,Morning,2026-01-15 09:00:00,95.56,95.18666666666667,83.25428571428571,80.20277397260274,2,24.0,SAFE,2
2026-01-15,Thursday,5,02:00 PM,Advanced DBMS,Prof. Kulkarni,2,MCA,B,Lab 1,180,142,78.89,Practical,1,1,0,11,2,1,15,0,Afternoon,2026-01-15 14:00:00,81.67,92.41000000000001,85.47714285714285,80.20611617312073,3,5.0,SAFE,2
2026-01-15,Thursday,6,03:00 PM,Advanced DBMS,Prof. Patil,4,MCA,B,Lab 1,180,180,100.0,Practical,0,0,0,11,2,1,15,0,Afternoon,2026-01-15 15:00:00,78.89,85.37333333333333,85.87428571428573,80.203125,4,1.0,SAFE,2
2026-01-16,Friday,1,09:00 AM,HR Analytics,Prof. Deshmukh,4,MCA,B,Room 202,180,151,83.89,Theory,0,0,0,12,2,1,16,0,Morning,2026-01-16 09:00:00,100.0,86.85333333333334,89.60428571428572,80.24801587301587,1,18.0,SAFE,2
2026-01-16,Friday,3,11:15 AM,Cloud Computing,Prof. Kulkarni,4,MCA,B,Lab 1,180,143,79.44,Practical,0,0,0,12,2,1,16,0,Morning,2026-01-16 11:15:00,83.89,87.59333333333332,90.00142857142859,80.25625565610859,2,2.25,SAFE,2
2026-01-16,Friday,5,02:00 PM,Cloud Computing,Prof. Sharma,2,MCA,B,Lab 2,180,161,89.44,Practical,0,0,0,12,2,1,16,0,Afternoon,2026-01-16 14:00:00,79.44,87.77666666666669,88.49285714285713,80.25441309255079,3,2.75,SAFE,2
2026-01-16,Friday,6,03:00 PM,Cloud Computing,Prof. Deshmukh,4,MCA,B,Auditorium,180,116,64.44,Theory,1,0,0,12,2,1,16,0,Afternoon,2026-01-16 15:00:00,89.44,84.25666666666667,86.98428571428573,80.27510135135134,4,1.0,WARNING,1
2026-01-17,Saturday,2,10:00 AM,HR Analytics,Ishwari Gaikwad,4,MCA,B,Room 201,180,147,81.67,Theory,0,0,0,13,2,1,17,1,Morning,2026-01-17 10:00:00,64.44,77.77333333333333,82.53857142857143,80.23951685393259,1,19.0,SAFE,2
2026-01-17,Saturday,2,10:00 AM,Advanced DBMS,Prof. Sharma,4,MCA,B,Room 201,180,132,73.33,Theory,0,0,0,13,2,1,17,1,Morning,2026-01-17 10:00:00,81.67,78.51666666666667,82.53857142857143,80.24272421524662,2,24.0,WARNING,1
2026-01-17,Saturday,4,12:15 PM,Web Development,Akash Upadhayay,2,MCA,B,Room 201,180,147,81.67,Theory,0,0,0,13,2,1,17,1,Afternoon,2026-01-17 12:15:00,73.33,73.14666666666666,81.74428571428572,80.22725950782997,3,2.25,SAFE,2
2026-01-17,Saturday,5,02:00 PM,Advanced DBMS,Prof. Kulkarni,2,MCA,B,Lab 1,180,148,82.22,Practical,1,0,0,13,2,1,17,1,Afternoon,2026-01-17 14:00:00,81.67,78.89,79.12571428571428,80.23047991071428,4,1.75,SAFE,2
2026-01-17,Saturday,5,02:00 PM,Cloud Computing,Ishwari Gaikwad,4,MCA,B,Auditorium,180,149,82.78,Theory,0,1,0,13,2,1,17,1,Afternoon,2026-01-17 14:00:00,82.22,79.07333333333332,78.88714285714286,80.23491091314031,5,24.0,SAFE,2
2026-01-17,Saturday,5,02:00 PM,HR Analytics,Ishwari Gaikwad,2,MCA,B,Room 201,180,137,76.11,Theory,0,0,0,13,2,1,17,1,Afternoon,2026-01-17 14:00:00,82.78,82.22333333333334,79.36428571428571,80.24056666666667,6,24.0,SAFE,2
2026-01-17,Saturday,5,02:00 PM,Python Programming,Prof. Deshmukh,2,MCA,B,Room 201,180,153,85.0,Theory,0,1,0,13,2,1,17,1,Afternoon,2026-01-17 14:00:00,76.11,80.36999999999999,77.46000000000001,80.23140798226163,7,24.0,SAFE,2
2026-01-17,Saturday,6,03:00 PM,Python Programming,Prof. Kulkarni,2,MCA,B,Auditorium,180,134,74.44,Theory,0,0,0,13,2,1,17,1,Afternoon,2026-01-17 15:00:00,85.0,81.29666666666667,80.39714285714285,80.24195796460177,8,1.0,WARNING,1
2026-01-18,Monday,1,09:00 AM,Cloud Computing,Prof. Sharma,2,MCA,B,Lab 1,180,138,76.67,Practical,0,0,0,14,2,1,18,0,Morning,2026-01-18 09:00:00,74.44,78.51666666666667,79.36428571428571,80.22915011037527,1,18.0,SAFE,2
2026-01-18,Monday,2,10:00 AM,Machine Learning,Prof. Patil,4,MCA,B,Room 202,180,89,49.17,Theory,1,0,0,14,2,1,18,0,Morning,2026-01-18 10:00:00,76.67,78.70333333333333,79.84142857142857,80.22131057268722,2,1.0,CRITICAL,0
2026-01-18,Monday,3,11:15 AM,HR Analytics,Akash Upadhayay,4,MCA,B,Room 201,180,130,72.22,Theory,0,0,0,14,2,1,18,0,Morning,2026-01-18 11:15:00,49.17,66.76,75.19857142857143,80.15306593406592,3,1.25,WARNING,1
2026-01-18,Monday,6,03:00 PM,HR Analytics,Akash Upadhayay,4,MCA,B,Lab 2,180,136,75.56,Practical,0,0,0,14,2,1,18,0,Afternoon,2026-01-18 15:00:00,72.22,66.02,73.77,80.13566885964912,4,3.75,SAFE,2
2026-01-19,Monday,3,11:15 AM,HR Analytics,Ishwari Gaikwad,4,MCA,B,Room 202,180,121,67.22,Theory,0,0,1,15,3,1,19,0,Morning,2026-01-19 11:15:00,75.56,65.64999999999999,72.73857142857143,80.12565645514223,1,20.25,WARNING,1
2026-01-19,Monday,4,12:15 PM,Python Programming,Ishwari Gaikwad,2,MCA,B,Room 201,180,129,71.67,Theory,1,1,0,15,3,1,19,0,Afternoon,2026-01-19 12:15:00,67.22,71.66666666666667,71.46857142857142,80.09747816593885,2,1.0,WARNING,1
2026-01-19,Monday,5,02:00 PM,Python Programming,Akash Upadhayay,4,MCA,B,Room 201,180,138,76.67,Theory,0,0,0,15,3,1,19,0,Afternoon,2026-01-19 14:00:00,71.67,71.48333333333333,69.56428571428572,80.07911764705882,3,1.75,SAFE,2
2026-01-19,Monday,5,02:00 PM,Machine Learning,Prof. Kulkarni,4,MCA,B,Room 202,180,150,83.33,Theory,0,0,0,15,3,1,19,0,Afternoon,2026-01-19 14:00:00,76.67,71.85333333333334,69.88285714285715,80.07170652173913,4,24.0,SAFE,2
2026-01-19,Monday,6,03:00 PM,Python Programming,Prof. Sharma,4,MCA,B,Lab 1,180,146,81.11,Practical,0,0,0,15,3,1,19,0,Afternoon,2026-01-19 15:00:00,83.33,77.22333333333334,70.83428571428571,80.07877440347072,5,1.0,SAFE,2
2026-01-19,Monday,6,03:00 PM,Cloud Computing,Ishwari Gaikwad,4,MCA,B,Lab 2,180,129,71.67,Practical,0,0,0,15,3,1,19,0,Afternoon,2026-01-19 15:00:00,81.11,80.37,75.39714285714285,80.0810064935065,6,24.0,WARNING,1
2026-01-20,Tuesday,3,11:15 AM,Web Development,Prof. Deshmukh,4,MCA,B,Lab 2,180,146,81.11,Practical,0,0,1,16,3,1,20,0,Morning,2026-01-20 11:15:00,71.67,78.70333333333333,75.31857142857143,80.06284017278618,1,20.25,SAFE,2
2026-01-20,Tuesday,5,02:00 PM,Advanced DBMS,Prof. Deshmukh,2,MCA,B,Auditorium,180,138,76.67,Theory,0,0,0,16,3,1,20,0,Afternoon,2026-01-20 14:00:00,81.11,77.96333333333332,76.11142857142856,80.06509698275862,2,2.75,SAFE,2
2026-01-20,Tuesday,5,02:00 PM,Cloud Computing,Akash Upadhayay,2,MCA,B,Room 201,180,163,90.56,Theory,0,1,0,16,3,1,20,0,Afternoon,2026-01-20 14:00:00,76.67,76.48333333333333,77.46142857142857,80.05779569892474,3,24.0,SAFE,2
2026-01-20,Tuesday,6,03:00 PM,Cloud Computing,Akash Upadhayay,4,MCA,B,Lab 2,180,158,87.78,Practical,0,1,0,16,3,1,20,0,Afternoon,2026-01-20 15:00:00,90.56,82.78,80.16,80.08033261802575,4,1.0,SAFE,2
2026-01-21,Wednesday,2,10:00 AM,Machine Learning,Prof. Deshmukh,4,MCA,B,Auditorium,180,176,97.78,Theory,0,1,0,17,3,1,21,0,Morning,2026-01-21 10:00:00,87.78,85.00333333333334,81.74714285714286,80.09682012847965,1,19.0,SAFE,2
2026-01-21,Wednesday,2,10:00 AM,Machine Learning,Prof. Deshmukh,2,MCA,B,Room 202,180,135,75.0,Theory,0,0,0,17,3,1,21,0,Morning,2026-01-21 10:00:00,97.78,92.04,83.81142857142858,80.13460470085471,2,24.0,WARNING,1
2026-01-21,Wednesday,4,12:15 PM,Machine Learning,Akash Upadhayay,4,MCA,B,Room 201,180,159,88.33,Theory,0,0,0,17,3,1,21,0,Afternoon,2026-01-21 12:15:00,75.0,86.85333333333334,82.93857142857142,80.12365671641791,3,2.25,SAFE,2
2026-01-21,Wednesday,5,02:00 PM,Python Programming,Prof. Deshmukh,4,MCA,B,Room 201,180,164,91.11,Theory,0,0,0,17,3,1,21,0,Afternoon,2026-01-21 14:00:00,88.33,87.03666666666668,85.31857142857143,80.14111702127659,4,1.75,SAFE,2
2026-01-21,Wednesday,6,03:00 PM,Cloud Computing,Prof. Kulkarni,2,MCA,B,Auditorium,180,109,60.56,Theory,0,0,1,17,3,1,21,0,Afternoon,2026-01-21 15:00:00,91.11,84.81333333333333,86.74714285714286,80.16440552016985,5,1.0,WARNING,1
2026-01-21,Wednesday,6,03:00 PM,Python Programming,Akash Upadhayay,4,MCA,B,Room 202,180,135,75.0,Theory,0,1,0,17,3,1,21,0,Afternoon,2026-01-21 15:00:00,60.56,80.0,84.44571428571427,80.12287076271187,6,24.0,WARNING,1
2026-01-22,Thursday,1,09:00 AM,Machine Learning,Prof. Patil,2,MCA,B,Lab 1,180,126,70.0,Practical,1,0,0,18,3,1,22,0,Morning,2026-01-22 09:00:00,75.0,75.55666666666667,82.22285714285714,80.1120401691332,1,18.0,WARNING,1
2026-01-22,Thursday,1,09:00 AM,Machine Learning,Prof. Kulkarni,4,MCA,B,Room 201,180,152,84.44,Theory,0,1,0,18,3,1,22,0,Morning,2026-01-22 09:00:00,70.0,68.52,79.68285714285715,80.09070675105485,2,24.0,SAFE,2
2026-01-22,Thursday,2,10:00 AM,Machine Learning,Prof. Sharma,4,MCA,B,Auditorium,180,142,78.89,Theory,0,1,0,18,3,1,22,0,Morning,2026-01-22 10:00:00,84.44,76.48,77.77714285714286,80.09986315789473,3,1.0,SAFE,2
2026-01-22,Thursday,3,11:15 AM,Advanced DBMS,Akash Upadhayay,4,MCA,B,Auditorium,180,176,97.78,Theory,0,0,0,18,3,1,22,0,Morning,2026-01-22 11:15:00,78.89,77.77666666666666,78.33285714285715,80.09732142857142,4,1.25,SAFE,2
2026-01-22,Thursday,4,12:15 PM,Financial Management,Akash Upadhayay,2,MCA,B,Room 202,180,137,76.11,Theory,0,0,0,18,3,1,22,0,Afternoon,2026-01-22 12:15:00,97.78,87.03666666666668,79.68285714285715,80.13439203354298,5,1.0,SAFE,2
2026-01-22,Thursday,4,12:15 PM,Cloud Computing,Prof. Deshmukh,4,MCA,B,Room 201,180,152,84.44,Theory,0,1,0,18,3,1,22,0,Afternoon,2026-01-22 12:15:00,76.11,84.26,77.53999999999999,80.12597280334727,6,24.0,SAFE,2
2026-01-22,Thursday,6,03:00 PM,HR Analytics,Prof. Patil,4,MCA,B,Auditorium,180,152,84.44,Theory,0,0,0,18,3,1,22,0,Afternoon,2026-01-22 15:00:00,84.44,86.11,80.95142857142856,80.13497912317328,7,2.75,SAFE,2
2026-01-23,Friday,1,09:00 AM,Web Development,Prof. Deshmukh,2,MCA,B,Room 202,180,128,71.11,Theory,0,0,0,19,3,1,23,0,Morning,2026-01-23 09:00:00,84.44,81.66333333333334,82.3,80.14394791666668,1,18.0,WARNING,1
2026-01-23,Friday,2,10:00 AM,Cloud Computing,Prof. Sharma,2,MCA,B,Room 201,180,172,95.56,Theory,0,0,0,19,3,1,23,0,Morning,2026-01-23 10:00:00,71.11,79.99666666666667,82.45857142857143,80.12516632016633,2,1.0,SAFE,2
2026-01-23,Friday,4,12:15 PM,Python Programming,Prof. Deshmukh,2,MCA,B,Lab 2,180,151,83.89,Practical,0,0,0,19,3,1,23,0,Afternoon,2026-01-23 12:15:00,95.56,83.70333333333333,84.04714285714286,80.1571887966805,3,2.25,SAFE,2
2026-01-23,Friday,5,02:00 PM,Financial Management,Prof. Kulkarni,2,MCA,B,Lab 2,180,155,86.11,Practical,0,0,0,19,3,1,23,0,Afternoon,2026-01-23 14:00:00,83.89,83.52,84.76142857142858,80.16491718426501,4,1.75,SAFE,2
2026-01-23,Friday,6,03:00 PM,Python Programming,Ishwari Gaikwad,2,MCA,B,Room 202,180,136,75.56,Theory,0,0,0,19,3,1,23,0,Afternoon,2026-01-23 15:00:00,86.11,88.52,83.0942857142857,80.17720041322313,5,1.0,SAFE,2
2026-01-23,Friday,6,03:00 PM,Python Programming,Prof. Sharma,2,MCA,B,Auditorium,180,132,73.33,Theory,0,0,0,19,3,1,23,0,Afternoon,2026-01-23 15:00:00,75.56,81.85333333333334,83.01571428571428,80.16768041237113,6,24.0,WARNING,1
2026-01-24,Saturday,1,09:00 AM,Web Development,Prof. Sharma,4,MCA,B,Room 201,180,110,61.11,Theory,0,0,0,20,3,1,24,1,Morning,2026-01-24 09:00:00,73.33,78.33333333333333,81.42857142857143,80.1536111111111,1,18.0,WARNING,1
2026-01-24,Saturday,2,10:00 AM,Advanced DBMS,Ishwari Gaikwad,2,MCA,B,Room 202,180,146,81.11,Theory,0,0,0,20,3,1,24,1,Morning,2026-01-24 10:00:00,61.11,70.0,78.09571428571428,80.11450718685832,2,1.0,SAFE,2
2026-01-24,Saturday,2,10:00 AM,HR Analytics,Prof. Sharma,2,MCA,B,Lab 1,180,163,90.56,Practical,0,0,0,20,3,1,24,1,Morning,2026-01-24 10:00:00,81.11,71.85,79.52428571428572,80.11654713114754,3,24.0,SAFE,2
2026-01-24,Saturday,3,11:15 AM,Machine Learning,Prof. Deshmukh,4,MCA,B,Auditorium,180,142,78.89,Theory,0,0,0,20,3,1,24,1,Morning,2026-01-24 11:15:00,90.56,77.59333333333333,78.81000000000002,80.13790388548057,4,1.25,SAFE,2
2026-01-24,Saturday,4,12:15 PM,Financial Management,Prof. Patil,2,MCA,B,Room 201,180,127,70.56,Theory,0,0,0,20,3,1,24,1,Afternoon,2026-01-24 12:15:00,78.89,83.52,78.0957142857143,80.13535714285713,5,1.0,WARNING,1
2026-01-24,Saturday,4,12:15 PM,Web Development,Akash Upadhayay,4,MCA,B,Room 201,180,130,72.22,Theory,0,0,0,20,3,1,24,1,Afternoon,2026-01-24 12:15:00,70.56,80.00333333333333,75.87428571428572,80.11585539714868,6,24.0,WARNING,1
2026-01-24,Saturday,5,02:00 PM,Cloud Computing,Prof. Kulkarni,4,MCA,B,Auditorium,180,149,82.78,Theory,0,1,0,20,3,1,24,1,Afternoon,2026-01-24 14:00:00,72.22,73.89,75.39714285714285,80.09980691056911,7,1.75,SAFE,2
2026-01-24,Saturday,6,03:00 PM,Financial Management,Prof. Patil,2,MCA,B,Lab 2,180,144,80.0,Practical,0,1,0,20,3,1,24,1,Afternoon,2026-01-24 15:00:00,82.78,75.18666666666667,76.74714285714286,80.10524340770792,8,1.0,SAFE,2
2026-01-24,Saturday,6,03:00 PM,Advanced DBMS,Akash Upadhayay,4,MCA,B,Room 201,180,89,49.17,Theory,1,0,0,20,3,1,24,1,Afternoon,2026-01-24 15:00:00,80.0,78.33333333333333,79.44571428571429,80.10503036437247,9,24.0,CRITICAL,0
2026-01-24,Saturday,6,03:00 PM,Python Programming,Prof. Patil,2,MCA,B,Room 201,180,130,72.22,Theory,0,1,0,20,3,1,24,1,Afternoon,2026-01-24 15:00:00,49.17,70.64999999999999,74.88285714285715,80.04253535353536,10,24.0,WARNING,1
2026-01-25,Monday,1,09:00 AM,Python Programming,Prof. Patil,2,MCA,B,Lab 2,180,126,70.0,Practical,0,0,0,21,3,1,25,0,Morning,2026-01-25 09:00:00,72.22,67.13000000000001,72.26285714285714,80.02676411290322,1,18.0,WARNING,1
2026-01-25,Monday,1,09:00 AM,Financial Management,Prof. Sharma,4,MCA,B,Room 202,180,107,59.44,Theory,0,0,0,21,3,1,25,0,Morning,2026-01-25 09:00:00,70.0,63.79666666666666,70.99285714285715,80.00658953722335,2,24.0,WARNING,1
2026-01-25,Monday,2,10:00 AM,Advanced DBMS,Prof. Patil,2,MCA,B,Lab 1,180,160,88.89,Practical,0,0,0,21,3,1,25,0,Morning,2026-01-25 10:00:00,59.44,67.21999999999998,69.40428571428572,79.96529116465862,3,1.0,SAFE,2
2026-01-25,Monday,4,12:15 PM,Advanced DBMS,Prof. Deshmukh,2,MCA,B,Lab 1,180,144,80.0,Practical,0,0,0,21,3,1,25,0,Afternoon,2026-01-25 12:15:00,88.89,72.77666666666667,71.78571428571429,79.98317635270541,4,2.25,SAFE,2
2026-01-25,Monday,5,02:00 PM,Python Programming,Prof. Patil,4,MCA,B,Room 201,180,130,72.22,Theory,0,0,1,21,3,1,25,0,Afternoon,2026-01-25 14:00:00,80.0,76.11,71.38857142857144,79.98321,5,1.75,WARNING,1
2026-01-25,Monday,6,03:00 PM,Python Programming,Prof. Deshmukh,4,MCA,B,Lab 2,180,89,49.17,Practical,1,1,1,21,3,1,25,0,Afternoon,2026-01-25 15:00:00,72.22,80.36999999999999,70.27714285714286,79.96771457085828,6,1.0,CRITICAL,0
2026-01-26,Monday,1,09:00 AM,Advanced DBMS,Akash Upadhayay,2,MCA,B,Lab 2,180,120,66.67,Practical,1,0,0,22,4,1,26,0,Morning,2026-01-26 09:00:00,49.17,67.13,70.27714285714286,79.90636454183267,1,18.0,WARNING,1
2026-01-26,Monday,1,09:00 AM,Cloud Computing,Ishwari Gaikwad,4,MCA,B,Lab 1,180,151,83.89,Practical,0,0,0,22,4,1,26,0,Morning,2026-01-26 09:00:00,66.67,62.68666666666667,69.48428571428572,79.88004970178926,2,24.0,SAFE,2
2026-01-26,Monday,2,10:00 AM,Machine Learning,Prof. Kulkarni,4,MCA,B,Room 202,180,156,86.67,Theory,0,0,0,22,4,1,26,0,Morning,2026-01-26 10:00:00,83.89,66.57666666666667,71.46857142857142,79.88800595238095,3,1.0,SAFE,2
2026-01-26,Monday,3,11:15 AM,Machine Learning,Akash Upadhayay,2,MCA,B,Lab 1,180,139,77.22,Practical,0,0,1,22,4,1,26,0,Morning,2026-01-26 11:15:00,86.67,79.07666666666667,75.35857142857142,79.90143564356435,4,1.25,SAFE,2
2026-01-26,Monday,3,11:15 AM,HR Analytics,Prof. Sharma,2,MCA,B,Lab 2,180,114,63.33,Practical,1,0,0,22,4,1,26,0,Morning,2026-01-26 11:15:00,77.22,82.59333333333333,73.69142857142857,79.89613636363636,5,24.0,WARNING,1
2026-01-26,Monday,6,03:00 PM,Web Development,Ishwari Gaikwad,2,MCA,B,Room 201,180,139,77.22,Theory,0,1,0,22,4,1,26,0,Afternoon,2026-01-26 15:00:00,63.33,75.74,71.30999999999999,79.86346153846154,6,3.75,SAFE,2
2026-01-27,Tuesday,2,10:00 AM,Financial Management,Prof. Patil,4,MCA,B,Lab 2,180,168,93.33,Practical,0,0,0,23,4,1,27,0,Morning,2026-01-27 10:00:00,77.22,72.58999999999999,72.02428571428571,79.85825787401575,1,19.0,SAFE,2
2026-01-27,Tuesday,2,10:00 AM,Advanced DBMS,Prof. Sharma,4,MCA,B,Auditorium,180,173,96.11,Theory,0,0,0,23,4,1,27,0,Morning,2026-01-27 10:00:00,93.33,77.96,78.33285714285715,79.88472495088408,2,24.0,SAFE,2
2026-01-27,Tuesday,3,11:15 AM,Advanced DBMS,Ishwari Gaikwad,4,MCA,B,Lab 1,180,144,80.0,Practical,0,0,0,23,4,1,27,0,Morning,2026-01-27 11:15:00,96.11,88.88666666666667,82.53857142857143,79.91653921568627,3,1.25,SAFE,2
2026-01-28,Wednesday,1,09:00 AM,Machine Learning,Prof. Sharma,2,MCA,B,Room 201,180,106,58.89,Theory,1,0,0,24,4,1,28,0,Morning,2026-01-28 09:00:00,80.0,89.81333333333333,81.98285714285714,79.91670254403131,1,21.75,WARNING,1
2026-01-28,Wednesday,4,12:15 PM,HR Analytics,Akash Upadhayay,4,MCA,B,Lab 1,180,169,93.89,Practical,0,1,0,24,4,1,28,0,Afternoon,2026-01-28 12:15:00,58.89,78.33333333333333,78.01428571428572,79.875634765625,2,3.25,SAFE,2
2026-01-28,Wednesday,5,02:00 PM,Machine Learning,Ishwari Gaikwad,4,MCA,B,Auditorium,180,140,77.78,Theory,1,0,0,24,4,1,28,0,Afternoon,2026-01-28 14:00:00,93.89,77.59333333333332,80.39571428571428,79.90295321637426,3,1.75,SAFE,2
2026-01-28,Wednesday,6,03:00 PM,Financial Management,Prof. Patil,4,MCA,B,Auditorium,180,110,61.11,Theory,1,1,0,24,4,1,28,0,Afternoon,2026-01-28 15:00:00,77.78,76.85333333333334,82.46000000000001,79.89882295719845,4,1.0,WARNING,1
2026-01-29,Thursday,1,09:00 AM,Python Programming,Prof. Sharma,2,MCA,B,Lab 2,180,147,81.67,Practical,0,1,0,25,4,1,29,0,Morning,2026-01-29 09:00:00,61.11,77.59333333333333,80.15857142857143,79.86233980582524,1,18.0,SAFE,2
2026-01-29,Thursday,1,09:00 AM,Cloud Computing,Prof. Kulkarni,4,MCA,B,Room 202,180,125,69.44,Theory,0,0,0,25,4,1,29,0,Morning,2026-01-29 09:00:00,81.67,73.52,78.49285714285715,79.86584302325582,2,24.0,WARNING,1
2026-01-29,Thursday,2,10:00 AM,HR Analytics,Prof. Kulkarni,2,MCA,B,Lab 1,180,146,81.11,Practical,0,0,0,25,4,1,29,0,Morning,2026-01-29 10:00:00,69.44,70.74000000000001,74.68285714285715,79.84567698259187,3,1.0,SAFE,2
2026-01-29,Thursday,3,11:15 AM,Web Development,Prof. Patil,4,MCA,B,Lab 2,180,167,92.78,Practical,0,1,0,25,4,1,29,0,Morning,2026-01-29 11:15:00,81.11,77.40666666666667,74.84142857142857,79.84811776061775,4,1.25,SAFE,2
2026-01-29,Thursday,3,11:15 AM,Advanced DBMS,Prof. Sharma,4,MCA,B,Auditorium,180,153,85.0,Theory,0,1,0,25,4,1,29,0,Morning,2026-01-29 11:15:00,92.78,81.11,79.68285714285715,79.87303468208093,5,24.0,SAFE,2
2026-01-29,Thursday,4,12:15 PM,HR Analytics,Ishwari Gaikwad,4,MCA,B,Lab 2,180,139,77.22,Practical,0,0,1,25,4,1,29,0,Afternoon,2026-01-29 12:15:00,85.0,86.29666666666667,78.41285714285713,79.88289423076924,6,1.0,SAFE,2
2026-01-29,Thursday,4,12:15 PM,Advanced DBMS,Prof. Deshmukh,2,MCA,B,Auditorium,180,167,92.78,Theory,0,0,0,25,4,1,29,0,Afternoon,2026-01-29 12:15:00,77.22,85.0,78.33285714285715,79.87778310940499,7,24.0,SAFE,2
2026-01-29,Thursday,5,02:00 PM,Cloud Computing,Akash Upadhayay,2,MCA,B,Lab 1,180,155,86.11,Practical,0,0,0,25,4,1,29,0,Afternoon,2026-01-29 14:00:00,92.78,85.0,82.85714285714286,79.9025,8,1.75,SAFE,2
2026-01-29,Thursday,6,03:00 PM,HR Analytics,Prof. Kulkarni,2,MCA,B,Lab 2,180,155,86.11,Practical,0,0,0,25,4,1,29,0,Afternoon,2026-01-29 15:00:00,86.11,85.37,83.49142857142859,79.91436902485658,9,1.0,SAFE,2
2026-01-30,Friday,2,10:00 AM,Financial Management,Ishwari Gaikwad,2,MCA,B,Lab 2,180,155,86.11,Practical,0,0,0,26,4,1,30,0,Morning,2026-01-30 10:00:00,86.11,88.33333333333333,85.87285714285714,79.9261927480916,1,19.0,SAFE,2
2026-01-30,Friday,4,12:15 PM,Machine Learning,Prof. Kulkarni,2,MCA,B,Lab 1,180,176,97.78,Practical,0,0,0,26,4,1,30,0,Afternoon,2026-01-30 12:15:00,86.11,86.11,86.58714285714284,79.93797142857143,2,2.25,SAFE,2
2026-01-30,Friday,6,03:00 PM,Advanced DBMS,Prof. Kulkarni,4,MCA,B,Room 202,180,127,70.56,Theory,0,0,0,26,4,1,30,0,Afternoon,2026-01-30 15:00:00,97.78,90.0,87.30142857142857,79.97189163498098,3,2.75,WARNING,1
2026-01-31,Saturday,1,09:00 AM,Advanced DBMS,Prof. Kulkarni,2,MCA,B,Auditorium,180,135,75.0,Theory,0,1,0,27,4,1,31,1,Morning,2026-01-31 09:00:00,70.56,84.81666666666666,85.23857142857142,79.95403225806452,1,18.0,WARNING,1
2026-01-31,Saturday,1,09:00 AM,Financial Management,Prof. Sharma,2,MCA,B,Room 201,180,163,90.56,Theory,0,0,0,27,4,1,31,1,Morning,2026-01-31 09:00:00,75.0,81.11333333333333,84.92142857142856,79.94464962121212,2,24.0,SAFE,2
2026-01-31,Saturday,5,02:00 PM,Financial Management,Prof. Patil,2,MCA,B,Room 202,180,158,87.78,Theory,0,1,0,27,4,1,31,1,Afternoon,2026-01-31 14:00:00,90.56,78.70666666666666,84.60428571428572,79.96471644612477,3,5.0,SAFE,2
2026-02-01,Monday,1,09:00 AM,Cloud Computing,Prof. Deshmukh,4,MCA,B,Room 202,180,117,65.0,Theory,0,0,0,28,4,2,1,0,Morning,2026-02-01 09:00:00,87.78,84.44666666666667,84.84285714285714,78.2289090909091,1,19.0,WARNING,1
2026-02-01,Monday,2,10:00 AM,Advanced DBMS,Ishwari Gaikwad,2,MCA,B,Auditorium,180,122,67.78,Theory,1,0,0,28,4,2,1,0,Morning,2026-02-01 10:00:00,65.0,81.11333333333334,81.82714285714285,78.19463730569949,2,1.0,WARNING,1
2026-02-01,Monday,2,10:00 AM,Web Development,Akash Upadhayay,2,MCA,B,Room 202,180,140,77.78,Theory,0,0,0,28,4,2,1,0,Morning,2026-02-01 10:00:00,67.78,73.52,79.20857142857143,78.16772609819121,3,24.0,SAFE,2
2026-02-01,Monday,3,11:15 AM,Financial Management,Akash Upadhayay,2,MCA,B,Room 201,180,180,100.0,Theory,0,0,0,28,4,2,1,0,Morning,2026-02-01 11:15:00,77.78,70.18666666666667,76.35142857142857,78.16672680412371,4,1.25,SAFE,2
2026-02-01,Monday,4,12:15 PM,Advanced DBMS,Ishwari Gaikwad,4,MCA,B,Lab 1,180,122,67.78,Practical,1,0,0,28,4,2,1,0,Afternoon,2026-02-01 12:15:00,100.0,81.85333333333334,80.55714285714285,78.22285347043702,5,1.0,WARNING,1
2026-02-02,Monday,3,11:15 AM,Cloud Computing,Prof. Deshmukh,4,MCA,B,Room 201,180,164,91.11,Theory,0,1,0,29,5,2,2,0,Morning,2026-02-02 11:15:00,67.78,81.85333333333334,79.52571428571427,78.19607692307693,1,23.0,SAFE,2
2026-02-02,Monday,3,11:15 AM,Advanced DBMS,Ishwari Gaikwad,4,MCA,B,Lab 1,180,96,53.33,Practical,0,1,1,29,5,2,2,0,Morning,2026-02-02 11:15:00,91.11,86.29666666666667,79.60428571428572,78.22910485933504,2,24.0,WARNING,1
2026-02-02,Monday,4,12:15 PM,Web Development,Akash Upadhayay,2,MCA,B,Auditorium,180,154,85.56,Theory,0,0,0,29,5,2,2,0,Afternoon,2026-02-02 12:15:00,53.33,70.74,74.68285714285715,78.16558673469387,3,1.0,SAFE,2
2026-02-02,Monday,4,12:15 PM,Cloud Computing,Akash Upadhayay,2,MCA,B,Room 201,180,142,78.89,Theory,0,0,0,29,5,2,2,0,Afternoon,2026-02-02 12:15:00,85.56,76.66666666666667,77.62,78.1844020356234,4,24.0,SAFE,2
2026-02-02,Monday,5,02:00 PM,Advanced DBMS,Prof. Deshmukh,2,MCA,B,Room 201,180,136,75.56,Theory,0,0,0,29,5,2,2,0,Afternoon,2026-02-02 14:00:00,78.89,72.59333333333333,79.20714285714287,78.18619289340101,5,1.75,SAFE,2
2026-02-02,Monday,6,03:00 PM,Python Programming,Akash Upadhayay,4,MCA,B,Room 201,180,126,70.0,Theory,0,0,0,29,5,2,2,0,Afternoon,2026-02-02 15:00:00,75.56,80.00333333333333,78.89,78.17954430379747,6,1.0,WARNING,1
2026-02-03,Tuesday,1,09:00 AM,Financial Management,Ishwari Gaikwad,4,MCA,B,Auditorium,180,127,70.56,Theory,1,0,0,30,5,2,3,0,Morning,2026-02-03 09:00:00,70.0,74.81666666666666,74.60428571428572,78.15888888888888,1,18.0,WARNING,1
2026-02-03,Tuesday,1,09:00 AM,Cloud Computing,Prof. Kulkarni,4,MCA,B,Room 201,180,149,82.78,Theory,0,0,0,30,5,2,3,0,Morning,2026-02-03 09:00:00,70.56,72.04,75.00142857142858,78.13974811083123,2,24.0,SAFE,2
2026-02-03,Tuesday,2,10:00 AM,Machine Learning,Prof. Sharma,4,MCA,B,Room 201,180,158,87.78,Theory,0,0,0,30,5,2,3,0,Morning,2026-02-03 10:00:00,82.78,74.44666666666667,73.81142857142858,78.15140703517588,3,1.0,SAFE,2
2026-02-03,Tuesday,4,12:15 PM,Python Programming,Akash Upadhayay,2,MCA,B,Lab 1,180,174,96.67,Practical,0,0,0,30,5,2,3,0,Afternoon,2026-02-03 12:15:00,87.78,80.37333333333333,78.73285714285714,78.17553884711779,4,2.25,SAFE,2
2026-02-04,Wednesday,3,11:15 AM,Advanced DBMS,Akash Upadhayay,2,MCA,B,Lab 1,180,169,93.89,Practical,0,0,0,31,5,2,4,0,Morning,2026-02-04 11:15:00,96.67,89.07666666666667,80.32000000000001,78.221775,1,23.0,SAFE,2
2026-02-04,Wednesday,3,11:15 AM,HR Analytics,Prof. Deshmukh,4,MCA,B,Room 202,180,132,73.33,Theory,1,0,0,31,5,2,4,0,Morning,2026-02-04 11:15:00,93.89,92.78000000000002,82.46285714285715,78.26084788029925,2,24.0,WARNING,1
2026-02-04,Wednesday,5,02:00 PM,Python Programming,Akash Upadhayay,2,MCA,B,Lab 2,180,151,83.89,Practical,0,0,1,31,5,2,4,0,Afternoon,2026-02-04 14:00:00,73.33,87.96333333333332,82.14428571428572,78.24858208955224,3,2.75,SAFE,2
2026-02-04,Wednesday,6,03:00 PM,Advanced DBMS,Prof. Deshmukh,4,MCA,B,Room 201,180,129,71.67,Theory,0,1,0,31,5,2,4,0,Afternoon,2026-02-04 15:00:00,83.89,83.70333333333333,84.12857142857142,78.2625806451613,4,1.0,WARNING,1
2026-02-04,Wednesday,6,03:00 PM,Cloud Computing,Ishwari Gaikwad,2,MCA,B,Room 201,180,144,80.0,Theory,0,0,0,31,5,2,4,0,Afternoon,2026-02-04 15:00:00,71.67,76.29666666666667,84.28714285714285,78.24626237623762,5,24.0,SAFE,2
2026-02-05,Thursday,1,09:00 AM,Web Development,Ishwari Gaikwad,2,MCA,B,Auditorium,180,135,75.0,Theory,0,0,0,32,5,2,5,0,Morning,2026-02-05 09:00:00,80.0,78.52,83.89,78.2505925925926,1,18.0,WARNING,1
2026-02-05,Thursday,2,10:00 AM,Cloud Computing,Prof. Deshmukh,4,MCA,B,Lab 1,180,172,95.56,Practical,0,0,0,32,5,2,5,0,Morning,2026-02-05 10:00:00,75.0,75.55666666666667,82.06428571428572,78.24258620689656,2,1.0,SAFE,2
2026-02-05,Thursday,3,11:15 AM,Machine Learning,Prof. Deshmukh,4,MCA,B,Room 202,180,168,93.33,Theory,0,0,0,32,5,2,5,0,Morning,2026-02-05 11:15:00,95.56,83.52,81.9057142857143,78.28513513513514,3,1.25,SAFE,2
2026-02-05,Thursday,3,11:15 AM,Python Programming,Akash Upadhayay,2,MCA,B,Auditorium,180,169,93.89,Theory,0,0,0,32,5,2,5,0,Morning,2026-02-05 11:15:00,93.33,87.96333333333332,81.82571428571428,78.32200980392157,4,24.0,SAFE,2
2026-02-05,Thursday,4,12:15 PM,Web Development,Akash Upadhayay,4,MCA,B,Room 202,180,140,77.5,Theory,0,1,0,32,5,2,5,0,Afternoon,2026-02-05 12:15:00,93.89,94.25999999999999,84.76285714285714,78.36007334963325,5,1.0,SAFE,2
2026-02-05,Thursday,4,12:15 PM,Financial Management,Prof. Sharma,2,MCA,B,Lab 1,180,164,91.11,Practical,0,0,0,32,5,2,5,0,Afternoon,2026-02-05 12:15:00,77.5,88.24,83.85000000000001,78.3579756097561,6,24.0,SAFE,2
2026-02-05,Thursday,5,02:00 PM,Financial Management,Ishwari Gaikwad,4,MCA,B,Auditorium,180,144,80.0,Theory,0,0,0,32,5,2,5,0,Afternoon,2026-02-05 14:00:00,91.11,87.5,86.62714285714286,78.38900243309003,7,1.75,SAFE,2
2026-02-06,Friday,2,10:00 AM,Advanced DBMS,Prof. Patil,4,MCA,B,Auditorium,180,136,75.56,Theory,0,1,0,33,5,2,6,0,Morning,2026-02-06 10:00:00,80.0,82.87,86.62714285714287,78.39291262135923,1,20.0,SAFE,2
2026-02-06,Friday,2,10:00 AM,Python Programming,Prof. Deshmukh,2,MCA,B,Room 202,180,108,60.0,Theory,1,0,0,33,5,2,6,0,Morning,2026-02-06 10:00:00,75.56,82.22333333333334,86.70714285714287,78.38605326876512,2,24.0,WARNING,1
2026-02-06,Friday,3,11:15 AM,Web Development,Prof. Sharma,4,MCA,B,Lab 2,180,161,89.44,Practical,0,0,0,33,5,2,6,0,Morning,2026-02-06 11:15:00,60.0,71.85333333333334,81.62714285714286,78.34164251207729,3,1.25,SAFE,2
2026-02-06,Friday,3,11:15 AM,Web Development,Prof. Deshmukh,4,MCA,B,Room 202,180,150,83.33,Theory,0,0,0,33,5,2,6,0,Morning,2026-02-06 11:15:00,89.44,75.0,81.07142857142857,78.36838554216868,4,24.0,SAFE,2
2026-02-06,Friday,4,12:15 PM,Python Programming,Prof. Patil,4,MCA,B,Auditorium,180,125,69.44,Theory,0,0,1,33,5,2,6,0,Afternoon,2026-02-06 12:15:00,83.33,77.58999999999999,79.56285714285715,78.3803125,5,1.0,WARNING,1
2026-02-06,Friday,4,12:15 PM,Python Programming,Prof. Deshmukh,2,MCA,B,Lab 1,180,168,93.33,Practical,0,0,0,33,5,2,6,0,Afternoon,2026-02-06 12:15:00,69.44,80.73666666666666,78.41142857142857,78.35887290167867,6,24.0,SAFE,2
2026-02-07,Saturday,1,09:00 AM,HR Analytics,Prof. Deshmukh,2,MCA,B,Lab 2,180,110,61.11,Practical,1,0,0,34,5,2,7,1,Morning,2026-02-07 09:00:00,93.33,82.03333333333333,78.72857142857143,78.39468899521532,1,20.75,WARNING,1
2026-02-07,Saturday,2,10:00 AM,Financial Management,Prof. Deshmukh,4,MCA,B,Lab 2,180,143,79.44,Practical,0,0,0,34,5,2,7,1,Morning,2026-02-07 10:00:00,61.11,74.62666666666667,76.03,78.3534367541766,2,1.0,SAFE,2
2026-02-07,Saturday,3,11:15 AM,Python Programming,Prof. Patil,4,MCA,B,Room 202,180,157,87.22,Theory,0,1,0,34,5,2,7,1,Morning,2026-02-07 11:15:00,79.44,77.96,76.58428571428571,78.3560238095238,3,1.25,SAFE,2
2026-02-07,Saturday,3,11:15 AM,Cloud Computing,Prof. Sharma,4,MCA,B,Lab 1,180,141,78.33,Practical,0,1,0,34,5,2,7,1,Morning,2026-02-07 11:15:00,87.22,75.92333333333333,80.47285714285714,78.3770783847981,4,24.0,SAFE,2
2026-02-07,Saturday,4,12:15 PM,Web Development,Ishwari Gaikwad,2,MCA,B,Auditorium,180,117,65.0,Theory,0,0,0,34,5,2,7,1,Afternoon,2026-02-07 12:15:00,78.33,81.66333333333333,78.88571428571429,78.37696682464455,5,1.0,WARNING,1
2026-02-07,Saturday,4,12:15 PM,Cloud Computing,Prof. Deshmukh,2,MCA,B,Lab 1,180,159,88.33,Practical,0,1,0,34,5,2,7,1,Afternoon,2026-02-07 12:15:00,65.0,76.85000000000001,76.26714285714286,78.3453427895981,6,24.0,SAFE,2
2026-02-07,Saturday,6,03:00 PM,Cloud Computing,Prof. Patil,2,MCA,B,Room 202,180,112,62.22,Theory,0,0,0,34,5,2,7,1,Afternoon,2026-02-07 15:00:00,88.33,77.21999999999998,78.96571428571428,78.36889150943396,7,2.75,WARNING,1
2026-02-07,Saturday,6,03:00 PM,HR Analytics,Prof. Kulkarni,4,MCA,B,Room 202,180,126,70.0,Theory,0,1,0,34,5,2,7,1,Afternoon,2026-02-07 15:00:00,62.22,71.85000000000001,74.52142857142857,78.33089411764705,8,24.0,WARNING,1
2026-02-08,Monday,1,09:00 AM,HR Analytics,Prof. Deshmukh,4,MCA,B,Lab 2,180,111,61.67,Practical,1,0,0,35,5,2,8,0,Morning,2026-02-08 09:00:00,70.0,73.51666666666667,75.79142857142857,78.311338028169,1,18.0,WARNING,1
2026-02-08,Monday,2,10:00 AM,Web Development,Ishwari Gaikwad,4,MCA,B,Room 202,180,167,92.78,Theory,0,0,0,35,5,2,8,0,Morning,2026-02-08 10:00:00,61.67,64.63000000000001,73.25285714285714,78.27236533957846,2,1.0,SAFE,2
2026-02-08,Monday,5,02:00 PM,Advanced DBMS,Akash Upadhayay,4,MCA,B,Lab 1,180,136,75.56,Practical,0,0,0,35,5,2,8,0,Afternoon,2026-02-08 14:00:00,92.78,74.81666666666668,74.04714285714286,78.30626168224299,3,4.0,SAFE,2
2026-02-08,Monday,6,03:00 PM,Python Programming,Prof. Patil,2,MCA,B,Lab 1,180,150,83.33,Practical,0,0,0,35,5,2,8,0,Afternoon,2026-02-08 15:00:00,75.56,76.67,73.65142857142858,78.29986013986014,4,1.0,SAFE,2
2026-02-08,Monday,6,03:00 PM,Web Development,Ishwari Gaikwad,2,MCA,B,Lab 2,180,142,78.89,Practical,0,0,0,35,5,2,8,0,Afternoon,2026-02-08 15:00:00,83.33,83.89,76.27,78.31155813953488,5,24.0,SAFE,2
2026-02-09,Monday,1,09:00 AM,Web Development,Prof. Deshmukh,4,MCA,B,Room 202,180,107,59.44,Theory,1,0,1,36,6,2,9,0,Morning,2026-02-09 09:00:00,78.89,79.26,74.92142857142856,78.31290023201856,1,18.0,WARNING,1
2026-02-09,Monday,2,10:00 AM,HR Analytics,Prof. Kulkarni,4,MCA,B,Room 202,180,147,81.67,Theory,0,0,0,36,6,2,9,0,Morning,2026-02-09 10:00:00,59.44,73.88666666666667,74.52428571428571,78.26921296296297,2,1.0,SAFE,2
2026-02-09,Monday,2,10:00 AM,Financial Management,Ishwari Gaikwad,4,MCA,B,Auditorium,180,116,64.44,Theory,1,0,0,36,6,2,9,0,Morning,2026-02-09 10:00:00,81.67,73.33333333333333,76.19142857142857,78.27706697459584,3,24.0,WARNING,1
2026-02-09,Monday,3,11:15 AM,Advanced DBMS,Ishwari Gaikwad,4,MCA,B,Lab 2,180,129,71.67,Practical,1,0,0,36,6,2,9,0,Morning,2026-02-09 11:15:00,64.44,68.51666666666667,76.58714285714287,78.24518433179725,4,1.25,WARNING,1
2026-02-09,Monday,6,03:00 PM,HR Analytics,Prof. Deshmukh,4,MCA,B,Lab 2,180,149,82.78,Practical,0,1,0,36,6,2,9,0,Afternoon,2026-02-09 15:00:00,71.67,72.59333333333333,73.57142857142857,78.23006896551725,5,3.75,SAFE,2
2026-02-09,Monday,6,03:00 PM,Python Programming,Prof. Deshmukh,2,MCA,B,Lab 1,180,134,74.44,Practical,0,0,0,36,6,2,9,0,Afternoon,2026-02-09 15:00:00,82.78,72.96333333333334,74.60285714285715,78.24050458715597,6,24.0,WARNING,1
2026-02-10,Tuesday,1,09:00 AM,Web Development,Ishwari Gaikwad,2,MCA,B,Lab 2,180,160,88.89,Practical,0,0,0,37,6,2,10,0,Morning,2026-02-10 09:00:00,74.44,76.29666666666667,73.33285714285714,78.23180778032037,1,18.0,SAFE,2
2026-02-10,Tuesday,4,12:15 PM,Web Development,Prof. Deshmukh,2,MCA,B,Lab 1,180,150,83.33,Practical,0,0,0,37,6,2,10,0,Afternoon,2026-02-10 12:15:00,88.89,82.03666666666668,74.76142857142857,78.25614155251142,2,3.25,SAFE,2
2026-02-10,Tuesday,4,12:15 PM,Machine Learning,Prof. Deshmukh,2,MCA,B,Lab 2,180,155,86.11,Practical,0,0,0,37,6,2,10,0,Afternoon,2026-02-10 12:15:00,83.33,82.22,78.17428571428572,78.2676993166287,3,24.0,SAFE,2
2026-02-11,Wednesday,1,09:00 AM,Financial Management,Prof. Kulkarni,4,MCA,B,Auditorium,180,121,67.22,Theory,0,0,1,38,6,2,11,0,Morning,2026-02-11 09:00:00,86.11,86.11,78.80857142857144,78.28552272727272,1,20.75,WARNING,1
2026-02-11,Wednesday,2,10:00 AM,Cloud Computing,Prof. Deshmukh,2,MCA,B,Lab 2,180,134,74.44,Practical,1,1,0,38,6,2,11,0,Morning,2026-02-11 10:00:00,67.22,78.88666666666667,79.20571428571428,78.26043083900227,2,1.0,WARNING,1
2026-02-11,Wednesday,5,02:00 PM,Python Programming,Ishwari Gaikwad,4,MCA,B,Lab 1,180,166,92.22,Practical,0,1,0,38,6,2,11,0,Afternoon,2026-02-11 14:00:00,74.44,75.92333333333333,79.60142857142857,78.25178733031674,3,4.0,SAFE,2
2026-02-11,Wednesday,5,02:00 PM,Financial Management,Ishwari Gaikwad,4,MCA,B,Auditorium,180,148,82.22,Theory,0,0,0,38,6,2,11,0,Afternoon,2026-02-11 14:00:00,92.22,77.96,80.95,78.28331828442438,4,24.0,SAFE,2
2026-02-11,Wednesday,6,03:00 PM,Python Programming,Ishwari Gaikwad,2,MCA,B,Auditorium,180,120,66.67,Theory,1,0,0,38,6,2,11,0,Afternoon,2026-02-11 15:00:00,82.22,82.96,82.06142857142856,78.2921846846847,5,1.0,WARNING,1
2026-02-12,Thursday,1,09:00 AM,HR Analytics,Prof. Deshmukh,4,MCA,B,Lab 2,180,128,71.11,Practical,1,0,0,39,6,2,12,0,Morning,2026-02-12 09:00:00,66.67,80.37,78.88714285714286,78.26606741573033,1,18.0,WARNING,1
2026-02-12,Thursday,4,12:15 PM,HR Analytics,Prof. Kulkarni,4,MCA,B,Lab 1,180,154,85.56,Practical,0,0,0,39,6,2,12,0,Afternoon,2026-02-12 12:15:00,71.11,73.33333333333333,77.14142857142858,78.25002242152466,2,3.25,SAFE,2
2026-02-12,Thursday,5,02:00 PM,Advanced DBMS,Prof. Deshmukh,4,MCA,B,Lab 2,180,155,86.11,Practical,0,0,0,39,6,2,12,0,Afternoon,2026-02-12 14:00:00,85.56,74.44666666666667,77.06285714285715,78.26637583892618,3,1.75,SAFE,2
2026-02-12,Thursday,6,03:00 PM,Machine Learning,Akash Upadhayay,4,MCA,B,Lab 2,180,136,75.56,Practical,0,0,0,39,6,2,12,0,Afternoon,2026-02-12 15:00:00,86.11,80.92666666666666,79.76142857142857,78.28388392857143,4,1.0,SAFE,2
2026-02-13,Friday,3,11:15 AM,Machine Learning,Prof. Sharma,4,MCA,B,Room 201,180,130,72.22,Theory,0,0,1,40,6,2,13,0,Morning,2026-02-13 11:15:00,75.56,82.41000000000001,79.92142857142858,78.27781737193763,1,20.25,WARNING,1
2026-02-13,Friday,5,02:00 PM,HR Analytics,Prof. Deshmukh,4,MCA,B,Auditorium,180,138,76.67,Theory,0,0,0,40,6,2,13,0,Afternoon,2026-02-13 14:00:00,72.22,77.96333333333334,77.06428571428572,78.26435555555555,2,2.75,SAFE,2
2026-02-13,Friday,6,03:00 PM,HR Analytics,Akash Upadhayay,4,MCA,B,Room 201,180,107,59.44,Theory,0,1,0,40,6,2,13,0,Afternoon,2026-02-13 15:00:00,76.67,74.81666666666666,76.27142857142857,78.26082039911307,3,1.0,WARNING,1
2026-02-14,Saturday,3,11:15 AM,Web Development,Prof. Kulkarni,4,MCA,B,Room 202,180,149,82.78,Theory,0,0,0,41,6,2,14,1,Morning,2026-02-14 11:15:00,59.44,69.44333333333333,75.23857142857143,78.2191814159292,1,20.25,SAFE,2
2026-02-14,Saturday,3,11:15 AM,Python Programming,Prof. Kulkarni,2,MCA,B,Room 202,180,134,74.44,Theory,0,0,0,41,6,2,14,1,Morning,2026-02-14 11:15:00,82.78,72.96333333333332,76.9057142857143,78.22924944812361,2,24.0,WARNING,1
2026-02-14,Saturday,4,12:15 PM,Web Development,Prof. Deshmukh,4,MCA,B,Lab 2,180,149,82.78,Practical,0,0,0,41,6,2,14,1,Afternoon,2026-02-14 12:15:00,74.44,72.21999999999998,75.31714285714285,78.22090308370045,3,1.0,SAFE,2
2026-02-14,Saturday,5,02:00 PM,Web Development,Akash Upadhayay,4,MCA,B,Room 202,180,113,62.78,Theory,0,0,0,41,6,2,14,1,Afternoon,2026-02-14 14:00:00,82.78,80.0,74.84142857142857,78.23092307692308,4,1.75,WARNING,1
2026-02-14,Saturday,5,02:00 PM,Python Programming,Akash Upadhayay,4,MCA,B,Lab 1,180,135,75.0,Practical,1,0,0,41,6,2,14,1,Afternoon,2026-02-14 14:00:00,62.78,73.33333333333333,73.01571428571428,78.19703947368421,5,24.0,WARNING,1
2026-02-14,Saturday,6,03:00 PM,Advanced DBMS,Prof. Sharma,4,MCA,B,Auditorium,180,95,52.78,Theory,1,0,0,41,6,2,14,1,Afternoon,2026-02-14 15:00:00,75.0,73.52,73.41285714285713,78.19004376367614,6,1.0,WARNING,1
2026-02-14,Saturday,6,03:00 PM,Machine Learning,Prof. Patil,2,MCA,B,Lab 1,180,89,49.17,Practical,0,0,1,41,6,2,14,1,Afternoon,2026-02-14 15:00:00,52.78,63.52,70.0,78.13456331877728,7,24.0,CRITICAL,0
2026-02-15,Monday,1,09:00 AM,Python Programming,Akash Upadhayay,4,MCA,B,Auditorium,180,139,77.22,Theory,0,0,0,42,6,2,15,0,Morning,2026-02-15 09:00:00,49.17,58.98333333333333,68.53285714285714,78.07145969498912,1,18.0,SAFE,2
2026-02-15,Monday,3,11:15 AM,Advanced DBMS,Prof. Kulkarni,4,MCA,B,Auditorium,180,130,72.22,Theory,0,0,0,42,6,2,15,0,Morning,2026-02-15 11:15:00,77.22,59.723333333333336,67.73857142857143,78.06960869565216,2,2.25,WARNING,1
2026-02-15,Monday,3,11:15 AM,Web Development,Prof. Kulkarni,4,MCA,B,Lab 2,180,134,74.44,Practical,0,0,0,42,6,2,15,0,Morning,2026-02-15 11:15:00,72.22,66.20333333333333,67.42142857142858,78.05691973969631,3,24.0,WARNING,1
2026-02-15,Monday,6,03:00 PM,HR Analytics,Prof. Kulkarni,4,MCA,B,Lab 1,180,125,69.44,Practical,0,0,0,42,6,2,15,0,Afternoon,2026-02-15 15:00:00,74.44,74.62666666666667,66.23,78.0490909090909,4,3.75,WARNING,1
2026-02-16,Monday,1,09:00 AM,HR Analytics,Prof. Deshmukh,2,MCA,B,Lab 2,180,154,85.56,Practical,0,1,0,43,7,2,16,0,Morning,2026-02-16 09:00:00,69.44,72.03333333333335,67.18142857142858,78.03049676025918,1,18.0,SAFE,2
2026-02-16,Monday,2,10:00 AM,Web Development,Prof. Sharma,2,MCA,B,Lab 1,180,151,83.89,Practical,0,0,0,43,7,2,16,0,Morning,2026-02-16 10:00:00,85.56,76.48,68.69,78.04672413793104,2,1.0,SAFE,2
2026-02-16,Monday,2,10:00 AM,Advanced DBMS,Ishwari Gaikwad,2,MCA,B,Lab 1,180,155,86.11,Practical,0,0,0,43,7,2,16,0,Morning,2026-02-16 10:00:00,83.89,79.63,73.13428571428571,78.05929032258065,3,24.0,SAFE,2
2026-02-16,Monday,4,12:15 PM,Advanced DBMS,Prof. Patil,2,MCA,B,Auditorium,180,133,73.89,Theory,0,0,0,43,7,2,16,0,Afternoon,2026-02-16 12:15:00,86.11,85.18666666666667,78.41142857142857,78.07656652360515,4,2.25,WARNING,1
2026-02-16,Monday,5,02:00 PM,Financial Management,Prof. Deshmukh,4,MCA,B,Auditorium,180,150,83.33,Theory,0,0,0,43,7,2,16,0,Afternoon,2026-02-16 14:00:00,73.89,81.29666666666667,77.93571428571428,78.0676017130621,5,1.75,SAFE,2
2026-02-16,Monday,6,03:00 PM,Machine Learning,Prof. Deshmukh,2,MCA,B,Room 202,180,143,79.17,Theory,1,0,0,43,7,2,16,0,Afternoon,2026-02-16 15:00:00,83.33,81.11,79.52285714285713,78.07884615384616,6,1.0,SAFE,2
2026-02-17,Tuesday,1,09:00 AM,Python Programming,Ishwari Gaikwad,2,MCA,B,Lab 1,180,142,78.89,Practical,0,1,0,44,7,2,17,0,Morning,2026-02-17 09:00:00,79.17,78.79666666666667,80.19857142857143,78.08117270788912,1,18.0,SAFE,2
2026-02-17,Tuesday,2,10:00 AM,Machine Learning,Prof. Sharma,2,MCA,B,Room 202,180,165,91.67,Theory,0,0,0,44,7,2,17,0,Morning,2026-02-17 10:00:00,78.89,80.46333333333332,81.54857142857144,78.08289361702127,2,1.0,SAFE,2
2026-02-17,Tuesday,2,10:00 AM,Web Development,Prof. Kulkarni,2,MCA,B,Room 201,180,89,49.17,Theory,1,0,0,44,7,2,17,0,Morning,2026-02-17 10:00:00,91.67,83.24333333333334,82.42142857142858,78.11174097664544,3,24.0,CRITICAL,0
2026-02-17,Tuesday,2,10:00 AM,Cloud Computing,Prof. Sharma,4,MCA,B,Lab 2,180,127,70.56,Practical,0,0,0,44,7,2,17,0,Morning,2026-02-17 10:00:00,49.17,73.24333333333334,77.46142857142857,78.05042372881357,4,24.0,WARNING,1
2026-02-17,Tuesday,4,12:15 PM,Cloud Computing,Ishwari Gaikwad,4,MCA,B,Lab 2,180,141,78.33,Practical,0,1,1,44,7,2,17,0,Afternoon,2026-02-17 12:15:00,70.56,70.46666666666668,75.24,78.03458773784355,5,2.25,SAFE,2
2026-02-17,Tuesday,5,02:00 PM,Python Programming,Akash Upadhayay,4,MCA,B,Lab 1,180,180,100.0,Practical,0,0,0,44,7,2,17,0,Afternoon,2026-02-17 14:00:00,78.33,66.02,75.87428571428572,78.03521097046414,6,1.75,SAFE,2
2026-02-17,Tuesday,6,03:00 PM,Web Development,Prof. Deshmukh,4,MCA,B,Room 202,180,121,67.22,Theory,0,0,0,44,7,2,17,0,Afternoon,2026-02-17 15:00:00,100.0,82.96333333333332,78.25571428571428,78.08145263157895,7,1.0,WARNING,1
2026-02-18,Wednesday,1,09:00 AM,Web Development,Ishwari Gaikwad,4,MCA,B,Auditorium,180,149,82.78,Theory,0,1,0,45,7,2,18,0,Morning,2026-02-18 09:00:00,67.22,81.85,76.54857142857144,78.05863445378152,1,18.0,SAFE,2
2026-02-18,Wednesday,2,10:00 AM,Machine Learning,Akash Upadhayay,2,MCA,B,Lab 2,180,130,72.22,Practical,0,0,1,45,7,2,18,0,Morning,2026-02-18 10:00:00,82.78,83.33333333333333,77.10428571428572,78.06853249475891,2,1.0,WARNING,1
2026-02-18,Wednesday,2,10:00 AM,HR Analytics,Prof. Deshmukh,4,MCA,B,Room 202,180,157,87.22,Theory,0,0,0,45,7,2,18,0,Morning,2026-02-18 10:00:00,72.22,74.07333333333334,74.32571428571428,78.05629707112972,3,24.0,SAFE,2
2026-02-18,Wednesday,4,12:15 PM,Advanced DBMS,Prof. Sharma,4,MCA,B,Lab 1,180,151,83.89,Practical,1,0,0,45,7,2,18,0,Afternoon,2026-02-18 12:15:00,87.22,80.74,79.76142857142857,78.0754279749478,4,2.25,SAFE,2
2026-02-18,Wednesday,4,12:15 PM,Python Programming,Prof. Deshmukh,2,MCA,B,Auditorium,180,116,64.44,Theory,1,0,0,45,7,2,18,0,Afternoon,2026-02-18 12:15:00,83.89,81.11,81.66571428571429,78.08754166666667,5,24.0,WARNING,1
2026-02-18,Wednesday,5,02:00 PM,Web Development,Ishwari Gaikwad,4,MCA,B,Lab 1,180,162,90.0,Practical,0,1,0,45,7,2,18,0,Afternoon,2026-02-18 14:00:00,64.44,78.51666666666667,79.68142857142857,78.0591683991684,6,1.75,SAFE,2
2026-02-19,Thursday,1,09:00 AM,Advanced DBMS,Akash Upadhayay,4,MCA,B,Lab 1,180,167,92.78,Practical,0,1,0,46,7,2,19,0,Morning,2026-02-19 09:00:00,90.0,79.44333333333333,78.25285714285714,78.0839419087137,1,19.0,SAFE,2
2026-02-19,Thursday,6,03:00 PM,Cloud Computing,Ishwari Gaikwad,4,MCA,B,Room 201,180,126,70.0,Theory,0,0,0,46,7,2,19,0,Afternoon,2026-02-19 15:00:00,92.78,82.40666666666668,81.9042857142857,78.1143685300207,2,6.0,WARNING,1
2026-02-19,Thursday,6,03:00 PM,Machine Learning,Prof. Kulkarni,2,MCA,B,Room 201,180,134,74.44,Theory,0,0,0,46,7,2,19,0,Afternoon,2026-02-19 15:00:00,70.0,84.26,80.07857142857142,78.09760330578511,3,24.0,WARNING,1
2026-02-19,Thursday,6,03:00 PM,Python Programming,Akash Upadhayay,4,MCA,B,Room 201,180,158,87.78,Theory,0,1,0,46,7,2,19,0,Afternoon,2026-02-19 15:00:00,74.44,79.07333333333334,80.39571428571428,78.0900618556701,4,24.0,SAFE,2
2026-02-20,Friday,1,09:00 AM,HR Analytics,Prof. Deshmukh,2,MCA,B,Room 202,180,106,58.89,Theory,0,0,1,47,7,2,20,0,Morning,2026-02-20 09:00:00,87.78,77.40666666666665,80.47571428571429,78.11,1,18.0,WARNING,1
2026-02-20,Friday,1,09:00 AM,HR Analytics,Prof. Patil,2,MCA,B,Lab 2,180,90,50.0,Practical,1,1,1,47,7,2,20,0,Morning,2026-02-20 09:00:00,58.89,73.70333333333333,76.90428571428572,78.07053388090348,2,24.0,CRITICAL,0
2026-02-20,Friday,4,12:15 PM,Web Development,Prof. Sharma,4,MCA,B,Lab 2,180,159,88.33,Practical,0,0,0,47,7,2,20,0,Afternoon,2026-02-20 12:15:00,50.0,65.55666666666667,74.84142857142857,78.01301229508196,3,3.25,SAFE,2
2026-02-20,Friday,5,02:00 PM,Financial Management,Prof. Deshmukh,4,MCA,B,Room 202,180,150,83.33,Theory,0,0,0,47,7,2,20,0,Afternoon,2026-02-20 14:00:00,88.33,65.74,74.60285714285715,78.03411042944785,4,1.75,SAFE,2
2026-02-20,Friday,5,02:00 PM,Cloud Computing,Akash Upadhayay,2,MCA,B,Room 201,180,140,77.78,Theory,0,0,1,47,7,2,20,0,Afternoon,2026-02-20 14:00:00,83.33,73.88666666666666,73.25285714285714,78.04491836734694,5,24.0,SAFE,2
2026-02-20,Friday,6,03:00 PM,HR Analytics,Ishwari Gaikwad,4,MCA,B,Room 202,180,123,68.33,Theory,0,0,0,47,7,2,20,0,Afternoon,2026-02-20 15:00:00,77.78,83.14666666666666,74.36428571428571,78.04437881873727,6,1.0,WARNING,1
2026-02-21,Saturday,4,12:15 PM,Machine Learning,Akash Upadhayay,2,MCA,B,Lab 1,180,132,73.33,Practical,1,1,0,48,7,2,21,1,Afternoon,2026-02-21 12:15:00,68.33,76.48,73.49142857142856,78.02463414634147,1,21.25,WARNING,1
2026-02-21,Saturday,6,03:00 PM,Machine Learning,Ishwari Gaikwad,2,MCA,B,Room 202,180,122,67.78,Theory,0,1,0,48,7,2,21,1,Afternoon,2026-02-21 15:00:00,73.33,73.14666666666666,71.42714285714285,78.01511156186612,2,2.75,WARNING,1
2026-02-21,Saturday,6,03:00 PM,Machine Learning,Prof. Kulkarni,4,MCA,B,Room 202,180,138,76.67,Theory,0,0,0,48,7,2,21,1,Afternoon,2026-02-21 15:00:00,67.78,69.81333333333333,72.69714285714285,77.99439271255062,3,24.0,SAFE,2
2026-02-22,Monday,5,02:00 PM,Machine Learning,Akash Upadhayay,2,MCA,B,Lab 2,180,89,49.17,Practical,0,0,0,49,7,2,22,0,Afternoon,2026-02-22 14:00:00,76.67,72.59333333333333,76.50714285714287,77.99171717171717,1,23.0,CRITICAL,0
2026-02-23,Monday,2,10:00 AM,Financial Management,Prof. Kulkarni,2,MCA,B,Room 201,180,116,64.44,Theory,0,0,1,50,8,2,23,0,Morning,2026-02-23 10:00:00,49.17,64.54,70.91285714285713,77.93360887096775,1,20.0,WARNING,1
2026-02-23,Monday,3,11:15 AM,Advanced DBMS,Prof. Sharma,4,MCA,B,Room 202,180,162,90.0,Theory,0,0,0,50,8,2,23,0,Morning,2026-02-23 11:15:00,64.44,63.42666666666667,68.21428571428571,77.90645875251509,2,1.25,SAFE,2
2026-02-24,Tuesday,1,09:00 AM,Machine Learning,Prof. Kulkarni,2,MCA,B,Lab 2,180,140,77.78,Practical,0,0,0,51,8,2,24,0,Morning,2026-02-24 09:00:00,90.0,67.87,69.96000000000001,77.93074297188755,1,21.75,SAFE,2
2026-02-24,Tuesday,1,09:00 AM,Python Programming,Akash Upadhayay,2,MCA,B,Auditorium,180,154,85.56,Theory,0,0,0,51,8,2,24,0,Morning,2026-02-24 09:00:00,77.78,77.40666666666665,71.30999999999999,77.93044088176353,2,24.0,SAFE,2
2026-02-24,Tuesday,4,12:15 PM,Financial Management,Prof. Patil,4,MCA,B,Auditorium,180,149,82.78,Theory,0,0,0,51,8,2,24,0,Afternoon,2026-02-24 12:15:00,85.56,84.44666666666666,73.05714285714285,77.9457,3,3.25,SAFE,2
2026-02-24,Tuesday,4,12:15 PM,Financial Management,Prof. Kulkarni,2,MCA,B,Auditorium,180,142,78.89,Theory,0,0,0,51,8,2,24,0,Afternoon,2026-02-24 12:15:00,82.78,82.04,75.20000000000002,77.9553493013972,4,24.0,SAFE,2
2026-02-24,Tuesday,5,02:00 PM,Machine Learning,Prof. Sharma,4,MCA,B,Lab 2,180,163,90.56,Practical,0,0,0,51,8,2,24,0,Afternoon,2026-02-24 14:00:00,78.89,82.41000000000001,75.51714285714286,77.95721115537847,5,1.75,SAFE,2
2026-02-24,Tuesday,6,03:00 PM,Financial Management,Prof. Deshmukh,2,MCA,B,Auditorium,180,119,66.11,Theory,0,0,0,51,8,2,24,0,Afternoon,2026-02-24 15:00:00,90.56,84.07666666666667,81.42999999999999,77.98226640159046,6,1.0,WARNING,1
2026-02-25,Wednesday,1,09:00 AM,Web Development,Ishwari Gaikwad,2,MCA,B,Auditorium,180,147,81.67,Theory,0,0,0,52,8,2,25,0,Morning,2026-02-25 09:00:00,66.11,78.52,81.66857142857144,77.95871031746032,1,18.0,SAFE,2
2026-02-25,Wednesday,1,09:00 AM,Machine Learning,Prof. Patil,4,MCA,B,Auditorium,180,138,76.67,Theory,0,0,0,52,8,2,25,0,Morning,2026-02-25 09:00:00,81.67,79.44666666666667,80.47857142857143,77.9660594059406,2,24.0,SAFE,2
2026-02-25,Wednesday,1,09:00 AM,Python Programming,Ishwari Gaikwad,2,MCA,B,Lab 2,180,158,87.78,Practical,0,0,0,52,8,2,25,0,Morning,2026-02-25 09:00:00,76.67,74.81666666666666,80.32000000000001,77.96349802371542,3,24.0,SAFE,2
2026-02-25,Wednesday,1,09:00 AM,Web Development,Ishwari Gaikwad,2,MCA,B,Auditorium,180,145,80.56,Theory,0,0,0,52,8,2,25,0,Morning,2026-02-25 09:00:00,87.78,82.04,80.63714285714286,77.98285996055226,4,24.0,SAFE,2
2026-02-25,Wednesday,2,10:00 AM,Cloud Computing,Prof. Deshmukh,2,MCA,B,Room 201,180,158,87.78,Theory,0,0,0,52,8,2,25,0,Morning,2026-02-25 10:00:00,80.56,81.67,80.32000000000001,77.98793307086615,5,1.0,SAFE,2
2026-02-25,Wednesday,3,11:15 AM,Python Programming,Prof. Sharma,2,MCA,B,Auditorium,180,149,82.78,Theory,0,0,0,52,8,2,25,0,Morning,2026-02-25 11:15:00,87.78,85.37333333333333,81.59,78.00717092337918,6,1.25,SAFE,2
2026-02-25,Wednesday,5,02:00 PM,Cloud Computing,Ishwari Gaikwad,4,MCA,B,Auditorium,180,151,83.89,Theory,0,1,0,52,8,2,25,0,Afternoon,2026-02-25 14:00:00,82.78,83.70666666666666,80.47857142857143,78.01652941176471,7,2.75,SAFE,2
2026-02-25,Wednesday,6,03:00 PM,Machine Learning,Prof. Kulkarni,4,MCA,B,Room 202,180,165,91.67,Theory,0,0,0,52,8,2,25,0,Afternoon,2026-02-25 15:00:00,83.89,84.81666666666668,83.01857142857143,78.02802348336594,8,1.0,SAFE,2
2026-02-26,Thursday,1,09:00 AM,Financial Management,Prof. Patil,2,MCA,B,Lab 2,180,147,81.67,Practical,0,0,0,53,8,2,26,0,Morning,2026-02-26 09:00:00,91.67,86.11333333333334,84.44714285714285,78.05466796875,1,18.0,SAFE,2
2026-02-26,Thursday,1,09:00 AM,Python Programming,Ishwari Gaikwad,2,MCA,B,Lab 2,180,163,90.56,Practical,0,0,0,53,8,2,26,0,Morning,2026-02-26 09:00:00,81.67,85.74333333333334,85.16142857142857,78.06171539961014,2,24.0,SAFE,2
2026-02-26,Thursday,2,10:00 AM,Cloud Computing,Prof. Patil,2,MCA,B,Lab 1,180,151,83.89,Practical,0,0,0,53,8,2,26,0,Morning,2026-02-26 10:00:00,90.56,87.96666666666665,85.55857142857143,78.08603112840467,3,1.0,SAFE,2
2026-02-26,Thursday,2,10:00 AM,Python Programming,Prof. Sharma,2,MCA,B,Room 202,180,164,91.11,Theory,0,1,0,53,8,2,26,0,Morning,2026-02-26 10:00:00,83.89,85.37333333333333,86.03428571428572,78.09730097087379,4,24.0,SAFE,2
2026-02-26,Thursday,3,11:15 AM,HR Analytics,Prof. Deshmukh,4,MCA,B,Room 202,180,157,87.22,Theory,0,1,0,53,8,2,26,0,Morning,2026-02-26 11:15:00,91.11,88.52,86.50999999999999,78.12251937984496,5,1.25,SAFE,2
2026-02-26,Thursday,5,02:00 PM,Web Development,Prof. Kulkarni,2,MCA,B,Room 202,180,161,89.44,Theory,0,0,0,53,8,2,26,0,Afternoon,2026-02-26 14:00:00,87.22,87.40666666666668,87.14428571428572,78.14011605415861,6,2.75,SAFE,2
2026-02-26,Thursday,5,02:00 PM,Machine Learning,Ishwari Gaikwad,4,MCA,B,Lab 2,180,143,79.44,Practical,0,0,0,53,8,2,26,0,Afternoon,2026-02-26 14:00:00,89.44,89.25666666666666,87.93714285714286,78.1619305019305,7,24.0,SAFE,2
2026-02-26,Thursday,5,02:00 PM,Python Programming,Akash Upadhayay,2,MCA,B,Lab 1,180,169,93.89,Practical,0,0,0,53,8,2,26,0,Afternoon,2026-02-26 14:00:00,79.44,85.36666666666667,86.19000000000001,78.16439306358382,8,24.0,SAFE,2
2026-02-27,Friday,1,09:00 AM,Python Programming,Prof. Patil,4,MCA,B,Lab 2,180,151,83.89,Practical,0,0,0,54,8,2,27,0,Morning,2026-02-27 09:00:00,93.89,87.58999999999999,87.93571428571428,78.19463461538462,1,19.0,SAFE,2
2026-02-27,Friday,1,09:00 AM,Advanced DBMS,Prof. Patil,4,MCA,B,Lab 2,180,130,72.22,Practical,0,0,0,54,8,2,27,0,Morning,2026-02-27 09:00:00,83.89,85.74000000000001,86.98285714285714,78.20556621880998,2,24.0,WARNING,1
2026-02-27,Friday,2,10:00 AM,Financial Management,Prof. Sharma,2,MCA,B,Room 201,180,142,78.89,Theory,0,0,0,54,8,2,27,0,Morning,2026-02-27 10:00:00,72.22,83.33333333333333,85.3157142857143,78.19409961685824,3,1.0,SAFE,2
2026-02-27,Friday,3,11:15 AM,Financial Management,Ishwari Gaikwad,2,MCA,B,Room 202,180,180,100.0,Theory,0,0,0,54,8,2,27,0,Morning,2026-02-27 11:15:00,78.89,78.33333333333333,83.57000000000001,78.19543021032504,4,1.25,SAFE,2
2026-02-27,Friday,4,12:15 PM,Advanced DBMS,Prof. Kulkarni,4,MCA,B,Lab 2,180,154,85.56,Practical,0,0,0,54,8,2,27,0,Afternoon,2026-02-27 12:15:00,100.0,83.70333333333333,85.39571428571428,78.23704198473283,5,1.0,SAFE,2
2026-02-27,Friday,5,02:00 PM,Financial Management,Prof. Deshmukh,2,MCA,B,Auditorium,180,136,75.56,Theory,0,1,0,54,8,2,27,0,Afternoon,2026-02-27 14:00:00,85.56,88.14999999999999,84.84142857142857,78.25099047619047,6,1.75,SAFE,2
2026-02-27,Friday,5,02:00 PM,Advanced DBMS,Prof. Sharma,2,MCA,B,Lab 1,180,138,76.67,Practical,0,1,1,54,8,2,27,0,Afternoon,2026-02-27 14:00:00,75.56,87.04,84.28714285714285,78.24587452471484,7,24.0,SAFE,2
2026-02-27,Friday,5,02:00 PM,Advanced DBMS,Ishwari Gaikwad,2,MCA,B,Room 202,180,145,80.56,Theory,0,0,0,54,8,2,27,0,Afternoon,2026-02-27 14:00:00,76.67,79.26333333333334,81.82714285714285,78.24288425047439,8,24.0,SAFE,2
2026-02-27,Friday,6,03:00 PM,Web Development,Prof. Kulkarni,4,MCA,B,Room 201,180,123,68.33,Theory,1,0,0,54,8,2,27,0,Afternoon,2026-02-27 15:00:00,80.56,77.59666666666668,81.35142857142857,78.24727272727273,9,1.0,WARNING,1
2026-02-28,Saturday,2,10:00 AM,Cloud Computing,Prof. Deshmukh,2,MCA,B,Room 202,180,142,78.89,Theory,0,0,0,55,8,2,28,1,Morning,2026-02-28 10:00:00,68.33,75.18666666666667,80.7957142857143,78.22852551984877,1,19.0,SAFE,2
2026-02-28,Saturday,3,11:15 AM,Machine Learning,Prof. Sharma,4,MCA,B,Room 201,180,158,87.78,Theory,0,0,0,55,8,2,28,1,Morning,2026-02-28 11:15:00,78.89,75.92666666666666,80.7957142857143,78.22977358490566,2,1.25,SAFE,2
2026-02-28,Saturday,4,12:15 PM,Advanced DBMS,Prof. Kulkarni,4,MCA,B,Room 201,180,163,90.56,Theory,0,1,0,55,8,2,28,1,Afternoon,2026-02-28 12:15:00,87.78,78.33333333333333,79.05,78.24775894538605,3,1.0,SAFE,2
2026-03-01,Monday,1,09:00 AM,HR Analytics,Prof. Kulkarni,2,MCA,B,Room 201,180,127,70.56,Theory,0,0,0,56,8,3,1,0,Morning,2026-03-01 09:00:00,90.56,85.74333333333334,79.76428571428572,77.83088495575221,1,20.75,WARNING,1
2026-03-01,Monday,2,10:00 AM,Financial Management,Prof. Deshmukh,2,MCA,B,Lab 2,180,116,64.44,Practical,1,1,0,56,8,3,1,0,Morning,2026-03-01 10:00:00,70.56,82.96666666666667,79.05,77.8148344370861,2,1.0,WARNING,1
2026-03-01,Monday,3,11:15 AM,Machine Learning,Prof. Kulkarni,4,MCA,B,Auditorium,180,147,81.67,Theory,0,0,0,56,8,3,1,0,Morning,2026-03-01 11:15:00,64.44,75.18666666666667,77.30285714285715,77.7853744493392,3,1.25,SAFE,2
2026-03-01,Monday,3,11:15 AM,Web Development,Prof. Deshmukh,2,MCA,B,Room 201,180,136,75.56,Theory,0,0,0,56,8,3,1,0,Morning,2026-03-01 11:15:00,81.67,72.22333333333334,77.46142857142857,77.79391208791209,4,24.0,SAFE,2
2026-03-01,Monday,4,12:15 PM,Machine Learning,Ishwari Gaikwad,4,MCA,B,Room 201,180,110,61.11,Theory,0,1,1,56,8,3,1,0,Afternoon,2026-03-01 12:15:00,75.56,73.89,78.49428571428572,77.78901315789474,5,1.0,WARNING,1
2026-03-01,Monday,4,12:15 PM,Financial Management,Akash Upadhayay,2,MCA,B,Lab 1,180,146,81.11,Practical,0,0,0,56,8,3,1,0,Afternoon,2026-03-01 12:15:00,61.11,72.78,75.9542857142857,77.75251641137856,6,24.0,SAFE,2
2026-03-01,Monday,5,02:00 PM,HR Analytics,Prof. Sharma,2,MCA,B,Room 202,180,143,79.44,Theory,0,0,0,56,8,3,1,0,Afternoon,2026-03-01 14:00:00,81.11,72.59333333333335,75.00142857142858,77.75984716157205,7,1.75,SAFE,2
2026-03-01,Monday,6,03:00 PM,Python Programming,Prof. Kulkarni,4,MCA,B,Lab 1,180,105,58.33,Practical,0,0,1,56,8,3,1,0,Afternoon,2026-03-01 15:00:00,79.44,73.88666666666667,73.41285714285713,77.76350762527233,8,1.0,WARNING,1
2026-03-02,Monday,1,09:00 AM,Web Development,Prof. Kulkarni,4,MCA,B,Room 202,180,144,80.0,Theory,0,0,0,57,9,3,2,0,Morning,2026-03-02 09:00:00,58.33,72.96,71.66571428571429,77.72126086956521,1,18.0,SAFE,2
2026-03-02,Monday,1,09:00 AM,Web Development,Prof. Kulkarni,2,MCA,B,Lab 1,180,109,60.56,Practical,0,0,1,57,9,3,2,0,Morning,2026-03-02 09:00:00,80.0,72.58999999999999,73.88857142857144,77.7262039045553,2,24.0,WARNING,1
2026-03-02,Monday,2,10:00 AM,Cloud Computing,Ishwari Gaikwad,2,MCA,B,Lab 2,180,157,87.22,Practical,0,0,0,57,9,3,2,0,Morning,2026-03-02 10:00:00,60.56,66.29666666666667,70.87285714285714,77.68904761904761,3,1.0,SAFE,2
2026-03-02,Monday,3,11:15 AM,Machine Learning,Prof. Sharma,4,MCA,B,Lab 2,180,147,81.67,Practical,0,0,0,57,9,3,2,0,Morning,2026-03-02 11:15:00,87.22,75.92666666666666,72.53857142857143,77.70963282937365,4,1.25,SAFE,2
2026-03-02,Monday,5,02:00 PM,Web Development,Prof. Deshmukh,4,MCA,B,Room 202,180,160,88.89,Theory,0,0,0,57,9,3,2,0,Afternoon,2026-03-02 14:00:00,81.67,76.48333333333333,75.47571428571428,77.71816810344828,5,2.75,SAFE,2
2026-03-03,Tuesday,1,09:00 AM,Advanced DBMS,Prof. Deshmukh,4,MCA,B,Auditorium,180,154,85.56,Theory,0,1,0,58,9,3,3,0,Morning,2026-03-03 09:00:00,88.89,85.92666666666666,76.58714285714287,77.7421935483871,1,19.0,SAFE,2
2026-03-03,Tuesday,2,10:00 AM,Python Programming,Prof. Deshmukh,2,MCA,B,Lab 2,180,139,77.22,Practical,0,0,1,58,9,3,3,0,Morning,2026-03-03 10:00:00,85.56,85.37333333333333,77.46142857142857,77.75896995708155,2,1.0,SAFE,2
2026-03-03,Tuesday,5,02:00 PM,Web Development,Prof. Kulkarni,4,MCA,B,Auditorium,180,147,81.67,Theory,0,1,0,58,9,3,3,0,Afternoon,2026-03-03 14:00:00,77.22,83.89,80.16,77.75781584582441,3,4.0,SAFE,2
2026-03-03,Tuesday,5,02:00 PM,Python Programming,Prof. Deshmukh,4,MCA,B,Lab 1,180,143,79.44,Practical,0,0,0,58,9,3,3,0,Afternoon,2026-03-03 14:00:00,81.67,81.48333333333333,80.39857142857143,77.76617521367521,4,24.0,SAFE,2
2026-03-03,Tuesday,6,03:00 PM,Cloud Computing,Ishwari Gaikwad,4,MCA,B,Lab 2,180,153,85.0,Practical,0,0,0,58,9,3,3,0,Afternoon,2026-03-03 15:00:00,79.44,79.44333333333333,83.09571428571428,77.76974413646056,5,1.0,SAFE,2
2026-03-04,Wednesday,2,10:00 AM,Advanced DBMS,Akash Upadhayay,4,MCA,B,Room 201,180,117,65.0,Theory,0,0,0,59,9,3,4,0,Morning,2026-03-04 10:00:00,85.0,82.03666666666668,82.77857142857144,77.78512765957447,1,19.0,WARNING,1
2026-03-04,Wednesday,4,12:15 PM,Advanced DBMS,Prof. Deshmukh,2,MCA,B,Auditorium,180,136,75.56,Theory,0,0,0,59,9,3,4,0,Afternoon,2026-03-04 12:15:00,65.0,76.48,80.39714285714285,77.757983014862,2,2.25,SAFE,2
2026-03-04,Wednesday,4,12:15 PM,HR Analytics,Prof. Kulkarni,4,MCA,B,Auditorium,180,156,86.67,Theory,0,0,0,59,9,3,4,0,Afternoon,2026-03-04 12:15:00,75.56,75.18666666666667,78.49285714285715,77.75332627118644,3,24.0,SAFE,2
2026-03-05,Thursday,1,09:00 AM,Advanced DBMS,Prof. Sharma,4,MCA,B,Room 202,180,125,69.44,Theory,0,0,0,60,9,3,5,0,Morning,2026-03-05 09:00:00,86.67,75.74333333333333,78.65142857142858,77.772177589852,1,20.75,WARNING,1
2026-03-05,Thursday,1,09:00 AM,HR Analytics,Akash Upadhayay,2,MCA,B,Room 201,180,97,53.89,Theory,1,0,1,60,9,3,5,0,Morning,2026-03-05 09:00:00,69.44,77.22333333333334,77.53999999999999,77.75459915611815,2,24.0,WARNING,1
2026-03-05,Thursday,4,12:15 PM,Machine Learning,Prof. Kulkarni,2,MCA,B,Room 201,180,176,97.78,Theory,0,0,0,60,9,3,5,0,Afternoon,2026-03-05 12:15:00,53.89,70.0,73.57142857142857,77.70435789473684,3,3.25,SAFE,2
2026-03-05,Thursday,5,02:00 PM,Cloud Computing,Akash Upadhayay,4,MCA,B,Room 201,180,135,75.0,Theory,1,0,0,60,9,3,5,0,Afternoon,2026-03-05 14:00:00,97.78,73.70333333333333,76.19142857142856,77.74653361344538,4,1.75,WARNING,1
2026-03-05,Thursday,5,02:00 PM,Web Development,Prof. Kulkarni,2,MCA,B,Lab 2,180,144,80.0,Practical,0,0,1,60,9,3,5,0,Afternoon,2026-03-05 14:00:00,75.0,75.55666666666667,74.76285714285713,77.74077568134172,5,24.0,SAFE,2
2026-03-06,Friday,2,10:00 AM,Advanced DBMS,Prof. Patil,2,MCA,B,Auditorium,180,150,83.33,Theory,0,0,0,61,9,3,6,0,Morning,2026-03-06 10:00:00,80.0,84.26,76.90571428571427,77.7455020920502,1,20.0,SAFE,2
2026-03-06,Friday,3,11:15 AM,Web Development,Prof. Patil,2,MCA,B,Room 201,180,161,89.44,Theory,0,0,0,61,9,3,6,0,Morning,2026-03-06 11:15:00,83.33,79.44333333333333,78.01571428571428,77.75716075156576,2,1.25,SAFE,2
2026-03-06,Friday,4,12:15 PM,Machine Learning,Prof. Kulkarni,2,MCA,B,Lab 1,180,156,86.67,Practical,0,0,0,61,9,3,6,0,Afternoon,2026-03-06 12:15:00,89.44,84.25666666666666,78.41142857142857,77.78150000000001,3,1.0,SAFE,2
2026-03-06,Friday,4,12:15 PM,Machine Learning,Prof. Patil,4,MCA,B,Lab 2,180,155,86.11,Practical,0,0,0,61,9,3,6,0,Afternoon,2026-03-06 12:15:00,86.67,86.48,80.87285714285714,77.79997920997921,4,24.0,SAFE,2
2026-03-06,Friday,5,02:00 PM,Machine Learning,Akash Upadhayay,4,MCA,B,Room 201,180,151,83.89,Theory,0,0,0,61,9,3,6,0,Afternoon,2026-03-06 14:00:00,86.11,87.40666666666668,85.47571428571429,77.81721991701245,5,1.75,SAFE,2
2026-03-06,Friday,6,03:00 PM,Machine Learning,Ishwari Gaikwad,4,MCA,B,Room 201,180,151,83.89,Theory,0,0,0,61,9,3,6,0,Afternoon,2026-03-06 15:00:00,83.89,85.55666666666667,83.49142857142859,77.82979296066253,6,1.0,SAFE,2
2026-03-07,Saturday,2,10:00 AM,Web Development,Prof. Deshmukh,2,MCA,B,Auditorium,180,159,88.33,Theory,0,0,0,62,9,3,7,1,Morning,2026-03-07 10:00:00,83.89,84.63,84.76142857142858,77.84231404958678,1,19.0,SAFE,2
2026-03-07,Saturday,3,11:15 AM,Cloud Computing,Ishwari Gaikwad,4,MCA,B,Lab 1,180,163,90.56,Practical,0,0,0,62,9,3,7,1,Morning,2026-03-07 11:15:00,88.33,85.37,85.95142857142856,77.86393814432991,2,1.25,SAFE,2
2026-03-07,Saturday,4,12:15 PM,Python Programming,Prof. Kulkarni,4,MCA,B,Lab 2,180,160,88.89,Practical,0,0,0,62,9,3,7,1,Afternoon,2026-03-07 12:15:00,90.56,87.59333333333335,86.98428571428572,77.89006172839507,3,1.0,SAFE,2
2026-03-07,Saturday,6,03:00 PM,Python Programming,Prof. Kulkarni,4,MCA,B,Room 201,180,141,78.33,Theory,0,0,0,62,9,3,7,1,Afternoon,2026-03-07 15:00:00,88.89,89.25999999999999,86.9057142857143,77.91264887063654,4,2.75,SAFE,2
2026-03-07,Saturday,6,03:00 PM,Python Programming,Ishwari Gaikwad,2,MCA,B,Room 201,180,125,69.44,Theory,0,1,0,62,9,3,7,1,Afternoon,2026-03-07 15:00:00,78.33,85.92666666666668,85.71428571428571,77.91350409836066,5,24.0,WARNING,1
2026-03-08,Monday,1,09:00 AM,Cloud Computing,Prof. Sharma,2,MCA,B,Lab 2,180,140,77.78,Practical,0,0,0,63,9,3,8,0,Morning,2026-03-08 09:00:00,69.44,78.88666666666667,83.33285714285715,77.89617586912065,1,18.0,SAFE,2
2026-03-08,Monday,3,11:15 AM,Machine Learning,Ishwari Gaikwad,2,MCA,B,Room 201,180,150,83.33,Theory,0,0,0,63,9,3,8,0,Morning,2026-03-08 11:15:00,77.78,75.18333333333334,82.46000000000001,77.8959387755102,2,2.25,SAFE,2
2026-03-08,Monday,3,11:15 AM,Python Programming,Prof. Patil,4,MCA,B,Lab 1,180,158,87.78,Practical,0,0,0,63,9,3,8,0,Morning,2026-03-08 11:15:00,83.33,76.85000000000001,82.38,77.90700610997963,3,24.0,SAFE,2
2026-03-08,Monday,5,02:00 PM,Financial Management,Prof. Sharma,4,MCA,B,Room 201,180,150,83.33,Theory,0,0,0,63,9,3,8,0,Afternoon,2026-03-08 14:00:00,87.78,82.96333333333334,82.30142857142857,77.92707317073172,4,2.75,SAFE,2
2026-03-08,Monday,6,03:00 PM,Web Development,Prof. Deshmukh,2,MCA,B,Lab 2,180,143,79.44,Practical,0,0,0,63,9,3,8,0,Afternoon,2026-03-08 15:00:00,83.33,84.81333333333333,81.26857142857143,77.93803245436105,5,1.0,SAFE,2
2026-03-09,Monday,1,09:00 AM,Python Programming,Ishwari Gaikwad,2,MCA,B,Room 202,180,107,59.44,Theory,0,0,1,64,10,3,9,0,Morning,2026-03-09 09:00:00,79.44,83.51666666666667,79.91857142857143,77.94107287449393,1,18.0,WARNING,1
2026-03-09,Monday,2,10:00 AM,Web Development,Ishwari Gaikwad,4,MCA,B,Lab 1,180,124,68.89,Practical,0,0,1,64,10,3,9,0,Morning,2026-03-09 10:00:00,59.44,74.07,77.22,77.90369696969697,2,1.0,WARNING,1
2026-03-09,Monday,3,11:15 AM,Web Development,Prof. Patil,4,MCA,B,Lab 2,180,116,64.44,Practical,1,0,1,64,10,3,9,0,Morning,2026-03-09 11:15:00,68.89,69.25666666666667,77.14142857142858,77.88552419354839,3,1.25,WARNING,1
2026-03-09,Monday,4,12:15 PM,Web Development,Prof. Kulkarni,2,MCA,B,Lab 1,180,134,74.44,Practical,0,0,0,64,10,3,9,0,Afternoon,2026-03-09 12:15:00,64.44,64.25666666666666,75.23571428571428,77.8584708249497,4,1.0,WARNING,1
2026-03-09,Monday,5,02:00 PM,Cloud Computing,Prof. Sharma,4,MCA,B,Room 201,180,147,81.67,Theory,0,0,0,64,10,3,9,0,Afternoon,2026-03-09 14:00:00,74.44,69.25666666666666,73.96571428571428,77.85160642570281,5,1.75,SAFE,2
2026-03-10,Tuesday,1,09:00 AM,HR Analytics,Prof. Patil,4,MCA,B,Lab 2,180,164,91.11,Practical,0,0,0,65,10,3,10,0,Morning,2026-03-10 09:00:00,81.67,73.51666666666667,73.09285714285714,77.85925851703406,1,19.0,SAFE,2
2026-03-10,Tuesday,2,10:00 AM,Financial Management,Prof. Deshmukh,4,MCA,B,Lab 1,180,154,85.56,Practical,0,0,0,65,10,3,10,0,Morning,2026-03-10 10:00:00,91.11,82.40666666666667,74.2042857142857,77.88575999999999,2,1.0,SAFE,2
2026-03-10,Tuesday,3,11:15 AM,HR Analytics,Prof. Patil,2,MCA,B,Room 202,180,152,84.44,Theory,0,0,0,65,10,3,10,0,Morning,2026-03-10 11:15:00,85.56,86.11333333333334,75.07857142857144,77.90107784431139,3,1.25,SAFE,2
2026-03-10,Tuesday,3,11:15 AM,HR Analytics,Prof. Patil,4,MCA,B,Room 201,180,89,49.17,Theory,0,1,1,65,10,3,10,0,Morning,2026-03-10 11:15:00,84.44,87.03666666666668,78.64999999999999,77.91410358565737,4,24.0,CRITICAL,0
2026-03-10,Tuesday,4,12:15 PM,Advanced DBMS,Prof. Kulkarni,2,MCA,B,Room 201,180,151,83.89,Theory,0,0,0,65,10,3,10,0,Afternoon,2026-03-10 12:15:00,49.17,73.05666666666667,75.83285714285714,77.85695825049703,5,1.0,SAFE,2
2026-03-10,Tuesday,5,02:00 PM,Machine Learning,Prof. Kulkarni,2,MCA,B,Lab 1,180,167,92.78,Practical,0,0,0,65,10,3,10,0,Afternoon,2026-03-10 14:00:00,83.89,72.5,78.61142857142856,77.86892857142858,6,1.75,SAFE,2
2026-03-10,Tuesday,5,02:00 PM,Financial Management,Prof. Sharma,4,MCA,B,Room 201,180,161,89.44,Theory,0,0,0,65,10,3,10,0,Afternoon,2026-03-10 14:00:00,92.78,75.28,81.23142857142857,77.89845544554456,7,24.0,SAFE,2
2026-03-10,Tuesday,6,03:00 PM,Web Development,Prof. Patil,2,MCA,B,Lab 1,180,89,49.17,Practical,1,0,1,65,10,3,10,0,Afternoon,2026-03-10 15:00:00,89.44,88.70333333333333,82.34142857142857,77.92126482213439,8,1.0,CRITICAL,0
2026-03-10,Tuesday,6,03:00 PM,Financial Management,Prof. Sharma,4,MCA,B,Room 202,180,145,80.56,Theory,0,0,0,65,10,3,10,0,Afternoon,2026-03-10 15:00:00,49.17,77.13,76.35000000000001,77.86455621301775,9,24.0,SAFE,2
2026-03-11,Wednesday,1,09:00 AM,Web Development,Prof. Sharma,2,MCA,B,Lab 2,180,154,85.56,Practical,0,0,0,66,10,3,11,0,Morning,2026-03-11 09:00:00,80.56,73.05666666666667,75.63571428571429,77.86986220472441,1,18.0,SAFE,2
2026-03-11,Wednesday,1,09:00 AM,Machine Learning,Akash Upadhayay,2,MCA,B,Room 202,180,145,80.56,Theory,0,0,0,66,10,3,11,0,Morning,2026-03-11 09:00:00,85.56,71.76333333333334,75.7957142857143,77.88497053045187,2,24.0,SAFE,2
2026-03-11,Wednesday,2,10:00 AM,Cloud Computing,Prof. Kulkarni,4,MCA,B,Auditorium,180,165,91.67,Theory,0,0,0,66,10,3,11,0,Morning,2026-03-11 10:00:00,80.56,82.22666666666667,80.28,77.89021568627452,3,1.0,SAFE,2
2026-03-11,Wednesday,4,12:15 PM,HR Analytics,Ishwari Gaikwad,4,MCA,B,Lab 1,180,172,95.56,Practical,0,0,0,66,10,3,11,0,Afternoon,2026-03-11 12:15:00,91.67,85.92999999999999,81.39142857142858,77.9171819960861,4,2.25,SAFE,2
2026-03-11,Wednesday,5,02:00 PM,Machine Learning,Prof. Kulkarni,2,MCA,B,Room 202,180,155,86.11,Theory,0,1,0,66,10,3,11,0,Afternoon,2026-03-11 14:00:00,95.56,89.26333333333332,81.78857142857143,77.951640625,5,1.75,SAFE,2
2026-03-11,Wednesday,6,03:00 PM,Cloud Computing,Prof. Sharma,2,MCA,B,Room 201,180,147,81.67,Theory,0,0,0,66,10,3,11,0,Afternoon,2026-03-11 15:00:00,86.11,91.11333333333333,81.31285714285715,77.96754385964913,6,1.0,SAFE,2
2026-03-12,Thursday,1,09:00 AM,Machine Learning,Akash Upadhayay,4,MCA,B,Room 202,180,143,79.44,Theory,0,0,0,67,10,3,12,0,Morning,2026-03-12 09:00:00,81.67,87.78000000000002,85.9557142857143,77.97474708171205,1,18.0,SAFE,2
2026-03-12,Thursday,3,11:15 AM,Advanced DBMS,Ishwari Gaikwad,4,MCA,B,Auditorium,180,155,86.11,Theory,0,0,0,67,10,3,12,0,Morning,2026-03-12 11:15:00,79.44,82.40666666666667,85.79571428571428,77.9775922330097,2,2.25,SAFE,2
2026-03-12,Thursday,4,12:15 PM,Python Programming,Akash Upadhayay,4,MCA,B,Room 201,180,140,77.78,Theory,0,1,1,67,10,3,12,0,Afternoon,2026-03-12 12:15:00,86.11,82.40666666666668,85.87428571428572,77.9933527131783,3,1.0,SAFE,2
2026-03-12,Thursday,6,03:00 PM,Machine Learning,Prof. Deshmukh,4,MCA,B,Auditorium,180,135,75.0,Theory,0,0,0,67,10,3,12,0,Afternoon,2026-03-12 15:00:00,77.78,81.11,85.47714285714285,77.99294003868472,4,2.75,WARNING,1
2026-03-13,Friday,1,09:00 AM,HR Analytics,Prof. Sharma,2,MCA,B,Lab 1,180,147,81.67,Practical,0,1,0,68,10,3,13,0,Morning,2026-03-13 09:00:00,75.0,79.63,83.0957142857143,77.98716216216216,1,18.0,SAFE,2
2026-03-13,Friday,1,09:00 AM,Financial Management,Prof. Patil,2,MCA,B,Lab 2,180,136,75.56,Practical,0,0,0,68,10,3,13,0,Morning,2026-03-13 09:00:00,81.67,78.14999999999999,81.11142857142856,77.99425818882466,2,24.0,SAFE,2
2026-03-13,Friday,3,11:15 AM,Machine Learning,Prof. Sharma,4,MCA,B,Lab 2,180,169,93.89,Practical,0,0,0,68,10,3,13,0,Morning,2026-03-13 11:15:00,75.56,77.41000000000001,79.60428571428572,77.98957692307692,3,2.25,SAFE,2
2026-03-13,Friday,6,03:00 PM,Financial Management,Ishwari Gaikwad,2,MCA,B,Lab 1,180,106,58.89,Practical,0,0,1,68,10,3,13,0,Afternoon,2026-03-13 15:00:00,93.89,83.70666666666666,81.35000000000001,78.02009596928983,4,3.75,WARNING,1
2026-03-13,Friday,6,03:00 PM,Advanced DBMS,Prof. Deshmukh,4,MCA,B,Room 202,180,89,49.17,Theory,0,1,0,68,10,3,13,0,Afternoon,2026-03-13 15:00:00,58.89,76.11333333333333,78.41428571428571,77.98344827586207,5,24.0,CRITICAL,0
2026-03-14,Saturday,2,10:00 AM,HR Analytics,Prof. Patil,4,MCA,B,Room 201,180,127,70.56,Theory,0,0,0,69,10,3,14,1,Morning,2026-03-14 10:00:00,49.17,67.31666666666666,73.13714285714285,77.92835564053537,1,19.0,WARNING,1
2026-03-14,Saturday,3,11:15 AM,Web Development,Ishwari Gaikwad,4,MCA,B,Auditorium,180,114,63.33,Theory,0,0,0,69,10,3,14,1,Morning,2026-03-14 11:15:00,70.56,59.54,72.10571428571428,77.91429389312977,2,1.25,WARNING,1
2026-03-14,Saturday,4,12:15 PM,Python Programming,Prof. Kulkarni,2,MCA,B,Lab 1,180,131,72.78,Practical,1,1,0,69,10,3,14,1,Afternoon,2026-03-14 12:15:00,63.33,61.02,70.43857142857142,77.88651428571428,3,1.0,WARNING,1
2026-03-14,Saturday,5,02:00 PM,Advanced DBMS,Prof. Kulkarni,4,MCA,B,Auditorium,180,142,78.89,Theory,0,0,0,69,10,3,14,1,Afternoon,2026-03-14 14:00:00,72.78,68.89,69.16857142857143,77.87680608365018,4,1.75,SAFE,2
2026-03-14,Saturday,6,03:00 PM,Advanced DBMS,Akash Upadhayay,2,MCA,B,Room 201,180,151,83.89,Theory,0,0,0,69,10,3,14,1,Afternoon,2026-03-14 15:00:00,78.89,71.66666666666667,69.64428571428572,77.87872865275142,5,1.0,SAFE,2
2026-03-15,Monday,1,09:00 AM,Cloud Computing,Prof. Sharma,2,MCA,B,Room 201,180,90,50.0,Theory,1,0,0,70,10,3,15,0,Morning,2026-03-15 09:00:00,83.89,78.52,68.21571428571428,77.89011363636364,1,18.0,CRITICAL,0
2026-03-15,Monday,1,09:00 AM,Financial Management,Akash Upadhayay,4,MCA,B,Lab 2,180,139,77.22,Practical,0,1,0,70,10,3,15,0,Morning,2026-03-15 09:00:00,50.0,70.92666666666666,66.94571428571429,77.83739130434783,2,24.0,SAFE,2
2026-03-15,Monday,4,12:15 PM,Advanced DBMS,Prof. Deshmukh,4,MCA,B,Lab 2,180,141,78.33,Practical,0,0,0,70,10,3,15,0,Afternoon,2026-03-15 12:15:00,77.22,70.36999999999999,70.95285714285714,77.83622641509433,3,3.25,SAFE,2
2026-03-15,Monday,6,03:00 PM,Advanced DBMS,Prof. Patil,4,MCA,B,Room 202,180,114,63.33,Theory,0,0,0,70,10,3,15,0,Afternoon,2026-03-15 15:00:00,78.33,68.51666666666667,72.06285714285714,77.83715630885122,4,2.75,WARNING,1
2026-03-16,Monday,2,10:00 AM,Cloud Computing,Prof. Deshmukh,4,MCA,B,Room 202,180,134,74.44,Theory,1,1,0,71,11,3,16,0,Morning,2026-03-16 10:00:00,63.33,72.96,72.06285714285714,77.80988721804512,1,19.0,WARNING,1
2026-03-16,Monday,2,10:00 AM,HR Analytics,Prof. Kulkarni,2,MCA,B,Lab 1,180,143,79.44,Practical,0,1,0,71,11,3,16,0,Morning,2026-03-16 10:00:00,74.44,72.03333333333333,72.3,77.80356472795498,2,24.0,SAFE,2
2026-03-16,Monday,3,11:15 AM,HR Analytics,Prof. Kulkarni,4,MCA,B,Room 201,180,142,78.89,Theory,0,0,0,71,11,3,16,0,Morning,2026-03-16 11:15:00,79.44,72.40333333333332,72.37857142857142,77.80662921348315,3,1.25,SAFE,2
2026-03-16,Monday,3,11:15 AM,HR Analytics,Prof. Kulkarni,4,MCA,B,Auditorium,180,157,87.22,Theory,0,1,0,71,11,3,16,0,Morning,2026-03-16 11:15:00,78.89,77.58999999999999,71.66428571428571,77.80865420560747,4,24.0,SAFE,2
2026-03-16,Monday,5,02:00 PM,Machine Learning,Prof. Patil,4,MCA,B,Room 201,180,180,100.0,Theory,0,1,0,71,11,3,16,0,Afternoon,2026-03-16 14:00:00,87.22,81.85000000000001,76.98142857142857,77.82621268656716,5,2.75,SAFE,2
2026-03-16,Monday,5,02:00 PM,Machine Learning,Ishwari Gaikwad,4,MCA,B,Room 201,180,152,84.44,Theory,0,0,0,71,11,3,16,0,Afternoon,2026-03-16 14:00:00,100.0,88.70333333333333,80.23571428571428,77.86750465549348,6,24.0,SAFE,2
2026-03-17,Tuesday,5,02:00 PM,Python Programming,Akash Upadhayay,2,MCA,B,Lab 1,180,154,85.56,Practical,0,0,0,72,11,3,17,0,Afternoon,2026-03-17 14:00:00,84.44,90.55333333333334,81.10857142857142,77.87972118959108,1,24.0,SAFE,2
2026-03-18,Wednesday,1,09:00 AM,Cloud Computing,Ishwari Gaikwad,2,MCA,B,Room 201,180,131,72.78,Theory,0,0,0,73,11,3,18,0,Morning,2026-03-18 09:00:00,85.56,90.0,84.28428571428572,77.89397031539889,1,19.0,WARNING,1
2026-03-18,Wednesday,2,10:00 AM,HR Analytics,Prof. Sharma,4,MCA,B,Room 202,180,150,83.33,Theory,0,1,0,73,11,3,18,0,Morning,2026-03-18 10:00:00,72.78,80.92666666666666,84.04714285714284,77.88449999999999,2,1.0,SAFE,2
2026-03-18,Wednesday,5,02:00 PM,Web Development,Prof. Patil,2,MCA,B,Lab 1,180,167,92.78,Practical,0,0,0,73,11,3,18,0,Afternoon,2026-03-18 14:00:00,83.33,80.55666666666666,84.60285714285715,77.89456561922366,3,4.0,SAFE,2
2026-03-19,Thursday,3,11:15 AM,Advanced DBMS,Prof. Patil,2,MCA,B,Auditorium,180,167,92.78,Theory,0,0,0,74,11,3,19,0,Morning,2026-03-19 11:15:00,92.78,82.96333333333334,86.58714285714287,77.9220295202952,1,21.25,SAFE,2
2026-03-19,Thursday,4,12:15 PM,Financial Management,Prof. Patil,2,MCA,B,Lab 1,180,176,97.78,Practical,0,0,0,74,11,3,19,0,Afternoon,2026-03-19 12:15:00,92.78,89.63,87.38142857142857,77.94939226519337,2,1.0,SAFE,2
2026-03-19,Thursday,4,12:15 PM,Python Programming,Ishwari Gaikwad,2,MCA,B,Lab 2,180,123,68.33,Practical,0,0,1,74,11,3,19,0,Afternoon,2026-03-19 12:15:00,97.78,94.44666666666667,87.06428571428572,77.98584558823529,3,24.0,WARNING,1
2026-03-19,Thursday,6,03:00 PM,Web Development,Ishwari Gaikwad,2,MCA,B,Room 202,180,138,76.67,Theory,0,0,0,74,11,3,19,0,Afternoon,2026-03-19 15:00:00,68.33,86.29666666666667,84.76285714285713,77.96812844036697,4,2.75,SAFE,2
2026-03-20,Friday,1,09:00 AM,Financial Management,Prof. Patil,2,MCA,B,Room 201,180,148,82.22,Theory,0,0,0,75,11,3,20,0,Morning,2026-03-20 09:00:00,76.67,80.92666666666666,83.49285714285715,77.96575091575092,1,18.0,SAFE,2
2026-03-20,Friday,3,11:15 AM,Web Development,Prof. Sharma,4,MCA,B,Lab 2,180,162,90.0,Practical,0,0,0,75,11,3,20,0,Morning,2026-03-20 11:15:00,82.22,75.74,84.84142857142857,77.97352833638026,2,2.25,SAFE,2
2026-03-20,Friday,4,12:15 PM,Machine Learning,Ishwari Gaikwad,2,MCA,B,Room 202,180,149,82.78,Theory,0,0,0,75,11,3,20,0,Afternoon,2026-03-20 12:15:00,90.0,82.96333333333332,85.7942857142857,77.99547445255475,3,1.0,SAFE,2
2026-03-20,Friday,4,12:15 PM,Advanced DBMS,Prof. Kulkarni,2,MCA,B,Lab 2,180,152,84.44,Practical,0,0,0,75,11,3,20,0,Afternoon,2026-03-20 12:15:00,82.78,85.0,84.36571428571429,78.00418943533698,4,24.0,SAFE,2
2026-03-20,Friday,5,02:00 PM,Web Development,Prof. Kulkarni,2,MCA,B,Auditorium,180,160,88.89,Theory,0,0,0,75,11,3,20,0,Afternoon,2026-03-20 14:00:00,84.44,85.74000000000001,83.17428571428572,78.0158909090909,5,1.75,SAFE,2
2026-03-20,Friday,5,02:00 PM,Python Programming,Prof. Sharma,4,MCA,B,Room 202,180,162,90.0,Theory,0,1,0,75,11,3,20,0,Afternoon,2026-03-20 14:00:00,88.89,85.37,81.90428571428572,78.03562613430127,6,24.0,SAFE,2
2026-03-20,Friday,6,03:00 PM,Python Programming,Prof. Patil,2,MCA,B,Room 202,180,153,85.0,Theory,0,1,0,75,11,3,20,0,Afternoon,2026-03-20 15:00:00,90.0,87.77666666666666,85.0,78.05730072463767,7,1.0,SAFE,2
2026-03-20,Friday,6,03:00 PM,HR Analytics,Ishwari Gaikwad,2,MCA,B,Lab 2,180,114,63.33,Practical,1,1,0,75,11,3,20,0,Afternoon,2026-03-20 15:00:00,85.0,87.96333333333332,86.19000000000001,78.06985533453887,8,24.0,WARNING,1
2026-03-21,Saturday,2,10:00 AM,Web Development,Akash Upadhayay,2,MCA,B,Lab 1,180,148,82.22,Practical,0,0,0,76,11,3,21,1,Morning,2026-03-21 10:00:00,63.33,79.44333333333334,83.49142857142856,78.04324909747292,1,19.0,SAFE,2
2026-03-21,Saturday,6,03:00 PM,Financial Management,Ishwari Gaikwad,4,MCA,B,Room 201,180,89,49.17,Theory,1,0,0,76,11,3,21,1,Afternoon,2026-03-21 15:00:00,82.22,76.85,82.38,78.05077477477478,2,5.0,CRITICAL,0
2026-03-21,Saturday,6,03:00 PM,HR Analytics,Prof. Kulkarni,2,MCA,B,Auditorium,180,180,100.0,Theory,1,0,0,76,11,3,21,1,Afternoon,2026-03-21 15:00:00,49.17,64.90666666666668,77.57857142857142,77.9988309352518,3,24.0,SAFE,2
2026-03-22,Monday,2,10:00 AM,Machine Learning,Akash Upadhayay,4,MCA,B,Room 201,180,153,85.0,Theory,0,0,0,77,11,3,22,0,Morning,2026-03-22 10:00:00,100.0,77.13,79.80142857142857,78.03833034111311,1,19.0,SAFE,2
2026-03-22,Monday,2,10:00 AM,Python Programming,Prof. Patil,4,MCA,B,Lab 2,180,166,92.22,Practical,0,1,0,77,11,3,22,0,Morning,2026-03-22 10:00:00,85.0,78.05666666666667,79.24571428571429,78.0508064516129,2,24.0,SAFE,2
2026-03-22,Monday,4,12:15 PM,Financial Management,Prof. Kulkarni,4,MCA,B,Room 202,180,136,75.56,Theory,0,0,0,77,11,3,22,0,Afternoon,2026-03-22 12:15:00,92.22,92.40666666666665,79.56285714285715,78.07615384615384,3,2.25,SAFE,2
2026-03-22,Monday,4,12:15 PM,Cloud Computing,Prof. Patil,2,MCA,B,Room 201,180,180,100.0,Theory,1,0,0,77,11,3,22,0,Afternoon,2026-03-22 12:15:00,75.56,84.25999999999999,78.21428571428571,78.07166071428571,4,24.0,SAFE,2
2026-03-23,Monday,3,11:15 AM,Web Development,Akash Upadhayay,4,MCA,B,Room 201,180,100,55.56,Theory,1,1,1,78,12,3,23,0,Morning,2026-03-23 11:15:00,100.0,89.25999999999999,83.45285714285714,78.1107486631016,1,23.0,WARNING,1
2026-03-23,Monday,4,12:15 PM,Cloud Computing,Prof. Patil,2,MCA,B,Lab 2,180,152,84.44,Practical,0,0,0,78,12,3,23,0,Afternoon,2026-03-23 12:15:00,55.56,77.04,79.64428571428572,78.07062277580071,2,1.0,SAFE,2
2026-03-23,Monday,5,02:00 PM,Cloud Computing,Akash Upadhayay,4,MCA,B,Room 202,180,122,67.78,Theory,0,0,0,78,12,3,23,0,Afternoon,2026-03-23 14:00:00,84.44,80.0,84.68285714285715,78.08193605683836,3,1.75,WARNING,1
2026-03-24,Tuesday,1,09:00 AM,Advanced DBMS,Akash Upadhayay,2,MCA,B,Lab 2,180,136,75.56,Practical,0,0,0,79,12,3,24,0,Morning,2026-03-24 09:00:00,67.78,69.26,80.08,78.06367021276597,1,19.0,SAFE,2
2026-03-24,Tuesday,1,09:00 AM,Machine Learning,Prof. Patil,2,MCA,B,Auditorium,180,165,91.67,Theory,0,1,0,79,12,3,24,0,Morning,2026-03-24 09:00:00,75.56,75.92666666666668,78.73142857142857,78.0592389380531,2,24.0,SAFE,2
2026-03-24,Tuesday,5,02:00 PM,Web Development,Prof. Deshmukh,2,MCA,B,Lab 1,180,176,97.78,Practical,0,0,0,79,12,3,24,0,Afternoon,2026-03-24 14:00:00,91.67,78.33666666666667,78.65285714285713,78.08328621908127,3,5.0,SAFE,2
2026-03-24,Tuesday,6,03:00 PM,Python Programming,Prof. Sharma,2,MCA,B,Lab 2,180,150,83.33,Practical,0,0,0,79,12,3,24,0,Afternoon,2026-03-24 15:00:00,97.78,88.33666666666666,81.82714285714287,78.11802469135802,4,1.0,SAFE,2
2026-03-25,Wednesday,1,09:00 AM,HR Analytics,Prof. Sharma,4,MCA,B,Room 202,180,125,69.44,Theory,0,1,0,80,12,3,25,0,Morning,2026-03-25 09:00:00,83.33,90.92666666666668,79.44571428571429,78.12720070422536,1,18.0,WARNING,1
2026-03-25,Wednesday,3,11:15 AM,Web Development,Akash Upadhayay,2,MCA,B,Lab 1,180,158,87.78,Practical,0,0,0,80,12,3,25,0,Morning,2026-03-25 11:15:00,69.44,83.51666666666667,81.42857142857143,78.11193321616872,2,2.25,SAFE,2
2026-03-25,Wednesday,3,11:15 AM,Web Development,Prof. Patil,2,MCA,B,Auditorium,180,130,72.22,Theory,1,1,0,80,12,3,25,0,Morning,2026-03-25 11:15:00,87.78,80.18333333333334,81.9057142857143,78.12889473684211,3,24.0,WARNING,1
2026-03-26,Thursday,3,11:15 AM,Web Development,Akash Upadhayay,4,MCA,B,Lab 2,180,166,92.22,Practical,0,1,0,81,12,3,26,0,Morning,2026-03-26 11:15:00,72.22,76.48,82.53999999999999,78.11854640980737,1,24.0,SAFE,2
2026-03-26,Thursday,4,12:15 PM,Python Programming,Akash Upadhayay,4,MCA,B,Room 202,180,99,55.0,Theory,1,0,0,81,12,3,26,0,Afternoon,2026-03-26 12:15:00,92.22,84.07333333333334,84.92,78.14319930069931,2,1.0,WARNING,1
2026-03-26,Thursday,5,02:00 PM,Web Development,Prof. Kulkarni,4,MCA,B,Lab 1,180,157,87.22,Practical,0,0,0,81,12,3,26,0,Afternoon,2026-03-26 14:00:00,55.0,73.14666666666666,79.68142857142857,78.10280977312391,3,1.75,SAFE,2
2026-03-26,Thursday,5,02:00 PM,HR Analytics,Akash Upadhayay,4,MCA,B,Lab 1,180,160,88.89,Practical,0,0,0,81,12,3,26,0,Afternoon,2026-03-26 14:00:00,87.22,78.14666666666666,78.17285714285715,78.11869337979094,4,24.0,SAFE,2
2026-03-27,Friday,2,10:00 AM,Web Development,Prof. Patil,2,MCA,B,Lab 1,180,154,85.56,Practical,1,0,0,82,12,3,27,0,Morning,2026-03-27 10:00:00,88.89,77.03666666666666,78.96714285714286,78.13742608695651,1,20.0,SAFE,2
2026-03-27,Friday,2,10:00 AM,Cloud Computing,Akash Upadhayay,4,MCA,B,Room 201,180,138,76.67,Theory,0,0,1,82,12,3,27,0,Morning,2026-03-27 10:00:00,85.56,87.22333333333334,81.27,78.1503125,2,24.0,SAFE,2
2026-03-27,Friday,3,11:15 AM,Python Programming,Prof. Patil,2,MCA,B,Lab 2,180,131,72.78,Practical,1,0,0,82,12,3,27,0,Morning,2026-03-27 11:15:00,76.67,83.70666666666666,79.68285714285715,78.14774696707106,3,1.25,WARNING,1
2026-03-27,Friday,3,11:15 AM,Cloud Computing,Ishwari Gaikwad,2,MCA,B,Auditorium,180,143,79.44,Theory,0,0,0,82,12,3,27,0,Morning,2026-03-27 11:15:00,72.78,78.33666666666666,79.76285714285713,78.13846020761245,4,24.0,SAFE,2
2026-03-27,Friday,3,11:15 AM,Python Programming,Prof. Patil,4,MCA,B,Auditorium,180,129,71.67,Theory,0,0,0,82,12,3,27,0,Morning,2026-03-27 11:15:00,79.44,76.29666666666667,77.93714285714285,78.14070811744386,5,24.0,WARNING,1
2026-03-27,Friday,4,12:15 PM,HR Analytics,Prof. Deshmukh,2,MCA,B,Room 202,180,176,97.78,Theory,0,0,0,82,12,3,27,0,Afternoon,2026-03-27 12:15:00,71.67,74.63,80.31857142857143,78.12955172413793,6,1.0,SAFE,2
2026-03-27,Friday,4,12:15 PM,Python Programming,Akash Upadhayay,2,MCA,B,Lab 2,180,176,97.78,Practical,0,0,0,82,12,3,27,0,Afternoon,2026-03-27 12:15:00,97.78,82.96333333333334,81.82714285714285,78.1633734939759,7,24.0,SAFE,2
2026-03-27,Friday,5,02:00 PM,HR Analytics,Prof. Sharma,4,MCA,B,Lab 2,180,169,93.89,Practical,0,1,0,82,12,3,27,0,Afternoon,2026-03-27 14:00:00,97.78,89.07666666666667,83.09714285714286,78.19707903780068,8,1.75,SAFE,2
2026-03-27,Friday,6,03:00 PM,Python Programming,Ishwari Gaikwad,2,MCA,B,Room 201,180,164,91.11,Theory,0,0,0,82,12,3,27,0,Afternoon,2026-03-27 15:00:00,93.89,96.48333333333333,84.28714285714285,78.22399656946826,9,1.0,SAFE,2
2026-03-27,Friday,6,03:00 PM,Web Development,Prof. Kulkarni,2,MCA,B,Lab 1,180,141,78.33,Practical,0,0,0,82,12,3,27,0,Afternoon,2026-03-27 15:00:00,91.11,94.25999999999999,86.35000000000001,78.24606164383562,10,24.0,SAFE,2
2026-03-28,Saturday,1,09:00 AM,Web Development,Prof. Patil,2,MCA,B,Room 202,180,89,49.17,Theory,1,0,0,83,12,3,28,1,Morning,2026-03-28 09:00:00,78.33,87.77666666666666,87.14285714285714,78.24620512820512,1,18.0,CRITICAL,0
2026-03-28,Saturday,2,10:00 AM,Python Programming,Prof. Patil,4,MCA,B,Auditorium,180,114,63.33,Theory,1,0,0,83,12,3,28,1,Morning,2026-03-28 10:00:00,49.17,72.87,82.81857142857143,78.19658703071671,2,1.0,WARNING,1
2026-03-28,Saturday,5,02:00 PM,Machine Learning,Prof. Sharma,2,MCA,B,Lab 2,180,150,83.33,Practical,0,0,0,83,12,3,28,1,Afternoon,2026-03-28 14:00:00,63.33,63.60999999999999,81.62714285714286,78.17126064735945,3,4.0,SAFE,2
2026-03-28,Saturday,5,02:00 PM,Web Development,Akash Upadhayay,2,MCA,B,Auditorium,180,129,71.67,Theory,0,0,1,83,12,3,28,1,Afternoon,2026-03-28 14:00:00,83.33,65.27666666666666,79.56285714285715,78.18003401360545,4,24.0,WARNING,1
2026-03-28,Saturday,6,03:00 PM,Cloud Computing,Prof. Deshmukh,2,MCA,B,Room 202,180,142,78.89,Theory,0,0,0,83,12,3,28,1,Afternoon,2026-03-28 15:00:00,71.67,72.77666666666666,75.83285714285714,78.16898132427843,5,1.0,SAFE,2
2026-03-28,Saturday,6,03:00 PM,Machine Learning,Prof. Patil,2,MCA,B,Lab 1,180,141,78.33,Practical,0,0,0,83,12,3,28,1,Afternoon,2026-03-28 15:00:00,78.89,77.96333333333332,73.69000000000001,78.1702033898305,6,24.0,SAFE,2
2026-03-29,Monday,1,09:00 AM,Advanced DBMS,Akash Upadhayay,2,MCA,B,Lab 2,180,105,58.33,Practical,1,0,0,84,12,3,29,0,Morning,2026-03-29 09:00:00,78.33,76.29666666666667,71.86428571428571,78.17047377326566,1,18.0,WARNING,1
2026-03-29,Monday,3,11:15 AM,Cloud Computing,Prof. Patil,4,MCA,B,Lab 1,180,147,81.67,Practical,0,1,0,84,12,3,29,0,Morning,2026-03-29 11:15:00,58.33,71.85000000000001,69.00714285714285,78.13695945945946,2,2.25,SAFE,2
2026-03-29,Monday,4,12:15 PM,Web Development,Prof. Sharma,4,MCA,B,Lab 2,180,151,83.89,Practical,0,0,0,84,12,3,29,0,Afternoon,2026-03-29 12:15:00,81.67,72.77666666666667,73.64999999999999,78.1429173693086,3,1.0,SAFE,2
2026-03-29,Monday,6,03:00 PM,Cloud Computing,Prof. Patil,4,MCA,B,Room 201,180,180,100.0,Theory,0,1,0,84,12,3,29,0,Afternoon,2026-03-29 15:00:00,83.89,74.63,76.58714285714287,78.1525925925926,4,2.75,SAFE,2
2026-03-30,Monday,2,10:00 AM,Python Programming,Prof. Sharma,2,MCA,B,Room 202,180,168,93.33,Theory,0,1,0,85,13,3,30,0,Morning,2026-03-30 10:00:00,100.0,88.52,78.96857142857142,78.18931092436975,1,19.0,SAFE,2
2026-03-30,Monday,3,11:15 AM,HR Analytics,Ishwari Gaikwad,2,MCA,B,Room 202,180,161,89.44,Theory,0,1,0,85,13,3,30,0,Morning,2026-03-30 11:15:00,93.33,92.40666666666668,82.06285714285715,78.21471476510067,2,1.25,SAFE,2
2026-03-30,Monday,4,12:15 PM,Cloud Computing,Prof. Kulkarni,2,MCA,B,Auditorium,180,153,85.0,Theory,0,0,0,85,13,3,30,0,Afternoon,2026-03-30 12:15:00,89.44,94.25666666666666,83.57000000000001,78.2335175879397,3,1.0,SAFE,2
2026-03-30,Monday,5,02:00 PM,HR Analytics,Prof. Patil,2,MCA,B,Auditorium,180,140,77.78,Theory,0,1,0,85,13,3,30,0,Afternoon,2026-03-30 14:00:00,85.0,89.25666666666666,84.52285714285713,78.24483277591973,4,1.75,SAFE,2
2026-03-31,Tuesday,2,10:00 AM,HR Analytics,Prof. Patil,4,MCA,B,Room 202,180,144,80.0,Theory,0,0,0,86,13,3,31,0,Morning,2026-03-31 10:00:00,77.78,84.07333333333334,87.30142857142857,78.24405676126878,1,20.0,SAFE,2
2026-03-31,Tuesday,4,12:15 PM,Cloud Computing,Prof. Kulkarni,4,MCA,B,Lab 2,180,133,73.89,Practical,1,0,0,86,13,3,31,0,Afternoon,2026-03-31 12:15:00,80.0,80.92666666666666,87.06285714285714,78.24698333333333,2,2.25,WARNING,1
2026-03-31,Tuesday,5,02:00 PM,HR Analytics,Prof. Deshmukh,4,MCA,B,Auditorium,180,156,86.67,Theory,0,0,0,86,13,3,31,0,Afternoon,2026-03-31 14:00:00,73.89,77.22333333333334,85.63428571428571,78.23973377703827,3,1.75,SAFE,2
2026-03-31,Tuesday,6,03:00 PM,Advanced DBMS,Prof. Kulkarni,2,MCA,B,Lab 1,180,149,82.78,Practical,0,0,0,86,13,3,31,0,Afternoon,2026-03-31 15:00:00,86.67,80.18666666666667,83.73,78.25373754152824,4,1.0,SAFE,2
2026-04-01,Wednesday,2,10:00 AM,Machine Learning,Akash Upadhayay,4,MCA,B,Auditorium,180,150,83.33,Theory,0,0,0,87,13,4,1,0,Morning,2026-04-01 10:00:00,82.78,81.11333333333333,82.22285714285714,79.67277649769585,1,19.0,SAFE,2
2026-04-01,Wednesday,3,11:15 AM,Web Development,Ishwari Gaikwad,4,MCA,B,Lab 2,180,176,97.78,Practical,0,0,0,87,13,4,1,0,Morning,2026-04-01 11:15:00,83.33,84.25999999999999,81.35000000000001,79.68118390804598,2,1.25,SAFE,2
2026-04-01,Wednesday,6,03:00 PM,Machine Learning,Prof. Patil,4,MCA,B,Room 202,180,107,59.44,Theory,0,0,1,87,13,4,1,0,Afternoon,2026-04-01 15:00:00,97.78,87.96333333333332,83.17571428571429,79.72269495412844,3,3.75,WARNING,1
2026-04-01,Wednesday,6,03:00 PM,Web Development,Prof. Deshmukh,2,MCA,B,Room 202,180,104,57.78,Theory,0,0,1,87,13,4,1,0,Afternoon,2026-04-01 15:00:00,59.44,80.18333333333334,80.55571428571429,79.6762814645309,4,24.0,WARNING,1
2026-04-02,Thursday,1,09:00 AM,Python Programming,Prof. Patil,4,MCA,B,Auditorium,180,139,77.22,Theory,0,0,0,88,13,4,2,0,Morning,2026-04-02 09:00:00,57.78,71.66666666666667,77.38142857142859,79.6262899543379,1,18.0,SAFE,2
2026-04-02,Thursday,2,10:00 AM,Web Development,Prof. Sharma,2,MCA,B,Room 201,180,107,59.44,Theory,1,0,1,88,13,4,2,0,Morning,2026-04-02 10:00:00,77.22,64.81333333333333,77.85714285714286,79.62080865603646,2,1.0,WARNING,1
2026-04-02,Thursday,3,11:15 AM,Financial Management,Prof. Patil,4,MCA,B,Auditorium,180,157,87.22,Theory,0,1,0,88,13,4,2,0,Morning,2026-04-02 11:15:00,59.44,64.81333333333333,73.96714285714286,79.57494318181818,3,1.25,SAFE,2
2026-04-02,Thursday,4,12:15 PM,Cloud Computing,Prof. Kulkarni,2,MCA,B,Room 202,180,175,97.22,Theory,0,0,0,88,13,4,2,0,Afternoon,2026-04-02 12:15:00,87.22,74.62666666666667,74.60142857142857,79.59227891156462,4,1.0,SAFE,2
2026-04-02,Thursday,4,12:15 PM,Python Programming,Prof. Deshmukh,2,MCA,B,Lab 2,180,161,89.44,Practical,0,0,0,88,13,4,2,0,Afternoon,2026-04-02 12:15:00,97.22,81.29333333333334,76.58571428571429,79.63216063348416,5,24.0,SAFE,2
2026-04-02,Thursday,5,02:00 PM,HR Analytics,Prof. Sharma,2,MCA,B,Room 202,180,153,85.0,Theory,0,0,0,88,13,4,2,0,Afternoon,2026-04-02 14:00:00,89.44,91.29333333333334,75.39428571428572,79.65430022573364,6,1.75,SAFE,2
2026-04-02,Thursday,5,02:00 PM,Financial Management,Prof. Sharma,2,MCA,B,Lab 2,180,166,92.22,Practical,0,0,0,88,13,4,2,0,Afternoon,2026-04-02 14:00:00,85.0,90.55333333333333,79.04571428571428,79.6663400900901,7,24.0,SAFE,2
2026-04-02,Thursday,6,03:00 PM,Machine Learning,Prof. Deshmukh,4,MCA,B,Auditorium,180,113,62.78,Theory,0,0,0,88,13,4,2,0,Afternoon,2026-04-02 15:00:00,92.22,88.88666666666666,83.96571428571428,79.69455056179774,8,1.0,WARNING,1
2026-04-03,Friday,2,10:00 AM,Financial Management,Prof. Deshmukh,4,MCA,B,Lab 2,180,136,75.56,Practical,1,0,0,89,13,4,3,0,Morning,2026-04-03 10:00:00,62.78,80.0,81.90285714285713,79.65662556053812,1,19.0,SAFE,2
2026-04-03,Friday,4,12:15 PM,Cloud Computing,Ishwari Gaikwad,2,MCA,B,Room 201,180,155,86.11,Theory,0,0,0,89,13,4,3,0,Afternoon,2026-04-03 12:15:00,75.56,76.85333333333334,84.2057142857143,79.64746085011186,2,2.25,SAFE,2
2026-04-03,Friday,6,03:00 PM,HR Analytics,Prof. Deshmukh,2,MCA,B,Lab 2,180,163,90.56,Practical,0,0,0,89,13,4,3,0,Afternoon,2026-04-03 15:00:00,86.11,74.81666666666666,84.04714285714286,79.66188616071429,3,2.75,SAFE,2
2026-04-03,Friday,6,03:00 PM,Python Programming,Prof. Patil,2,MCA,B,Auditorium,180,162,90.0,Theory,0,0,0,89,13,4,3,0,Afternoon,2026-04-03 15:00:00,90.56,84.07666666666667,83.09571428571428,79.68615812917595,4,24.0,SAFE,2
2026-04-04,Saturday,1,09:00 AM,HR Analytics,Prof. Patil,4,MCA,B,Lab 2,180,130,72.22,Practical,0,0,0,90,13,4,4,1,Morning,2026-04-04 09:00:00,90.0,88.89,83.17571428571429,79.70907777777778,1,18.0,WARNING,1
2026-04-04,Saturday,1,09:00 AM,Cloud Computing,Prof. Kulkarni,2,MCA,B,Room 201,180,136,75.56,Theory,0,1,0,90,13,4,4,1,Morning,2026-04-04 09:00:00,72.22,84.25999999999999,81.35000000000001,79.69247228381374,2,24.0,SAFE,2
2026-04-04,Saturday,4,12:15 PM,HR Analytics,Prof. Patil,4,MCA,B,Room 202,180,157,87.22,Theory,0,0,0,90,13,4,4,1,Afternoon,2026-04-04 12:15:00,75.56,79.25999999999999,78.97,79.6833296460177,3,3.25,SAFE,2
2026-04-04,Saturday,6,03:00 PM,Cloud Computing,Prof. Sharma,4,MCA,B,Auditorium,180,131,72.78,Theory,0,1,0,90,13,4,4,1,Afternoon,2026-04-04 15:00:00,87.22,78.33333333333333,82.46142857142857,79.69996688741722,4,2.75,WARNING,1
2026-04-05,Monday,2,10:00 AM,Machine Learning,Akash Upadhayay,4,MCA,B,Auditorium,180,89,49.44,Theory,0,0,1,91,13,4,5,0,Morning,2026-04-05 10:00:00,72.78,78.52,82.06428571428572,79.68472466960353,1,19.0,CRITICAL,0
2026-04-05,Monday,2,10:00 AM,Cloud Computing,Prof. Sharma,4,MCA,B,Lab 1,180,158,87.78,Practical,0,0,0,91,13,4,5,0,Morning,2026-04-05 10:00:00,49.44,69.81333333333333,76.82571428571428,79.61825274725275,2,24.0,SAFE,2
2026-04-06,Monday,3,11:15 AM,Python Programming,Prof. Sharma,4,MCA,B,Room 201,180,140,77.78,Theory,0,1,0,92,14,4,6,0,Morning,2026-04-06 11:15:00,87.78,70.0,76.42857142857143,79.63615131578948,1,25.25,SAFE,2
2026-04-06,Monday,6,03:00 PM,Python Programming,Prof. Patil,4,MCA,B,Lab 1,180,134,74.44,Practical,0,1,0,92,14,4,6,0,Afternoon,2026-04-06 15:00:00,77.78,71.66666666666667,74.68285714285715,79.6320897155361,2,3.75,WARNING,1
2026-04-07,Tuesday,1,09:00 AM,Cloud Computing,Prof. Patil,2,MCA,B,Room 202,180,93,51.67,Theory,0,0,1,93,14,4,7,0,Morning,2026-04-07 09:00:00,74.44,80.0,75.0,79.62075327510917,1,18.0,WARNING,1
2026-04-07,Tuesday,1,09:00 AM,Cloud Computing,Prof. Sharma,2,MCA,B,Lab 1,180,153,85.0,Practical,0,0,0,93,14,4,7,0,Morning,2026-04-07 09:00:00,51.67,67.96333333333332,71.58714285714287,79.55985838779957,2,24.0,SAFE,2
2026-04-07,Tuesday,2,10:00 AM,Web Development,Prof. Sharma,2,MCA,B,Auditorium,180,106,58.89,Theory,0,0,1,93,14,4,7,0,Morning,2026-04-07 10:00:00,85.0,70.37,71.27,79.5716847826087,3,1.0,WARNING,1
2026-04-07,Tuesday,4,12:15 PM,Machine Learning,Prof. Patil,2,MCA,B,Room 201,180,127,70.56,Theory,1,1,0,93,14,4,7,0,Afternoon,2026-04-07 12:15:00,58.89,65.18666666666667,69.28571428571429,79.52682212581344,4,2.25,WARNING,1
2026-04-07,Tuesday,4,12:15 PM,Web Development,Akash Upadhayay,4,MCA,B,Room 202,180,160,88.89,Theory,0,0,0,93,14,4,7,0,Afternoon,2026-04-07 12:15:00,70.56,71.48333333333333,72.30285714285715,79.50741341991342,5,24.0,SAFE,2
2026-04-08,Wednesday,1,09:00 AM,Financial Management,Prof. Kulkarni,2,MCA,B,Lab 1,180,150,83.33,Practical,0,1,0,94,14,4,8,0,Morning,2026-04-08 09:00:00,88.89,72.77999999999999,72.46142857142857,79.52767818574515,1,20.75,SAFE,2
2026-04-08,Wednesday,3,11:15 AM,Web Development,Prof. Patil,4,MCA,B,Room 201,180,166,92.22,Theory,0,0,0,94,14,4,8,0,Morning,2026-04-08 11:15:00,83.33,80.92666666666666,73.25428571428571,79.53587284482758,2,2.25,SAFE,2
2026-04-08,Wednesday,6,03:00 PM,Cloud Computing,Prof. Patil,2,MCA,B,Room 202,180,142,78.89,Theory,0,0,0,94,14,4,8,0,Afternoon,2026-04-08 15:00:00,92.22,88.14666666666666,75.7942857142857,79.5631505376344,3,3.75,SAFE,2
2026-04-08,Wednesday,6,03:00 PM,Advanced DBMS,Prof. Kulkarni,2,MCA,B,Lab 2,180,175,97.22,Practical,0,0,0,94,14,4,8,0,Afternoon,2026-04-08 15:00:00,78.89,84.81333333333333,79.68285714285715,79.56170600858368,4,24.0,SAFE,2
2026-04-08,Wednesday,6,03:00 PM,Web Development,Ishwari Gaikwad,2,MCA,B,Lab 1,180,163,90.56,Practical,0,0,0,94,14,4,8,0,Afternoon,2026-04-08 15:00:00,97.22,89.44333333333333,81.42857142857143,79.5995182012848,5,24.0,SAFE,2
2026-04-09,Thursday,2,10:00 AM,Financial Management,Ishwari Gaikwad,2,MCA,B,Room 202,180,159,88.33,Theory,0,1,0,95,14,4,9,0,Morning,2026-04-09 10:00:00,90.56,88.89,85.95285714285714,79.62293803418804,1,19.0,SAFE,2
2026-04-09,Thursday,2,10:00 AM,Machine Learning,Prof. Kulkarni,2,MCA,B,Room 201,180,140,77.78,Theory,0,0,0,95,14,4,9,0,Morning,2026-04-09 10:00:00,88.33,92.03666666666668,88.49142857142856,79.64150319829425,2,24.0,SAFE,2
2026-04-09,Thursday,4,12:15 PM,Financial Management,Prof. Kulkarni,4,MCA,B,Auditorium,180,149,82.78,Theory,0,0,0,95,14,4,9,0,Afternoon,2026-04-09 12:15:00,77.78,85.55666666666666,86.9042857142857,79.63754255319148,3,2.25,SAFE,2
2026-04-09,Thursday,4,12:15 PM,Cloud Computing,Prof. Kulkarni,2,MCA,B,Lab 1,180,156,86.67,Practical,0,0,0,95,14,4,9,0,Afternoon,2026-04-09 12:15:00,82.78,82.96333333333332,86.82571428571428,79.64421443736731,4,24.0,SAFE,2
2026-04-10,Friday,1,09:00 AM,Financial Management,Ishwari Gaikwad,4,MCA,B,Room 201,180,135,75.0,Theory,0,0,0,96,14,4,10,0,Morning,2026-04-10 09:00:00,86.67,82.41000000000001,86.03285714285714,79.65909957627119,1,20.75,WARNING,1
2026-04-10,Friday,3,11:15 AM,Financial Management,Prof. Deshmukh,2,MCA,B,Lab 1,180,157,87.22,Practical,1,1,0,96,14,4,10,0,Morning,2026-04-10 11:15:00,75.0,81.48333333333333,85.47714285714287,79.64924947145877,2,2.25,SAFE,2
2026-04-10,Friday,5,02:00 PM,Machine Learning,Ishwari Gaikwad,2,MCA,B,Room 201,180,145,80.56,Theory,0,1,0,96,14,4,10,0,Afternoon,2026-04-10 14:00:00,87.22,82.96333333333332,84.04857142857144,79.66522151898735,3,2.75,SAFE,2
2026-04-10,Friday,6,03:00 PM,Python Programming,Ishwari Gaikwad,2,MCA,B,Room 201,180,89,49.17,Theory,1,0,0,96,14,4,10,0,Afternoon,2026-04-10 15:00:00,80.56,80.92666666666666,82.62,79.6671052631579,4,1.0,CRITICAL,0
2026-04-11,Saturday,1,09:00 AM,Python Programming,Prof. Sharma,4,MCA,B,Auditorium,180,121,67.22,Theory,0,1,0,97,14,4,11,1,Morning,2026-04-11 09:00:00,49.17,72.31666666666666,77.0257142857143,79.60303571428571,1,18.0,WARNING,1
2026-04-11,Saturday,2,10:00 AM,Financial Management,Prof. Deshmukh,4,MCA,B,Lab 1,180,138,76.67,Practical,0,1,0,97,14,4,11,1,Morning,2026-04-11 10:00:00,67.22,65.65,75.51714285714286,79.57707547169811,2,1.0,SAFE,2
2026-04-11,Saturday,3,11:15 AM,HR Analytics,Prof. Patil,4,MCA,B,Lab 2,180,141,78.33,Practical,0,0,0,97,14,4,11,1,Morning,2026-04-11 11:15:00,76.67,64.35333333333334,74.64428571428572,79.57099372384937,3,1.25,SAFE,2
2026-04-11,Saturday,4,12:15 PM,Advanced DBMS,Akash Upadhayay,4,MCA,B,Lab 2,180,137,76.11,Practical,0,1,0,97,14,4,11,1,Afternoon,2026-04-11 12:15:00,78.33,74.07333333333332,73.45285714285714,79.56840292275574,4,1.0,SAFE,2
2026-04-12,Monday,3,11:15 AM,Cloud Computing,Prof. Patil,2,MCA,B,Lab 2,180,154,85.56,Practical,0,1,0,98,14,4,12,0,Morning,2026-04-12 11:15:00,76.11,77.03666666666668,73.61142857142856,79.56119791666667,1,23.0,SAFE,2
2026-04-12,Monday,5,02:00 PM,HR Analytics,Akash Upadhayay,2,MCA,B,Room 202,180,140,77.78,Theory,0,0,0,98,14,4,12,0,Afternoon,2026-04-12 14:00:00,85.56,80.0,73.37428571428572,79.57366943866943,2,2.75,SAFE,2
2026-04-12,Monday,6,03:00 PM,Cloud Computing,Prof. Kulkarni,4,MCA,B,Lab 1,180,148,82.22,Practical,0,0,0,98,14,4,12,0,Afternoon,2026-04-12 15:00:00,77.78,79.81666666666668,72.97714285714287,79.56994813278007,3,1.0,SAFE,2
2026-04-13,Monday,1,09:00 AM,Cloud Computing,Akash Upadhayay,2,MCA,B,Lab 2,180,140,77.78,Practical,0,0,0,99,15,4,13,0,Morning,2026-04-13 09:00:00,82.22,81.85333333333334,77.69857142857143,79.5754347826087,1,18.0,SAFE,2
2026-04-13,Monday,1,09:00 AM,Web Development,Prof. Kulkarni,2,MCA,B,Auditorium,180,109,60.56,Theory,1,0,0,99,15,4,13,0,Morning,2026-04-13 09:00:00,77.78,79.26,79.20714285714284,79.57172520661156,2,24.0,WARNING,1
2026-04-13,Monday,1,09:00 AM,HR Analytics,Prof. Patil,4,MCA,B,Auditorium,180,131,72.78,Theory,0,0,0,99,15,4,13,0,Morning,2026-04-13 09:00:00,60.56,73.52,76.9057142857143,79.53252577319589,3,24.0,WARNING,1
2026-04-13,Monday,2,10:00 AM,Web Development,Akash Upadhayay,2,MCA,B,Lab 1,180,122,67.78,Practical,0,0,0,99,15,4,13,0,Morning,2026-04-13 10:00:00,72.78,70.37333333333333,76.11285714285714,79.5186316872428,4,1.0,WARNING,1
2026-04-13,Monday,2,10:00 AM,HR Analytics,Ishwari Gaikwad,2,MCA,B,Room 202,180,137,76.11,Theory,0,1,0,99,15,4,13,0,Morning,2026-04-13 10:00:00,67.78,67.04,74.92285714285715,79.49452772073921,5,24.0,SAFE,2
2026-04-13,Monday,4,12:15 PM,Web Development,Akash Upadhayay,2,MCA,B,Room 202,180,124,68.89,Theory,1,0,0,99,15,4,13,0,Afternoon,2026-04-13 12:15:00,76.11,72.22333333333334,73.57285714285715,79.48759221311475,6,2.25,WARNING,1
2026-04-14,Tuesday,1,09:00 AM,Cloud Computing,Prof. Patil,4,MCA,B,Room 201,180,180,100.0,Theory,0,0,0,100,15,4,14,0,Morning,2026-04-14 09:00:00,68.89,70.92666666666666,72.30285714285715,79.46592024539878,1,20.75,SAFE,2
2026-04-14,Tuesday,2,10:00 AM,Financial Management,Prof. Sharma,4,MCA,B,Lab 2,180,159,88.33,Practical,0,0,0,100,15,4,14,0,Morning,2026-04-14 10:00:00,100.0,81.66666666666667,74.84285714285714,79.50782653061225,2,1.0,SAFE,2
2026-04-14,Tuesday,4,12:15 PM,Python Programming,Prof. Sharma,4,MCA,B,Room 201,180,121,67.22,Theory,1,0,0,100,15,4,14,0,Afternoon,2026-04-14 12:15:00,88.33,85.74,76.35000000000001,79.52579429735235,3,2.25,WARNING,1
2026-04-14,Tuesday,5,02:00 PM,HR Analytics,Prof. Patil,2,MCA,B,Room 201,180,161,89.44,Theory,0,1,0,100,15,4,14,0,Afternoon,2026-04-14 14:00:00,67.22,85.18333333333334,77.30142857142857,79.5007825203252,4,1.75,SAFE,2
2026-04-14,Tuesday,6,03:00 PM,Python Programming,Prof. Patil,4,MCA,B,Room 202,180,159,88.33,Theory,0,0,0,100,15,4,14,0,Afternoon,2026-04-14 15:00:00,89.44,81.66333333333334,79.68142857142857,79.52094320486815,5,1.0,SAFE,2
2026-04-15,Wednesday,2,10:00 AM,Advanced DBMS,Ishwari Gaikwad,4,MCA,B,Auditorium,180,155,86.11,Theory,0,0,0,101,15,4,15,0,Morning,2026-04-15 10:00:00,88.33,81.66333333333334,82.61714285714285,79.53877530364372,1,19.0,SAFE,2
2026-04-15,Wednesday,3,11:15 AM,Financial Management,Prof. Deshmukh,2,MCA,B,Room 201,180,142,78.89,Theory,0,0,0,101,15,4,15,0,Morning,2026-04-15 11:15:00,86.11,87.96,84.04571428571428,79.5520505050505,2,1.25,SAFE,2
2026-04-15,Wednesday,4,12:15 PM,Web Development,Ishwari Gaikwad,2,MCA,B,Lab 1,180,173,96.11,Practical,0,0,0,101,15,4,15,0,Afternoon,2026-04-15 12:15:00,78.89,84.44333333333333,85.4742857142857,79.55071572580646,3,1.0,SAFE,2
2026-04-15,Wednesday,5,02:00 PM,Financial Management,Prof. Kulkarni,2,MCA,B,Lab 2,180,156,86.67,Practical,0,0,0,101,15,4,15,0,Afternoon,2026-04-15 14:00:00,96.11,87.03666666666668,84.91857142857143,79.58403420523139,4,1.75,SAFE,2
2026-04-15,Wednesday,5,02:00 PM,Python Programming,Prof. Patil,4,MCA,B,Auditorium,180,129,71.67,Theory,1,0,0,101,15,4,15,0,Afternoon,2026-04-15 14:00:00,86.67,87.22333333333331,84.68142857142857,79.59826305220884,5,24.0,WARNING,1
2026-04-15,Wednesday,6,03:00 PM,Web Development,Akash Upadhayay,2,MCA,B,Lab 2,180,158,87.78,Practical,0,0,0,101,15,4,15,0,Afternoon,2026-04-15 15:00:00,71.67,84.81666666666666,85.31714285714285,79.58237474949901,6,1.0,SAFE,2
2026-04-16,Thursday,1,09:00 AM,Web Development,Prof. Patil,4,MCA,B,Auditorium,180,137,76.11,Theory,0,0,0,102,15,4,16,0,Morning,2026-04-16 09:00:00,87.78,82.04,85.08000000000001,79.59877,1,18.0,SAFE,2
2026-04-16,Thursday,4,12:15 PM,Web Development,Ishwari Gaikwad,2,MCA,B,Lab 2,180,166,92.22,Practical,1,1,0,102,15,4,16,0,Afternoon,2026-04-16 12:15:00,76.11,78.52,83.33428571428571,79.59180638722556,2,3.25,SAFE,2
2026-04-16,Thursday,4,12:15 PM,Financial Management,Prof. Patil,4,MCA,B,Auditorium,180,142,78.89,Theory,0,0,0,102,15,4,16,0,Afternoon,2026-04-16 12:15:00,92.22,85.37,84.20714285714284,79.61696215139442,3,24.0,SAFE,2
2026-04-16,Thursday,4,12:15 PM,Advanced DBMS,Prof. Sharma,2,MCA,B,Room 202,180,172,95.56,Theory,0,0,0,102,15,4,16,0,Afternoon,2026-04-16 12:15:00,78.89,82.40666666666668,84.20714285714287,79.61551689860836,4,24.0,SAFE,2
2026-04-17,Friday,2,10:00 AM,Cloud Computing,Prof. Kulkarni,2,MCA,B,Room 202,180,148,82.22,Theory,0,0,0,103,15,4,17,0,Morning,2026-04-17 10:00:00,95.56,88.89,84.12857142857142,79.64715277777778,1,21.75,SAFE,2
2026-04-17,Friday,2,10:00 AM,Web Development,Prof. Patil,2,MCA,B,Auditorium,180,154,85.56,Theory,0,0,0,103,15,4,17,0,Morning,2026-04-17 10:00:00,82.22,85.55666666666667,83.49285714285715,79.65224752475248,2,24.0,SAFE,2
2026-04-17,Friday,3,11:15 AM,Web Development,Prof. Sharma,2,MCA,B,Auditorium,180,144,80.0,Theory,0,0,0,103,15,4,17,0,Morning,2026-04-17 11:15:00,85.56,87.78000000000002,85.47714285714285,79.66392292490119,3,1.25,SAFE,2
2026-04-17,Friday,5,02:00 PM,Python Programming,Prof. Sharma,4,MCA,B,Lab 2,180,142,78.89,Practical,0,0,0,103,15,4,17,0,Afternoon,2026-04-17 14:00:00,80.0,82.59333333333335,84.36571428571428,79.66458579881657,4,2.75,SAFE,2
2026-04-17,Friday,6,03:00 PM,Financial Management,Ishwari Gaikwad,2,MCA,B,Lab 2,180,152,84.44,Practical,0,0,0,103,15,4,17,0,Afternoon,2026-04-17 15:00:00,78.89,81.48333333333333,84.76285714285713,79.66306102362205,5,1.0,SAFE,2
2026-04-18,Saturday,1,09:00 AM,Web Development,Prof. Patil,2,MCA,B,Auditorium,180,107,59.44,Theory,1,1,0,104,15,4,18,1,Morning,2026-04-18 09:00:00,84.44,81.11,83.65142857142857,79.6724459724951,1,18.0,WARNING,1
2026-04-18,Saturday,2,10:00 AM,Web Development,Prof. Sharma,4,MCA,B,Room 202,180,149,82.78,Theory,0,0,0,104,15,4,18,1,Morning,2026-04-18 10:00:00,59.44,74.25666666666666,80.87285714285714,79.63277450980391,2,1.0,SAFE,2
2026-04-18,Saturday,2,10:00 AM,Cloud Computing,Prof. Sharma,4,MCA,B,Room 202,180,159,88.33,Theory,0,0,0,104,15,4,18,1,Morning,2026-04-18 10:00:00,82.78,75.55333333333333,79.04714285714286,79.63893346379648,3,24.0,SAFE,2
2026-04-18,Saturday,3,11:15 AM,Web Development,Ishwari Gaikwad,4,MCA,B,Room 202,180,146,81.11,Theory,0,0,0,104,15,4,18,1,Morning,2026-04-18 11:15:00,88.33,76.85000000000001,79.91999999999999,79.655908203125,4,1.25,SAFE,2
2026-04-18,Saturday,4,12:15 PM,Python Programming,Prof. Kulkarni,2,MCA,B,Lab 2,180,111,61.67,Practical,1,0,0,104,15,4,18,1,Afternoon,2026-04-18 12:15:00,81.11,84.07333333333334,79.28428571428572,79.65874269005847,5,1.0,WARNING,1
2026-04-18,Saturday,5,02:00 PM,Cloud Computing,Prof. Kulkarni,4,MCA,B,Lab 2,180,128,71.11,Practical,0,0,0,104,15,4,18,1,Afternoon,2026-04-18 14:00:00,61.67,77.03666666666668,76.6657142857143,79.62374513618677,6,1.75,WARNING,1
2026-04-18,Saturday,5,02:00 PM,HR Analytics,Prof. Deshmukh,4,MCA,B,Room 201,180,149,82.78,Theory,0,0,0,104,15,4,18,1,Afternoon,2026-04-18 14:00:00,71.11,71.29666666666667,75.55428571428571,79.60721359223301,7,24.0,SAFE,2
2026-04-19,Monday,2,10:00 AM,Python Programming,Akash Upadhayay,2,MCA,B,Room 202,180,180,100.0,Theory,0,0,0,105,15,4,19,0,Morning,2026-04-19 10:00:00,82.78,71.85333333333334,75.31714285714285,79.61336240310078,1,20.0,SAFE,2
2026-04-19,Monday,5,02:00 PM,Advanced DBMS,Prof. Kulkarni,2,MCA,B,Lab 2,180,159,88.33,Practical,0,1,0,105,15,4,19,0,Afternoon,2026-04-19 14:00:00,100.0,84.63,81.11142857142856,79.65279497098646,2,4.0,SAFE,2
2026-04-19,Monday,6,03:00 PM,Advanced DBMS,Ishwari Gaikwad,2,MCA,B,Room 201,180,141,78.33,Theory,1,0,0,105,15,4,19,0,Afternoon,2026-04-19 15:00:00,88.33,90.37,81.90428571428572,79.66954633204632,3,1.0,SAFE,2
2026-04-20,Monday,1,09:00 AM,Cloud Computing,Prof. Patil,4,MCA,B,Room 201,180,143,79.44,Theory,0,0,0,106,16,4,20,0,Morning,2026-04-20 09:00:00,78.33,88.88666666666666,80.47571428571428,79.66696531791908,1,18.0,SAFE,2
2026-04-20,Monday,1,09:00 AM,Python Programming,Prof. Patil,4,MCA,B,Room 202,180,137,76.11,Theory,0,0,0,106,16,4,20,0,Morning,2026-04-20 09:00:00,79.44,82.03333333333333,80.23714285714286,79.66652884615385,2,24.0,SAFE,2
2026-04-20,Monday,2,10:00 AM,Advanced DBMS,Akash Upadhayay,2,MCA,B,Auditorium,180,128,71.11,Theory,0,0,0,106,16,4,20,0,Morning,2026-04-20 10:00:00,76.11,77.96,82.3,79.65970249520154,3,1.0,WARNING,1
2026-04-20,Monday,2,10:00 AM,Python Programming,Akash Upadhayay,2,MCA,B,Room 202,180,141,78.33,Theory,0,0,0,106,16,4,20,0,Morning,2026-04-20 10:00:00,71.11,75.55333333333333,82.3,79.64332375478928,4,24.0,SAFE,2
2026-04-21,Tuesday,2,10:00 AM,Web Development,Prof. Deshmukh,4,MCA,B,Room 202,180,95,52.78,Theory,1,1,1,107,16,4,21,0,Morning,2026-04-21 10:00:00,78.33,75.18333333333334,81.66428571428571,79.64081261950287,1,24.0,WARNING,1
2026-04-21,Tuesday,4,12:15 PM,Web Development,Prof. Kulkarni,2,MCA,B,Lab 2,180,149,82.78,Practical,0,0,0,107,16,4,21,0,Afternoon,2026-04-21 12:15:00,52.78,67.40666666666665,74.91857142857144,79.58955152671756,2,2.25,SAFE,2
2026-04-21,Tuesday,4,12:15 PM,Machine Learning,Akash Upadhayay,2,MCA,B,Lab 2,180,173,96.11,Practical,0,0,0,107,16,4,21,0,Afternoon,2026-04-21 12:15:00,82.78,71.29666666666667,74.12571428571428,79.59562857142858,3,24.0,SAFE,2
2026-04-21,Tuesday,5,02:00 PM,Python Programming,Prof. Kulkarni,4,MCA,B,Room 201,180,151,83.89,Theory,0,1,0,107,16,4,21,0,Afternoon,2026-04-21 14:00:00,96.11,77.22333333333334,76.66571428571429,79.6270247148289,4,1.75,SAFE,2
2026-04-21,Tuesday,6,03:00 PM,HR Analytics,Prof. Sharma,2,MCA,B,Lab 2,180,169,93.89,Practical,0,0,0,107,16,4,21,0,Afternoon,2026-04-21 15:00:00,83.89,87.59333333333332,77.30142857142857,79.63511385199241,5,1.0,SAFE,2
2026-04-21,Tuesday,6,03:00 PM,Python Programming,Prof. Sharma,4,MCA,B,Auditorium,180,96,53.33,Theory,0,0,1,107,16,4,21,0,Afternoon,2026-04-21 15:00:00,93.89,91.29666666666667,79.84142857142857,79.66211174242424,6,24.0,WARNING,1
2026-04-22,Wednesday,1,09:00 AM,Financial Management,Prof. Sharma,2,MCA,B,Lab 2,180,144,80.0,Practical,0,0,0,108,16,4,22,0,Morning,2026-04-22 09:00:00,53.33,77.03666666666668,77.30142857142857,79.61233459357278,1,18.0,SAFE,2
2026-04-22,Wednesday,2,10:00 AM,Financial Management,Ishwari Gaikwad,2,MCA,B,Auditorium,180,151,83.89,Theory,0,0,0,108,16,4,22,0,Morning,2026-04-22 10:00:00,80.0,75.74000000000001,77.53999999999999,79.61306603773585,2,1.0,SAFE,2
2026-04-22,Wednesday,6,03:00 PM,Cloud Computing,Prof. Sharma,4,MCA,B,Lab 1,180,146,81.11,Practical,0,0,0,108,16,4,22,0,Afternoon,2026-04-22 15:00:00,83.89,72.40666666666667,81.98428571428572,79.62112052730697,3,5.0,SAFE,2
2026-04-23,Thursday,1,09:00 AM,Machine Learning,Akash Upadhayay,4,MCA,B,Room 202,180,132,73.33,Theory,0,0,0,109,16,4,23,0,Morning,2026-04-23 09:00:00,81.11,81.66666666666667,81.74571428571429,79.62391917293233,1,18.0,WARNING,1
2026-04-23,Thursday,1,09:00 AM,Web Development,Prof. Sharma,2,MCA,B,Lab 2,180,107,59.44,Practical,1,1,0,109,16,4,23,0,Morning,2026-04-23 09:00:00,73.33,79.44333333333333,78.49142857142859,79.61211069418385,2,24.0,WARNING,1
2026-04-23,Thursday,1,09:00 AM,Advanced DBMS,Akash Upadhayay,4,MCA,B,Room 202,180,115,63.89,Theory,1,0,0,109,16,4,23,0,Morning,2026-04-23 09:00:00,59.44,71.29333333333334,74.99857142857142,79.57433520599251,3,24.0,WARNING,1
2026-04-23,Thursday,4,12:15 PM,HR Analytics,Prof. Sharma,2,MCA,B,Room 202,180,123,68.33,Theory,0,0,1,109,16,4,23,0,Afternoon,2026-04-23 12:15:00,63.89,65.55333333333333,70.71285714285715,79.54501869158878,4,3.25,WARNING,1
2026-04-23,Thursday,5,02:00 PM,Web Development,Prof. Deshmukh,2,MCA,B,Lab 1,180,148,82.22,Practical,1,0,0,109,16,4,23,0,Afternoon,2026-04-23 14:00:00,68.33,63.88666666666666,72.85571428571428,79.52409514925374,5,1.75,SAFE,2
2026-04-24,Friday,2,10:00 AM,Web Development,Akash Upadhayay,4,MCA,B,Room 201,180,133,73.89,Theory,0,0,0,110,16,4,24,0,Morning,2026-04-24 10:00:00,82.22,71.48,73.17285714285715,79.52911545623836,1,20.0,WARNING,1
2026-04-24,Friday,2,10:00 AM,Python Programming,Prof. Sharma,4,MCA,B,Room 201,180,160,88.89,Theory,0,0,0,110,16,4,24,0,Morning,2026-04-24 10:00:00,73.89,74.81333333333333,71.74428571428572,79.51863382899629,2,24.0,SAFE,2
2026-04-24,Friday,4,12:15 PM,Cloud Computing,Prof. Deshmukh,2,MCA,B,Room 202,180,133,73.89,Theory,0,0,0,110,16,4,24,0,Afternoon,2026-04-24 12:15:00,88.89,81.66666666666667,72.85571428571428,79.53602040816327,3,2.25,WARNING,1
2026-04-24,Friday,4,12:15 PM,Cloud Computing,Prof. Deshmukh,2,MCA,B,Lab 2,180,126,70.0,Practical,1,0,0,110,16,4,24,0,Afternoon,2026-04-24 12:15:00,73.89,78.89,72.93571428571428,79.52556481481481,4,24.0,WARNING,1
2026-04-24,Friday,5,02:00 PM,Cloud Computing,Prof. Deshmukh,2,MCA,B,Auditorium,180,141,78.33,Theory,0,0,0,110,16,4,24,0,Afternoon,2026-04-24 14:00:00,70.0,77.59333333333335,74.44428571428571,79.50795748613679,5,1.75,SAFE,2
2026-04-24,Friday,5,02:00 PM,Python Programming,Prof. Kulkarni,4,MCA,B,Room 202,180,149,82.78,Theory,0,0,0,110,16,4,24,0,Afternoon,2026-04-24 14:00:00,78.33,74.07333333333334,76.50714285714287,79.50578413284133,6,24.0,SAFE,2
2026-04-24,Friday,6,03:00 PM,Financial Management,Prof. Deshmukh,2,MCA,B,Room 201,180,152,84.44,Theory,0,0,0,110,16,4,24,0,Afternoon,2026-04-24 15:00:00,82.78,77.03666666666666,78.57142857142857,79.51181399631676,7,1.0,SAFE,2
2026-04-25,Saturday,2,10:00 AM,Python Programming,Ishwari Gaikwad,4,MCA,B,Room 202,180,165,91.67,Theory,0,0,0,111,16,4,25,1,Morning,2026-04-25 10:00:00,84.44,81.85000000000001,78.88857142857144,79.52087316176471,1,19.0,SAFE,2
2026-04-25,Saturday,3,11:15 AM,Machine Learning,Ishwari Gaikwad,2,MCA,B,Lab 2,180,149,82.78,Practical,0,0,0,111,16,4,25,1,Morning,2026-04-25 11:15:00,91.67,86.29666666666667,81.42857142857143,79.54316513761468,2,1.25,SAFE,2
2026-04-25,Saturday,4,12:15 PM,Financial Management,Prof. Sharma,2,MCA,B,Lab 2,180,161,89.44,Practical,0,0,0,111,16,4,25,1,Afternoon,2026-04-25 12:15:00,82.78,86.29666666666667,80.55571428571429,79.54909340659341,3,1.0,SAFE,2
2026-04-25,Saturday,4,12:15 PM,Advanced DBMS,Prof. Patil,4,MCA,B,Room 202,180,141,78.33,Theory,0,0,0,111,16,4,25,1,Afternoon,2026-04-25 12:15:00,89.44,87.96333333333332,82.77714285714286,79.56717550274223,4,24.0,SAFE,2
2026-04-25,Saturday,6,03:00 PM,Financial Management,Akash Upadhayay,4,MCA,B,Lab 1,180,152,84.44,Practical,0,1,0,111,16,4,25,1,Afternoon,2026-04-25 15:00:00,78.33,83.51666666666667,83.96714285714286,79.56491788321168,5,2.75,SAFE,2
2026-04-26,Monday,3,11:15 AM,Advanced DBMS,Prof. Kulkarni,4,MCA,B,Auditorium,180,136,75.56,Theory,0,0,0,112,16,4,26,0,Morning,2026-04-26 11:15:00,84.44,84.07,84.84,79.57379781420765,1,20.25,SAFE,2
2026-04-26,Monday,4,12:15 PM,Cloud Computing,Akash Upadhayay,2,MCA,B,Room 202,180,153,85.0,Theory,0,0,0,112,16,4,26,0,Afternoon,2026-04-26 12:15:00,75.56,79.44333333333333,83.80857142857143,79.56649999999999,2,1.0,SAFE,2
2026-04-26,Monday,4,12:15 PM,Web Development,Akash Upadhayay,2,MCA,B,Room 201,180,161,89.44,Theory,0,1,0,112,16,4,26,0,Afternoon,2026-04-26 12:15:00,85.0,81.66666666666667,83.88857142857144,79.5763611615245,3,24.0,SAFE,2
2026-04-26,Monday,5,02:00 PM,Advanced DBMS,Prof. Deshmukh,4,MCA,B,Auditorium,180,93,51.67,Theory,0,0,1,112,16,4,26,0,Afternoon,2026-04-26 14:00:00,89.44,83.33333333333333,83.57000000000001,79.59423007246377,4,1.75,WARNING,1
2026-04-27,Monday,1,09:00 AM,Cloud Computing,Ishwari Gaikwad,2,MCA,B,Room 202,180,110,61.11,Theory,0,0,0,113,17,4,27,0,Morning,2026-04-27 09:00:00,51.67,75.37,79.12571428571428,79.54373417721519,1,19.0,WARNING,1
2026-04-27,Monday,3,11:15 AM,Web Development,Ishwari Gaikwad,2,MCA,B,Room 201,180,161,89.44,Theory,0,0,0,113,17,4,27,0,Morning,2026-04-27 11:15:00,61.11,67.40666666666667,75.07857142857142,79.51046028880866,2,2.25,SAFE,2
2026-04-27,Monday,3,11:15 AM,Machine Learning,Prof. Deshmukh,2,MCA,B,Lab 1,180,176,97.78,Practical,0,0,0,113,17,4,27,0,Morning,2026-04-27 11:15:00,89.44,67.40666666666667,76.66571428571429,79.52835135135135,3,24.0,SAFE,2
2026-04-27,Monday,4,12:15 PM,Advanced DBMS,Ishwari Gaikwad,4,MCA,B,Lab 2,180,158,87.78,Practical,0,0,0,113,17,4,27,0,Afternoon,2026-04-27 12:15:00,97.78,82.77666666666667,78.57142857142857,79.56117805755396,4,1.0,SAFE,2
2026-04-27,Monday,5,02:00 PM,Financial Management,Ishwari Gaikwad,4,MCA,B,Auditorium,180,130,72.22,Theory,1,0,0,113,17,4,27,0,Afternoon,2026-04-27 14:00:00,87.78,91.66666666666667,80.31714285714285,79.57593357271095,5,1.75,WARNING,1
2026-04-27,Monday,6,03:00 PM,HR Analytics,Prof. Patil,4,MCA,B,Lab 1,180,180,100.0,Practical,0,0,0,113,17,4,27,0,Afternoon,2026-04-27 15:00:00,72.22,85.92666666666666,78.49142857142859,79.56275089605735,6,1.0,SAFE,2
2026-04-28,Tuesday,5,02:00 PM,Cloud Computing,Prof. Kulkarni,4,MCA,B,Lab 2,180,92,51.11,Practical,1,1,0,114,17,4,28,0,Afternoon,2026-04-28 14:00:00,100.0,86.66666666666667,80.0,79.59931127012523,1,23.0,WARNING,1
2026-04-28,Tuesday,6,03:00 PM,Financial Management,Prof. Deshmukh,2,MCA,B,Lab 2,180,112,62.22,Practical,0,0,1,114,17,4,28,0,Afternoon,2026-04-28 15:00:00,51.11,74.44333333333333,79.92,79.5484375,2,1.0,WARNING,1
2026-04-29,Wednesday,3,11:15 AM,Cloud Computing,Prof. Sharma,4,MCA,B,Lab 2,180,130,72.22,Practical,1,1,0,115,17,4,29,0,Morning,2026-04-29 11:15:00,62.22,71.11,80.07857142857142,79.51754901960784,1,20.25,WARNING,1
2026-04-29,Wednesday,3,11:15 AM,Cloud Computing,Prof. Kulkarni,2,MCA,B,Auditorium,180,133,73.89,Theory,0,0,0,115,17,4,29,0,Morning,2026-04-29 11:15:00,72.22,61.85,77.61857142857141,79.5045640569395,2,24.0,WARNING,1
2026-04-29,Wednesday,4,12:15 PM,Web Development,Akash Upadhayay,4,MCA,B,Lab 2,180,154,85.56,Practical,1,0,0,115,17,4,29,0,Afternoon,2026-04-29 12:15:00,73.89,69.44333333333333,74.2057142857143,79.49459147424511,3,1.0,SAFE,2
2026-04-29,Wednesday,5,02:00 PM,HR Analytics,Prof. Sharma,4,MCA,B,Room 201,180,164,91.11,Theory,0,0,0,115,17,4,29,0,Afternoon,2026-04-29 14:00:00,85.56,77.22333333333334,73.88857142857144,79.50534574468085,4,1.75,SAFE,2
2026-04-30,Thursday,1,09:00 AM,Advanced DBMS,Prof. Kulkarni,2,MCA,B,Room 201,180,135,75.0,Theory,0,0,0,116,17,4,30,0,Morning,2026-04-30 09:00:00,91.11,83.52,76.58714285714287,79.52588495575222,1,19.0,WARNING,1
2026-04-30,Thursday,1,09:00 AM,HR Analytics,Prof. Sharma,2,MCA,B,Room 202,180,110,61.11,Theory,0,0,1,116,17,4,30,0,Morning,2026-04-30 09:00:00,75.0,83.89,73.01571428571428,79.5178886925795,2,24.0,WARNING,1
2026-04-30,Thursday,2,10:00 AM,Advanced DBMS,Akash Upadhayay,2,MCA,B,Lab 1,180,176,97.78,Practical,0,0,0,116,17,4,30,0,Morning,2026-04-30 10:00:00,61.11,75.74,74.44428571428571,79.48542328042328,3,1.0,SAFE,2
2026-04-30,Thursday,3,11:15 AM,Web Development,Ishwari Gaikwad,2,MCA,B,Room 202,180,143,79.44,Theory,0,0,0,116,17,4,30,0,Morning,2026-04-30 11:15:00,97.78,77.96333333333334,79.52428571428571,79.51763204225352,4,1.25,SAFE,2
2026-04-30,Thursday,4,12:15 PM,Financial Management,Akash Upadhayay,4,MCA,B,Room 202,180,162,90.0,Theory,0,0,0,116,17,4,30,0,Afternoon,2026-04-30 12:15:00,79.44,79.44333333333333,80.55571428571429,79.51749560632689,5,1.0,SAFE,2
2026-04-30,Thursday,4,12:15 PM,Machine Learning,Prof. Patil,4,MCA,B,Lab 1,180,158,87.78,Practical,0,0,0,116,17,4,30,0,Afternoon,2026-04-30 12:15:00,90.0,89.07333333333334,82.85714285714286,79.53588596491228,6,24.0,SAFE,2
2026-04-30,Thursday,6,03:00 PM,Python Programming,Prof. Patil,2,MCA,B,Room 202,180,141,78.33,Theory,0,0,0,116,17,4,30,0,Afternoon,2026-04-30 15:00:00,87.78,85.74000000000001,83.17428571428572,79.55032399299475,7,2.75,SAFE,2
2026-05-01,Friday,3,11:15 AM,Web Development,Akash Upadhayay,2,MCA,B,Room 201,180,154,85.56,Theory,1,0,0,117,17,5,1,0,Morning,2026-05-01 11:15:00,78.33,85.37,81.34857142857143,77.9358275862069,1,20.25,SAFE,2
2026-05-01,Friday,3,11:15 AM,Cloud Computing,Prof. Kulkarni,2,MCA,B,Lab 2,180,159,88.33,Practical,0,0,0,117,17,5,1,0,Morning,2026-05-01 11:15:00,85.56,83.89,82.85714285714286,77.95331422018347,2,24.0,SAFE,2
2026-05-01,Friday,3,11:15 AM,Python Programming,Prof. Kulkarni,4,MCA,B,Lab 1,180,176,97.78,Practical,0,0,0,117,17,5,1,0,Morning,2026-05-01 11:15:00,88.33,84.07333333333334,86.74571428571429,77.9770594965675,3,24.0,SAFE,2
2026-05-01,Friday,6,03:00 PM,Advanced DBMS,Prof. Patil,2,MCA,B,Auditorium,180,153,85.0,Theory,0,0,0,117,17,5,1,0,Afternoon,2026-05-01 15:00:00,97.78,90.55666666666666,86.74571428571429,78.02227168949771,4,3.75,SAFE,2
2026-05-02,Saturday,3,11:15 AM,Web Development,Akash Upadhayay,2,MCA,B,Room 201,180,155,86.11,Theory,0,0,0,118,17,5,2,1,Morning,2026-05-02 11:15:00,85.0,90.37,87.53999999999999,78.03816628701594,1,20.25,SAFE,2
2026-05-02,Saturday,5,02:00 PM,HR Analytics,Prof. Kulkarni,2,MCA,B,Lab 1,180,160,88.89,Practical,0,0,0,118,17,5,2,1,Afternoon,2026-05-02 14:00:00,86.11,89.63,86.98428571428572,78.05651136363636,2,2.75,SAFE,2
2026-05-02,Saturday,6,03:00 PM,Cloud Computing,Ishwari Gaikwad,2,MCA,B,Lab 1,180,133,73.89,Practical,0,0,0,118,17,5,2,1,Afternoon,2026-05-02 15:00:00,88.89,86.66666666666667,87.14285714285714,78.08107709750567,3,1.0,WARNING,1
2026-05-03,Monday,1,09:00 AM,HR Analytics,Prof. Deshmukh,2,MCA,B,Lab 2,180,127,70.56,Practical,0,0,0,119,17,5,3,0,Morning,2026-05-03 09:00:00,73.89,82.96333333333332,86.50857142857144,78.07159502262442,1,18.0,WARNING,1
2026-05-03,Monday,2,10:00 AM,Financial Management,Ishwari Gaikwad,2,MCA,B,Lab 1,180,142,78.89,Practical,0,0,0,119,17,5,3,0,Morning,2026-05-03 10:00:00,70.56,77.77999999999999,84.36571428571428,78.05463882618511,2,1.0,SAFE,2
2026-05-03,Monday,2,10:00 AM,Python Programming,Prof. Patil,4,MCA,B,Lab 2,180,143,79.44,Practical,0,0,0,119,17,5,3,0,Morning,2026-05-03 10:00:00,78.89,74.44666666666667,83.01714285714286,78.05652027027027,3,24.0,SAFE,2
2026-05-03,Monday,2,10:00 AM,Advanced DBMS,Akash Upadhayay,4,MCA,B,Lab 2,180,165,91.67,Practical,0,0,0,119,17,5,3,0,Morning,2026-05-03 10:00:00,79.44,76.29666666666667,80.39714285714285,78.05962921348315,4,24.0,SAFE,2
2026-05-03,Monday,3,11:15 AM,Advanced DBMS,Prof. Deshmukh,4,MCA,B,Lab 1,180,133,73.89,Practical,0,0,0,119,17,5,3,0,Morning,2026-05-03 11:15:00,91.67,83.33333333333333,81.35000000000001,78.09014573991031,5,1.25,WARNING,1
2026-05-03,Monday,4,12:15 PM,Financial Management,Prof. Sharma,4,MCA,B,Room 201,180,143,79.44,Theory,0,0,1,119,17,5,3,0,Afternoon,2026-05-03 12:15:00,73.89,81.66666666666667,79.60428571428572,78.08074944071589,6,1.0,SAFE,2
2026-05-03,Monday,5,02:00 PM,Python Programming,Ishwari Gaikwad,2,MCA,B,Auditorium,180,136,75.56,Theory,0,0,0,119,17,5,3,0,Afternoon,2026-05-03 14:00:00,79.44,81.66666666666667,78.25428571428571,78.08378348214286,7,1.75,SAFE,2
2026-05-03,Monday,6,03:00 PM,Machine Learning,Prof. Deshmukh,4,MCA,B,Lab 2,180,180,100.0,Practical,0,0,0,119,17,5,3,0,Afternoon,2026-05-03 15:00:00,75.56,76.29666666666667,78.49285714285715,78.07816258351893,8,1.0,SAFE,2
2026-05-04,Monday,1,09:00 AM,Machine Learning,Prof. Sharma,4,MCA,B,Lab 2,180,142,78.89,Practical,0,0,0,120,18,5,4,0,Morning,2026-05-04 09:00:00,100.0,85.0,82.69857142857143,78.12687777777778,1,18.0,SAFE,2
2026-05-04,Monday,1,09:00 AM,Cloud Computing,Prof. Deshmukh,2,MCA,B,Lab 2,180,127,70.56,Practical,0,0,0,120,18,5,4,0,Morning,2026-05-04 09:00:00,78.89,84.81666666666666,82.69857142857143,78.12856984478935,2,24.0,WARNING,1
2026-05-04,Monday,2,10:00 AM,HR Analytics,Prof. Patil,2,MCA,B,Room 202,180,150,83.33,Theory,0,0,0,120,18,5,4,0,Morning,2026-05-04 10:00:00,70.56,83.14999999999999,81.42999999999999,78.11182522123893,3,1.0,SAFE,2
2026-05-04,Monday,3,11:15 AM,HR Analytics,Ishwari Gaikwad,4,MCA,B,Room 202,180,143,79.44,Theory,0,0,0,120,18,5,4,0,Morning,2026-05-04 11:15:00,83.33,77.59333333333333,80.23857142857142,78.12334437086092,4,1.25,SAFE,2
2026-05-04,Monday,4,12:15 PM,Python Programming,Prof. Kulkarni,4,MCA,B,Lab 2,180,163,90.56,Practical,0,0,0,120,18,5,4,0,Afternoon,2026-05-04 12:15:00,79.44,77.77666666666666,81.03142857142858,78.12624449339208,5,1.0,SAFE,2
2026-05-04,Monday,6,03:00 PM,Financial Management,Ishwari Gaikwad,2,MCA,B,Auditorium,180,136,75.56,Theory,0,0,0,120,18,5,4,0,Afternoon,2026-05-04 15:00:00,90.56,84.44333333333333,82.62,78.15357142857142,6,2.75,SAFE,2
2026-05-05,Tuesday,1,09:00 AM,Advanced DBMS,Prof. Sharma,4,MCA,B,Room 202,180,147,81.67,Theory,0,1,0,121,18,5,5,0,Morning,2026-05-05 09:00:00,75.56,81.85333333333334,82.62,78.14788377192981,1,18.0,SAFE,2
2026-05-05,Tuesday,2,10:00 AM,Advanced DBMS,Prof. Kulkarni,4,MCA,B,Lab 1,180,151,83.89,Practical,0,0,0,121,18,5,5,0,Morning,2026-05-05 10:00:00,81.67,82.59666666666668,80.00142857142858,78.15559080962801,2,1.0,SAFE,2
2026-05-05,Tuesday,3,11:15 AM,Web Development,Prof. Patil,4,MCA,B,Room 201,180,163,90.56,Theory,0,0,0,121,18,5,5,0,Morning,2026-05-05 11:15:00,83.89,80.37333333333333,80.71571428571428,78.1681113537118,3,1.25,SAFE,2
2026-05-05,Tuesday,3,11:15 AM,Web Development,Prof. Deshmukh,2,MCA,B,Room 201,180,135,75.0,Theory,1,0,0,121,18,5,5,0,Morning,2026-05-05 11:15:00,90.56,85.37333333333333,83.57285714285715,78.19510893246188,4,24.0,WARNING,1
2026-05-05,Tuesday,6,03:00 PM,Machine Learning,Prof. Sharma,4,MCA,B,Auditorium,180,147,81.67,Theory,0,0,0,121,18,5,5,0,Afternoon,2026-05-05 15:00:00,75.0,83.14999999999999,82.38285714285713,78.18816304347826,5,3.75,SAFE,2
2026-05-06,Wednesday,1,09:00 AM,Advanced DBMS,Prof. Patil,2,MCA,B,Room 201,180,114,63.33,Theory,0,1,0,122,18,5,6,0,Morning,2026-05-06 09:00:00,81.67,82.41000000000001,82.70142857142856,78.195715835141,1,18.0,WARNING,1
2026-05-06,Wednesday,2,10:00 AM,Advanced DBMS,Prof. Sharma,4,MCA,B,Lab 2,180,159,88.33,Practical,0,0,0,122,18,5,6,0,Morning,2026-05-06 10:00:00,63.33,73.33333333333333,78.81142857142856,78.16353896103897,2,1.0,SAFE,2
2026-05-06,Wednesday,3,11:15 AM,Cloud Computing,Prof. Deshmukh,2,MCA,B,Room 201,180,135,75.0,Theory,1,0,0,122,18,5,6,0,Morning,2026-05-06 11:15:00,88.33,77.77666666666666,80.63571428571429,78.18549676025918,3,1.25,WARNING,1
2026-05-06,Wednesday,3,11:15 AM,Machine Learning,Prof. Deshmukh,4,MCA,B,Lab 1,180,149,82.78,Practical,0,0,0,122,18,5,6,0,Morning,2026-05-06 11:15:00,75.0,75.55333333333333,79.68285714285715,78.17863146551724,4,24.0,SAFE,2
2026-05-06,Wednesday,4,12:15 PM,Advanced DBMS,Prof. Sharma,2,MCA,B,Lab 2,180,175,97.22,Practical,0,0,0,122,18,5,6,0,Afternoon,2026-05-06 12:15:00,82.78,82.03666666666668,79.52428571428571,78.18852688172043,5,1.0,SAFE,2
2026-05-06,Wednesday,4,12:15 PM,Advanced DBMS,Akash Upadhayay,2,MCA,B,Auditorium,180,167,92.78,Theory,0,1,0,122,18,5,6,0,Afternoon,2026-05-06 12:15:00,97.22,85.0,80.47571428571428,78.2293669527897,6,24.0,SAFE,2
2026-05-06,Wednesday,4,12:15 PM,Machine Learning,Ishwari Gaikwad,2,MCA,B,Auditorium,180,170,94.44,Theory,0,0,0,122,18,5,6,0,Afternoon,2026-05-06 12:15:00,92.78,90.92666666666668,83.01571428571428,78.26052462526766,7,24.0,SAFE,2
2026-05-06,Wednesday,6,03:00 PM,Advanced DBMS,Akash Upadhayay,4,MCA,B,Lab 2,180,144,80.0,Practical,0,1,0,122,18,5,6,0,Afternoon,2026-05-06 15:00:00,94.44,94.81333333333333,84.84,78.29509615384616,8,2.75,SAFE,2
2026-05-06,Wednesday,6,03:00 PM,Financial Management,Prof. Sharma,2,MCA,B,Room 201,180,127,70.56,Theory,0,0,0,122,18,5,6,0,Afternoon,2026-05-06 15:00:00,80.0,89.07333333333334,87.22142857142856,78.29873134328359,9,24.0,WARNING,1
2026-05-07,Thursday,1,09:00 AM,Financial Management,Akash Upadhayay,2,MCA,B,Room 202,180,142,78.89,Theory,0,0,0,123,18,5,7,0,Morning,2026-05-07 09:00:00,70.56,81.66666666666667,84.68285714285716,78.28226595744681,1,18.0,SAFE,2
2026-05-07,Thursday,2,10:00 AM,Python Programming,Ishwari Gaikwad,4,MCA,B,Auditorium,180,99,55.0,Theory,0,0,1,123,18,5,7,0,Morning,2026-05-07 10:00:00,78.89,76.48333333333333,85.23857142857142,78.28355626326965,2,1.0,WARNING,1
2026-05-07,Thursday,3,11:15 AM,Advanced DBMS,Prof. Patil,2,MCA,B,Lab 1,180,171,95.0,Practical,0,1,0,123,18,5,7,0,Morning,2026-05-07 11:15:00,55.0,68.14999999999999,81.27,78.23422669491525,3,1.25,SAFE,2
2026-05-07,Thursday,4,12:15 PM,Python Programming,Prof. Deshmukh,2,MCA,B,Auditorium,180,122,67.78,Theory,0,0,1,123,18,5,7,0,Afternoon,2026-05-07 12:15:00,95.0,76.29666666666667,80.95285714285714,78.26967230443975,4,1.0,WARNING,1
2026-05-07,Thursday,5,02:00 PM,HR Analytics,Prof. Sharma,4,MCA,B,Lab 1,180,173,96.11,Practical,0,0,0,123,18,5,7,0,Afternoon,2026-05-07 14:00:00,67.78,72.59333333333333,77.38142857142859,78.24754219409283,5,1.75,SAFE,2
2026-05-07,Thursday,6,03:00 PM,Web Development,Prof. Sharma,4,MCA,B,Room 201,180,124,68.89,Theory,0,0,0,123,18,5,7,0,Afternoon,2026-05-07 15:00:00,96.11,86.29666666666667,77.61999999999999,78.28514736842105,6,1.0,WARNING,1
2026-05-08,Friday,1,09:00 AM,Machine Learning,Prof. Sharma,2,MCA,B,Room 201,180,157,87.22,Theory,0,0,0,124,18,5,8,0,Morning,2026-05-08 09:00:00,68.89,77.59333333333333,76.03285714285714,78.26540966386554,1,18.0,SAFE,2
2026-05-08,Friday,1,09:00 AM,Advanced DBMS,Prof. Kulkarni,2,MCA,B,Auditorium,180,117,65.0,Theory,0,0,0,124,18,5,8,0,Morning,2026-05-08 09:00:00,87.22,84.07333333333334,78.41285714285713,78.2841823899371,2,24.0,WARNING,1
2026-05-08,Friday,2,10:00 AM,Web Development,Akash Upadhayay,2,MCA,B,Room 201,180,162,90.0,Theory,0,0,0,124,18,5,8,0,Morning,2026-05-08 10:00:00,65.0,73.70333333333333,76.42857142857143,78.25639121338912,3,1.0,SAFE,2
2026-05-08,Friday,4,12:15 PM,Financial Management,Prof. Deshmukh,4,MCA,B,Lab 1,180,118,65.56,Practical,1,0,0,124,18,5,8,0,Afternoon,2026-05-08 12:15:00,90.0,80.74,81.42857142857143,78.28090814196243,4,2.25,WARNING,1
2026-05-08,Friday,5,02:00 PM,Web Development,Prof. Deshmukh,4,MCA,B,Auditorium,180,160,88.89,Theory,0,0,0,124,18,5,8,0,Afternoon,2026-05-08 14:00:00,65.56,73.52,77.22285714285714,78.25440625,5,1.75,SAFE,2
2026-05-08,Friday,6,03:00 PM,Financial Management,Prof. Patil,4,MCA,B,Room 202,180,121,67.22,Theory,0,0,1,124,18,5,8,0,Afternoon,2026-05-08 15:00:00,88.89,81.48333333333333,80.23857142857143,78.27651767151767,6,1.0,WARNING,1
2026-05-09,Saturday,2,10:00 AM,Machine Learning,Prof. Kulkarni,4,MCA,B,Auditorium,180,146,81.11,Theory,0,1,0,125,18,5,9,1,Morning,2026-05-09 10:00:00,67.22,73.89,76.11142857142856,78.25357883817428,1,19.0,SAFE,2
2026-05-09,Saturday,2,10:00 AM,Web Development,Prof. Patil,2,MCA,B,Room 201,180,141,78.33,Theory,0,1,0,125,18,5,9,1,Morning,2026-05-09 10:00:00,81.11,79.07333333333334,77.85714285714286,78.25949275362319,2,24.0,SAFE,2
2026-05-09,Saturday,3,11:15 AM,Advanced DBMS,Prof. Sharma,2,MCA,B,Lab 2,180,162,90.0,Practical,0,0,0,125,18,5,9,1,Morning,2026-05-09 11:15:00,78.33,75.55333333333333,76.58714285714287,78.25963842975207,3,1.25,SAFE,2
2026-05-09,Saturday,6,03:00 PM,Machine Learning,Prof. Kulkarni,2,MCA,B,Auditorium,180,109,60.56,Theory,0,1,0,125,18,5,9,1,Afternoon,2026-05-09 15:00:00,90.0,83.14666666666666,80.15857142857143,78.28384536082474,4,3.75,WARNING,1
2026-05-10,Monday,1,09:00 AM,Advanced DBMS,Akash Upadhayay,4,MCA,B,Room 201,180,104,57.78,Theory,0,1,1,126,18,5,10,0,Morning,2026-05-10 09:00:00,60.56,76.29666666666667,75.95285714285714,78.24737654320987,1,18.0,WARNING,1
2026-05-10,Monday,6,03:00 PM,HR Analytics,Akash Upadhayay,4,MCA,B,Lab 1,180,117,65.0,Practical,0,1,0,126,18,5,10,0,Afternoon,2026-05-10 15:00:00,57.78,69.44666666666667,74.84142857142857,78.20534907597535,2,6.0,WARNING,1
2026-05-11,Monday,1,09:00 AM,Web Development,Prof. Kulkarni,2,MCA,B,Room 201,180,134,74.44,Theory,0,0,0,127,19,5,11,0,Morning,2026-05-11 09:00:00,65.0,61.11333333333334,71.42857142857143,78.17828893442622,1,18.0,WARNING,1
2026-05-11,Monday,2,10:00 AM,Advanced DBMS,Akash Upadhayay,2,MCA,B,Lab 1,180,160,88.89,Practical,0,0,0,127,19,5,11,0,Morning,2026-05-11 10:00:00,74.44,65.74,72.46,78.17064417177914,2,1.0,SAFE,2
2026-05-11,Monday,2,10:00 AM,HR Analytics,Prof. Sharma,2,MCA,B,Room 201,180,132,73.33,Theory,0,0,0,127,19,5,11,0,Morning,2026-05-11 10:00:00,88.89,76.11,73.57142857142857,78.19252040816326,3,24.0,WARNING,1
2026-05-11,Monday,3,11:15 AM,HR Analytics,Ishwari Gaikwad,4,MCA,B,Lab 2,180,155,86.11,Practical,0,1,0,127,19,5,11,0,Morning,2026-05-11 11:15:00,73.33,78.88666666666667,72.85714285714286,78.18261710794297,4,1.25,SAFE,2
2026-05-11,Monday,4,12:15 PM,Cloud Computing,Prof. Patil,4,MCA,B,Lab 1,180,157,87.22,Practical,0,1,0,127,19,5,11,0,Afternoon,2026-05-11 12:15:00,86.11,82.77666666666666,72.30142857142856,78.19872967479675,5,1.0,SAFE,2
2026-05-11,Monday,5,02:00 PM,Cloud Computing,Akash Upadhayay,2,MCA,B,Auditorium,180,89,49.17,Theory,0,0,0,127,19,5,11,0,Afternoon,2026-05-11 14:00:00,87.22,82.22000000000001,76.11,78.21702839756593,6,1.75,CRITICAL,0
2026-05-11,Monday,5,02:00 PM,Advanced DBMS,Akash Upadhayay,4,MCA,B,Room 202,180,158,87.78,Theory,0,0,0,127,19,5,11,0,Afternoon,2026-05-11 14:00:00,49.17,74.16666666666667,74.88,78.15822874493928,7,24.0,SAFE,2
2026-05-12,Tuesday,2,10:00 AM,Machine Learning,Ishwari Gaikwad,4,MCA,B,Room 202,180,155,86.11,Theory,0,0,0,128,19,5,12,0,Morning,2026-05-12 10:00:00,87.78,74.72333333333333,78.13428571428572,78.17766666666667,1,20.0,SAFE,2
2026-05-12,Tuesday,3,11:15 AM,Machine Learning,Prof. Patil,2,MCA,B,Room 201,180,167,92.78,Theory,0,0,0,128,19,5,12,0,Morning,2026-05-12 11:15:00,86.11,74.35333333333334,79.80142857142857,78.19365927419355,2,1.25,SAFE,2
2026-05-12,Tuesday,3,11:15 AM,Cloud Computing,Prof. Patil,4,MCA,B,Room 201,180,152,84.44,Theory,0,1,0,128,19,5,12,0,Morning,2026-05-12 11:15:00,92.78,88.89,80.35714285714286,78.22300804828974,3,24.0,SAFE,2
2026-05-12,Tuesday,5,02:00 PM,Python Programming,Ishwari Gaikwad,2,MCA,B,Auditorium,180,150,83.33,Theory,0,0,1,128,19,5,12,0,Afternoon,2026-05-12 14:00:00,84.44,87.77666666666666,81.94428571428571,78.23549196787148,4,2.75,SAFE,2
2026-05-13,Wednesday,2,10:00 AM,HR Analytics,Prof. Patil,2,MCA,B,Room 201,180,144,80.0,Theory,0,0,0,129,19,5,13,0,Morning,2026-05-13 10:00:00,83.33,86.84999999999998,81.54714285714286,78.24570140280562,1,20.0,SAFE,2
2026-05-13,Wednesday,2,10:00 AM,Machine Learning,Prof. Kulkarni,4,MCA,B,Lab 1,180,129,71.67,Practical,1,0,0,129,19,5,13,0,Morning,2026-05-13 10:00:00,80.0,82.59,80.51571428571428,78.24921,2,24.0,WARNING,1
2026-05-13,Wednesday,4,12:15 PM,Machine Learning,Akash Upadhayay,4,MCA,B,Lab 1,180,151,83.89,Practical,0,0,0,129,19,5,13,0,Afternoon,2026-05-13 12:15:00,71.67,78.33333333333333,83.73,78.23607784431138,3,2.25,SAFE,2
2026-05-13,Wednesday,6,03:00 PM,HR Analytics,Prof. Sharma,2,MCA,B,Lab 2,180,143,79.44,Practical,0,0,0,129,19,5,13,0,Afternoon,2026-05-13 15:00:00,83.89,78.52,83.17428571428572,78.24734063745021,4,2.75,SAFE,2
2026-05-14,Thursday,1,09:00 AM,Web Development,Prof. Deshmukh,2,MCA,B,Room 201,180,103,57.22,Theory,1,0,0,130,19,5,14,0,Morning,2026-05-14 09:00:00,79.44,78.33333333333333,82.22142857142856,78.24971172962228,1,18.0,WARNING,1
2026-05-14,Thursday,2,10:00 AM,Cloud Computing,Prof. Deshmukh,2,MCA,B,Room 201,180,180,100.0,Theory,0,0,0,130,19,5,14,0,Morning,2026-05-14 10:00:00,57.22,73.51666666666667,77.14142857142858,78.20798611111111,2,1.0,SAFE,2
2026-05-14,Thursday,2,10:00 AM,HR Analytics,Prof. Sharma,2,MCA,B,Room 202,180,150,83.33,Theory,0,0,0,130,19,5,14,0,Morning,2026-05-14 10:00:00,100.0,78.88666666666667,79.36428571428571,78.25113861386139,3,24.0,SAFE,2
2026-05-14,Thursday,5,02:00 PM,HR Analytics,Prof. Deshmukh,2,MCA,B,Room 202,180,163,90.56,Theory,0,0,0,130,19,5,14,0,Afternoon,2026-05-14 14:00:00,83.33,80.18333333333334,79.36428571428571,78.26117588932806,4,4.0,SAFE,2
2026-05-14,Thursday,6,03:00 PM,Financial Management,Ishwari Gaikwad,2,MCA,B,Auditorium,180,148,82.22,Theory,0,0,0,130,19,5,14,0,Afternoon,2026-05-14 15:00:00,90.56,91.29666666666667,80.87285714285714,78.2854339250493,5,1.0,SAFE,2
2026-05-14,Thursday,6,03:00 PM,HR Analytics,Akash Upadhayay,4,MCA,B,Room 202,180,123,68.33,Theory,0,0,1,130,19,5,14,0,Afternoon,2026-05-14 15:00:00,82.22,85.37,82.38,78.29317913385826,6,24.0,WARNING,1
2026-05-15,Friday,1,09:00 AM,Financial Management,Prof. Kulkarni,2,MCA,B,Room 202,180,142,78.89,Theory,0,0,0,131,19,5,15,0,Morning,2026-05-15 09:00:00,68.33,80.37,80.15714285714286,78.27360510805501,1,18.0,SAFE,2
2026-05-15,Friday,2,10:00 AM,Cloud Computing,Prof. Deshmukh,4,MCA,B,Room 202,180,161,89.44,Theory,0,0,0,131,19,5,15,0,Morning,2026-05-15 10:00:00,78.89,76.48,80.07857142857142,78.27481372549019,2,1.0,SAFE,2
2026-05-15,Friday,2,10:00 AM,HR Analytics,Prof. Sharma,4,MCA,B,Room 202,180,154,85.56,Theory,0,0,0,131,19,5,15,0,Morning,2026-05-15 10:00:00,89.44,78.88666666666666,84.68142857142857,78.29666340508807,3,24.0,SAFE,2
2026-05-15,Friday,5,02:00 PM,Python Programming,Akash Upadhayay,4,MCA,B,Room 201,180,137,76.11,Theory,0,0,0,131,19,5,15,0,Afternoon,2026-05-15 14:00:00,85.56,84.63,82.61857142857143,78.310849609375,4,4.0,SAFE,2
2026-05-15,Friday,6,03:00 PM,Web Development,Ishwari Gaikwad,2,MCA,B,Room 201,180,150,83.33,Theory,0,0,0,131,19,5,15,0,Afternoon,2026-05-15 15:00:00,76.11,83.70333333333333,81.58714285714287,78.30655945419103,5,1.0,SAFE,2
2026-05-16,Saturday,1,09:00 AM,Python Programming,Akash Upadhayay,4,MCA,B,Room 202,180,135,75.0,Theory,0,0,0,132,19,5,16,1,Morning,2026-05-16 09:00:00,83.33,81.66666666666667,80.55428571428571,78.3163326848249,1,18.0,WARNING,1
2026-05-16,Saturday,1,09:00 AM,Advanced DBMS,Ishwari Gaikwad,2,MCA,B,Lab 1,180,156,86.67,Practical,0,0,0,132,19,5,16,1,Morning,2026-05-16 09:00:00,75.0,78.14666666666666,79.52285714285713,78.3098932038835,2,24.0,SAFE,2
2026-05-16,Saturday,1,09:00 AM,Advanced DBMS,Akash Upadhayay,2,MCA,B,Room 202,180,145,80.56,Theory,0,0,0,132,19,5,16,1,Morning,2026-05-16 09:00:00,86.67,81.66666666666667,82.14285714285714,78.32609496124032,3,24.0,SAFE,2
2026-05-16,Saturday,1,09:00 AM,Machine Learning,Akash Upadhayay,4,MCA,B,Lab 2,180,150,83.33,Practical,0,0,0,132,19,5,16,1,Morning,2026-05-16 09:00:00,80.56,80.74333333333334,82.38142857142859,78.330415860735,4,24.0,SAFE,2
2026-05-16,Saturday,4,12:15 PM,Cloud Computing,Prof. Sharma,2,MCA,B,Lab 2,180,150,83.33,Practical,0,0,0,132,19,5,16,1,Afternoon,2026-05-16 12:15:00,83.33,83.52,81.50857142857144,78.34006756756756,5,3.25,SAFE,2
2026-05-16,Saturday,5,02:00 PM,Web Development,Prof. Deshmukh,4,MCA,B,Auditorium,180,141,78.33,Theory,0,1,0,132,19,5,16,1,Afternoon,2026-05-16 14:00:00,83.33,82.40666666666667,81.19000000000001,78.34968208092485,6,1.75,SAFE,2
2026-05-16,Saturday,5,02:00 PM,Machine Learning,Prof. Patil,4,MCA,B,Lab 2,180,160,88.89,Practical,0,0,0,132,19,5,16,1,Afternoon,2026-05-16 14:00:00,78.33,81.66333333333334,81.50714285714285,78.34964423076923,7,24.0,SAFE,2
2026-05-17,Monday,1,09:00 AM,Financial Management,Prof. Patil,4,MCA,B,Room 201,180,116,64.44,Theory,0,1,0,133,19,5,17,0,Morning,2026-05-17 09:00:00,88.89,83.51666666666667,82.30142857142857,78.36987523992323,1,19.0,WARNING,1
2026-05-17,Monday,1,09:00 AM,Advanced DBMS,Prof. Kulkarni,2,MCA,B,Auditorium,180,128,71.11,Theory,0,1,0,133,19,5,17,0,Morning,2026-05-17 09:00:00,64.44,77.22,80.79285714285713,78.34318965517241,2,24.0,WARNING,1
2026-05-17,Monday,4,12:15 PM,HR Analytics,Akash Upadhayay,4,MCA,B,Room 202,180,131,72.78,Theory,1,0,0,133,19,5,17,0,Afternoon,2026-05-17 12:15:00,71.11,74.81333333333333,78.57000000000001,78.32935946462715,3,3.25,WARNING,1
2026-05-17,Monday,5,02:00 PM,Financial Management,Prof. Sharma,4,MCA,B,Lab 2,180,157,87.22,Practical,0,0,0,133,19,5,17,0,Afternoon,2026-05-17 14:00:00,72.78,69.44333333333333,77.45857142857143,78.31876908396947,4,1.75,SAFE,2
2026-05-17,Monday,6,03:00 PM,HR Analytics,Ishwari Gaikwad,2,MCA,B,Room 201,180,136,75.56,Theory,0,0,0,133,19,5,17,0,Afternoon,2026-05-17 15:00:00,87.22,77.03666666666668,78.01428571428572,78.3357238095238,5,1.0,SAFE,2
2026-05-18,Monday,1,09:00 AM,Cloud Computing,Ishwari Gaikwad,4,MCA,B,Room 202,180,121,67.22,Theory,0,0,0,134,20,5,18,0,Morning,2026-05-18 09:00:00,75.56,78.52,76.9042857142857,78.33044676806084,1,18.0,WARNING,1
2026-05-18,Monday,2,10:00 AM,Web Development,Prof. Patil,2,MCA,B,Room 202,180,115,63.89,Theory,0,1,0,134,20,5,18,0,Morning,2026-05-18 10:00:00,67.22,76.66666666666667,75.31714285714285,78.30936432637571,2,1.0,WARNING,1
2026-05-18,Monday,2,10:00 AM,Machine Learning,Prof. Kulkarni,2,MCA,B,Lab 2,180,138,76.67,Practical,0,0,0,134,20,5,18,0,Morning,2026-05-18 10:00:00,63.89,68.89,71.74571428571429,78.28205492424243,3,24.0,SAFE,2
2026-05-18,Monday,2,10:00 AM,Cloud Computing,Prof. Patil,4,MCA,B,Room 201,180,112,62.22,Theory,1,0,0,134,20,5,18,0,Morning,2026-05-18 10:00:00,76.67,69.26,73.49285714285715,78.27900756143667,4,24.0,WARNING,1
2026-05-18,Monday,3,11:15 AM,Financial Management,Prof. Deshmukh,2,MCA,B,Lab 1,180,163,90.56,Practical,0,1,0,134,20,5,18,0,Morning,2026-05-18 11:15:00,62.22,67.59333333333332,72.22285714285714,78.24870754716981,5,1.25,SAFE,2
2026-05-18,Monday,4,12:15 PM,Machine Learning,Prof. Deshmukh,4,MCA,B,Room 201,180,166,92.22,Theory,0,1,0,134,20,5,18,0,Afternoon,2026-05-18 12:15:00,90.56,76.48333333333333,74.76285714285714,78.27189265536722,6,1.0,SAFE,2
2026-05-18,Monday,4,12:15 PM,Machine Learning,Prof. Deshmukh,4,MCA,B,Room 201,180,141,78.33,Theory,0,0,0,134,20,5,18,0,Afternoon,2026-05-18 12:15:00,92.22,81.66666666666667,75.47714285714287,78.29811090225564,7,24.0,SAFE,2
2026-05-18,Monday,6,03:00 PM,Web Development,Prof. Patil,4,MCA,B,Lab 1,180,142,78.89,Practical,0,0,0,134,20,5,18,0,Afternoon,2026-05-18 15:00:00,78.33,87.03666666666668,75.87285714285714,78.29817073170732,8,2.75,SAFE,2
2026-05-19,Tuesday,1,09:00 AM,Python Programming,Ishwari Gaikwad,2,MCA,B,Auditorium,180,133,73.89,Theory,0,0,0,135,20,5,19,0,Morning,2026-05-19 09:00:00,78.89,83.14666666666666,77.53999999999999,78.29927902621723,1,18.0,WARNING,1
2026-05-19,Tuesday,2,10:00 AM,Python Programming,Ishwari Gaikwad,2,MCA,B,Lab 1,180,166,92.22,Practical,0,0,0,135,20,5,19,0,Morning,2026-05-19 10:00:00,73.89,77.03666666666666,78.96857142857142,78.29103738317757,2,1.0,SAFE,2
2026-05-19,Tuesday,3,11:15 AM,Financial Management,Ishwari Gaikwad,2,MCA,B,Room 201,180,169,93.89,Theory,0,0,0,135,20,5,19,0,Morning,2026-05-19 11:15:00,92.22,81.66666666666667,81.19000000000001,78.31702425373135,3,1.25,SAFE,2
2026-05-19,Tuesday,6,03:00 PM,Financial Management,Prof. Deshmukh,2,MCA,B,Lab 2,180,133,73.89,Practical,0,0,0,135,20,5,19,0,Afternoon,2026-05-19 15:00:00,93.89,86.66666666666667,85.71428571428571,78.3460242085661,4,3.75,WARNING,1
2026-05-20,Wednesday,4,12:15 PM,Machine Learning,Akash Upadhayay,4,MCA,B,Lab 1,180,166,92.22,Practical,0,0,0,136,20,5,20,0,Afternoon,2026-05-20 12:15:00,73.89,86.66666666666667,83.33285714285714,78.33774163568773,1,21.25,SAFE,2
2026-05-20,Wednesday,5,02:00 PM,HR Analytics,Ishwari Gaikwad,2,MCA,B,Auditorium,180,125,69.44,Theory,1,0,0,136,20,5,20,0,Afternoon,2026-05-20 14:00:00,92.22,86.66666666666667,83.33285714285715,78.36349721706866,2,1.75,WARNING,1
2026-05-20,Wednesday,5,02:00 PM,Web Development,Akash Upadhayay,2,MCA,B,Room 202,180,176,97.78,Theory,0,0,0,136,20,5,20,0,Afternoon,2026-05-20 14:00:00,69.44,78.51666666666667,82.06285714285714,78.34697222222222,3,24.0,SAFE,2
2026-05-20,Wednesday,6,03:00 PM,Python Programming,Prof. Deshmukh,4,MCA,B,Room 202,180,131,72.78,Theory,0,1,0,136,20,5,20,0,Afternoon,2026-05-20 15:00:00,97.78,86.48,84.76142857142857,78.38289279112753,4,1.0,WARNING,1
2026-05-21,Thursday,1,09:00 AM,Advanced DBMS,Prof. Kulkarni,4,MCA,B,Room 202,180,138,76.67,Theory,0,0,0,137,20,5,21,0,Morning,2026-05-21 09:00:00,72.78,80.0,84.60285714285715,78.37255535055351,1,18.0,SAFE,2
2026-05-21,Thursday,2,10:00 AM,Advanced DBMS,Akash Upadhayay,2,MCA,B,Room 201,180,171,95.0,Theory,0,0,0,137,20,5,21,0,Morning,2026-05-21 10:00:00,76.67,82.41000000000001,82.38142857142857,78.36941988950277,2,1.0,SAFE,2
2026-05-21,Thursday,2,10:00 AM,Cloud Computing,Prof. Patil,2,MCA,B,Lab 1,180,176,97.78,Practical,0,0,0,137,20,5,21,0,Morning,2026-05-21 10:00:00,95.0,81.48333333333333,82.53999999999999,78.39999080882353,3,24.0,SAFE,2
2026-05-21,Thursday,3,11:15 AM,Web Development,Prof. Patil,4,MCA,B,Room 202,180,113,62.78,Theory,0,0,1,137,20,5,21,0,Morning,2026-05-21 11:15:00,97.78,89.81666666666666,85.95285714285714,78.4355504587156,4,1.25,WARNING,1
2026-05-21,Thursday,5,02:00 PM,Machine Learning,Prof. Patil,2,MCA,B,Lab 2,180,176,97.78,Practical,0,1,0,137,20,5,21,0,Afternoon,2026-05-21 14:00:00,62.78,85.18666666666667,81.74714285714286,78.40687728937729,5,2.75,SAFE,2
2026-05-21,Thursday,5,02:00 PM,Advanced DBMS,Prof. Kulkarni,2,MCA,B,Auditorium,180,159,88.33,Theory,0,0,0,137,20,5,21,0,Afternoon,2026-05-21 14:00:00,97.78,86.11333333333333,85.7957142857143,78.44229433272395,6,24.0,SAFE,2
2026-05-21,Thursday,5,02:00 PM,Machine Learning,Prof. Deshmukh,4,MCA,B,Room 202,180,141,78.33,Theory,0,0,0,137,20,5,21,0,Afternoon,2026-05-21 14:00:00,88.33,82.96333333333334,84.44571428571429,78.46033759124087,7,24.0,SAFE,2
2026-05-22,Friday,1,09:00 AM,Financial Management,Ishwari Gaikwad,4,MCA,B,Lab 1,180,121,67.22,Practical,0,0,0,138,20,5,22,0,Morning,2026-05-22 09:00:00,78.33,88.14666666666666,85.23857142857143,78.46010018214936,1,19.0,WARNING,1
2026-05-22,Friday,2,10:00 AM,Web Development,Prof. Patil,2,MCA,B,Lab 2,180,149,82.78,Practical,0,0,0,138,20,5,22,0,Morning,2026-05-22 10:00:00,67.22,77.96,83.88857142857141,78.43966363636365,2,1.0,SAFE,2
2026-05-22,Friday,3,11:15 AM,Cloud Computing,Ishwari Gaikwad,2,MCA,B,Auditorium,180,156,86.67,Theory,0,0,0,138,20,5,22,0,Morning,2026-05-22 11:15:00,82.78,76.11,82.14285714285714,78.44754083484574,3,1.25,SAFE,2
2026-05-22,Friday,3,11:15 AM,Python Programming,Akash Upadhayay,4,MCA,B,Auditorium,180,156,86.67,Theory,0,0,0,138,20,5,22,0,Morning,2026-05-22 11:15:00,86.67,78.89,80.55571428571429,78.4624365942029,4,24.0,SAFE,2
2026-05-22,Friday,3,11:15 AM,Advanced DBMS,Prof. Patil,4,MCA,B,Room 202,180,134,74.44,Theory,0,1,1,138,20,5,22,0,Morning,2026-05-22 11:15:00,86.67,85.37333333333333,83.96857142857142,78.47727848101266,5,24.0,WARNING,1
2026-05-22,Friday,5,02:00 PM,Cloud Computing,Ishwari Gaikwad,2,MCA,B,Room 201,180,155,86.11,Theory,0,1,0,138,20,5,22,0,Afternoon,2026-05-22 14:00:00,74.44,82.59333333333335,80.63428571428571,78.46999097472924,6,2.75,SAFE,2
2026-05-23,Saturday,1,09:00 AM,HR Analytics,Prof. Kulkarni,4,MCA,B,Room 201,180,120,66.67,Theory,0,0,0,139,20,5,23,1,Morning,2026-05-23 09:00:00,86.11,82.40666666666667,80.31714285714285,78.48375675675676,1,19.0,WARNING,1
2026-05-23,Saturday,4,12:15 PM,Advanced DBMS,Ishwari Gaikwad,2,MCA,B,Room 201,180,142,78.89,Theory,0,0,0,139,20,5,23,1,Afternoon,2026-05-23 12:15:00,66.67,75.74000000000001,78.65142857142858,78.46250899280575,2,3.25,SAFE,2
2026-05-23,Saturday,4,12:15 PM,Machine Learning,Prof. Kulkarni,2,MCA,B,Auditorium,180,152,84.44,Theory,0,0,0,139,20,5,23,1,Afternoon,2026-05-23 12:15:00,78.89,77.22333333333334,80.31857142857143,78.46327648114901,3,24.0,SAFE,2
2026-05-24,Monday,2,10:00 AM,HR Analytics,Prof. Deshmukh,2,MCA,B,Auditorium,180,157,87.22,Theory,0,0,0,140,20,5,24,0,Morning,2026-05-24 10:00:00,84.44,76.66666666666667,80.55571428571429,78.47398745519713,1,21.75,SAFE,2
2026-05-24,Monday,2,10:00 AM,Advanced DBMS,Ishwari Gaikwad,2,MCA,B,Lab 1,180,143,79.44,Practical,1,0,0,140,20,5,24,0,Morning,2026-05-24 10:00:00,87.22,83.51666666666667,80.63428571428572,78.48963327370305,2,24.0,SAFE,2
2026-05-24,Monday,3,11:15 AM,Web Development,Ishwari Gaikwad,2,MCA,B,Auditorium,180,140,77.5,Theory,0,1,0,140,20,5,24,0,Morning,2026-05-24 11:15:00,79.44,83.7,79.60142857142857,78.49133035714286,3,1.25,SAFE,2
2026-05-24,Monday,3,11:15 AM,HR Analytics,Prof. Sharma,4,MCA,B,Lab 2,180,176,97.78,Practical,0,1,0,140,20,5,24,0,Morning,2026-05-24 11:15:00,77.5,81.38666666666667,80.03857142857143,78.48956327985739,4,24.0,SAFE,2
2026-05-24,Monday,4,12:15 PM,HR Analytics,Ishwari Gaikwad,2,MCA,B,Room 201,180,138,76.67,Theory,0,0,0,140,20,5,24,0,Afternoon,2026-05-24 12:15:00,97.78,84.90666666666667,81.70571428571428,78.52388790035587,5,1.0,SAFE,2
2026-05-24,Monday,4,12:15 PM,Cloud Computing,Prof. Sharma,2,MCA,B,Room 202,180,147,81.67,Theory,0,0,0,140,20,5,24,0,Afternoon,2026-05-24 12:15:00,76.67,83.98333333333333,83.13428571428572,78.52059502664298,6,24.0,SAFE,2
2026-05-24,Monday,4,12:15 PM,Web Development,Ishwari Gaikwad,2,MCA,B,Room 201,180,163,90.56,Theory,0,0,0,140,20,5,24,0,Afternoon,2026-05-24 12:15:00,81.67,85.37333333333333,83.53142857142858,78.52617907801418,7,24.0,SAFE,2
2026-05-24,Monday,5,02:00 PM,Machine Learning,Prof. Sharma,4,MCA,B,Room 202,180,156,86.67,Theory,0,0,0,140,20,5,24,0,Afternoon,2026-05-24 14:00:00,90.56,82.96666666666667,84.40571428571427,78.54747787610619,8,1.75,SAFE,2
2026-05-25,Monday,1,09:00 AM,Python Programming,Prof. Deshmukh,4,MCA,B,Room 202,180,115,63.89,Theory,0,0,0,141,21,5,25,0,Morning,2026-05-25 09:00:00,86.67,86.30000000000001,84.32714285714285,78.56182862190813,1,19.0,WARNING,1
2026-05-25,Monday,3,11:15 AM,Advanced DBMS,Prof. Kulkarni,2,MCA,B,Lab 2,180,168,93.33,Practical,0,0,0,141,21,5,25,0,Morning,2026-05-25 11:15:00,63.89,80.37333333333333,82.10571428571428,78.53595238095238,2,2.25,SAFE,2
2026-05-25,Monday,3,11:15 AM,Cloud Computing,Prof. Sharma,2,MCA,B,Room 202,180,126,70.0,Theory,0,0,0,141,21,5,25,0,Morning,2026-05-25 11:15:00,93.33,81.29666666666667,84.36714285714287,78.56199823943662,3,24.0,WARNING,1
2026-05-25,Monday,4,12:15 PM,Machine Learning,Ishwari Gaikwad,2,MCA,B,Lab 2,180,143,79.44,Practical,0,0,0,141,21,5,25,0,Afternoon,2026-05-25 12:15:00,70.0,75.74,80.39857142857144,78.54695079086116,4,1.0,SAFE,2
2026-05-25,Monday,5,02:00 PM,Financial Management,Prof. Sharma,4,MCA,B,Room 202,180,150,83.33,Theory,0,0,0,141,21,5,25,0,Afternoon,2026-05-25 14:00:00,79.44,80.92333333333333,80.79428571428572,78.54851754385965,5,1.75,SAFE,2
2026-05-25,Monday,5,02:00 PM,Cloud Computing,Prof. Kulkarni,4,MCA,B,Room 201,180,133,73.89,Theory,0,0,0,141,21,5,25,0,Afternoon,2026-05-25 14:00:00,83.33,77.59,81.03142857142858,78.55689141856392,6,24.0,WARNING,1
2026-05-26,Tuesday,5,02:00 PM,Advanced DBMS,Prof. Sharma,4,MCA,B,Room 202,180,165,91.67,Theory,0,0,0,142,21,5,26,0,Afternoon,2026-05-26 14:00:00,73.89,78.88666666666666,78.64999999999999,78.54873251748252,1,24.0,SAFE,2
2026-05-27,Wednesday,1,09:00 AM,Advanced DBMS,Ishwari Gaikwad,2,MCA,B,Room 202,180,149,82.78,Theory,0,0,0,143,21,5,27,0,Morning,2026-05-27 09:00:00,91.67,82.96333333333332,79.36428571428571,78.5716317626527,1,19.0,SAFE,2
2026-05-27,Wednesday,1,09:00 AM,Advanced DBMS,Prof. Sharma,2,MCA,B,Room 201,180,91,50.56,Theory,0,1,1,143,21,5,27,0,Morning,2026-05-27 09:00:00,82.78,82.78,82.06285714285715,78.57896341463415,2,24.0,WARNING,1
2026-05-27,Wednesday,2,10:00 AM,HR Analytics,Akash Upadhayay,2,MCA,B,Lab 2,180,152,84.44,Practical,0,0,0,143,21,5,27,0,Morning,2026-05-27 10:00:00,50.56,75.00333333333333,75.95285714285716,78.5302347826087,3,1.0,SAFE,2
2026-05-27,Wednesday,3,11:15 AM,HR Analytics,Prof. Patil,2,MCA,B,Lab 2,180,149,82.78,Practical,0,0,0,143,21,5,27,0,Morning,2026-05-27 11:15:00,84.44,72.59333333333333,78.01571428571428,78.54049479166666,4,1.25,SAFE,2
2026-05-27,Wednesday,5,02:00 PM,Cloud Computing,Akash Upadhayay,4,MCA,B,Room 202,180,150,83.33,Theory,0,1,0,143,21,5,27,0,Afternoon,2026-05-27 14:00:00,82.78,72.59333333333333,78.49285714285715,78.54784228769498,5,2.75,SAFE,2
2026-05-27,Wednesday,6,03:00 PM,Cloud Computing,Prof. Patil,4,MCA,B,Lab 2,180,172,95.56,Practical,0,1,0,143,21,5,27,0,Afternoon,2026-05-27 15:00:00,83.33,83.51666666666667,78.49285714285713,78.55611591695501,6,1.0,SAFE,2
2026-05-28,Thursday,1,09:00 AM,Financial Management,Prof. Sharma,2,MCA,B,Lab 1,180,145,80.56,Practical,0,0,0,144,21,5,28,0,Morning,2026-05-28 09:00:00,95.56,87.22333333333334,81.58857142857143,78.58548359240069,1,18.0,SAFE,2
2026-05-28,Thursday,2,10:00 AM,HR Analytics,Prof. Patil,4,MCA,B,Auditorium,180,156,86.67,Theory,0,1,0,144,21,5,28,0,Morning,2026-05-28 10:00:00,80.56,86.48333333333333,80.00142857142858,78.58888793103448,2,1.0,SAFE,2
2026-05-28,Thursday,3,11:15 AM,HR Analytics,Prof. Patil,4,MCA,B,Auditorium,180,172,95.56,Theory,0,0,0,144,21,5,28,0,Morning,2026-05-28 11:15:00,86.67,87.59666666666668,80.55714285714285,78.60279690189329,3,1.25,SAFE,2
2026-05-28,Thursday,4,12:15 PM,Machine Learning,Prof. Deshmukh,2,MCA,B,Lab 2,180,154,85.56,Practical,0,1,0,144,21,5,28,0,Afternoon,2026-05-28 12:15:00,95.56,87.59666666666668,86.98571428571428,78.63193298969072,4,1.0,SAFE,2
2026-05-28,Thursday,4,12:15 PM,Cloud Computing,Prof. Patil,4,MCA,B,Lab 1,180,140,77.78,Practical,0,0,0,144,21,5,28,0,Afternoon,2026-05-28 12:15:00,85.56,89.26333333333334,87.14571428571428,78.64381646655232,5,24.0,SAFE,2
2026-05-28,Thursday,6,03:00 PM,HR Analytics,Prof. Patil,2,MCA,B,Lab 2,180,100,55.56,Practical,1,0,1,144,21,5,28,0,Afternoon,2026-05-28 15:00:00,77.78,86.3,86.43142857142857,78.64233732876713,6,2.75,WARNING,1
2026-05-29,Friday,2,10:00 AM,Cloud Computing,Prof. Sharma,2,MCA,B,Auditorium,180,117,65.0,Theory,1,0,0,145,21,5,29,0,Morning,2026-05-29 10:00:00,55.56,72.96666666666667,82.46428571428571,78.60288034188034,1,19.0,WARNING,1
2026-05-29,Friday,3,11:15 AM,Advanced DBMS,Prof. Deshmukh,2,MCA,B,Lab 1,180,164,91.11,Practical,0,0,0,145,21,5,29,0,Morning,2026-05-29 11:15:00,65.0,66.11333333333333,78.09857142857143,78.57966723549488,2,1.25,SAFE,2
2026-05-29,Friday,6,03:00 PM,Financial Management,Prof. Deshmukh,2,MCA,B,Lab 2,180,127,70.56,Practical,0,0,0,145,21,5,29,0,Afternoon,2026-05-29 15:00:00,91.11,70.55666666666667,79.60571428571428,78.6010136286201,3,3.75,WARNING,1
2026-05-30,Saturday,1,09:00 AM,Machine Learning,Prof. Sharma,4,MCA,B,Auditorium,180,115,63.89,Theory,0,0,0,146,21,5,30,1,Morning,2026-05-30 09:00:00,70.56,75.55666666666667,77.30428571428571,78.58733843537415,1,18.0,WARNING,1
2026-05-30,Saturday,2,10:00 AM,Machine Learning,Prof. Sharma,4,MCA,B,Auditorium,180,141,78.33,Theory,0,0,0,146,21,5,30,1,Morning,2026-05-30 10:00:00,63.89,75.18666666666667,72.78,78.56238539898133,2,1.0,SAFE,2
2026-05-30,Saturday,2,10:00 AM,Web Development,Ishwari Gaikwad,4,MCA,B,Room 201,180,158,87.78,Theory,0,1,0,146,21,5,30,1,Morning,2026-05-30 10:00:00,78.33,70.92666666666666,71.74714285714285,78.56199152542372,3,24.0,SAFE,2
2026-05-30,Saturday,3,11:15 AM,Financial Management,Ishwari Gaikwad,2,MCA,B,Auditorium,180,153,85.0,Theory,0,1,0,146,21,5,30,1,Morning,2026-05-30 11:15:00,87.78,76.66666666666667,73.17571428571429,78.57758883248731,4,1.25,SAFE,2
2026-05-30,Saturday,4,12:15 PM,Financial Management,Prof. Kulkarni,4,MCA,B,Lab 1,180,148,82.08500000000001,Practical,1,0,0,146,21,5,30,1,Afternoon,2026-05-30 12:15:00,85.0,83.70333333333333,77.38142857142857,78.58843750000001,5,1.0,SAFE,2
2026-05-30,Saturday,4,12:15 PM,HR Analytics,Prof. Kulkarni,4,MCA,B,Room 201,180,128,71.11,Theory,0,1,1,146,21,5,30,1,Afternoon,2026-05-30 12:15:00,82.08500000000001,84.955,79.82214285714285,78.59433389544688,6,24.0,WARNING,1
2026-05-31,Monday,1,09:00 AM,Machine Learning,Prof. Sharma,4,MCA,B,Room 202,180,143,79.17,Theory,0,0,0,147,21,5,31,0,Morning,2026-05-31 09:00:00,71.11,79.39833333333333,76.965,78.58173400673401,1,20.75,SAFE,2
2026-05-31,Monday,2,10:00 AM,Financial Management,Prof. Deshmukh,2,MCA,B,Lab 1,180,106,58.89,Practical,0,0,1,147,21,5,31,0,Morning,2026-05-31 10:00:00,79.17,77.455,78.19500000000001,78.58272268907564,2,1.0,WARNING,1
2026-05-31,Monday,3,11:15 AM,Python Programming,Akash Upadhayay,4,MCA,B,Auditorium,180,162,90.0,Theory,0,0,0,147,21,5,31,0,Morning,2026-05-31 11:15:00,58.89,69.72333333333334,77.48071428571428,78.5496812080537,3,1.25,SAFE,2
2026-05-31,Monday,4,12:15 PM,Python Programming,Akash Upadhayay,2,MCA,B,Room 202,180,133,73.89,Theory,0,0,0,147,21,5,31,0,Afternoon,2026-05-31 12:15:00,90.0,76.02,79.14785714285715,78.56886097152429,4,1.0,WARNING,1
2026-05-31,Monday,5,02:00 PM,Web Development,Prof. Kulkarni,4,MCA,B,Lab 1,180,154,85.56,Practical,0,0,0,147,21,5,31,0,Afternoon,2026-05-31 14:00:00,73.89,74.25999999999999,77.16357142857143,78.56103678929766,5,1.75,SAFE,2
2026-05-31,Monday,6,03:00 PM,Machine Learning,Prof. Kulkarni,4,MCA,B,Room 201,180,122,67.78,Theory,0,0,0,147,21,5,31,0,Afternoon,2026-05-31 15:00:00,85.56,83.14999999999999,77.24357142857143,78.57272120200334,6,1.0,WARNING,1
2026-06-01,Monday,2,10:00 AM,Python Programming,Ishwari Gaikwad,4,MCA,B,Lab 1,180,167,92.78,Practical,0,1,0,148,22,6,1,0,Morning,2026-06-01 10:00:00,67.78,75.74333333333334,75.2,79.4245238095238,1,19.0,SAFE,2
2026-06-01,Monday,2,10:00 AM,Cloud Computing,Ishwari Gaikwad,2,MCA,B,Room 201,180,142,78.89,Theory,0,0,0,148,22,6,1,0,Morning,2026-06-01 10:00:00,92.78,82.04,78.2957142857143,79.73511627906977,2,24.0,SAFE,2
2026-06-01,Monday,3,11:15 AM,Advanced DBMS,Ishwari Gaikwad,4,MCA,B,Auditorium,180,114,63.33,Theory,0,0,1,148,22,6,1,0,Morning,2026-06-01 11:15:00,78.89,79.81666666666668,78.25571428571428,79.7159090909091,3,1.25,WARNING,1
2026-06-01,Monday,3,11:15 AM,Cloud Computing,Akash Upadhayay,4,MCA,B,Room 201,180,159,88.33,Theory,0,1,0,148,22,6,1,0,Morning,2026-06-01 11:15:00,63.33,78.33333333333333,78.89,79.35177777777777,4,24.0,SAFE,2
2026-06-01,Monday,4,12:15 PM,Cloud Computing,Ishwari Gaikwad,4,MCA,B,Auditorium,180,146,81.11,Theory,0,0,0,148,22,6,1,0,Afternoon,2026-06-01 12:15:00,88.33,76.85,78.65142857142857,79.54695652173913,5,1.0,SAFE,2
2026-06-01,Monday,5,02:00 PM,Machine Learning,Prof. Kulkarni,4,MCA,B,Lab 1,180,150,83.33,Practical,0,0,0,148,22,6,1,0,Afternoon,2026-06-01 14:00:00,81.11,77.58999999999999,79.68285714285715,79.58021276595744,6,1.75,SAFE,2
2026-06-01,Monday,6,03:00 PM,Web Development,Prof. Sharma,2,MCA,B,Lab 1,180,113,62.78,Practical,0,0,0,148,22,6,1,0,Afternoon,2026-06-01 15:00:00,83.33,84.25666666666667,79.36428571428571,79.65833333333333,7,1.0,WARNING,1
2026-06-02,Tuesday,1,09:00 AM,Cloud Computing,Akash Upadhayay,2,MCA,B,Auditorium,180,126,70.0,Theory,0,0,0,149,22,6,2,0,Morning,2026-06-02 09:00:00,62.78,75.74,78.64999999999999,79.31387755102041,1,18.0,WARNING,1
2026-06-02,Tuesday,1,09:00 AM,HR Analytics,Prof. Deshmukh,4,MCA,B,Room 201,180,132,73.33,Theory,0,0,0,149,22,6,2,0,Morning,2026-06-02 09:00:00,70.0,72.03666666666668,75.39571428571428,79.1276,2,24.0,WARNING,1
2026-06-02,Tuesday,2,10:00 AM,Machine Learning,Prof. Sharma,2,MCA,B,Lab 1,180,155,86.11,Practical,1,0,0,149,22,6,2,0,Morning,2026-06-02 10:00:00,73.33,68.70333333333333,74.60142857142857,79.01392156862745,3,1.0,SAFE,2
2026-06-02,Tuesday,2,10:00 AM,Machine Learning,Prof. Deshmukh,4,MCA,B,Lab 2,180,140,77.78,Practical,0,0,1,149,22,6,2,0,Morning,2026-06-02 10:00:00,86.11,76.48,77.85571428571428,79.15038461538461,4,24.0,SAFE,2
2026-06-02,Tuesday,2,10:00 AM,Financial Management,Prof. Patil,4,MCA,B,Auditorium,180,130,72.22,Theory,0,0,1,149,22,6,2,0,Morning,2026-06-02 10:00:00,77.78,79.07333333333334,76.34857142857143,79.1245283018868,5,24.0,WARNING,1
2026-06-02,Tuesday,3,11:15 AM,Machine Learning,Prof. Deshmukh,2,MCA,B,Room 201,180,154,85.56,Theory,0,0,0,149,22,6,2,0,Morning,2026-06-02 11:15:00,72.22,78.70333333333333,75.07857142857142,78.99666666666666,6,1.25,SAFE,2
2026-06-02,Tuesday,6,03:00 PM,Web Development,Prof. Kulkarni,2,MCA,B,Room 201,180,131,72.78,Theory,0,0,0,149,22,6,2,0,Afternoon,2026-06-02 15:00:00,85.56,78.52,75.39714285714285,79.116,7,3.75,WARNING,1
2026-06-02,Tuesday,6,03:00 PM,Advanced DBMS,Prof. Kulkarni,2,MCA,B,Room 201,180,111,61.67,Theory,0,0,0,149,22,6,2,0,Afternoon,2026-06-02 15:00:00,72.78,76.85333333333334,76.82571428571428,79.00285714285714,8,24.0,WARNING,1
2026-06-02,Tuesday,6,03:00 PM,HR Analytics,Prof. Sharma,2,MCA,B,Lab 2,180,129,71.67,Practical,0,1,0,149,22,6,2,0,Afternoon,2026-06-02 15:00:00,61.67,73.33666666666666,75.63571428571429,78.69877192982456,9,24.0,WARNING,1
2026-06-02,Tuesday,6,03:00 PM,Web Development,Prof. Deshmukh,4,MCA,B,Lab 1,180,138,76.67,Practical,0,0,0,149,22,6,2,0,Afternoon,2026-06-02 15:00:00,71.67,68.70666666666666,75.39857142857143,78.57758620689656,10,24.0,SAFE,2
2026-06-03,Wednesday,3,11:15 AM,Python Programming,Prof. Sharma,2,MCA,B,Auditorium,180,150,83.33,Theory,1,0,0,150,22,6,3,0,Morning,2026-06-03 11:15:00,76.67,70.00333333333333,74.05,78.54525423728813,1,20.25,SAFE,2
2026-06-03,Wednesday,4,12:15 PM,Web Development,Prof. Deshmukh,2,MCA,B,Room 202,180,171,95.0,Theory,0,0,0,150,22,6,3,0,Afternoon,2026-06-03 12:15:00,83.33,77.22333333333333,74.84285714285714,78.625,2,1.0,SAFE,2
2026-06-03,Wednesday,6,03:00 PM,Financial Management,Prof. Patil,2,MCA,B,Room 202,180,107,59.44,Theory,0,0,1,150,22,6,3,0,Afternoon,2026-06-03 15:00:00,95.0,85.0,78.09714285714286,78.89344262295081,3,2.75,WARNING,1
2026-06-03,Wednesday,6,03:00 PM,Advanced DBMS,Prof. Kulkarni,2,MCA,B,Lab 2,180,180,100.0,Practical,0,1,0,150,22,6,3,0,Afternoon,2026-06-03 15:00:00,59.44,79.25666666666666,74.36571428571429,78.57967741935484,4,24.0,SAFE,2
2026-01-05,Monday,2,10:00 AM,Machine Learning,Ishwari Gaikwad,4,MCA,C,Lab 2,180,165,91.67,Practical,0,0,0,1,1,1,5,0,Morning,2026-01-05 10:00:00,78.9210138888889,78.9210138888889,78.9210138888889,79.97946226415094,1,24.0,SAFE,2
2026-01-05,Monday,2,10:00 AM,Machine Learning,Prof. Sharma,2,MCA,C,Lab 2,180,164,91.11,Practical,0,0,0,1,1,1,5,0,Morning,2026-01-05 10:00:00,91.67,91.67,91.67,80.00147834274954,2,24.0,SAFE,2
2026-01-05,Monday,3,11:15 AM,Python Programming,Prof. Patil,2,MCA,C,Lab 2,180,118,65.56,Practical,0,1,1,1,1,1,5,0,Morning,2026-01-05 11:15:00,91.11,91.39,91.39,80.02235902255639,3,1.25,WARNING,1
2026-01-05,Monday,4,12:15 PM,Web Development,Prof. Patil,2,MCA,C,Auditorium,180,135,75.0,Theory,0,0,0,1,1,1,5,0,Afternoon,2026-01-05 12:15:00,65.56,82.78,82.78,79.99522514071295,4,1.0,WARNING,1
2026-01-06,Tuesday,3,11:15 AM,Python Programming,Prof. Deshmukh,2,MCA,C,Lab 1,180,162,90.0,Practical,0,1,0,2,1,1,6,0,Morning,2026-01-06 11:15:00,75.0,77.22333333333334,80.83500000000001,79.98587078651686,1,23.0,SAFE,2
2026-01-06,Tuesday,5,02:00 PM,HR Analytics,Prof. Sharma,2,MCA,C,Auditorium,180,171,95.0,Theory,0,0,0,2,1,1,6,0,Afternoon,2026-01-06 14:00:00,90.0,76.85333333333334,82.668,80.00458878504674,2,2.75,SAFE,2
2026-01-06,Tuesday,6,03:00 PM,HR Analytics,Prof. Patil,2,MCA,C,Auditorium,180,144,80.0,Theory,0,1,0,2,1,1,6,0,Afternoon,2026-01-06 15:00:00,95.0,86.66666666666667,84.72333333333334,80.03256529850746,3,1.0,SAFE,2
2026-01-07,Wednesday,4,12:15 PM,Python Programming,Akash Upadhayay,4,MCA,C,Room 202,180,141,78.33,Theory,0,0,0,3,1,1,7,0,Afternoon,2026-01-07 12:15:00,80.0,88.33333333333333,84.04857142857144,80.03250465549348,1,21.25,SAFE,2
2026-01-07,Wednesday,4,12:15 PM,Financial Management,Prof. Patil,4,MCA,C,Room 201,180,105,58.33,Theory,0,0,1,3,1,1,7,0,Afternoon,2026-01-07 12:15:00,78.33,84.44333333333333,82.14285714285714,80.02934014869889,2,24.0,WARNING,1
2026-01-08,Thursday,4,12:15 PM,Financial Management,Ishwari Gaikwad,2,MCA,C,Lab 1,180,176,97.78,Practical,0,0,0,4,1,1,8,0,Afternoon,2026-01-08 12:15:00,58.33,72.22,77.46000000000001,79.98908163265305,1,24.0,SAFE,2
2026-01-08,Thursday,5,02:00 PM,HR Analytics,Prof. Kulkarni,4,MCA,C,Room 201,180,163,90.56,Theory,0,0,0,4,1,1,8,0,Afternoon,2026-01-08 14:00:00,97.78,78.14666666666666,82.06285714285715,80.02202777777777,2,1.75,SAFE,2
2026-01-08,Thursday,6,03:00 PM,Financial Management,Ishwari Gaikwad,2,MCA,C,Lab 2,180,146,81.11,Practical,0,0,0,4,1,1,8,0,Afternoon,2026-01-08 15:00:00,90.56,82.22333333333334,84.28571428571429,80.04150646950093,3,1.0,SAFE,2
2026-01-08,Thursday,6,03:00 PM,HR Analytics,Prof. Sharma,4,MCA,C,Room 201,180,131,72.78,Theory,0,0,0,4,1,1,8,0,Afternoon,2026-01-08 15:00:00,81.11,89.81666666666666,83.01571428571428,80.0434778597786,4,24.0,WARNING,1
2026-01-09,Friday,2,10:00 AM,Cloud Computing,Prof. Kulkarni,4,MCA,C,Lab 2,180,158,87.78,Practical,1,0,0,5,1,1,9,0,Morning,2026-01-09 10:00:00,72.78,81.48333333333333,79.84142857142857,80.03010128913444,1,19.0,SAFE,2
2026-01-09,Friday,5,02:00 PM,HR Analytics,Prof. Deshmukh,4,MCA,C,Auditorium,180,145,80.56,Theory,0,0,0,5,1,1,9,0,Afternoon,2026-01-09 14:00:00,87.78,80.55666666666667,80.95285714285716,80.0443474264706,2,4.0,SAFE,2
2026-01-09,Friday,6,03:00 PM,Machine Learning,Prof. Patil,4,MCA,C,Lab 1,180,161,89.44,Practical,0,1,0,5,1,1,9,0,Afternoon,2026-01-09 15:00:00,80.56,80.37333333333333,81.27142857142857,80.04529357798165,3,1.0,SAFE,2
2026-01-10,Saturday,1,09:00 AM,Financial Management,Prof. Deshmukh,4,MCA,C,Lab 1,180,92,51.11,Practical,1,1,0,6,1,1,10,1,Morning,2026-01-10 09:00:00,89.44,85.92666666666668,85.71571428571428,80.0625,1,18.0,WARNING,1
2026-01-10,Saturday,1,09:00 AM,Financial Management,Prof. Sharma,4,MCA,C,Auditorium,180,111,61.67,Theory,0,0,0,6,1,1,10,1,Morning,2026-01-10 09:00:00,51.11,73.70333333333333,79.04857142857144,80.00957038391225,2,24.0,WARNING,1
2026-01-10,Saturday,3,11:15 AM,Cloud Computing,Prof. Kulkarni,4,MCA,C,Lab 2,180,171,95.0,Practical,0,1,0,6,1,1,10,1,Morning,2026-01-10 11:15:00,61.67,67.40666666666668,74.92142857142856,79.97610401459853,3,2.25,SAFE,2
2026-01-10,Saturday,5,02:00 PM,Advanced DBMS,Prof. Patil,4,MCA,C,Lab 1,180,139,77.22,Practical,1,0,0,6,1,1,10,1,Afternoon,2026-01-10 14:00:00,95.0,69.26,76.9057142857143,80.00346994535519,4,2.75,SAFE,2
2026-01-10,Saturday,6,03:00 PM,Financial Management,Prof. Kulkarni,2,MCA,C,Room 202,180,132,73.33,Theory,0,0,0,6,1,1,10,1,Afternoon,2026-01-10 15:00:00,77.22,77.96333333333334,77.53999999999999,79.99840909090909,5,1.0,WARNING,1
2026-01-11,Monday,1,09:00 AM,Financial Management,Prof. Deshmukh,4,MCA,C,Auditorium,180,124,68.89,Theory,0,0,0,7,1,1,11,0,Morning,2026-01-11 09:00:00,73.33,81.85000000000001,75.47571428571429,79.98630671506352,1,18.0,WARNING,1
2026-01-11,Monday,1,09:00 AM,Machine Learning,Prof. Deshmukh,4,MCA,C,Room 202,180,137,76.11,Theory,0,0,0,7,1,1,11,0,Morning,2026-01-11 09:00:00,68.89,73.14666666666666,73.80857142857143,79.96620471014494,2,24.0,SAFE,2
2026-01-11,Monday,2,10:00 AM,HR Analytics,Ishwari Gaikwad,4,MCA,C,Lab 1,180,107,59.44,Practical,0,0,1,7,1,1,11,0,Morning,2026-01-11 10:00:00,76.11,72.77666666666666,71.90428571428572,79.9592314647378,3,1.0,WARNING,1
2026-01-11,Monday,2,10:00 AM,Python Programming,Prof. Sharma,2,MCA,C,Room 202,180,138,76.67,Theory,0,0,0,7,1,1,11,0,Morning,2026-01-11 10:00:00,59.44,68.14666666666666,73.0942857142857,79.92219314079422,4,24.0,SAFE,2
2026-01-11,Monday,6,03:00 PM,HR Analytics,Prof. Deshmukh,2,MCA,C,Lab 1,180,128,71.11,Practical,0,0,0,7,1,1,11,0,Afternoon,2026-01-11 15:00:00,76.67,70.74,75.23714285714286,79.91633333333334,5,5.0,WARNING,1
2026-01-12,Monday,1,09:00 AM,Python Programming,Akash Upadhayay,4,MCA,C,Auditorium,180,135,75.0,Theory,0,1,0,8,2,1,12,0,Morning,2026-01-12 09:00:00,71.11,69.07333333333334,71.82428571428571,79.90049460431655,1,18.0,WARNING,1
2026-01-12,Monday,5,02:00 PM,Advanced DBMS,Prof. Sharma,2,MCA,C,Room 202,180,138,76.67,Theory,0,0,1,8,2,1,12,0,Afternoon,2026-01-12 14:00:00,75.0,74.26,71.50714285714285,79.89169658886894,2,5.0,SAFE,2
2026-01-12,Monday,6,03:00 PM,Web Development,Ishwari Gaikwad,2,MCA,C,Room 202,180,89,49.17,Theory,0,0,1,8,2,1,12,0,Afternoon,2026-01-12 15:00:00,76.67,74.26,71.98428571428572,79.88592293906811,3,1.0,CRITICAL,0
2026-01-13,Tuesday,2,10:00 AM,Financial Management,Akash Upadhayay,2,MCA,C,Lab 1,180,174,96.67,Practical,0,0,0,9,2,1,13,0,Morning,2026-01-13 10:00:00,49.17,66.94666666666667,69.16714285714285,79.83097495527728,1,19.0,SAFE,2
2026-01-13,Tuesday,2,10:00 AM,Machine Learning,Ishwari Gaikwad,4,MCA,C,Lab 2,180,173,96.11,Practical,0,0,0,9,2,1,13,0,Morning,2026-01-13 10:00:00,96.67,74.17,72.10428571428571,79.86104464285714,2,24.0,SAFE,2
2026-01-13,Tuesday,5,02:00 PM,Machine Learning,Prof. Sharma,2,MCA,C,Room 201,180,162,90.0,Theory,0,0,0,9,2,1,13,0,Afternoon,2026-01-13 14:00:00,96.11,80.64999999999999,77.34285714285714,79.89000891265597,3,4.0,SAFE,2
2026-01-14,Wednesday,1,09:00 AM,Cloud Computing,Ishwari Gaikwad,2,MCA,C,Lab 1,180,159,88.33,Practical,0,0,0,10,2,1,14,0,Morning,2026-01-14 09:00:00,90.0,94.25999999999999,79.24714285714286,79.90799822064056,1,19.0,SAFE,2
2026-01-14,Wednesday,3,11:15 AM,Advanced DBMS,Prof. Deshmukh,4,MCA,C,Room 201,180,166,92.22,Theory,0,1,0,10,2,1,14,0,Morning,2026-01-14 11:15:00,88.33,91.48,81.70714285714287,79.92295737122558,2,2.25,SAFE,2
2026-01-14,Wednesday,3,11:15 AM,Machine Learning,Prof. Sharma,4,MCA,C,Auditorium,180,140,77.78,Theory,0,1,0,10,2,1,14,0,Morning,2026-01-14 11:15:00,92.22,90.18333333333334,84.16714285714285,79.94476063829788,3,24.0,SAFE,2
2026-01-14,Wednesday,4,12:15 PM,Web Development,Prof. Deshmukh,2,MCA,C,Lab 2,180,165,91.67,Practical,0,0,0,10,2,1,14,0,Afternoon,2026-01-14 12:15:00,77.78,86.11,84.3257142857143,79.94092920353982,4,1.0,SAFE,2
2026-01-14,Wednesday,5,02:00 PM,HR Analytics,Prof. Sharma,4,MCA,C,Auditorium,180,127,70.56,Theory,0,0,0,10,2,1,14,0,Afternoon,2026-01-14 14:00:00,91.67,87.22333333333334,90.39714285714285,79.9616519434629,5,1.75,WARNING,1
2026-01-14,Wednesday,6,03:00 PM,Python Programming,Prof. Deshmukh,4,MCA,C,Lab 2,180,160,88.89,Practical,0,0,0,10,2,1,14,0,Afternoon,2026-01-14 15:00:00,70.56,80.00333333333333,86.66714285714286,79.94507054673721,6,1.0,SAFE,2
2026-01-15,Thursday,1,09:00 AM,Financial Management,Prof. Kulkarni,4,MCA,C,Room 201,180,115,63.89,Theory,1,0,0,11,2,1,15,0,Morning,2026-01-15 09:00:00,88.89,83.70666666666666,85.63571428571429,79.96081866197184,1,18.0,WARNING,1
2026-01-15,Thursday,2,10:00 AM,Python Programming,Prof. Kulkarni,2,MCA,C,Auditorium,180,151,83.89,Theory,0,0,0,11,2,1,15,0,Morning,2026-01-15 10:00:00,63.89,74.44666666666667,81.9057142857143,79.93257469244288,2,1.0,SAFE,2
2026-01-15,Thursday,2,10:00 AM,Advanced DBMS,Prof. Patil,2,MCA,C,Lab 1,180,168,93.33,Practical,0,0,0,11,2,1,15,0,Morning,2026-01-15 10:00:00,83.89,78.89,81.27142857142857,79.93951754385965,3,24.0,SAFE,2
2026-01-15,Thursday,2,10:00 AM,Web Development,Prof. Sharma,2,MCA,C,Auditorium,180,128,71.11,Theory,0,0,1,11,2,1,15,0,Morning,2026-01-15 10:00:00,93.33,80.37,81.42999999999999,79.96296847635728,4,24.0,WARNING,1
2026-01-15,Thursday,4,12:15 PM,Advanced DBMS,Prof. Deshmukh,2,MCA,C,Auditorium,180,160,88.89,Theory,0,1,0,11,2,1,15,0,Afternoon,2026-01-15 12:15:00,71.11,82.77666666666666,80.47714285714287,79.94749125874125,5,2.25,SAFE,2
2026-01-15,Thursday,4,12:15 PM,Python Programming,Akash Upadhayay,2,MCA,C,Room 201,180,152,84.44,Theory,0,1,0,11,2,1,15,0,Afternoon,2026-01-15 12:15:00,88.89,84.44333333333334,80.08,79.9630977312391,6,24.0,SAFE,2
2026-01-15,Thursday,4,12:15 PM,Web Development,Prof. Deshmukh,4,MCA,C,Lab 1,180,151,83.89,Practical,0,0,1,11,2,1,15,0,Afternoon,2026-01-15 12:15:00,84.44,81.48,82.06285714285715,79.97089721254355,7,24.0,SAFE,2
2026-01-15,Thursday,5,02:00 PM,Cloud Computing,Prof. Patil,4,MCA,C,Room 202,180,153,85.0,Theory,0,1,0,11,2,1,15,0,Afternoon,2026-01-15 14:00:00,83.89,85.74,81.34857142857143,79.97771304347826,8,1.75,SAFE,2
2026-01-15,Thursday,5,02:00 PM,Financial Management,Akash Upadhayay,4,MCA,C,Auditorium,180,165,91.67,Theory,0,0,0,11,2,1,15,0,Afternoon,2026-01-15 14:00:00,85.0,84.44333333333333,84.36428571428573,79.98643229166666,9,24.0,SAFE,2
2026-01-15,Thursday,5,02:00 PM,Web Development,Prof. Patil,2,MCA,C,Room 202,180,140,77.78,Theory,0,1,0,11,2,1,15,0,Afternoon,2026-01-15 14:00:00,91.67,86.85333333333334,85.47571428571428,80.00668110918545,10,24.0,SAFE,2
2026-01-16,Friday,2,10:00 AM,Financial Management,Prof. Deshmukh,4,MCA,C,Room 202,180,130,72.22,Theory,0,0,1,12,2,1,16,0,Morning,2026-01-16 10:00:00,77.78,84.81666666666668,83.25428571428571,80.00282871972318,1,20.0,WARNING,1
2026-01-16,Friday,3,11:15 AM,Python Programming,Akash Upadhayay,2,MCA,C,Room 202,180,135,75.0,Theory,0,1,0,12,2,1,16,0,Morning,2026-01-16 11:15:00,72.22,80.55666666666666,83.41285714285713,79.98938687392055,2,1.25,WARNING,1
2026-01-16,Friday,4,12:15 PM,Machine Learning,Prof. Deshmukh,4,MCA,C,Lab 2,180,172,95.56,Practical,0,0,0,12,2,1,16,0,Afternoon,2026-01-16 12:15:00,75.0,75.0,81.42857142857143,79.98078448275862,3,1.0,SAFE,2
2026-01-16,Friday,4,12:15 PM,Machine Learning,Ishwari Gaikwad,2,MCA,C,Auditorium,180,150,83.33,Theory,0,0,0,12,2,1,16,0,Afternoon,2026-01-16 12:15:00,95.56,80.92666666666666,83.01714285714286,80.00759896729777,4,24.0,SAFE,2
2026-01-16,Friday,5,02:00 PM,HR Analytics,Akash Upadhayay,2,MCA,C,Auditorium,180,156,86.67,Theory,0,0,0,12,2,1,16,0,Afternoon,2026-01-16 14:00:00,83.33,84.63,82.93714285714286,80.01330756013746,5,1.75,SAFE,2
2026-01-17,Saturday,3,11:15 AM,HR Analytics,Prof. Kulkarni,4,MCA,C,Lab 1,180,116,64.44,Practical,1,0,0,13,2,1,17,1,Morning,2026-01-17 11:15:00,86.67,88.52,83.17571428571429,80.02472555746141,1,21.25,WARNING,1
2026-01-17,Saturday,4,12:15 PM,HR Analytics,Ishwari Gaikwad,2,MCA,C,Room 202,180,132,73.33,Theory,0,0,0,13,2,1,17,1,Afternoon,2026-01-17 12:15:00,64.44,78.14666666666666,79.28571428571429,79.99803938356165,2,1.0,WARNING,1
2026-01-17,Saturday,4,12:15 PM,Financial Management,Ishwari Gaikwad,4,MCA,C,Room 202,180,137,76.11,Theory,0,0,0,13,2,1,17,1,Afternoon,2026-01-17 12:15:00,73.33,74.81333333333333,78.65,79.98664102564102,3,24.0,SAFE,2
2026-01-17,Saturday,6,03:00 PM,Machine Learning,Prof. Kulkarni,4,MCA,C,Auditorium,180,110,61.11,Theory,0,0,0,13,2,1,17,1,Afternoon,2026-01-17 15:00:00,76.11,71.29333333333334,79.2057142857143,79.98002559726962,4,2.75,WARNING,1
2026-01-18,Monday,3,11:15 AM,Python Programming,Prof. Patil,4,MCA,C,Lab 1,180,180,100.0,Practical,0,0,0,14,2,1,18,0,Morning,2026-01-18 11:15:00,61.11,70.18333333333334,77.22142857142856,79.94787904599659,1,20.25,SAFE,2
2026-01-18,Monday,4,12:15 PM,HR Analytics,Prof. Kulkarni,4,MCA,C,Room 202,180,134,74.44,Theory,0,0,0,14,2,1,18,0,Afternoon,2026-01-18 12:15:00,100.0,79.07333333333334,77.85571428571428,79.981981292517,2,1.0,WARNING,1
2026-01-18,Monday,6,03:00 PM,Financial Management,Ishwari Gaikwad,2,MCA,C,Room 201,180,139,77.22,Theory,0,0,0,14,2,1,18,0,Afternoon,2026-01-18 15:00:00,74.44,78.51666666666667,76.58571428571429,79.97257215619695,3,2.75,SAFE,2
2026-01-18,Monday,6,03:00 PM,Machine Learning,Ishwari Gaikwad,4,MCA,C,Room 202,180,112,62.22,Theory,1,0,0,14,2,1,18,0,Afternoon,2026-01-18 15:00:00,77.22,83.88666666666666,75.23571428571428,79.96790677966102,4,24.0,WARNING,1
2026-01-19,Monday,1,09:00 AM,Python Programming,Prof. Patil,4,MCA,C,Room 202,180,126,70.0,Theory,0,0,0,15,3,1,19,0,Morning,2026-01-19 09:00:00,62.22,71.29333333333334,74.91857142857143,79.93787648054146,1,18.0,WARNING,1
2026-01-19,Monday,1,09:00 AM,HR Analytics,Prof. Patil,4,MCA,C,Lab 2,180,158,87.78,Practical,0,0,0,15,3,1,19,0,Morning,2026-01-19 09:00:00,70.0,69.81333333333333,74.44285714285715,79.92108952702704,2,24.0,SAFE,2
2026-01-19,Monday,1,09:00 AM,Python Programming,Prof. Patil,4,MCA,C,Room 202,180,120,66.67,Theory,0,0,0,15,3,1,19,0,Morning,2026-01-19 09:00:00,87.78,73.33333333333333,76.11,79.93434232715009,3,24.0,WARNING,1
2026-01-19,Monday,4,12:15 PM,Web Development,Prof. Patil,2,MCA,C,Room 202,180,163,90.56,Theory,0,0,0,15,3,1,19,0,Afternoon,2026-01-19 12:15:00,66.67,74.81666666666666,76.9042857142857,79.91201178451179,4,3.25,SAFE,2
2026-01-19,Monday,6,03:00 PM,HR Analytics,Akash Upadhayay,2,MCA,C,Lab 2,180,133,73.89,Practical,0,0,0,15,3,1,19,0,Afternoon,2026-01-19 15:00:00,90.56,81.67,75.55571428571429,79.92990756302521,5,2.75,WARNING,1
2026-01-20,Tuesday,2,10:00 AM,Advanced DBMS,Akash Upadhayay,4,MCA,C,Lab 2,180,89,49.17,Practical,1,0,1,16,3,1,20,0,Morning,2026-01-20 10:00:00,73.89,77.04,75.47714285714287,79.91977348993288,1,19.0,CRITICAL,0
2026-01-20,Tuesday,3,11:15 AM,Machine Learning,Akash Upadhayay,4,MCA,C,Room 201,180,171,95.0,Theory,0,0,0,16,3,1,20,0,Morning,2026-01-20 11:15:00,49.17,71.20666666666666,71.47,79.86826633165829,2,1.25,SAFE,2
2026-01-20,Tuesday,4,12:15 PM,Cloud Computing,Prof. Patil,4,MCA,C,Room 202,180,148,82.22,Theory,0,0,0,16,3,1,20,0,Afternoon,2026-01-20 12:15:00,95.0,72.68666666666667,76.15285714285713,79.89357023411372,3,1.0,SAFE,2
2026-01-20,Tuesday,5,02:00 PM,Financial Management,Prof. Patil,4,MCA,C,Room 202,180,174,96.67,Theory,0,0,0,16,3,1,20,0,Afternoon,2026-01-20 14:00:00,82.22,75.46333333333334,77.89857142857143,79.89745409015025,4,1.75,SAFE,2
2026-01-20,Tuesday,6,03:00 PM,Machine Learning,Prof. Kulkarni,2,MCA,C,Lab 2,180,89,49.17,Practical,1,0,1,16,3,1,20,0,Afternoon,2026-01-20 15:00:00,96.67,91.29666666666667,79.16857142857144,79.92540833333334,5,1.0,CRITICAL,0
2026-01-20,Tuesday,6,03:00 PM,Advanced DBMS,Ishwari Gaikwad,2,MCA,C,Room 201,180,127,70.56,Theory,0,0,0,16,3,1,20,0,Afternoon,2026-01-20 15:00:00,49.17,76.02,76.66857142857144,79.87423460898502,6,24.0,WARNING,1
2026-01-21,Wednesday,1,09:00 AM,Machine Learning,Prof. Patil,4,MCA,C,Lab 1,180,159,88.33,Practical,0,0,0,17,3,1,21,0,Morning,2026-01-21 09:00:00,70.56,72.13333333333334,73.81142857142858,79.85876245847176,1,18.0,SAFE,2
2026-01-21,Wednesday,3,11:15 AM,Web Development,Prof. Kulkarni,4,MCA,C,Room 202,180,152,84.44,Theory,0,0,0,17,3,1,21,0,Morning,2026-01-21 11:15:00,88.33,69.35333333333334,75.87428571428572,79.87281094527363,2,2.25,SAFE,2
2026-01-21,Wednesday,3,11:15 AM,Financial Management,Prof. Sharma,2,MCA,C,Lab 2,180,153,85.0,Practical,0,0,0,17,3,1,21,0,Morning,2026-01-21 11:15:00,84.44,81.11,80.91285714285713,79.88037251655629,3,24.0,SAFE,2
2026-01-21,Wednesday,6,03:00 PM,Python Programming,Prof. Patil,4,MCA,C,Lab 2,180,170,94.44,Practical,0,0,0,17,3,1,21,0,Afternoon,2026-01-21 15:00:00,85.0,85.92333333333333,79.48428571428572,79.88883471074381,4,3.75,SAFE,2
2026-01-21,Wednesday,6,03:00 PM,Financial Management,Prof. Sharma,2,MCA,C,Auditorium,180,122,67.78,Theory,0,0,0,17,3,1,21,0,Afternoon,2026-01-21 15:00:00,94.44,87.96,81.23,79.91284653465347,5,24.0,WARNING,1
2026-01-22,Thursday,1,09:00 AM,Python Programming,Akash Upadhayay,4,MCA,C,Lab 1,180,154,85.56,Practical,0,0,0,18,3,1,22,0,Morning,2026-01-22 09:00:00,67.78,82.40666666666667,77.10285714285715,79.89285831960461,1,18.0,SAFE,2
2026-01-22,Thursday,2,10:00 AM,Cloud Computing,Prof. Sharma,4,MCA,C,Room 202,180,157,87.22,Theory,0,1,0,18,3,1,22,0,Morning,2026-01-22 10:00:00,85.56,82.59333333333333,82.30142857142857,79.90217927631579,2,1.0,SAFE,2
2026-01-22,Thursday,2,10:00 AM,Python Programming,Prof. Deshmukh,2,MCA,C,Lab 2,180,176,97.78,Practical,0,0,0,18,3,1,22,0,Morning,2026-01-22 10:00:00,87.22,80.18666666666667,84.68142857142857,79.91419540229886,3,24.0,SAFE,2
2026-01-22,Thursday,3,11:15 AM,Machine Learning,Ishwari Gaikwad,2,MCA,C,Room 201,180,161,89.44,Theory,0,0,0,18,3,1,22,0,Morning,2026-01-22 11:15:00,97.78,90.18666666666667,86.03142857142858,79.94348360655738,4,1.25,SAFE,2
2026-01-22,Thursday,4,12:15 PM,Financial Management,Prof. Deshmukh,2,MCA,C,Auditorium,180,161,89.44,Theory,0,0,0,18,3,1,22,0,Afternoon,2026-01-22 12:15:00,89.44,91.48,86.74571428571427,79.95902618657938,5,1.0,SAFE,2
2026-01-22,Thursday,6,03:00 PM,Python Programming,Ishwari Gaikwad,2,MCA,C,Room 201,180,180,100.0,Theory,1,0,0,18,3,1,22,0,Afternoon,2026-01-22 15:00:00,89.44,92.21999999999998,87.38,79.97451797385621,6,2.75,SAFE,2
2026-01-23,Friday,2,10:00 AM,HR Analytics,Akash Upadhayay,4,MCA,C,Room 202,180,153,85.0,Theory,0,0,0,19,3,1,23,0,Morning,2026-01-23 10:00:00,100.0,92.96,88.17428571428572,80.00718597063621,1,19.0,SAFE,2
2026-01-23,Friday,4,12:15 PM,Financial Management,Akash Upadhayay,2,MCA,C,Room 201,180,151,83.89,Theory,0,0,0,19,3,1,23,0,Afternoon,2026-01-23 12:15:00,85.0,91.48,90.63428571428572,80.01531758957654,2,2.25,SAFE,2
2026-01-23,Friday,5,02:00 PM,Web Development,Ishwari Gaikwad,4,MCA,C,Lab 1,180,135,75.0,Practical,1,0,1,19,3,1,23,0,Afternoon,2026-01-23 14:00:00,83.89,89.63,90.39571428571428,80.02161788617886,3,1.75,WARNING,1
2026-01-23,Friday,5,02:00 PM,Cloud Computing,Prof. Kulkarni,2,MCA,C,Room 202,180,154,85.56,Theory,0,0,0,19,3,1,23,0,Afternoon,2026-01-23 14:00:00,75.0,81.29666666666667,88.64999999999999,80.01346590909091,4,24.0,SAFE,2
2026-01-24,Saturday,2,10:00 AM,Machine Learning,Prof. Patil,4,MCA,C,Room 201,180,143,79.17,Theory,0,0,0,20,3,1,24,1,Morning,2026-01-24 10:00:00,85.56,81.48333333333333,86.9042857142857,80.02245542949757,1,20.0,SAFE,2
2026-01-25,Monday,1,09:00 AM,Web Development,Prof. Deshmukh,4,MCA,C,Lab 2,180,113,62.78,Practical,0,0,0,21,3,1,25,0,Morning,2026-01-25 09:00:00,79.17,79.91000000000001,85.43714285714286,80.02107605177994,1,23.0,WARNING,1
2026-01-25,Monday,1,09:00 AM,HR Analytics,Prof. Patil,2,MCA,C,Auditorium,180,180,100.0,Theory,0,0,1,21,3,1,25,0,Morning,2026-01-25 09:00:00,62.78,75.83666666666667,81.62857142857142,79.99322294022618,2,24.0,SAFE,2
2026-01-25,Monday,3,11:15 AM,HR Analytics,Prof. Kulkarni,2,MCA,C,Room 202,180,143,79.44,Theory,0,0,0,21,3,1,25,0,Morning,2026-01-25 11:15:00,100.0,80.64999999999999,81.62857142857142,80.02549193548387,3,2.25,SAFE,2
2026-01-25,Monday,5,02:00 PM,Web Development,Prof. Deshmukh,4,MCA,C,Lab 1,180,165,91.67,Practical,0,0,0,21,3,1,25,0,Afternoon,2026-01-25 14:00:00,79.44,80.74,80.83428571428571,80.02454911433173,4,2.75,SAFE,2
2026-01-26,Monday,1,09:00 AM,Cloud Computing,Akash Upadhayay,2,MCA,C,Room 201,180,117,65.0,Theory,0,0,0,22,4,1,26,0,Morning,2026-01-26 09:00:00,91.67,90.37,81.94571428571429,80.04327170418007,1,19.0,WARNING,1
2026-01-26,Monday,3,11:15 AM,HR Analytics,Prof. Deshmukh,2,MCA,C,Room 202,180,168,93.33,Theory,0,0,0,22,4,1,26,0,Morning,2026-01-26 11:15:00,65.0,78.70333333333333,80.51714285714286,80.01912520064205,2,2.25,SAFE,2
2026-01-26,Monday,4,12:15 PM,Financial Management,Ishwari Gaikwad,2,MCA,C,Lab 2,180,135,75.0,Practical,1,1,0,22,4,1,26,0,Afternoon,2026-01-26 12:15:00,93.33,83.33333333333333,81.62714285714286,80.04045673076924,3,1.0,WARNING,1
2026-01-26,Monday,4,12:15 PM,Financial Management,Prof. Kulkarni,2,MCA,C,Auditorium,180,145,80.56,Theory,0,1,0,22,4,1,26,0,Afternoon,2026-01-26 12:15:00,75.0,77.77666666666666,81.03142857142858,80.032392,4,24.0,SAFE,2
2026-01-26,Monday,5,02:00 PM,HR Analytics,Prof. Kulkarni,2,MCA,C,Lab 1,180,146,81.11,Practical,0,0,0,22,4,1,26,0,Afternoon,2026-01-26 14:00:00,80.56,82.96333333333332,83.57142857142857,80.03323482428115,5,1.75,SAFE,2
2026-01-26,Monday,6,03:00 PM,Cloud Computing,Prof. Patil,2,MCA,C,Lab 2,180,129,71.67,Practical,0,0,0,22,4,1,26,0,Afternoon,2026-01-26 15:00:00,81.11,78.89,80.87285714285714,80.03495215311005,6,1.0,WARNING,1
2026-01-27,Tuesday,1,09:00 AM,Advanced DBMS,Ishwari Gaikwad,4,MCA,C,Lab 1,180,147,81.67,Practical,0,1,0,23,4,1,27,0,Morning,2026-01-27 09:00:00,71.67,77.78,79.76285714285714,80.0216321656051,1,18.0,SAFE,2
2026-01-27,Tuesday,1,09:00 AM,Financial Management,Akash Upadhayay,4,MCA,C,Lab 1,180,148,82.08500000000001,Practical,1,0,0,23,4,1,27,0,Morning,2026-01-27 09:00:00,81.67,78.14999999999999,78.33428571428571,80.02425278219395,2,24.0,SAFE,2
2026-01-27,Tuesday,5,02:00 PM,HR Analytics,Prof. Deshmukh,2,MCA,C,Room 202,180,164,91.11,Theory,0,0,0,23,4,1,27,0,Afternoon,2026-01-27 14:00:00,82.08500000000001,78.47500000000001,80.77499999999999,80.0275238095238,3,5.0,SAFE,2
2026-01-28,Wednesday,1,09:00 AM,Advanced DBMS,Akash Upadhayay,4,MCA,C,Lab 1,180,155,86.11,Practical,0,0,0,24,4,1,28,0,Morning,2026-01-28 09:00:00,91.11,84.955,80.45785714285715,80.04508716323296,1,19.0,SAFE,2
2026-01-28,Wednesday,1,09:00 AM,Machine Learning,Prof. Sharma,4,MCA,C,Lab 1,180,121,67.22,Practical,0,0,1,24,4,1,28,0,Morning,2026-01-28 09:00:00,86.11,86.435,82.045,80.0546835443038,2,24.0,WARNING,1
2026-01-28,Wednesday,2,10:00 AM,HR Analytics,Prof. Patil,2,MCA,C,Room 201,180,171,95.0,Theory,0,0,0,24,4,1,28,0,Morning,2026-01-28 10:00:00,67.22,81.48,80.13928571428572,80.03440758293839,3,1.0,SAFE,2
2026-01-28,Wednesday,2,10:00 AM,Financial Management,Prof. Sharma,4,MCA,C,Lab 1,180,176,97.78,Practical,0,1,0,24,4,1,28,0,Morning,2026-01-28 10:00:00,95.0,82.77666666666666,82.12357142857142,80.05801261829653,4,24.0,SAFE,2
2026-01-28,Wednesday,4,12:15 PM,Cloud Computing,Prof. Kulkarni,4,MCA,C,Room 201,180,143,79.44,Theory,0,0,0,24,4,1,28,0,Afternoon,2026-01-28 12:15:00,97.78,86.66666666666667,85.85357142857143,80.08592125984252,5,2.25,SAFE,2
2026-01-28,Wednesday,4,12:15 PM,Web Development,Ishwari Gaikwad,2,MCA,C,Room 202,180,118,65.56,Theory,0,0,0,24,4,1,28,0,Afternoon,2026-01-28 12:15:00,79.44,90.74000000000001,85.535,80.08490566037736,6,24.0,WARNING,1
2026-01-28,Wednesday,6,03:00 PM,Machine Learning,Ishwari Gaikwad,4,MCA,C,Lab 1,180,125,69.44,Practical,0,0,1,24,4,1,28,0,Afternoon,2026-01-28 15:00:00,65.56,80.92666666666668,83.17428571428572,80.06210361067504,7,2.75,WARNING,1
2026-01-29,Thursday,1,09:00 AM,Advanced DBMS,Akash Upadhayay,4,MCA,C,Lab 1,180,156,86.67,Practical,0,0,0,25,4,1,29,0,Morning,2026-01-29 09:00:00,69.44,71.48,80.07857142857142,80.04545454545455,1,18.0,SAFE,2
2026-01-29,Thursday,3,11:15 AM,Machine Learning,Prof. Patil,4,MCA,C,Auditorium,180,117,65.0,Theory,1,1,0,25,4,1,29,0,Morning,2026-01-29 11:15:00,86.67,73.89,80.15857142857143,80.05582159624413,2,2.25,WARNING,1
2026-01-30,Friday,1,09:00 AM,Web Development,Ishwari Gaikwad,4,MCA,C,Auditorium,180,125,69.44,Theory,0,0,0,26,4,1,30,0,Morning,2026-01-30 09:00:00,65.0,73.70333333333333,79.84142857142857,80.032296875,1,21.75,WARNING,1
2026-01-30,Friday,1,09:00 AM,Financial Management,Prof. Patil,4,MCA,C,Room 202,180,145,80.56,Theory,0,0,0,26,4,1,30,0,Morning,2026-01-30 09:00:00,69.44,73.70333333333333,76.19000000000001,80.01577223088924,2,24.0,SAFE,2
2026-01-30,Friday,3,11:15 AM,Machine Learning,Ishwari Gaikwad,2,MCA,C,Lab 2,180,171,95.0,Practical,0,0,0,26,4,1,30,0,Morning,2026-01-30 11:15:00,80.56,71.66666666666667,73.73,80.0166199376947,3,2.25,SAFE,2
2026-01-30,Friday,5,02:00 PM,Python Programming,Ishwari Gaikwad,2,MCA,C,Auditorium,180,160,88.89,Theory,0,0,0,26,4,1,30,0,Afternoon,2026-01-30 14:00:00,95.0,81.66666666666667,75.95285714285714,80.03992223950233,4,2.75,SAFE,2
2026-01-30,Friday,6,03:00 PM,Financial Management,Prof. Deshmukh,2,MCA,C,Room 202,180,119,66.11,Theory,1,1,0,26,4,1,30,0,Afternoon,2026-01-30 15:00:00,88.89,88.14999999999999,79.28571428571429,80.0536645962733,5,1.0,WARNING,1
2026-01-31,Saturday,5,02:00 PM,Advanced DBMS,Ishwari Gaikwad,4,MCA,C,Room 201,180,152,84.44,Theory,0,0,0,27,4,1,31,1,Afternoon,2026-01-31 14:00:00,66.11,83.33333333333333,78.80999999999999,80.03204651162791,1,23.0,SAFE,2
2026-01-31,Saturday,5,02:00 PM,Python Programming,Prof. Deshmukh,4,MCA,C,Room 201,180,160,88.89,Theory,0,0,0,27,4,1,31,1,Afternoon,2026-01-31 14:00:00,84.44,79.81333333333333,78.49142857142859,80.03886996904025,2,24.0,SAFE,2
2026-01-31,Saturday,6,03:00 PM,Web Development,Ishwari Gaikwad,4,MCA,C,Room 201,180,101,56.11,Theory,0,0,1,27,4,1,31,1,Afternoon,2026-01-31 15:00:00,88.89,79.81333333333333,81.90428571428572,80.05255023183926,3,1.0,WARNING,1
2026-02-01,Monday,2,10:00 AM,Python Programming,Ishwari Gaikwad,2,MCA,C,Room 202,180,138,76.67,Theory,0,0,0,28,4,2,1,0,Morning,2026-02-01 10:00:00,56.11,76.48,80.0,78.2709022556391,1,19.0,SAFE,2
2026-02-01,Monday,4,12:15 PM,Machine Learning,Prof. Patil,4,MCA,C,Room 202,180,100,55.56,Theory,0,0,1,28,4,2,1,0,Afternoon,2026-02-01 12:15:00,76.67,73.89,79.44428571428571,78.26789868667917,2,2.25,WARNING,1
2026-02-01,Monday,6,03:00 PM,HR Analytics,Akash Upadhayay,2,MCA,C,Auditorium,180,124,68.89,Theory,0,0,0,28,4,2,1,0,Afternoon,2026-02-01 15:00:00,55.56,62.78000000000001,73.81000000000002,78.2253745318352,3,2.75,WARNING,1
2026-02-01,Monday,6,03:00 PM,Web Development,Prof. Patil,4,MCA,C,Lab 1,180,133,73.89,Practical,0,0,0,28,4,2,1,0,Afternoon,2026-02-01 15:00:00,68.89,67.04,70.95285714285714,78.20792523364486,4,24.0,WARNING,1
2026-02-02,Monday,1,09:00 AM,HR Analytics,Prof. Deshmukh,4,MCA,C,Room 201,180,180,100.0,Theory,1,0,0,29,5,2,2,0,Morning,2026-02-02 09:00:00,73.89,66.11333333333333,72.06428571428572,78.19986940298507,1,18.0,SAFE,2
2026-02-02,Monday,5,02:00 PM,Financial Management,Prof. Deshmukh,2,MCA,C,Auditorium,180,131,72.78,Theory,0,0,0,29,5,2,2,0,Afternoon,2026-02-02 14:00:00,100.0,80.92666666666666,74.28714285714285,78.24046554934823,2,5.0,WARNING,1
2026-02-02,Monday,5,02:00 PM,Advanced DBMS,Akash Upadhayay,2,MCA,C,Lab 2,180,89,49.17,Practical,0,0,0,29,5,2,2,0,Afternoon,2026-02-02 14:00:00,72.78,82.22333333333333,71.9857142857143,78.23031598513012,3,24.0,CRITICAL,0
2026-02-02,Monday,5,02:00 PM,Python Programming,Ishwari Gaikwad,4,MCA,C,Room 201,180,147,81.67,Theory,0,0,0,29,5,2,2,0,Afternoon,2026-02-02 14:00:00,49.17,73.98333333333333,70.99428571428572,78.17640074211504,4,24.0,SAFE,2
2026-02-02,Monday,6,03:00 PM,Python Programming,Ishwari Gaikwad,2,MCA,C,Lab 2,180,99,55.0,Practical,1,0,0,29,5,2,2,0,Afternoon,2026-02-02 15:00:00,81.67,67.87333333333333,71.70857142857143,78.18287037037037,5,1.0,WARNING,1
2026-02-02,Monday,6,03:00 PM,Cloud Computing,Prof. Patil,4,MCA,C,Room 201,180,135,75.0,Theory,0,0,0,29,5,2,2,0,Afternoon,2026-02-02 15:00:00,55.0,61.946666666666665,71.62857142857142,78.14001848428836,6,24.0,WARNING,1
2026-02-03,Tuesday,2,10:00 AM,HR Analytics,Prof. Patil,2,MCA,C,Lab 2,180,153,85.0,Practical,1,0,0,30,5,2,3,0,Morning,2026-02-03 10:00:00,75.0,70.55666666666667,72.50142857142858,78.13422509225093,1,19.0,SAFE,2
2026-02-03,Tuesday,5,02:00 PM,Python Programming,Prof. Deshmukh,4,MCA,C,Room 201,180,98,54.44,Theory,1,1,1,30,5,2,3,0,Afternoon,2026-02-03 14:00:00,85.0,71.66666666666667,74.08857142857143,78.14686924493554,2,4.0,WARNING,1
2026-02-04,Wednesday,1,09:00 AM,Advanced DBMS,Prof. Kulkarni,4,MCA,C,Lab 1,180,146,81.11,Practical,0,0,0,31,5,2,4,0,Morning,2026-02-04 09:00:00,54.44,71.48,67.58000000000001,78.10329044117647,1,19.0,SAFE,2
2026-02-04,Wednesday,3,11:15 AM,Financial Management,Prof. Deshmukh,2,MCA,C,Room 202,180,162,90.0,Theory,0,0,0,31,5,2,4,0,Morning,2026-02-04 11:15:00,81.11,73.51666666666667,68.77,78.10880733944954,2,2.25,SAFE,2
2026-02-04,Wednesday,5,02:00 PM,Financial Management,Prof. Deshmukh,2,MCA,C,Auditorium,180,154,85.56,Theory,0,0,0,31,5,2,4,0,Afternoon,2026-02-04 14:00:00,90.0,75.18333333333334,74.60285714285715,78.13058608058608,3,2.75,SAFE,2
2026-02-05,Thursday,3,11:15 AM,Cloud Computing,Prof. Kulkarni,4,MCA,C,Room 202,180,159,88.33,Theory,0,0,0,32,5,2,5,0,Morning,2026-02-05 11:15:00,85.56,85.55666666666667,75.15857142857143,78.14416819012797,1,21.25,SAFE,2
2026-02-05,Thursday,4,12:15 PM,Cloud Computing,Prof. Sharma,2,MCA,C,Lab 1,180,150,83.33,Practical,1,0,0,32,5,2,5,0,Afternoon,2026-02-05 12:15:00,88.33,87.96333333333332,79.92,78.16275547445255,2,1.0,SAFE,2
2026-02-05,Thursday,5,02:00 PM,HR Analytics,Prof. Patil,2,MCA,C,Lab 2,180,130,72.22,Practical,1,0,0,32,5,2,5,0,Afternoon,2026-02-05 14:00:00,83.33,85.74,81.11,78.17216757741348,3,1.75,WARNING,1
2026-02-05,Thursday,6,03:00 PM,Python Programming,Prof. Patil,4,MCA,C,Room 201,180,180,100.0,Theory,0,0,0,32,5,2,5,0,Afternoon,2026-02-05 15:00:00,72.22,81.29333333333334,79.28428571428572,78.16134545454545,4,1.0,SAFE,2
2026-02-06,Friday,1,09:00 AM,Financial Management,Akash Upadhayay,2,MCA,C,Room 201,180,146,81.11,Theory,0,0,0,33,5,2,6,0,Morning,2026-02-06 09:00:00,100.0,85.18333333333334,85.79285714285713,78.20098003629764,1,18.0,SAFE,2
2026-02-06,Friday,3,11:15 AM,Machine Learning,Akash Upadhayay,4,MCA,C,Lab 2,180,146,81.11,Practical,1,0,0,33,5,2,6,0,Morning,2026-02-06 11:15:00,81.11,84.44333333333334,85.79285714285713,78.20625,2,2.25,SAFE,2
2026-02-06,Friday,5,02:00 PM,Cloud Computing,Akash Upadhayay,2,MCA,C,Room 201,180,164,91.11,Theory,0,0,0,33,5,2,6,0,Afternoon,2026-02-06 14:00:00,81.11,87.40666666666668,84.52285714285713,78.21150090415912,3,2.75,SAFE,2
2026-02-06,Friday,6,03:00 PM,Advanced DBMS,Akash Upadhayay,4,MCA,C,Room 202,180,149,82.78,Theory,0,0,0,33,5,2,6,0,Afternoon,2026-02-06 15:00:00,91.11,84.44333333333334,85.3157142857143,78.2347833935018,4,1.0,SAFE,2
2026-02-07,Saturday,1,09:00 AM,Web Development,Prof. Sharma,2,MCA,C,Lab 1,180,139,77.22,Practical,0,0,0,34,5,2,7,1,Morning,2026-02-07 09:00:00,82.78,85.0,84.52285714285713,78.24297297297296,1,18.0,SAFE,2
2026-02-07,Saturday,3,11:15 AM,Advanced DBMS,Prof. Deshmukh,2,MCA,C,Lab 2,180,156,86.67,Practical,0,0,0,34,5,2,7,1,Morning,2026-02-07 11:15:00,77.22,83.70333333333333,83.64999999999999,78.24113309352518,2,2.25,SAFE,2
2026-02-07,Saturday,3,11:15 AM,Cloud Computing,Prof. Patil,4,MCA,C,Lab 1,180,166,92.22,Practical,0,1,0,34,5,2,7,1,Morning,2026-02-07 11:15:00,86.67,82.22333333333334,85.71428571428571,78.2562657091562,3,24.0,SAFE,2
2026-02-07,Saturday,4,12:15 PM,Cloud Computing,Prof. Kulkarni,4,MCA,C,Lab 2,180,159,88.33,Practical,0,1,0,34,5,2,7,1,Afternoon,2026-02-07 12:15:00,92.22,85.37,84.60285714285715,78.28129032258065,4,1.0,SAFE,2
2026-02-07,Saturday,5,02:00 PM,Cloud Computing,Prof. Sharma,4,MCA,C,Room 201,180,109,60.56,Theory,0,1,0,34,5,2,7,1,Afternoon,2026-02-07 14:00:00,88.33,89.07333333333334,85.63428571428572,78.29926654740608,5,1.75,WARNING,1
2026-02-07,Saturday,6,03:00 PM,Advanced DBMS,Prof. Deshmukh,4,MCA,C,Lab 1,180,146,81.11,Practical,0,0,0,34,5,2,7,1,Afternoon,2026-02-07 15:00:00,60.56,80.36999999999999,82.69857142857143,78.26758928571428,6,1.0,SAFE,2
2026-02-08,Monday,2,10:00 AM,Financial Management,Prof. Sharma,2,MCA,C,Lab 1,180,168,93.33,Practical,0,0,0,35,5,2,8,0,Morning,2026-02-08 10:00:00,81.11,76.66666666666667,81.27,78.2726559714795,1,19.0,SAFE,2
2026-02-08,Monday,3,11:15 AM,Web Development,Ishwari Gaikwad,4,MCA,C,Lab 2,180,153,85.0,Practical,0,1,0,35,5,2,8,0,Morning,2026-02-08 11:15:00,93.33,78.33333333333333,82.77714285714286,78.29944839857652,2,1.25,SAFE,2
2026-02-08,Monday,4,12:15 PM,HR Analytics,Prof. Patil,4,MCA,C,Room 202,180,149,82.78,Theory,0,0,0,35,5,2,8,0,Afternoon,2026-02-08 12:15:00,85.0,86.48,83.88857142857144,78.31134991119005,3,1.0,SAFE,2
2026-02-08,Monday,4,12:15 PM,Web Development,Prof. Deshmukh,2,MCA,C,Room 201,180,144,80.0,Theory,0,0,0,35,5,2,8,0,Afternoon,2026-02-08 12:15:00,82.78,87.03666666666668,83.33285714285715,78.31927304964539,4,24.0,SAFE,2
2026-02-08,Monday,4,12:15 PM,Financial Management,Prof. Deshmukh,2,MCA,C,Lab 1,180,147,81.67,Practical,0,0,0,35,5,2,8,0,Afternoon,2026-02-08 12:15:00,80.0,82.59333333333333,81.58714285714287,78.32224778761062,5,24.0,SAFE,2
2026-02-08,Monday,5,02:00 PM,Python Programming,Prof. Patil,4,MCA,C,Lab 1,180,180,100.0,Practical,0,1,0,35,5,2,8,0,Afternoon,2026-02-08 14:00:00,81.67,81.48333333333333,80.63571428571429,78.3281625441696,6,1.75,SAFE,2
2026-02-08,Monday,5,02:00 PM,Machine Learning,Prof. Kulkarni,4,MCA,C,Room 201,180,128,71.11,Theory,0,1,0,35,5,2,8,0,Afternoon,2026-02-08 14:00:00,100.0,87.22333333333334,86.27,78.36638447971781,7,24.0,WARNING,1
2026-02-08,Monday,5,02:00 PM,Cloud Computing,Prof. Patil,2,MCA,C,Auditorium,180,145,80.56,Theory,0,0,0,35,5,2,8,0,Afternoon,2026-02-08 14:00:00,71.11,84.26,84.84142857142857,78.35360915492957,8,24.0,SAFE,2
2026-02-08,Monday,6,03:00 PM,Machine Learning,Prof. Sharma,4,MCA,C,Lab 2,180,136,75.56,Practical,0,0,0,35,5,2,8,0,Afternoon,2026-02-08 15:00:00,80.56,83.89,83.01714285714286,78.35748681898068,9,1.0,SAFE,2
2026-02-09,Monday,1,09:00 AM,Cloud Computing,Prof. Kulkarni,4,MCA,C,Auditorium,180,128,71.11,Theory,0,0,0,36,6,2,9,0,Morning,2026-02-09 09:00:00,75.56,75.74333333333334,81.66857142857144,78.35257894736843,1,18.0,WARNING,1
2026-02-09,Monday,1,09:00 AM,Web Development,Prof. Kulkarni,4,MCA,C,Lab 1,180,112,62.22,Practical,0,0,0,36,6,2,9,0,Morning,2026-02-09 09:00:00,71.11,75.74333333333334,80.00142857142858,78.33989492119089,2,24.0,WARNING,1
2026-02-09,Monday,4,12:15 PM,Cloud Computing,Prof. Kulkarni,4,MCA,C,Room 201,180,118,65.56,Theory,1,0,0,36,6,2,9,0,Afternoon,2026-02-09 12:15:00,62.22,69.63,77.46142857142857,78.31171328671329,3,3.25,WARNING,1
2026-02-09,Monday,6,03:00 PM,Web Development,Prof. Kulkarni,4,MCA,C,Lab 1,180,128,71.11,Practical,0,0,0,36,6,2,9,0,Afternoon,2026-02-09 15:00:00,65.56,66.29666666666667,75.16,78.28945898778359,4,2.75,WARNING,1
2026-02-10,Tuesday,1,09:00 AM,Web Development,Prof. Deshmukh,4,MCA,C,Room 201,180,131,72.78,Theory,0,0,0,37,6,2,10,0,Morning,2026-02-10 09:00:00,71.11,66.29666666666667,71.03285714285714,78.2769512195122,1,18.0,WARNING,1
2026-02-10,Tuesday,2,10:00 AM,Web Development,Prof. Sharma,4,MCA,C,Room 201,180,176,97.78,Theory,0,0,0,37,6,2,10,0,Morning,2026-02-10 10:00:00,72.78,69.81666666666666,71.27142857142857,78.26739130434783,2,1.0,SAFE,2
2026-02-10,Tuesday,3,11:15 AM,Financial Management,Prof. Kulkarni,4,MCA,C,Lab 1,180,176,97.78,Practical,0,0,0,37,6,2,10,0,Morning,2026-02-10 11:15:00,97.78,80.55666666666667,73.73142857142857,78.30126736111112,3,1.25,SAFE,2
2026-02-10,Tuesday,6,03:00 PM,Python Programming,Prof. Deshmukh,4,MCA,C,Lab 1,180,170,94.44,Practical,0,0,0,37,6,2,10,0,Afternoon,2026-02-10 15:00:00,97.78,89.44666666666666,76.9057142857143,78.33502599653379,4,3.75,SAFE,2
2026-02-11,Wednesday,1,09:00 AM,Financial Management,Prof. Deshmukh,2,MCA,C,Lab 1,180,153,85.0,Practical,0,1,0,38,6,2,11,0,Morning,2026-02-11 09:00:00,94.44,96.66666666666667,80.23857142857142,78.3628892733564,1,18.0,SAFE,2
2026-02-11,Wednesday,1,09:00 AM,Advanced DBMS,Akash Upadhayay,2,MCA,C,Lab 1,180,140,77.78,Practical,0,1,0,38,6,2,11,0,Morning,2026-02-11 09:00:00,85.0,92.40666666666665,83.49285714285715,78.37435233160622,2,24.0,SAFE,2
2026-02-11,Wednesday,6,03:00 PM,Financial Management,Prof. Deshmukh,2,MCA,C,Room 201,180,131,72.78,Theory,0,0,0,38,6,2,11,0,Afternoon,2026-02-11 15:00:00,77.78,85.74000000000001,85.23857142857142,78.3733275862069,3,6.0,WARNING,1
2026-02-12,Thursday,1,09:00 AM,Machine Learning,Prof. Deshmukh,2,MCA,C,Lab 1,180,133,73.89,Practical,1,0,0,39,6,2,12,0,Morning,2026-02-12 09:00:00,72.78,78.52,85.47714285714285,78.36370051635112,1,18.0,WARNING,1
2026-02-12,Thursday,2,10:00 AM,HR Analytics,Prof. Kulkarni,2,MCA,C,Room 201,180,148,82.22,Theory,0,0,0,39,6,2,12,0,Morning,2026-02-12 10:00:00,73.89,74.81666666666668,85.63571428571427,78.35601374570446,2,1.0,SAFE,2
2026-02-12,Thursday,3,11:15 AM,Advanced DBMS,Prof. Sharma,2,MCA,C,Room 201,180,129,71.67,Theory,0,0,1,39,6,2,12,0,Morning,2026-02-12 11:15:00,82.22,76.29666666666667,83.41285714285713,78.36264150943396,3,1.25,WARNING,1
2026-02-12,Thursday,3,11:15 AM,Advanced DBMS,Prof. Patil,4,MCA,C,Auditorium,180,141,78.33,Theory,1,0,0,39,6,2,12,0,Morning,2026-02-12 11:15:00,71.67,75.92666666666668,79.68285714285715,78.35118150684931,4,24.0,SAFE,2
2026-02-12,Thursday,4,12:15 PM,Python Programming,Ishwari Gaikwad,4,MCA,C,Auditorium,180,119,66.11,Theory,0,0,1,39,6,2,12,0,Afternoon,2026-02-12 12:15:00,78.33,77.40666666666667,77.38142857142857,78.3511452991453,5,1.0,WARNING,1
2026-02-12,Thursday,4,12:15 PM,Cloud Computing,Prof. Kulkarni,2,MCA,C,Room 201,180,172,95.56,Theory,0,1,0,39,6,2,12,0,Afternoon,2026-02-12 12:15:00,66.11,72.03666666666668,74.68285714285715,78.33025597269625,6,24.0,SAFE,2
2026-02-12,Thursday,5,02:00 PM,Web Development,Prof. Deshmukh,4,MCA,C,Auditorium,180,159,88.33,Theory,0,0,0,39,6,2,12,0,Afternoon,2026-02-12 14:00:00,95.56,80.0,77.22285714285714,78.35960817717205,7,1.75,SAFE,2
2026-02-13,Friday,1,09:00 AM,Machine Learning,Prof. Patil,4,MCA,C,Lab 2,180,151,83.89,Practical,0,0,0,40,6,2,13,0,Morning,2026-02-13 09:00:00,88.33,83.33333333333333,79.44428571428571,78.37656462585034,1,19.0,SAFE,2
2026-02-13,Friday,2,10:00 AM,Web Development,Ishwari Gaikwad,2,MCA,C,Lab 2,180,148,82.22,Practical,0,0,0,40,6,2,13,0,Morning,2026-02-13 10:00:00,83.89,89.25999999999999,80.87285714285714,78.38592529711374,2,1.0,SAFE,2
2026-02-13,Friday,3,11:15 AM,HR Analytics,Prof. Kulkarni,2,MCA,C,Room 202,180,135,75.0,Theory,0,1,1,40,6,2,13,0,Morning,2026-02-13 11:15:00,82.22,84.81333333333333,80.87285714285714,78.39242372881355,3,1.25,WARNING,1
2026-02-13,Friday,3,11:15 AM,Python Programming,Prof. Kulkarni,4,MCA,C,Lab 1,180,150,83.33,Practical,0,0,0,40,6,2,13,0,Morning,2026-02-13 11:15:00,75.0,80.37,81.34857142857143,78.38668358714044,4,24.0,SAFE,2
2026-02-13,Friday,4,12:15 PM,Cloud Computing,Akash Upadhayay,2,MCA,C,Auditorium,180,180,100.0,Theory,0,0,0,40,6,2,13,0,Afternoon,2026-02-13 12:15:00,83.33,80.18333333333334,82.06285714285715,78.39503378378379,5,1.0,SAFE,2
2026-02-13,Friday,6,03:00 PM,Machine Learning,Prof. Kulkarni,2,MCA,C,Room 202,180,132,73.33,Theory,0,0,0,40,6,2,13,0,Afternoon,2026-02-13 15:00:00,100.0,86.11,86.90428571428572,78.43146711635751,6,2.75,WARNING,1
2026-02-14,Saturday,1,09:00 AM,HR Analytics,Prof. Sharma,2,MCA,C,Auditorium,180,89,49.17,Theory,1,1,0,41,6,2,14,1,Morning,2026-02-14 09:00:00,73.33,85.55333333333333,83.72857142857141,78.42287878787879,1,18.0,CRITICAL,0
2026-02-14,Saturday,5,02:00 PM,Web Development,Prof. Kulkarni,4,MCA,C,Lab 1,180,166,92.22,Practical,0,1,0,41,6,2,14,1,Afternoon,2026-02-14 14:00:00,49.17,74.16666666666667,78.13428571428572,78.37371428571429,2,5.0,SAFE,2
2026-02-14,Saturday,6,03:00 PM,Python Programming,Prof. Patil,2,MCA,C,Lab 2,180,155,86.11,Practical,0,0,0,41,6,2,14,1,Afternoon,2026-02-14 15:00:00,92.22,71.57333333333334,79.32428571428571,78.39694630872484,3,1.0,SAFE,2
2026-02-15,Monday,1,09:00 AM,Cloud Computing,Prof. Deshmukh,2,MCA,C,Lab 2,180,124,68.89,Practical,0,0,0,42,6,2,15,0,Morning,2026-02-15 09:00:00,86.11,75.83333333333333,79.88,78.40986599664993,1,18.0,WARNING,1
2026-02-15,Monday,3,11:15 AM,Advanced DBMS,Prof. Patil,4,MCA,C,Lab 1,180,134,74.44,Practical,0,0,0,42,6,2,15,0,Morning,2026-02-15 11:15:00,68.89,82.40666666666667,79.00714285714285,78.39394648829432,2,2.25,WARNING,1
2026-02-15,Monday,4,12:15 PM,Advanced DBMS,Prof. Sharma,2,MCA,C,Room 201,180,136,75.56,Theory,0,0,0,42,6,2,15,0,Afternoon,2026-02-15 12:15:00,74.44,76.48,77.73714285714286,78.38734557595993,3,1.0,SAFE,2
2026-02-15,Monday,5,02:00 PM,Web Development,Prof. Sharma,2,MCA,C,Auditorium,180,123,68.33,Theory,0,0,0,42,6,2,15,0,Afternoon,2026-02-15 14:00:00,75.56,72.96333333333332,74.24571428571429,78.38263333333333,4,1.75,WARNING,1
2026-02-15,Monday,6,03:00 PM,HR Analytics,Prof. Kulkarni,4,MCA,C,Room 201,180,111,61.67,Theory,0,1,1,42,6,2,15,0,Afternoon,2026-02-15 15:00:00,68.33,72.77666666666666,73.53142857142858,78.3659068219634,5,1.0,WARNING,1
2026-02-16,Monday,1,09:00 AM,Python Programming,Prof. Patil,2,MCA,C,Room 202,180,132,73.33,Theory,0,0,0,43,7,2,16,0,Morning,2026-02-16 09:00:00,61.67,68.52,75.31714285714285,78.33817275747509,1,18.0,WARNING,1
2026-02-16,Monday,3,11:15 AM,Python Programming,Akash Upadhayay,4,MCA,C,Room 201,180,127,70.56,Theory,1,0,0,43,7,2,16,0,Morning,2026-02-16 11:15:00,73.33,67.77666666666666,72.61857142857143,78.32986733001658,2,2.25,WARNING,1
2026-02-16,Monday,3,11:15 AM,Advanced DBMS,Prof. Kulkarni,4,MCA,C,Lab 2,180,171,95.0,Practical,0,0,0,43,7,2,16,0,Morning,2026-02-16 11:15:00,70.56,68.52,70.39714285714287,78.31700331125828,3,24.0,SAFE,2
2026-02-17,Tuesday,1,09:00 AM,Financial Management,Prof. Sharma,4,MCA,C,Lab 2,180,126,70.0,Practical,1,0,0,44,7,2,17,0,Morning,2026-02-17 09:00:00,95.0,79.63,74.12714285714286,78.3445785123967,1,21.75,WARNING,1
2026-02-17,Tuesday,3,11:15 AM,Advanced DBMS,Prof. Kulkarni,2,MCA,C,Room 202,180,165,91.67,Theory,0,0,0,44,7,2,17,0,Morning,2026-02-17 11:15:00,70.0,78.52,73.49285714285715,78.33080858085809,2,2.25,SAFE,2
2026-02-17,Tuesday,4,12:15 PM,Cloud Computing,Prof. Sharma,4,MCA,C,Auditorium,180,138,76.67,Theory,1,0,0,44,7,2,17,0,Afternoon,2026-02-17 12:15:00,91.67,85.55666666666667,75.7942857142857,78.35278418451401,3,1.0,SAFE,2
2026-02-17,Tuesday,4,12:15 PM,Python Programming,Akash Upadhayay,2,MCA,C,Auditorium,180,144,80.0,Theory,0,0,0,44,7,2,17,0,Afternoon,2026-02-17 12:15:00,76.67,79.44666666666667,76.98571428571428,78.35001644736842,4,24.0,SAFE,2
2026-02-17,Tuesday,6,03:00 PM,HR Analytics,Prof. Patil,4,MCA,C,Lab 1,180,135,75.0,Practical,0,0,0,44,7,2,17,0,Afternoon,2026-02-17 15:00:00,80.0,82.78000000000002,79.60428571428572,78.35272577996716,5,2.75,WARNING,1
2026-02-18,Wednesday,2,10:00 AM,Web Development,Prof. Sharma,2,MCA,C,Lab 1,180,149,82.78,Practical,0,0,0,45,7,2,18,0,Morning,2026-02-18 10:00:00,75.0,77.22333333333334,79.84285714285714,78.34722950819672,1,19.0,SAFE,2
2026-02-18,Wednesday,3,11:15 AM,Python Programming,Prof. Deshmukh,2,MCA,C,Lab 1,180,163,90.56,Practical,0,1,0,45,7,2,18,0,Morning,2026-02-18 11:15:00,82.78,79.25999999999999,81.58857142857143,78.35448445171849,2,1.25,SAFE,2
2026-02-18,Wednesday,3,11:15 AM,Cloud Computing,Prof. Deshmukh,4,MCA,C,Auditorium,180,133,73.89,Theory,0,1,0,45,7,2,18,0,Morning,2026-02-18 11:15:00,90.56,82.77999999999999,80.95428571428572,78.37442810457516,3,24.0,WARNING,1
2026-02-18,Wednesday,5,02:00 PM,Advanced DBMS,Prof. Kulkarni,4,MCA,C,Room 202,180,158,87.78,Theory,0,0,0,45,7,2,18,0,Afternoon,2026-02-18 14:00:00,73.89,82.41,81.51,78.36711256117455,4,2.75,SAFE,2
2026-02-18,Wednesday,5,02:00 PM,Machine Learning,Akash Upadhayay,4,MCA,C,Lab 2,180,171,95.0,Practical,0,1,0,45,7,2,18,0,Afternoon,2026-02-18 14:00:00,87.78,84.07666666666667,80.9542857142857,78.38244299674267,5,24.0,SAFE,2
2026-02-18,Wednesday,6,03:00 PM,Python Programming,Prof. Patil,4,MCA,C,Lab 2,180,158,87.78,Practical,0,0,0,45,7,2,18,0,Afternoon,2026-02-18 15:00:00,95.0,85.55666666666667,83.57285714285715,78.40946341463415,6,1.0,SAFE,2
2026-02-19,Thursday,2,10:00 AM,Machine Learning,Ishwari Gaikwad,4,MCA,C,Lab 2,180,155,86.11,Practical,0,0,0,46,7,2,19,0,Morning,2026-02-19 10:00:00,87.78,90.18666666666667,84.68428571428572,78.42467532467532,1,19.0,SAFE,2
2026-02-19,Thursday,2,10:00 AM,Financial Management,Ishwari Gaikwad,2,MCA,C,Room 201,180,145,80.56,Theory,0,0,0,46,7,2,19,0,Morning,2026-02-19 10:00:00,86.11,89.63,86.27142857142859,78.43713128038898,2,24.0,SAFE,2
2026-02-19,Thursday,3,11:15 AM,Financial Management,Prof. Sharma,4,MCA,C,Lab 2,180,151,83.89,Practical,0,0,0,46,7,2,19,0,Morning,2026-02-19 11:15:00,80.56,84.81666666666666,85.95428571428572,78.44056634304206,3,1.25,SAFE,2
2026-02-19,Thursday,5,02:00 PM,Web Development,Prof. Kulkarni,2,MCA,C,Room 202,180,156,86.67,Theory,0,0,0,46,7,2,19,0,Afternoon,2026-02-19 14:00:00,83.89,83.52,85.00142857142858,78.44936995153473,4,2.75,SAFE,2
2026-02-20,Friday,1,09:00 AM,Python Programming,Prof. Kulkarni,2,MCA,C,Lab 2,180,151,83.89,Practical,0,0,0,47,7,2,20,0,Morning,2026-02-20 09:00:00,86.67,83.70666666666666,86.82714285714285,78.46262903225806,1,19.0,SAFE,2
2026-02-20,Friday,2,10:00 AM,Cloud Computing,Prof. Deshmukh,4,MCA,C,Room 201,180,127,70.56,Theory,0,0,1,47,7,2,20,0,Morning,2026-02-20 10:00:00,83.89,84.81666666666666,86.27142857142859,78.47136876006441,2,1.0,WARNING,1
2026-02-20,Friday,4,12:15 PM,Advanced DBMS,Ishwari Gaikwad,4,MCA,C,Auditorium,180,166,92.22,Theory,0,1,0,47,7,2,20,0,Afternoon,2026-02-20 12:15:00,70.56,80.37333333333333,82.78,78.45864951768489,3,2.25,SAFE,2
2026-02-20,Friday,6,03:00 PM,Cloud Computing,Akash Upadhayay,4,MCA,C,Auditorium,180,114,63.33,Theory,1,0,0,47,7,2,20,0,Afternoon,2026-02-20 15:00:00,92.22,82.22333333333333,83.41428571428571,78.48073836276083,4,2.75,WARNING,1
2026-02-21,Saturday,1,09:00 AM,Web Development,Prof. Deshmukh,2,MCA,C,Auditorium,180,89,49.17,Theory,0,0,0,48,7,2,21,1,Morning,2026-02-21 09:00:00,63.33,75.37,80.16,78.45645833333333,1,18.0,CRITICAL,0
2026-02-21,Saturday,2,10:00 AM,Web Development,Akash Upadhayay,4,MCA,C,Room 202,180,129,71.67,Theory,0,0,0,48,7,2,21,1,Morning,2026-02-21 10:00:00,49.17,68.24,75.67571428571429,78.4096,2,1.0,WARNING,1
2026-02-21,Saturday,3,11:15 AM,Python Programming,Ishwari Gaikwad,2,MCA,C,Room 202,180,107,59.44,Theory,0,0,1,48,7,2,21,1,Morning,2026-02-21 11:15:00,71.67,61.39000000000001,73.92999999999999,78.3988338658147,3,1.25,WARNING,1
2026-02-21,Saturday,4,12:15 PM,Python Programming,Prof. Kulkarni,4,MCA,C,Lab 2,180,158,87.78,Practical,0,0,0,48,7,2,21,1,Afternoon,2026-02-21 12:15:00,59.44,60.093333333333334,70.03999999999999,78.36859649122808,4,1.0,SAFE,2
2026-02-21,Saturday,5,02:00 PM,Cloud Computing,Ishwari Gaikwad,4,MCA,C,Room 202,180,113,62.78,Theory,1,0,0,48,7,2,21,1,Afternoon,2026-02-21 14:00:00,87.78,72.96333333333334,70.5957142857143,78.38358280254776,5,1.75,WARNING,1
2026-02-21,Saturday,5,02:00 PM,Web Development,Prof. Sharma,4,MCA,C,Auditorium,180,159,88.33,Theory,0,0,0,48,7,2,21,1,Afternoon,2026-02-21 14:00:00,62.78,70.0,69.48428571428572,78.35877583465819,6,24.0,SAFE,2
2026-02-22,Monday,1,09:00 AM,Cloud Computing,Prof. Sharma,4,MCA,C,Auditorium,180,124,68.89,Theory,0,0,0,49,7,2,22,0,Morning,2026-02-22 09:00:00,88.33,79.63,68.92857142857143,78.37460317460318,1,19.0,WARNING,1
2026-02-22,Monday,2,10:00 AM,HR Analytics,Akash Upadhayay,2,MCA,C,Room 201,180,111,61.67,Theory,0,1,1,49,7,2,22,0,Morning,2026-02-22 10:00:00,68.89,73.33333333333333,69.72285714285714,78.35957210776544,2,1.0,WARNING,1
2026-02-22,Monday,3,11:15 AM,HR Analytics,Prof. Patil,2,MCA,C,Lab 2,180,170,94.44,Practical,0,0,0,49,7,2,22,0,Morning,2026-02-22 11:15:00,61.67,72.96333333333332,71.50857142857143,78.33316455696202,3,1.25,SAFE,2
2026-02-22,Monday,3,11:15 AM,Web Development,Prof. Kulkarni,2,MCA,C,Room 202,180,149,82.78,Theory,0,1,0,49,7,2,22,0,Morning,2026-02-22 11:15:00,94.44,75.0,74.76142857142857,78.35860979462875,4,24.0,SAFE,2
2026-02-22,Monday,3,11:15 AM,Cloud Computing,Prof. Deshmukh,4,MCA,C,Room 201,180,149,82.78,Theory,0,0,0,49,7,2,22,0,Morning,2026-02-22 11:15:00,82.78,79.63,78.0957142857143,78.3655835962145,5,24.0,SAFE,2
2026-02-22,Monday,5,02:00 PM,Web Development,Ishwari Gaikwad,2,MCA,C,Lab 2,180,130,72.22,Practical,1,0,0,49,7,2,22,0,Afternoon,2026-02-22 14:00:00,82.78,86.66666666666667,77.38142857142857,78.37253543307087,6,2.75,WARNING,1
2026-02-22,Monday,6,03:00 PM,HR Analytics,Prof. Sharma,2,MCA,C,Room 202,180,131,72.78,Theory,0,0,0,49,7,2,22,0,Afternoon,2026-02-22 15:00:00,72.22,79.25999999999999,78.73,78.36286163522013,7,1.0,WARNING,1
2026-02-22,Monday,6,03:00 PM,Python Programming,Prof. Deshmukh,4,MCA,C,Lab 2,180,123,68.33,Practical,0,0,0,49,7,2,22,0,Afternoon,2026-02-22 15:00:00,72.78,75.92666666666668,76.50857142857141,78.35409733124018,8,24.0,WARNING,1
2026-02-23,Monday,1,09:00 AM,Python Programming,Prof. Patil,4,MCA,C,Auditorium,180,114,63.33,Theory,0,0,0,50,8,2,23,0,Morning,2026-02-23 09:00:00,68.33,71.11,76.42857142857143,78.33838557993731,1,18.0,WARNING,1
2026-02-23,Monday,3,11:15 AM,Financial Management,Ishwari Gaikwad,2,MCA,C,Room 202,180,115,63.89,Theory,0,0,1,50,8,2,23,0,Morning,2026-02-23 11:15:00,63.33,68.14666666666666,76.66571428571429,78.31489827856025,2,2.25,WARNING,1
2026-02-23,Monday,4,12:15 PM,HR Analytics,Prof. Sharma,4,MCA,C,Auditorium,180,141,78.33,Theory,0,0,0,50,8,2,23,0,Afternoon,2026-02-23 12:15:00,63.89,65.18333333333332,72.30142857142857,78.292359375,3,1.0,SAFE,2
2026-02-23,Monday,5,02:00 PM,Financial Management,Prof. Deshmukh,4,MCA,C,Room 201,180,153,85.0,Theory,0,0,0,50,8,2,23,0,Afternoon,2026-02-23 14:00:00,78.33,68.51666666666667,71.66571428571429,78.29241809672388,4,1.75,SAFE,2
2026-02-23,Monday,5,02:00 PM,Python Programming,Prof. Kulkarni,4,MCA,C,Auditorium,180,127,70.56,Theory,0,0,0,50,8,2,23,0,Afternoon,2026-02-23 14:00:00,85.0,75.74000000000001,71.98285714285714,78.3028660436137,5,24.0,WARNING,1
2026-02-23,Monday,5,02:00 PM,Cloud Computing,Prof. Deshmukh,4,MCA,C,Lab 2,180,132,73.33,Practical,0,0,0,50,8,2,23,0,Afternoon,2026-02-23 14:00:00,70.56,77.96333333333332,71.74571428571429,78.29082426127528,6,24.0,WARNING,1
2026-02-23,Monday,6,03:00 PM,Advanced DBMS,Prof. Patil,4,MCA,C,Room 202,180,96,53.33,Theory,0,0,1,50,8,2,23,0,Afternoon,2026-02-23 15:00:00,73.33,76.29666666666667,71.82428571428571,78.28312111801243,7,1.0,WARNING,1
2026-02-24,Tuesday,2,10:00 AM,Python Programming,Prof. Patil,2,MCA,C,Room 201,180,144,80.0,Theory,1,0,0,51,8,2,24,0,Morning,2026-02-24 10:00:00,53.33,65.74,69.68142857142857,78.24443410852713,1,19.0,SAFE,2
2026-02-24,Tuesday,3,11:15 AM,Advanced DBMS,Prof. Patil,2,MCA,C,Lab 1,180,152,84.44,Practical,0,0,0,51,8,2,24,0,Morning,2026-02-24 11:15:00,80.0,68.88666666666667,72.06285714285714,78.24715170278638,2,1.25,SAFE,2
2026-02-24,Tuesday,5,02:00 PM,Cloud Computing,Prof. Patil,2,MCA,C,Room 201,180,176,97.78,Theory,0,0,0,51,8,2,24,0,Afternoon,2026-02-24 14:00:00,84.44,72.58999999999999,74.99857142857142,78.25672333848532,3,2.75,SAFE,2
2026-02-24,Tuesday,6,03:00 PM,Financial Management,Prof. Sharma,2,MCA,C,Room 201,180,135,75.0,Theory,0,0,0,51,8,2,24,0,Afternoon,2026-02-24 15:00:00,97.78,87.40666666666668,77.77714285714285,78.28685185185185,4,1.0,WARNING,1
2026-02-25,Wednesday,2,10:00 AM,Python Programming,Prof. Kulkarni,4,MCA,C,Lab 1,180,140,77.78,Practical,0,1,0,52,8,2,25,0,Morning,2026-02-25 10:00:00,75.0,85.74000000000001,76.34857142857142,78.2817873651772,1,19.0,SAFE,2
2026-02-25,Wednesday,2,10:00 AM,HR Analytics,Prof. Patil,4,MCA,C,Room 202,180,158,87.78,Theory,0,0,0,52,8,2,25,0,Morning,2026-02-25 10:00:00,77.78,83.52,77.38,78.28101538461539,2,24.0,SAFE,2
2026-02-25,Wednesday,3,11:15 AM,HR Analytics,Prof. Patil,4,MCA,C,Lab 1,180,164,91.11,Practical,0,0,0,52,8,2,25,0,Morning,2026-02-25 11:15:00,87.78,80.18666666666667,79.44428571428571,78.29560675883256,3,1.25,SAFE,2
2026-02-25,Wednesday,3,11:15 AM,Advanced DBMS,Ishwari Gaikwad,2,MCA,C,Room 201,180,159,88.33,Theory,0,1,0,52,8,2,25,0,Morning,2026-02-25 11:15:00,91.11,85.55666666666667,84.84142857142857,78.31526073619632,4,24.0,SAFE,2
2026-02-25,Wednesday,4,12:15 PM,HR Analytics,Ishwari Gaikwad,2,MCA,C,Lab 2,180,89,49.17,Practical,0,0,0,52,8,2,25,0,Afternoon,2026-02-25 12:15:00,88.33,89.07333333333334,86.03142857142858,78.33059724349157,5,1.0,CRITICAL,0
2026-02-25,Wednesday,4,12:15 PM,HR Analytics,Akash Upadhayay,2,MCA,C,Room 201,180,134,74.44,Theory,1,0,0,52,8,2,25,0,Afternoon,2026-02-25 12:15:00,49.17,76.20333333333333,80.99285714285713,78.28600917431193,6,24.0,WARNING,1
2026-02-25,Wednesday,5,02:00 PM,Financial Management,Akash Upadhayay,4,MCA,C,Room 201,180,158,87.78,Theory,0,0,0,52,8,2,25,0,Afternoon,2026-02-25 14:00:00,74.44,70.64666666666666,77.65857142857143,78.28013740458015,7,1.75,SAFE,2
2026-02-26,Thursday,1,09:00 AM,HR Analytics,Prof. Kulkarni,2,MCA,C,Room 201,180,103,57.22,Theory,0,1,1,53,8,2,26,0,Morning,2026-02-26 09:00:00,87.78,70.46333333333332,79.48428571428572,78.29461890243903,1,19.0,WARNING,1
2026-02-26,Thursday,1,09:00 AM,Cloud Computing,Prof. Patil,4,MCA,C,Auditorium,180,163,90.56,Theory,0,0,0,53,8,2,26,0,Morning,2026-02-26 09:00:00,57.22,73.14666666666666,76.54714285714286,78.26254185692541,2,24.0,SAFE,2
2026-02-26,Thursday,2,10:00 AM,Advanced DBMS,Ishwari Gaikwad,4,MCA,C,Lab 2,180,176,97.78,Practical,0,0,0,53,8,2,26,0,Morning,2026-02-26 10:00:00,90.56,78.52,76.94428571428571,78.28123100303952,3,1.0,SAFE,2
2026-02-26,Thursday,3,11:15 AM,Python Programming,Prof. Patil,2,MCA,C,Auditorium,180,170,94.44,Theory,0,0,0,53,8,2,26,0,Morning,2026-02-26 11:15:00,97.78,81.85333333333334,77.89714285714285,78.31081942336874,4,1.25,SAFE,2
2026-02-26,Thursday,4,12:15 PM,Machine Learning,Prof. Kulkarni,4,MCA,C,Room 202,180,106,58.89,Theory,0,0,1,53,8,2,26,0,Afternoon,2026-02-26 12:15:00,94.44,94.25999999999999,78.77,78.33525757575757,5,1.0,WARNING,1
2026-02-26,Thursday,6,03:00 PM,Web Development,Prof. Deshmukh,4,MCA,C,Room 201,180,136,75.56,Theory,0,0,0,53,8,2,26,0,Afternoon,2026-02-26 15:00:00,58.89,83.70333333333333,80.15857142857143,78.30583963691377,6,2.75,SAFE,2
2026-02-27,Friday,2,10:00 AM,Financial Management,Ishwari Gaikwad,4,MCA,C,Lab 1,180,137,76.11,Practical,0,1,0,54,8,2,27,0,Morning,2026-02-27 10:00:00,75.56,76.29666666666667,80.31857142857143,78.3016918429003,1,19.0,SAFE,2
2026-02-27,Friday,2,10:00 AM,Machine Learning,Prof. Kulkarni,2,MCA,C,Lab 1,180,126,70.0,Practical,0,0,1,54,8,2,27,0,Morning,2026-02-27 10:00:00,76.11,70.18666666666667,78.65142857142857,78.29838612368025,2,24.0,WARNING,1
2026-02-27,Friday,3,11:15 AM,Python Programming,Prof. Sharma,4,MCA,C,Room 202,180,150,83.33,Theory,0,0,0,54,8,2,27,0,Morning,2026-02-27 11:15:00,70.0,73.89,80.47714285714285,78.28588855421687,3,1.25,SAFE,2
2026-02-27,Friday,6,03:00 PM,Python Programming,Prof. Patil,4,MCA,C,Room 202,180,116,64.44,Theory,0,0,1,54,8,2,27,0,Afternoon,2026-02-27 15:00:00,83.33,76.48,79.44428571428571,78.29347368421053,4,3.75,WARNING,1
2026-02-27,Friday,6,03:00 PM,Machine Learning,Prof. Kulkarni,4,MCA,C,Room 201,180,104,57.78,Theory,1,0,0,54,8,2,27,0,Afternoon,2026-02-27 15:00:00,64.44,72.58999999999999,74.68142857142857,78.27267267267267,5,24.0,WARNING,1
2026-02-28,Saturday,1,09:00 AM,Machine Learning,Prof. Kulkarni,2,MCA,C,Auditorium,180,105,58.33,Theory,0,0,0,55,8,2,28,1,Morning,2026-02-28 09:00:00,57.78,68.51666666666667,69.44428571428571,78.24194902548726,1,18.0,WARNING,1
2026-02-28,Saturday,1,09:00 AM,Python Programming,Prof. Sharma,4,MCA,C,Lab 2,180,147,81.67,Practical,0,1,0,55,8,2,28,1,Morning,2026-02-28 09:00:00,58.33,60.18333333333334,69.36428571428571,78.21214071856288,2,24.0,SAFE,2
2026-02-28,Saturday,2,10:00 AM,Advanced DBMS,Ishwari Gaikwad,2,MCA,C,Room 201,180,145,80.56,Theory,0,0,0,55,8,2,28,1,Morning,2026-02-28 10:00:00,81.67,65.92666666666666,70.23714285714286,78.21730941704035,3,1.0,SAFE,2
2026-02-28,Saturday,2,10:00 AM,Web Development,Prof. Deshmukh,4,MCA,C,Lab 1,180,155,86.11,Practical,0,0,0,55,8,2,28,1,Morning,2026-02-28 10:00:00,80.56,73.52,70.87285714285714,78.22080597014926,4,24.0,SAFE,2
2026-02-28,Saturday,3,11:15 AM,Python Programming,Akash Upadhayay,4,MCA,C,Lab 1,180,111,61.67,Practical,0,1,1,55,8,2,28,1,Morning,2026-02-28 11:15:00,86.11,82.78000000000002,73.17428571428572,78.23256333830105,5,1.25,WARNING,1
2026-03-01,Monday,1,09:00 AM,Python Programming,Ishwari Gaikwad,2,MCA,C,Room 201,180,112,62.22,Theory,0,0,0,56,8,3,1,0,Morning,2026-03-01 09:00:00,61.67,76.11333333333333,70.08,78.26124378109452,1,21.75,WARNING,1
2026-03-01,Monday,1,09:00 AM,Machine Learning,Prof. Sharma,4,MCA,C,Room 202,180,119,66.11,Theory,0,0,0,56,8,3,1,0,Morning,2026-03-01 09:00:00,62.22,70.0,69.76285714285714,78.23468543046357,2,24.0,WARNING,1
2026-03-01,Monday,2,10:00 AM,Advanced DBMS,Prof. Patil,2,MCA,C,Room 202,180,149,82.78,Theory,0,0,0,56,8,3,1,0,Morning,2026-03-01 10:00:00,66.11,63.333333333333336,70.95285714285714,78.21464462809918,3,1.0,SAFE,2
2026-03-01,Monday,3,11:15 AM,Python Programming,Prof. Patil,4,MCA,C,Room 202,180,180,100.0,Theory,0,0,1,56,8,3,1,0,Morning,2026-03-01 11:15:00,82.78,70.36999999999999,74.44571428571429,78.22217821782178,4,1.25,SAFE,2
2026-03-01,Monday,5,02:00 PM,Machine Learning,Prof. Deshmukh,4,MCA,C,Room 202,180,180,100.0,Theory,0,0,0,56,8,3,1,0,Afternoon,2026-03-01 14:00:00,100.0,82.96333333333332,77.06428571428572,78.25805601317957,5,2.75,SAFE,2
2026-03-01,Monday,5,02:00 PM,Python Programming,Prof. Patil,4,MCA,C,Lab 2,180,155,86.11,Practical,0,0,0,56,8,3,1,0,Afternoon,2026-03-01 14:00:00,100.0,94.25999999999999,79.84142857142857,78.29381578947368,6,24.0,SAFE,2
2026-03-01,Monday,6,03:00 PM,Financial Management,Akash Upadhayay,2,MCA,C,Lab 2,180,89,49.17,Practical,0,1,0,56,8,3,1,0,Afternoon,2026-03-01 15:00:00,86.11,95.37,79.84142857142857,78.30665024630542,7,1.0,CRITICAL,0
2026-03-02,Monday,1,09:00 AM,Python Programming,Prof. Sharma,4,MCA,C,Room 202,180,132,73.33,Theory,0,0,0,57,9,3,2,0,Morning,2026-03-02 09:00:00,49.17,78.42666666666666,78.05571428571429,78.25888524590164,1,18.0,WARNING,1
2026-03-02,Monday,2,10:00 AM,Web Development,Prof. Kulkarni,4,MCA,C,Lab 2,180,176,97.78,Practical,0,0,0,57,9,3,2,0,Morning,2026-03-02 10:00:00,73.33,69.53666666666668,79.64285714285714,78.25081833060557,2,1.0,SAFE,2
2026-03-02,Monday,2,10:00 AM,Machine Learning,Prof. Sharma,2,MCA,C,Auditorium,180,117,65.0,Theory,1,0,0,57,9,3,2,0,Morning,2026-03-02 10:00:00,97.78,73.42666666666666,84.16714285714285,78.28272875816994,3,24.0,WARNING,1
2026-03-02,Monday,3,11:15 AM,Web Development,Prof. Kulkarni,4,MCA,C,Lab 1,180,92,51.11,Practical,1,0,1,57,9,3,2,0,Morning,2026-03-02 11:15:00,65.0,78.70333333333333,81.62714285714286,78.2610603588907,4,1.25,WARNING,1
2026-03-02,Monday,4,12:15 PM,Advanced DBMS,Prof. Deshmukh,4,MCA,C,Lab 2,180,153,85.0,Practical,0,0,0,57,9,3,2,0,Afternoon,2026-03-02 12:15:00,51.11,71.29666666666667,74.64285714285714,78.21684039087948,5,1.0,SAFE,2
2026-03-02,Monday,6,03:00 PM,Web Development,Ishwari Gaikwad,2,MCA,C,Lab 1,180,119,66.11,Practical,0,0,0,57,9,3,2,0,Afternoon,2026-03-02 15:00:00,85.0,67.03666666666668,72.5,78.22786991869918,6,2.75,WARNING,1
2026-03-03,Tuesday,2,10:00 AM,Machine Learning,Prof. Patil,2,MCA,C,Lab 1,180,170,94.44,Practical,0,0,0,58,9,3,3,0,Morning,2026-03-03 10:00:00,66.11,67.40666666666667,69.64285714285714,78.20819805194805,1,19.0,SAFE,2
2026-03-03,Tuesday,6,03:00 PM,Financial Management,Ishwari Gaikwad,4,MCA,C,Lab 2,180,160,88.89,Practical,0,0,0,58,9,3,3,0,Afternoon,2026-03-03 15:00:00,94.44,81.85000000000001,76.11,78.2345056726094,2,5.0,SAFE,2
2026-03-04,Wednesday,1,09:00 AM,Machine Learning,Prof. Kulkarni,4,MCA,C,Room 201,180,176,97.78,Theory,0,0,0,59,9,3,4,0,Morning,2026-03-04 09:00:00,88.89,83.14666666666666,78.33285714285714,78.25174757281553,1,18.0,SAFE,2
2026-03-04,Wednesday,1,09:00 AM,Advanced DBMS,Prof. Sharma,4,MCA,C,Lab 2,180,149,82.78,Practical,0,0,0,59,9,3,4,0,Morning,2026-03-04 09:00:00,97.78,93.70333333333333,78.33285714285715,78.283295638126,2,24.0,SAFE,2
2026-03-04,Wednesday,2,10:00 AM,Machine Learning,Prof. Sharma,2,MCA,C,Lab 2,180,176,97.78,Practical,0,0,0,59,9,3,4,0,Morning,2026-03-04 10:00:00,82.78,89.81666666666666,80.87285714285714,78.29054838709678,3,1.0,SAFE,2
2026-03-04,Wednesday,6,03:00 PM,Financial Management,Prof. Deshmukh,4,MCA,C,Lab 1,180,138,76.67,Practical,0,0,0,59,9,3,4,0,Afternoon,2026-03-04 15:00:00,97.78,92.78000000000002,87.53999999999999,78.32193236714976,4,5.0,SAFE,2
2026-03-05,Thursday,2,10:00 AM,HR Analytics,Akash Upadhayay,4,MCA,C,Lab 1,180,137,76.11,Practical,0,0,1,60,9,3,5,0,Morning,2026-03-05 10:00:00,76.67,85.74333333333334,86.35000000000001,78.31927652733118,1,19.0,SAFE,2
2026-03-05,Thursday,3,11:15 AM,Python Programming,Prof. Sharma,2,MCA,C,Lab 2,180,176,97.78,Practical,0,0,0,60,9,3,5,0,Morning,2026-03-05 11:15:00,76.11,83.52,87.77857142857144,78.31573033707865,2,1.25,SAFE,2
2026-03-05,Thursday,3,11:15 AM,Web Development,Prof. Patil,4,MCA,C,Auditorium,180,159,88.33,Theory,0,0,0,60,9,3,5,0,Morning,2026-03-05 11:15:00,97.78,83.52,88.25571428571429,78.34692307692308,3,24.0,SAFE,2
2026-03-05,Thursday,4,12:15 PM,Python Programming,Prof. Deshmukh,4,MCA,C,Lab 2,180,147,81.67,Practical,0,0,0,60,9,3,5,0,Afternoon,2026-03-05 12:15:00,88.33,87.40666666666668,88.17571428571429,78.36289599999999,4,1.0,SAFE,2
2026-03-05,Thursday,5,02:00 PM,Cloud Computing,Prof. Patil,4,MCA,C,Room 202,180,165,91.67,Theory,0,0,0,60,9,3,5,0,Afternoon,2026-03-05 14:00:00,81.67,89.25999999999999,85.87428571428572,78.36817891373802,5,1.75,SAFE,2
2026-03-05,Thursday,6,03:00 PM,Python Programming,Prof. Deshmukh,2,MCA,C,Lab 1,180,160,88.89,Practical,0,0,0,60,9,3,5,0,Afternoon,2026-03-05 15:00:00,91.67,87.22333333333334,87.14428571428572,78.38939393939394,6,1.0,SAFE,2
2026-03-06,Friday,2,10:00 AM,Web Development,Prof. Kulkarni,2,MCA,C,Lab 1,180,147,81.67,Practical,0,0,0,61,9,3,6,0,Morning,2026-03-06 10:00:00,88.89,87.41000000000001,85.87428571428572,78.40611464968153,1,19.0,SAFE,2
2026-03-06,Friday,2,10:00 AM,HR Analytics,Prof. Deshmukh,4,MCA,C,Auditorium,180,140,77.78,Theory,0,0,0,61,9,3,6,0,Morning,2026-03-06 10:00:00,81.67,87.41000000000001,86.58857142857143,78.41130365659777,2,24.0,SAFE,2
2026-03-06,Friday,6,03:00 PM,Advanced DBMS,Akash Upadhayay,4,MCA,C,Room 202,180,144,80.0,Theory,0,0,0,61,9,3,6,0,Afternoon,2026-03-06 15:00:00,77.78,82.78,86.82714285714285,78.41030158730159,3,5.0,SAFE,2
2026-03-07,Saturday,1,09:00 AM,Financial Management,Prof. Patil,4,MCA,C,Lab 1,180,104,57.78,Practical,0,0,1,62,9,3,7,1,Morning,2026-03-07 09:00:00,80.0,79.81666666666666,84.28714285714285,78.41282091917591,1,18.0,WARNING,1
2026-03-07,Saturday,1,09:00 AM,Web Development,Akash Upadhayay,4,MCA,C,Room 202,180,115,63.89,Theory,0,0,0,62,9,3,7,1,Morning,2026-03-07 09:00:00,57.78,71.85333333333334,79.92285714285715,78.3801740506329,2,24.0,WARNING,1
2026-03-07,Saturday,2,10:00 AM,HR Analytics,Prof. Patil,2,MCA,C,Room 201,180,145,80.56,Theory,0,0,0,62,9,3,7,1,Morning,2026-03-07 10:00:00,63.89,67.22333333333334,77.38285714285715,78.35728278041074,3,1.0,SAFE,2
2026-03-07,Saturday,3,11:15 AM,Advanced DBMS,Prof. Sharma,4,MCA,C,Room 201,180,141,78.33,Theory,0,0,0,62,9,3,7,1,Morning,2026-03-07 11:15:00,80.56,67.41000000000001,75.7957142857143,78.3607570977918,4,1.25,SAFE,2
2026-03-07,Saturday,4,12:15 PM,Python Programming,Prof. Patil,2,MCA,C,Room 201,180,125,69.44,Theory,0,1,1,62,9,3,7,1,Afternoon,2026-03-07 12:15:00,78.33,74.26,74.28714285714285,78.36070866141733,5,1.0,WARNING,1
2026-03-07,Saturday,5,02:00 PM,Web Development,Prof. Kulkarni,4,MCA,C,Lab 2,180,127,70.56,Practical,0,1,1,62,9,3,7,1,Afternoon,2026-03-07 14:00:00,69.44,76.11,72.54,78.3466823899371,6,1.75,WARNING,1
2026-03-07,Saturday,6,03:00 PM,Machine Learning,Ishwari Gaikwad,2,MCA,C,Lab 1,180,131,72.78,Practical,0,0,0,62,9,3,7,1,Afternoon,2026-03-07 15:00:00,70.56,72.77666666666666,71.50857142857143,78.33445839874412,7,1.0,WARNING,1
2026-03-08,Monday,1,09:00 AM,Python Programming,Prof. Sharma,4,MCA,C,Room 202,180,125,69.44,Theory,0,0,0,63,9,3,8,0,Morning,2026-03-08 09:00:00,72.78,70.92666666666666,70.47714285714285,78.32575235109718,1,18.0,WARNING,1
2026-03-08,Monday,2,10:00 AM,Web Development,Akash Upadhayay,2,MCA,C,Room 202,180,140,77.78,Theory,0,1,0,63,9,3,8,0,Morning,2026-03-08 10:00:00,69.44,70.92666666666666,72.14285714285714,78.31184663536776,2,1.0,SAFE,2
2026-03-08,Monday,5,02:00 PM,Python Programming,Prof. Sharma,4,MCA,C,Lab 1,180,156,86.67,Practical,0,0,0,63,9,3,8,0,Afternoon,2026-03-08 14:00:00,77.78,73.33333333333333,74.12714285714286,78.31101562500001,3,4.0,SAFE,2
2026-03-08,Monday,6,03:00 PM,Financial Management,Prof. Patil,2,MCA,C,Lab 1,180,132,73.33,Practical,0,0,0,63,9,3,8,0,Afternoon,2026-03-08 15:00:00,86.67,77.96333333333332,75.0,78.32405616224649,4,1.0,WARNING,1
2026-03-09,Monday,1,09:00 AM,Web Development,Ishwari Gaikwad,2,MCA,C,Room 201,180,127,70.56,Theory,0,0,0,64,10,3,9,0,Morning,2026-03-09 09:00:00,73.33,79.26,74.28571428571429,78.31627725856698,1,18.0,WARNING,1
2026-03-09,Monday,2,10:00 AM,Advanced DBMS,Akash Upadhayay,4,MCA,C,Auditorium,180,156,86.67,Theory,0,0,0,64,10,3,9,0,Morning,2026-03-09 10:00:00,70.56,76.85333333333334,74.44571428571429,78.30421461897356,2,1.0,SAFE,2
2026-03-09,Monday,4,12:15 PM,Advanced DBMS,Ishwari Gaikwad,4,MCA,C,Lab 2,180,157,87.22,Practical,0,0,0,64,10,3,9,0,Afternoon,2026-03-09 12:15:00,86.67,76.85333333333334,76.74714285714286,78.3172049689441,3,2.25,SAFE,2
2026-03-09,Monday,5,02:00 PM,Cloud Computing,Prof. Patil,4,MCA,C,Room 202,180,166,92.22,Theory,0,1,0,64,10,3,9,0,Afternoon,2026-03-09 14:00:00,87.22,81.48333333333333,78.81000000000002,78.33100775193799,4,1.75,SAFE,2
2026-03-10,Tuesday,1,09:00 AM,Web Development,Akash Upadhayay,4,MCA,C,Lab 2,180,111,61.67,Practical,1,0,0,65,10,3,10,0,Morning,2026-03-10 09:00:00,92.22,88.70333333333333,82.06428571428572,78.35250773993808,1,19.0,WARNING,1
2026-03-10,Tuesday,3,11:15 AM,HR Analytics,Akash Upadhayay,2,MCA,C,Lab 2,180,174,96.67,Practical,0,0,0,65,10,3,10,0,Morning,2026-03-10 11:15:00,61.67,80.36999999999999,79.76285714285714,78.32672333848532,2,2.25,SAFE,2
2026-03-10,Tuesday,4,12:15 PM,Machine Learning,Ishwari Gaikwad,4,MCA,C,Room 202,180,134,74.44,Theory,0,0,0,65,10,3,10,0,Afternoon,2026-03-10 12:15:00,96.67,83.52,81.19142857142857,78.35503086419753,3,1.0,WARNING,1
2026-03-10,Tuesday,5,02:00 PM,Advanced DBMS,Prof. Deshmukh,4,MCA,C,Room 201,180,173,96.11,Theory,0,0,0,65,10,3,10,0,Afternoon,2026-03-10 14:00:00,74.44,77.59333333333335,81.35000000000001,78.34899845916794,4,1.75,SAFE,2
2026-03-11,Wednesday,2,10:00 AM,HR Analytics,Ishwari Gaikwad,2,MCA,C,Lab 1,180,156,86.67,Practical,0,1,0,66,10,3,11,0,Morning,2026-03-11 10:00:00,96.11,89.07333333333334,85.0,78.37632307692307,1,20.0,SAFE,2
2026-03-11,Wednesday,3,11:15 AM,Advanced DBMS,Ishwari Gaikwad,2,MCA,C,Auditorium,180,114,63.33,Theory,1,0,0,66,10,3,11,0,Morning,2026-03-11 11:15:00,86.67,85.74,85.0,78.38906298003072,2,1.25,WARNING,1
2026-03-11,Wednesday,4,12:15 PM,Cloud Computing,Ishwari Gaikwad,2,MCA,C,Lab 1,180,150,83.33,Practical,0,1,0,66,10,3,11,0,Afternoon,2026-03-11 12:15:00,63.33,82.03666666666666,81.58714285714287,78.36596625766872,3,1.0,SAFE,2
2026-03-11,Wednesday,5,02:00 PM,HR Analytics,Prof. Deshmukh,2,MCA,C,Room 202,180,150,83.33,Theory,0,0,0,66,10,3,11,0,Afternoon,2026-03-11 14:00:00,83.33,77.77666666666666,80.31714285714285,78.37356814701378,4,1.75,SAFE,2
2026-03-11,Wednesday,6,03:00 PM,HR Analytics,Prof. Deshmukh,2,MCA,C,Room 201,180,159,88.33,Theory,0,0,0,66,10,3,11,0,Afternoon,2026-03-11 15:00:00,83.33,76.66333333333333,83.41142857142857,78.38114678899082,5,1.0,SAFE,2
2026-03-11,Wednesday,6,03:00 PM,Python Programming,Akash Upadhayay,4,MCA,C,Lab 2,180,130,72.22,Practical,0,0,1,66,10,3,11,0,Afternoon,2026-03-11 15:00:00,88.33,84.99666666666667,82.22,78.3963358778626,6,24.0,WARNING,1
2026-03-12,Thursday,1,09:00 AM,Advanced DBMS,Prof. Kulkarni,2,MCA,C,Room 201,180,134,74.44,Theory,0,0,0,67,10,3,12,0,Morning,2026-03-12 09:00:00,72.22,81.29333333333334,81.90285714285713,78.38692073170732,1,18.0,WARNING,1
2026-03-12,Thursday,2,10:00 AM,Machine Learning,Akash Upadhayay,4,MCA,C,Room 202,180,156,86.67,Theory,0,0,0,67,10,3,12,0,Morning,2026-03-12 10:00:00,74.44,78.33,78.80714285714285,78.38091324200913,2,1.0,SAFE,2
2026-03-12,Thursday,3,11:15 AM,Cloud Computing,Prof. Deshmukh,4,MCA,C,Auditorium,180,155,86.11,Theory,0,1,0,67,10,3,12,0,Morning,2026-03-12 11:15:00,86.67,77.77666666666667,78.80714285714285,78.39351063829787,3,1.25,SAFE,2
2026-03-12,Thursday,4,12:15 PM,Advanced DBMS,Ishwari Gaikwad,4,MCA,C,Room 201,180,151,83.89,Theory,0,0,0,67,10,3,12,0,Afternoon,2026-03-12 12:15:00,86.11,82.40666666666668,82.06142857142856,78.40522003034901,4,1.0,SAFE,2
2026-03-12,Thursday,5,02:00 PM,Machine Learning,Prof. Sharma,4,MCA,C,Lab 2,180,127,70.56,Practical,0,0,1,67,10,3,12,0,Afternoon,2026-03-12 14:00:00,83.89,85.55666666666667,82.14142857142858,78.4135303030303,5,1.75,WARNING,1
2026-03-13,Friday,3,11:15 AM,Python Programming,Ishwari Gaikwad,2,MCA,C,Auditorium,180,158,87.78,Theory,0,0,0,68,10,3,13,0,Morning,2026-03-13 11:15:00,70.56,80.18666666666667,80.31714285714285,78.40164901664144,1,21.25,SAFE,2
2026-03-13,Friday,5,02:00 PM,Web Development,Ishwari Gaikwad,2,MCA,C,Room 201,180,107,59.44,Theory,0,1,1,68,10,3,13,0,Afternoon,2026-03-13 14:00:00,87.78,80.74333333333333,80.23857142857142,78.41581570996978,2,2.75,WARNING,1
2026-03-13,Friday,5,02:00 PM,Machine Learning,Prof. Deshmukh,2,MCA,C,Lab 1,180,150,83.33,Practical,0,0,0,68,10,3,13,0,Afternoon,2026-03-13 14:00:00,59.44,72.59333333333333,78.41285714285713,78.38719457013575,3,24.0,SAFE,2
2026-03-14,Saturday,1,09:00 AM,Cloud Computing,Akash Upadhayay,4,MCA,C,Lab 2,180,158,87.78,Practical,0,1,0,69,10,3,14,1,Morning,2026-03-14 09:00:00,83.33,76.85000000000001,79.68285714285715,78.39463855421687,1,19.0,SAFE,2
2026-03-14,Saturday,1,09:00 AM,Advanced DBMS,Prof. Kulkarni,4,MCA,C,Room 201,180,132,73.33,Theory,0,1,0,69,10,3,14,1,Morning,2026-03-14 09:00:00,87.78,76.85000000000001,79.84142857142857,78.40875187969925,2,24.0,WARNING,1
2026-03-14,Saturday,3,11:15 AM,Financial Management,Prof. Sharma,2,MCA,C,Room 202,180,161,89.44,Theory,0,1,0,69,10,3,14,1,Morning,2026-03-14 11:15:00,73.33,81.48,78.01571428571428,78.40112612612613,3,2.25,SAFE,2
2026-03-14,Saturday,5,02:00 PM,HR Analytics,Akash Upadhayay,4,MCA,C,Lab 2,180,170,94.44,Practical,0,0,0,69,10,3,14,1,Afternoon,2026-03-14 14:00:00,89.44,83.51666666666667,78.80857142857143,78.41767616191903,4,2.75,SAFE,2
2026-03-14,Saturday,6,03:00 PM,Machine Learning,Prof. Patil,2,MCA,C,Lab 1,180,108,60.0,Practical,0,0,0,69,10,3,14,1,Afternoon,2026-03-14 15:00:00,94.44,85.73666666666666,82.22,78.4416616766467,5,1.0,WARNING,1
2026-03-15,Monday,6,03:00 PM,Financial Management,Prof. Sharma,2,MCA,C,Lab 1,180,142,78.89,Practical,0,0,0,70,10,3,15,0,Afternoon,2026-03-15 15:00:00,60.0,81.29333333333334,78.25142857142858,78.4140956651719,1,24.0,SAFE,2
2026-03-16,Monday,1,09:00 AM,Financial Management,Akash Upadhayay,2,MCA,C,Room 201,180,126,70.0,Theory,0,1,0,71,11,3,16,0,Morning,2026-03-16 09:00:00,78.89,77.77666666666666,81.03,78.41480597014925,1,18.0,WARNING,1
2026-03-16,Monday,1,09:00 AM,Advanced DBMS,Prof. Sharma,4,MCA,C,Auditorium,180,144,80.0,Theory,0,0,0,71,11,3,16,0,Morning,2026-03-16 09:00:00,70.0,69.63,79.12571428571428,78.40226527570789,2,24.0,SAFE,2
2026-03-16,Monday,1,09:00 AM,Advanced DBMS,Prof. Kulkarni,4,MCA,C,Room 201,180,141,78.33,Theory,0,0,1,71,11,3,16,0,Morning,2026-03-16 09:00:00,80.0,76.29666666666667,78.01428571428572,78.40464285714286,3,24.0,SAFE,2
2026-03-16,Monday,3,11:15 AM,Machine Learning,Prof. Sharma,2,MCA,C,Room 201,180,133,73.89,Theory,1,0,0,71,11,3,16,0,Morning,2026-03-16 11:15:00,78.33,76.11,78.72857142857143,78.40453194650817,4,2.25,WARNING,1
2026-03-16,Monday,3,11:15 AM,Python Programming,Ishwari Gaikwad,2,MCA,C,Room 201,180,149,82.78,Theory,0,0,0,71,11,3,16,0,Morning,2026-03-16 11:15:00,73.89,77.40666666666665,76.50714285714285,78.39783382789318,5,24.0,SAFE,2
2026-03-16,Monday,6,03:00 PM,Financial Management,Prof. Sharma,4,MCA,C,Auditorium,180,109,60.56,Theory,0,0,0,71,11,3,16,0,Afternoon,2026-03-16 15:00:00,82.78,78.33333333333333,74.84142857142857,78.40432592592592,6,3.75,WARNING,1
2026-03-17,Tuesday,1,09:00 AM,Python Programming,Akash Upadhayay,4,MCA,C,Room 202,180,113,62.78,Theory,0,1,0,72,11,3,17,0,Morning,2026-03-17 09:00:00,60.56,72.41000000000001,74.92142857142858,78.37792899408285,1,18.0,WARNING,1
2026-03-17,Tuesday,2,10:00 AM,Cloud Computing,Akash Upadhayay,2,MCA,C,Room 201,180,143,79.44,Theory,0,1,0,72,11,3,17,0,Morning,2026-03-17 10:00:00,62.78,68.70666666666666,72.62,78.35488921713441,2,1.0,SAFE,2
2026-03-17,Tuesday,6,03:00 PM,Python Programming,Prof. Deshmukh,4,MCA,C,Lab 2,180,148,82.22,Practical,0,0,0,72,11,3,17,0,Afternoon,2026-03-17 15:00:00,79.44,67.59333333333333,73.96857142857142,78.35648967551622,3,5.0,SAFE,2
2026-03-17,Tuesday,6,03:00 PM,Web Development,Prof. Kulkarni,4,MCA,C,Lab 2,180,151,83.89,Practical,0,0,0,72,11,3,17,0,Afternoon,2026-03-17 15:00:00,82.22,74.81333333333333,74.28571428571429,78.36217967599411,4,24.0,SAFE,2
2026-03-17,Tuesday,6,03:00 PM,Advanced DBMS,Prof. Patil,4,MCA,C,Lab 2,180,153,85.0,Practical,0,0,0,72,11,3,17,0,Afternoon,2026-03-17 15:00:00,83.89,81.85000000000001,75.08,78.37030882352941,5,24.0,SAFE,2
2026-03-18,Wednesday,1,09:00 AM,Machine Learning,Prof. Sharma,2,MCA,C,Lab 1,180,143,79.44,Practical,0,0,0,73,11,3,18,0,Morning,2026-03-18 09:00:00,85.0,83.70333333333333,76.66714285714285,78.38004405286344,1,18.0,SAFE,2
2026-03-18,Wednesday,2,10:00 AM,Web Development,Ishwari Gaikwad,4,MCA,C,Auditorium,180,115,63.89,Theory,1,1,0,73,11,3,18,0,Morning,2026-03-18 10:00:00,79.44,82.77666666666666,76.19000000000001,78.3815982404692,2,1.0,WARNING,1
2026-03-18,Wednesday,3,11:15 AM,HR Analytics,Prof. Patil,4,MCA,C,Lab 2,180,172,95.56,Practical,0,0,0,73,11,3,18,0,Morning,2026-03-18 11:15:00,63.89,76.11,76.66571428571429,78.36038067349926,3,1.25,SAFE,2
2026-03-18,Wednesday,6,03:00 PM,Web Development,Prof. Patil,2,MCA,C,Lab 1,180,144,80.0,Practical,0,0,0,73,11,3,18,0,Afternoon,2026-03-18 15:00:00,95.56,79.63,81.34857142857143,78.38552631578946,4,3.75,SAFE,2
2026-03-19,Thursday,1,09:00 AM,Web Development,Prof. Patil,2,MCA,C,Auditorium,180,136,75.56,Theory,0,0,0,74,11,3,19,0,Morning,2026-03-19 09:00:00,80.0,79.81666666666666,81.42857142857143,78.38788321167883,1,18.0,SAFE,2
2026-03-19,Thursday,1,09:00 AM,Financial Management,Prof. Patil,4,MCA,C,Lab 2,180,133,73.89,Practical,0,0,0,74,11,3,19,0,Morning,2026-03-19 09:00:00,75.56,83.70666666666666,80.47714285714285,78.38376093294461,2,24.0,WARNING,1
2026-03-19,Thursday,3,11:15 AM,Machine Learning,Ishwari Gaikwad,2,MCA,C,Auditorium,180,171,95.0,Theory,0,0,0,74,11,3,19,0,Morning,2026-03-19 11:15:00,73.89,76.48333333333333,79.04857142857144,78.37721979621543,3,2.25,SAFE,2
2026-03-19,Thursday,3,11:15 AM,Financial Management,Akash Upadhayay,2,MCA,C,Room 202,180,142,78.89,Theory,0,0,0,74,11,3,19,0,Morning,2026-03-19 11:15:00,95.0,81.48333333333333,80.47714285714287,78.4013808139535,4,24.0,SAFE,2
2026-03-19,Thursday,3,11:15 AM,Advanced DBMS,Akash Upadhayay,4,MCA,C,Room 202,180,163,90.56,Theory,0,0,0,74,11,3,19,0,Morning,2026-03-19 11:15:00,78.89,82.59333333333333,80.39857142857143,78.40208998548621,5,24.0,SAFE,2
2026-03-19,Thursday,4,12:15 PM,Financial Management,Prof. Deshmukh,4,MCA,C,Lab 2,180,165,91.67,Practical,0,0,0,74,11,3,19,0,Afternoon,2026-03-19 12:15:00,90.56,88.14999999999999,84.20857142857143,78.41971014492754,6,1.0,SAFE,2
2026-03-19,Thursday,5,02:00 PM,Financial Management,Prof. Patil,2,MCA,C,Room 202,180,153,85.0,Theory,0,0,0,74,11,3,19,0,Afternoon,2026-03-19 14:00:00,91.67,87.04,83.65285714285714,78.43888567293777,7,1.75,SAFE,2
2026-03-19,Thursday,5,02:00 PM,Web Development,Akash Upadhayay,4,MCA,C,Room 202,180,158,87.78,Theory,0,0,0,74,11,3,19,0,Afternoon,2026-03-19 14:00:00,85.0,89.07666666666667,84.36714285714287,78.44836705202312,8,24.0,SAFE,2
2026-03-20,Friday,1,09:00 AM,Advanced DBMS,Prof. Sharma,4,MCA,C,Room 201,180,142,78.89,Theory,0,0,1,75,11,3,20,0,Morning,2026-03-20 09:00:00,87.78,88.14999999999999,86.11285714285714,78.46183261183262,1,19.0,SAFE,2
2026-03-20,Friday,2,10:00 AM,Machine Learning,Akash Upadhayay,2,MCA,C,Lab 1,180,169,93.89,Practical,0,0,0,75,11,3,20,0,Morning,2026-03-20 10:00:00,78.89,83.89,86.82714285714285,78.46244956772334,2,1.0,SAFE,2
2026-03-21,Saturday,1,09:00 AM,Advanced DBMS,Ishwari Gaikwad,4,MCA,C,Lab 2,180,123,68.33,Practical,0,0,0,76,11,3,21,1,Morning,2026-03-21 09:00:00,93.89,86.85333333333334,86.66857142857143,78.4846474820144,1,23.0,WARNING,1
2026-03-21,Saturday,1,09:00 AM,Machine Learning,Ishwari Gaikwad,4,MCA,C,Lab 2,180,159,88.33,Practical,0,0,0,76,11,3,21,1,Morning,2026-03-21 09:00:00,68.33,80.36999999999999,85.16,78.47005747126437,2,24.0,SAFE,2
2026-03-21,Saturday,2,10:00 AM,Web Development,Prof. Patil,2,MCA,C,Lab 2,180,180,100.0,Practical,0,0,0,76,11,3,21,1,Morning,2026-03-21 10:00:00,88.33,83.51666666666667,84.84142857142857,78.4842037302726,3,1.0,SAFE,2
2026-03-21,Saturday,2,10:00 AM,HR Analytics,Prof. Sharma,2,MCA,C,Room 201,180,146,81.11,Theory,0,1,0,76,11,3,21,1,Morning,2026-03-21 10:00:00,100.0,85.55333333333334,86.03142857142858,78.51502865329513,4,24.0,SAFE,2
2026-03-21,Saturday,3,11:15 AM,Advanced DBMS,Prof. Deshmukh,4,MCA,C,Lab 2,180,168,93.33,Practical,0,0,0,76,11,3,21,1,Morning,2026-03-21 11:15:00,81.11,89.81333333333333,85.47571428571429,78.51874105865522,5,1.25,SAFE,2
2026-03-22,Monday,1,09:00 AM,Financial Management,Prof. Deshmukh,4,MCA,C,Room 201,180,128,71.11,Theory,0,0,0,77,11,3,22,0,Morning,2026-03-22 09:00:00,93.33,91.48,86.26857142857143,78.5399,1,21.75,WARNING,1
2026-03-22,Monday,3,11:15 AM,Web Development,Prof. Deshmukh,4,MCA,C,Lab 1,180,174,96.67,Practical,0,0,0,77,11,3,22,0,Morning,2026-03-22 11:15:00,71.11,81.85000000000001,85.15714285714286,78.52930099857346,2,2.25,SAFE,2
2026-03-22,Monday,3,11:15 AM,Machine Learning,Prof. Patil,2,MCA,C,Lab 2,180,89,49.17,Practical,1,1,0,77,11,3,22,0,Morning,2026-03-22 11:15:00,96.67,87.03666666666668,85.55428571428571,78.55514245014245,3,24.0,CRITICAL,0
2026-03-22,Monday,3,11:15 AM,Python Programming,Prof. Deshmukh,2,MCA,C,Auditorium,180,118,65.56,Theory,1,0,0,77,11,3,22,0,Morning,2026-03-22 11:15:00,49.17,72.31666666666668,82.81714285714285,78.51334281650071,4,24.0,WARNING,1
2026-03-22,Monday,5,02:00 PM,Cloud Computing,Akash Upadhayay,2,MCA,C,Lab 1,180,138,76.67,Practical,0,0,0,77,11,3,22,0,Afternoon,2026-03-22 14:00:00,65.56,70.46666666666667,79.56428571428572,78.49494318181819,5,2.75,SAFE,2
2026-03-22,Monday,6,03:00 PM,Advanced DBMS,Ishwari Gaikwad,4,MCA,C,Lab 2,180,109,60.56,Practical,0,0,1,77,11,3,22,0,Afternoon,2026-03-22 15:00:00,76.67,63.800000000000004,76.23142857142857,78.49235460992908,6,1.0,WARNING,1
2026-03-23,Monday,1,09:00 AM,HR Analytics,Prof. Deshmukh,4,MCA,C,Lab 2,180,134,74.44,Practical,0,0,0,78,12,3,23,0,Morning,2026-03-23 09:00:00,60.56,67.59666666666668,73.29571428571428,78.46695467422096,1,18.0,WARNING,1
2026-03-23,Monday,2,10:00 AM,Machine Learning,Prof. Deshmukh,4,MCA,C,Room 202,180,89,49.17,Theory,1,1,1,78,12,3,23,0,Morning,2026-03-23 10:00:00,74.44,70.55666666666667,70.59714285714286,78.46125884016973,2,1.0,CRITICAL,0
2026-03-23,Monday,2,10:00 AM,HR Analytics,Prof. Deshmukh,4,MCA,C,Room 202,180,114,63.33,Theory,0,0,1,78,12,3,23,0,Morning,2026-03-23 10:00:00,49.17,61.39000000000001,67.46285714285715,78.41988700564971,3,24.0,WARNING,1
2026-03-23,Monday,3,11:15 AM,HR Analytics,Prof. Kulkarni,2,MCA,C,Lab 2,180,158,87.78,Practical,0,0,0,78,12,3,23,0,Morning,2026-03-23 11:15:00,63.33,62.31333333333333,62.7,78.39860366713681,4,1.25,SAFE,2
2026-03-23,Monday,3,11:15 AM,Advanced DBMS,Prof. Kulkarni,4,MCA,C,Lab 1,180,161,89.44,Practical,0,0,0,78,12,3,23,0,Morning,2026-03-23 11:15:00,87.78,66.76,68.21571428571428,78.41181690140844,5,24.0,SAFE,2
2026-03-23,Monday,6,03:00 PM,Cloud Computing,Prof. Patil,4,MCA,C,Room 201,180,142,78.89,Theory,0,0,0,78,12,3,23,0,Afternoon,2026-03-23 15:00:00,89.44,80.18333333333334,71.62714285714286,78.4273277074543,6,3.75,SAFE,2
2026-03-24,Tuesday,2,10:00 AM,Python Programming,Akash Upadhayay,4,MCA,C,Auditorium,180,148,82.22,Theory,0,1,0,79,12,3,24,0,Morning,2026-03-24 10:00:00,78.89,85.37,71.94428571428571,78.42797752808988,1,19.0,SAFE,2
2026-03-24,Tuesday,4,12:15 PM,HR Analytics,Prof. Sharma,2,MCA,C,Room 202,180,150,83.33,Theory,0,0,0,79,12,3,24,0,Afternoon,2026-03-24 12:15:00,82.22,83.51666666666667,75.03857142857143,78.43329593267883,2,2.25,SAFE,2
2026-03-24,Tuesday,5,02:00 PM,Financial Management,Ishwari Gaikwad,2,MCA,C,Lab 2,180,176,97.78,Practical,0,0,0,79,12,3,24,0,Afternoon,2026-03-24 14:00:00,83.33,81.48,76.30857142857143,78.44015406162464,3,1.75,SAFE,2
2026-03-24,Tuesday,6,03:00 PM,Advanced DBMS,Ishwari Gaikwad,2,MCA,C,Lab 2,180,101,56.11,Practical,0,0,1,79,12,3,24,0,Afternoon,2026-03-24 15:00:00,97.78,87.77666666666669,83.25285714285714,78.4672027972028,4,1.0,WARNING,1
2026-03-25,Wednesday,1,09:00 AM,HR Analytics,Prof. Kulkarni,2,MCA,C,Lab 2,180,140,77.78,Practical,1,0,0,80,12,3,25,0,Morning,2026-03-25 09:00:00,56.11,79.07333333333332,82.22142857142856,78.43597765363128,1,18.0,SAFE,2
2026-03-25,Wednesday,2,10:00 AM,Cloud Computing,Akash Upadhayay,2,MCA,C,Room 201,180,131,72.78,Theory,1,0,0,80,12,3,25,0,Morning,2026-03-25 10:00:00,77.78,77.22333333333334,80.79285714285713,78.43506276150627,2,1.0,WARNING,1
2026-03-25,Wednesday,6,03:00 PM,Cloud Computing,Ishwari Gaikwad,4,MCA,C,Lab 2,180,159,88.33,Practical,0,0,0,80,12,3,25,0,Afternoon,2026-03-25 15:00:00,72.78,68.89,78.41285714285713,78.42718662952646,3,5.0,SAFE,2
2026-03-26,Thursday,2,10:00 AM,Machine Learning,Ishwari Gaikwad,4,MCA,C,Room 201,180,149,82.78,Theory,0,0,0,81,12,3,26,0,Morning,2026-03-26 10:00:00,88.33,79.63,79.76142857142858,78.44095966620307,1,19.0,SAFE,2
2026-03-26,Thursday,2,10:00 AM,Financial Management,Prof. Kulkarni,2,MCA,C,Room 202,180,162,90.0,Theory,0,0,0,81,12,3,26,0,Morning,2026-03-26 10:00:00,82.78,81.29666666666667,79.84142857142857,78.44698611111112,2,24.0,SAFE,2
2026-03-26,Thursday,2,10:00 AM,Web Development,Prof. Kulkarni,4,MCA,C,Auditorium,180,151,83.89,Theory,0,0,0,81,12,3,26,0,Morning,2026-03-26 10:00:00,90.0,87.03666666666668,80.79428571428572,78.46300970873787,3,24.0,SAFE,2
2026-03-26,Thursday,4,12:15 PM,HR Analytics,Ishwari Gaikwad,4,MCA,C,Lab 1,180,173,96.11,Practical,0,0,0,81,12,3,26,0,Afternoon,2026-03-26 12:15:00,83.89,85.55666666666667,78.80999999999999,78.47052631578947,4,2.25,SAFE,2
2026-03-26,Thursday,5,02:00 PM,Cloud Computing,Prof. Sharma,2,MCA,C,Lab 2,180,136,75.56,Practical,0,0,0,81,12,3,26,0,Afternoon,2026-03-26 14:00:00,96.11,90.0,84.52428571428571,78.49492392807745,5,1.75,SAFE,2
2026-03-26,Thursday,6,03:00 PM,Cloud Computing,Prof. Deshmukh,2,MCA,C,Lab 2,180,124,68.89,Practical,1,0,0,81,12,3,26,0,Afternoon,2026-03-26 15:00:00,75.56,85.18666666666667,84.20714285714287,78.49087016574586,6,1.0,WARNING,1
2026-03-27,Friday,2,10:00 AM,HR Analytics,Akash Upadhayay,4,MCA,C,Auditorium,180,180,100.0,Theory,0,0,0,82,12,3,27,0,Morning,2026-03-27 10:00:00,68.89,80.18666666666667,83.65142857142858,78.47762758620689,1,19.0,SAFE,2
2026-03-27,Friday,3,11:15 AM,Financial Management,Prof. Deshmukh,2,MCA,C,Room 202,180,151,83.89,Theory,0,0,0,82,12,3,27,0,Morning,2026-03-27 11:15:00,100.0,81.48333333333333,85.31857142857143,78.50727272727272,2,1.25,SAFE,2
2026-03-27,Friday,5,02:00 PM,Web Development,Prof. Sharma,4,MCA,C,Room 201,180,162,90.0,Theory,0,0,0,82,12,3,27,0,Afternoon,2026-03-27 14:00:00,83.89,84.26,85.47714285714287,78.51467675378267,3,2.75,SAFE,2
2026-03-28,Saturday,2,10:00 AM,HR Analytics,Prof. Deshmukh,4,MCA,C,Room 202,180,117,65.0,Theory,0,0,1,83,12,3,28,1,Morning,2026-03-28 10:00:00,90.0,91.29666666666667,85.47714285714287,78.5304532967033,1,20.0,WARNING,1
2026-03-28,Saturday,3,11:15 AM,Machine Learning,Prof. Deshmukh,4,MCA,C,Room 202,180,148,82.22,Theory,0,0,0,83,12,3,28,1,Morning,2026-03-28 11:15:00,65.0,79.63,82.77857142857144,78.51189300411522,2,1.25,SAFE,2
2026-03-28,Saturday,4,12:15 PM,Advanced DBMS,Prof. Patil,4,MCA,C,Room 201,180,148,82.22,Theory,0,0,0,83,12,3,28,1,Afternoon,2026-03-28 12:15:00,82.22,79.07333333333334,80.79428571428572,78.51697260273973,3,1.0,SAFE,2
2026-03-28,Saturday,4,12:15 PM,Financial Management,Prof. Kulkarni,2,MCA,C,Room 202,180,148,82.22,Theory,0,0,0,83,12,3,28,1,Afternoon,2026-03-28 12:15:00,82.22,76.48,81.74571428571429,78.52203830369358,4,24.0,SAFE,2
2026-03-29,Monday,1,09:00 AM,Advanced DBMS,Prof. Deshmukh,4,MCA,C,Room 201,180,130,72.22,Theory,0,0,0,84,12,3,29,0,Morning,2026-03-29 09:00:00,82.22,82.22,83.65,78.52709016393443,1,20.75,WARNING,1
2026-03-29,Monday,3,11:15 AM,Financial Management,Akash Upadhayay,4,MCA,C,Lab 1,180,170,94.44,Practical,0,1,0,84,12,3,29,0,Morning,2026-03-29 11:15:00,72.22,78.88666666666667,79.68142857142857,78.51848567530696,2,2.25,SAFE,2
2026-03-29,Monday,4,12:15 PM,Machine Learning,Ishwari Gaikwad,2,MCA,C,Lab 1,180,153,85.0,Practical,0,0,0,84,12,3,29,0,Afternoon,2026-03-29 12:15:00,94.44,82.96,81.18857142857142,78.54017711171662,3,1.0,SAFE,2
2026-03-29,Monday,6,03:00 PM,Machine Learning,Prof. Patil,2,MCA,C,Lab 2,180,124,68.89,Practical,0,0,0,84,12,3,29,0,Afternoon,2026-03-29 15:00:00,85.0,83.88666666666667,80.4742857142857,78.54896598639455,4,2.75,WARNING,1
2026-03-30,Monday,2,10:00 AM,HR Analytics,Prof. Deshmukh,2,MCA,C,Lab 2,180,170,94.44,Practical,0,1,0,85,13,3,30,0,Morning,2026-03-30 10:00:00,68.89,82.77666666666666,81.03,78.53584239130434,1,19.0,SAFE,2
2026-03-30,Monday,3,11:15 AM,HR Analytics,Prof. Patil,4,MCA,C,Room 202,180,114,63.33,Theory,0,1,1,85,13,3,30,0,Morning,2026-03-30 11:15:00,94.44,82.77666666666666,82.7757142857143,78.55742198100407,2,1.25,WARNING,1
2026-03-30,Monday,3,11:15 AM,Web Development,Ishwari Gaikwad,4,MCA,C,Auditorium,180,146,81.11,Theory,0,0,0,85,13,3,30,0,Morning,2026-03-30 11:15:00,63.33,75.55333333333333,80.07714285714285,78.53678861788617,3,24.0,SAFE,2
2026-03-30,Monday,6,03:00 PM,HR Analytics,Prof. Patil,4,MCA,C,Lab 1,180,163,90.56,Practical,0,0,0,85,13,3,30,0,Afternoon,2026-03-30 15:00:00,81.11,79.62666666666667,79.91857142857144,78.54027063599459,4,3.75,SAFE,2
2026-03-31,Tuesday,4,12:15 PM,Advanced DBMS,Prof. Sharma,2,MCA,C,Auditorium,180,147,81.67,Theory,0,1,0,86,13,3,31,0,Afternoon,2026-03-31 12:15:00,90.56,78.33333333333333,82.53857142857143,78.55651351351351,1,21.25,SAFE,2
2026-03-31,Tuesday,4,12:15 PM,Web Development,Prof. Deshmukh,2,MCA,C,Room 201,180,161,89.44,Theory,0,0,0,86,13,3,31,0,Afternoon,2026-03-31 12:15:00,81.67,84.44666666666667,80.71428571428571,78.56071524966262,2,24.0,SAFE,2
2026-03-31,Tuesday,5,02:00 PM,Python Programming,Ishwari Gaikwad,4,MCA,C,Lab 2,180,153,85.0,Practical,0,0,0,86,13,3,31,0,Afternoon,2026-03-31 14:00:00,89.44,87.22333333333334,81.34857142857142,78.57537735849057,3,1.75,SAFE,2
2026-03-31,Tuesday,6,03:00 PM,Financial Management,Prof. Kulkarni,2,MCA,C,Room 202,180,126,70.0,Theory,0,0,0,86,13,3,31,0,Afternoon,2026-03-31 15:00:00,85.0,85.37,83.64999999999999,78.58402422611036,4,1.0,WARNING,1
2026-04-01,Wednesday,1,09:00 AM,Web Development,Akash Upadhayay,4,MCA,C,Lab 2,180,129,71.67,Practical,0,1,0,87,13,4,1,0,Morning,2026-04-01 09:00:00,70.0,81.48,80.15857142857143,79.54819055944057,1,18.0,WARNING,1
2026-04-01,Wednesday,1,09:00 AM,Cloud Computing,Prof. Deshmukh,4,MCA,C,Lab 2,180,155,86.11,Practical,0,0,0,87,13,4,1,0,Morning,2026-04-01 09:00:00,71.67,75.55666666666667,81.35000000000001,79.53444153577662,2,24.0,SAFE,2
2026-04-01,Wednesday,2,10:00 AM,Python Programming,Prof. Kulkarni,4,MCA,C,Auditorium,180,166,92.22,Theory,0,0,0,87,13,4,1,0,Morning,2026-04-01 10:00:00,86.11,75.92666666666666,82.06428571428572,79.54589721254355,3,1.0,SAFE,2
2026-04-01,Wednesday,4,12:15 PM,Financial Management,Prof. Patil,4,MCA,C,Lab 1,180,104,57.78,Practical,0,0,1,87,13,4,1,0,Afternoon,2026-04-01 12:15:00,92.22,83.33333333333333,82.30142857142857,79.56793913043478,4,2.25,WARNING,1
2026-04-01,Wednesday,5,02:00 PM,Python Programming,Akash Upadhayay,2,MCA,C,Lab 2,180,155,86.11,Practical,0,0,0,87,13,4,1,0,Afternoon,2026-04-01 14:00:00,57.78,78.70333333333333,78.88857142857144,79.53011284722223,5,1.75,SAFE,2
2026-04-02,Thursday,2,10:00 AM,Cloud Computing,Prof. Kulkarni,4,MCA,C,Auditorium,180,161,89.44,Theory,0,0,0,88,13,4,2,0,Morning,2026-04-02 10:00:00,86.11,78.70333333333333,78.41285714285713,79.54151646447141,1,20.0,SAFE,2
2026-04-02,Thursday,3,11:15 AM,Machine Learning,Ishwari Gaikwad,4,MCA,C,Lab 1,180,163,90.56,Practical,0,0,0,88,13,4,2,0,Morning,2026-04-02 11:15:00,89.44,77.77666666666666,79.04714285714284,79.55864186851211,2,1.25,SAFE,2
2026-04-02,Thursday,4,12:15 PM,Web Development,Prof. Deshmukh,4,MCA,C,Lab 2,180,146,81.11,Practical,0,0,0,88,13,4,2,0,Afternoon,2026-04-02 12:15:00,90.56,88.70333333333333,81.98428571428572,79.57764248704663,3,1.0,SAFE,2
2026-04-02,Thursday,6,03:00 PM,Advanced DBMS,Akash Upadhayay,4,MCA,C,Auditorium,180,120,66.67,Theory,0,0,1,88,13,4,2,0,Afternoon,2026-04-02 15:00:00,81.11,87.03666666666668,83.33285714285715,79.58028448275863,4,2.75,WARNING,1
2026-04-03,Friday,1,09:00 AM,Web Development,Prof. Deshmukh,2,MCA,C,Lab 1,180,154,85.56,Practical,0,1,0,89,13,4,3,0,Morning,2026-04-03 09:00:00,66.67,79.44666666666666,80.55571428571429,79.55806368330465,1,18.0,SAFE,2
2026-04-03,Friday,1,09:00 AM,Machine Learning,Prof. Deshmukh,4,MCA,C,Auditorium,180,143,79.17,Theory,0,0,0,89,13,4,3,0,Morning,2026-04-03 09:00:00,85.56,77.77999999999999,79.60428571428572,79.56837628865979,2,24.0,SAFE,2
2026-04-03,Friday,3,11:15 AM,HR Analytics,Prof. Kulkarni,2,MCA,C,Lab 1,180,150,83.33,Practical,0,1,0,89,13,4,3,0,Morning,2026-04-03 11:15:00,79.17,77.13333333333334,82.66,79.56769296740994,3,2.25,SAFE,2
2026-04-03,Friday,4,12:15 PM,Advanced DBMS,Akash Upadhayay,4,MCA,C,Auditorium,180,176,97.78,Theory,0,0,0,89,13,4,3,0,Afternoon,2026-04-03 12:15:00,83.33,82.68666666666667,82.26285714285714,79.5741352739726,4,1.0,SAFE,2
2026-04-03,Friday,5,02:00 PM,Financial Management,Akash Upadhayay,2,MCA,C,Auditorium,180,118,65.56,Theory,1,0,0,89,13,4,3,0,Afternoon,2026-04-03 14:00:00,97.78,86.76,83.45428571428572,79.6052564102564,5,1.75,WARNING,1
2026-04-03,Friday,5,02:00 PM,Python Programming,Prof. Deshmukh,2,MCA,C,Lab 1,180,156,86.67,Practical,1,0,0,89,13,4,3,0,Afternoon,2026-04-03 14:00:00,65.56,82.22333333333334,79.88285714285715,79.58128839590444,6,24.0,SAFE,2
2026-04-04,Saturday,4,12:15 PM,Cloud Computing,Prof. Kulkarni,4,MCA,C,Room 201,180,132,73.33,Theory,0,0,1,90,13,4,4,1,Afternoon,2026-04-04 12:15:00,86.67,83.33666666666667,80.67714285714285,79.59336456558773,1,22.25,WARNING,1
2026-04-04,Saturday,4,12:15 PM,Python Programming,Ishwari Gaikwad,4,MCA,C,Auditorium,180,155,86.11,Theory,0,0,0,90,13,4,4,1,Afternoon,2026-04-04 12:15:00,73.33,75.18666666666667,81.62857142857145,79.58271258503402,2,24.0,SAFE,2
2026-04-04,Saturday,6,03:00 PM,HR Analytics,Ishwari Gaikwad,4,MCA,C,Auditorium,180,123,68.33,Theory,0,0,0,90,13,4,4,1,Afternoon,2026-04-04 15:00:00,86.11,82.03666666666668,81.70714285714284,79.59379456706283,3,2.75,WARNING,1
2026-04-04,Saturday,6,03:00 PM,Financial Management,Prof. Sharma,2,MCA,C,Lab 2,180,140,77.78,Practical,0,0,0,90,13,4,4,1,Afternoon,2026-04-04 15:00:00,68.33,75.92333333333333,80.15857142857143,79.5747033898305,4,24.0,SAFE,2
2026-04-04,Saturday,6,03:00 PM,Financial Management,Prof. Patil,2,MCA,C,Auditorium,180,132,73.33,Theory,0,1,0,90,13,4,4,1,Afternoon,2026-04-04 15:00:00,77.78,77.40666666666668,79.36571428571428,79.57166666666667,5,24.0,WARNING,1
2026-04-05,Monday,1,09:00 AM,Cloud Computing,Prof. Deshmukh,4,MCA,C,Auditorium,180,92,51.11,Theory,1,0,0,91,13,4,5,0,Morning,2026-04-05 09:00:00,73.33,73.14666666666666,75.87285714285714,79.56112331081081,1,18.0,WARNING,1
2026-04-05,Monday,2,10:00 AM,HR Analytics,Prof. Sharma,2,MCA,C,Lab 2,180,142,78.89,Practical,0,0,0,91,13,4,5,0,Morning,2026-04-05 10:00:00,51.11,67.40666666666668,73.80857142857143,79.5131450252951,2,1.0,SAFE,2
2026-04-05,Monday,3,11:15 AM,Python Programming,Prof. Deshmukh,2,MCA,C,Room 202,180,129,71.67,Theory,0,0,1,91,13,4,5,0,Morning,2026-04-05 11:15:00,78.89,67.77666666666666,72.69714285714285,79.51209595959595,3,1.25,WARNING,1
2026-04-05,Monday,3,11:15 AM,Financial Management,Prof. Deshmukh,2,MCA,C,Lab 2,180,147,81.67,Practical,0,0,0,91,13,4,5,0,Morning,2026-04-05 11:15:00,71.67,67.22333333333334,72.46000000000001,79.49891596638656,4,24.0,SAFE,2
2026-04-05,Monday,5,02:00 PM,Web Development,Akash Upadhayay,4,MCA,C,Room 201,180,157,87.22,Theory,0,1,0,91,13,4,5,0,Afternoon,2026-04-05 14:00:00,81.67,77.41000000000001,71.82571428571428,79.50255872483221,5,2.75,SAFE,2
2026-04-05,Monday,6,03:00 PM,Python Programming,Akash Upadhayay,4,MCA,C,Lab 2,180,117,65.0,Practical,0,0,1,91,13,4,5,0,Afternoon,2026-04-05 15:00:00,87.22,80.18666666666667,74.52428571428571,79.51548576214405,6,1.0,WARNING,1
2026-04-06,Monday,1,09:00 AM,Web Development,Prof. Deshmukh,2,MCA,C,Auditorium,180,107,59.44,Theory,0,0,0,92,14,4,6,0,Morning,2026-04-06 09:00:00,65.0,77.96333333333332,72.69857142857144,79.49121237458195,1,18.0,WARNING,1
2026-04-06,Monday,3,11:15 AM,Web Development,Prof. Deshmukh,4,MCA,C,Room 201,180,139,77.22,Theory,0,0,0,92,14,4,6,0,Morning,2026-04-06 11:15:00,59.44,70.55333333333333,70.71428571428571,79.45773789649415,2,2.25,SAFE,2
2026-04-06,Monday,4,12:15 PM,Machine Learning,Ishwari Gaikwad,2,MCA,C,Room 201,180,170,94.44,Theory,0,0,0,92,14,4,6,0,Afternoon,2026-04-06 12:15:00,77.22,67.22,74.44428571428571,79.45400833333333,3,1.0,SAFE,2
2026-04-06,Monday,6,03:00 PM,Advanced DBMS,Akash Upadhayay,2,MCA,C,Room 201,180,119,66.11,Theory,0,0,0,92,14,4,6,0,Afternoon,2026-04-06 15:00:00,94.44,77.03333333333333,76.66571428571429,79.47894342762064,4,2.75,WARNING,1
2026-04-07,Tuesday,2,10:00 AM,Financial Management,Prof. Patil,2,MCA,C,Auditorium,180,129,71.67,Theory,0,0,0,93,14,4,7,0,Morning,2026-04-07 10:00:00,66.11,79.25666666666666,75.87142857142858,79.45673588039867,1,19.0,WARNING,1
2026-04-07,Tuesday,3,11:15 AM,Machine Learning,Prof. Kulkarni,4,MCA,C,Auditorium,180,144,80.0,Theory,0,0,0,93,14,4,7,0,Morning,2026-04-07 11:15:00,71.67,77.40666666666667,74.44285714285715,79.44382255389718,2,1.25,SAFE,2
2026-04-07,Tuesday,4,12:15 PM,Machine Learning,Prof. Sharma,2,MCA,C,Room 202,180,138,76.67,Theory,0,1,0,93,14,4,7,0,Afternoon,2026-04-07 12:15:00,80.0,72.59333333333333,73.41142857142857,79.44474337748345,3,1.0,SAFE,2
2026-04-07,Tuesday,5,02:00 PM,Python Programming,Prof. Patil,2,MCA,C,Lab 1,180,174,96.67,Practical,0,0,0,93,14,4,7,0,Afternoon,2026-04-07 14:00:00,76.67,76.11333333333334,75.07857142857142,79.44015702479338,4,1.75,SAFE,2
2026-04-07,Tuesday,5,02:00 PM,HR Analytics,Prof. Kulkarni,4,MCA,C,Room 201,180,170,94.44,Theory,0,1,0,93,14,4,7,0,Afternoon,2026-04-07 14:00:00,96.67,84.44666666666667,80.39714285714285,79.46858910891089,5,24.0,SAFE,2
2026-04-07,Tuesday,6,03:00 PM,Web Development,Prof. Patil,2,MCA,C,Auditorium,180,127,70.56,Theory,0,0,0,93,14,4,7,0,Afternoon,2026-04-07 15:00:00,94.44,89.25999999999999,82.85714285714286,79.49325370675453,6,1.0,WARNING,1
2026-04-07,Tuesday,6,03:00 PM,HR Analytics,Prof. Sharma,4,MCA,C,Room 201,180,100,55.56,Theory,1,0,0,93,14,4,7,0,Afternoon,2026-04-07 15:00:00,70.56,87.22333333333331,79.44571428571429,79.47856085526315,7,24.0,WARNING,1
2026-04-08,Wednesday,3,11:15 AM,Web Development,Prof. Kulkarni,2,MCA,C,Room 201,180,146,81.11,Theory,0,0,0,94,14,4,8,0,Morning,2026-04-08 11:15:00,55.56,73.52,77.93857142857144,79.43928571428572,1,20.25,SAFE,2
2026-04-09,Thursday,1,09:00 AM,Python Programming,Prof. Patil,2,MCA,C,Lab 2,180,143,79.44,Practical,0,1,0,95,14,4,9,0,Morning,2026-04-09 09:00:00,81.11,69.07666666666667,79.28714285714285,79.44202459016394,1,21.75,SAFE,2
2026-04-09,Thursday,3,11:15 AM,Web Development,Akash Upadhayay,4,MCA,C,Room 201,180,161,89.44,Theory,0,0,0,95,14,4,9,0,Morning,2026-04-09 11:15:00,79.44,72.03666666666668,79.20714285714287,79.44202127659574,2,2.25,SAFE,2
2026-04-09,Thursday,3,11:15 AM,Cloud Computing,Ishwari Gaikwad,4,MCA,C,Lab 2,180,176,97.78,Practical,0,0,0,95,14,4,9,0,Morning,2026-04-09 11:15:00,89.44,83.33,81.03142857142858,79.45835784313725,3,24.0,SAFE,2
2026-04-09,Thursday,5,02:00 PM,HR Analytics,Ishwari Gaikwad,2,MCA,C,Lab 2,180,135,75.0,Practical,1,1,0,95,14,4,9,0,Afternoon,2026-04-09 14:00:00,97.78,88.88666666666666,81.19000000000001,79.48824632952692,4,2.75,WARNING,1
2026-04-09,Thursday,5,02:00 PM,Python Programming,Prof. Sharma,4,MCA,C,Auditorium,180,173,96.11,Theory,0,0,0,95,14,4,9,0,Afternoon,2026-04-09 14:00:00,75.0,87.40666666666665,78.41285714285713,79.48093648208469,5,24.0,SAFE,2
2026-04-09,Thursday,6,03:00 PM,Machine Learning,Prof. Patil,4,MCA,C,Lab 2,180,134,74.44,Practical,0,0,1,95,14,4,9,0,Afternoon,2026-04-09 15:00:00,96.11,89.63,82.06285714285715,79.5079756097561,6,1.0,WARNING,1
2026-04-10,Friday,1,09:00 AM,Financial Management,Ishwari Gaikwad,4,MCA,C,Lab 1,180,107,59.44,Practical,0,0,1,96,14,4,10,0,Morning,2026-04-10 09:00:00,74.44,81.85000000000001,84.75999999999999,79.49974837662337,1,18.0,WARNING,1
2026-04-10,Friday,2,10:00 AM,Web Development,Prof. Deshmukh,2,MCA,C,Lab 1,180,176,97.78,Practical,0,0,0,96,14,4,10,0,Morning,2026-04-10 10:00:00,59.44,76.66333333333334,81.66428571428573,79.46723662884928,2,1.0,SAFE,2
2026-04-10,Friday,2,10:00 AM,Financial Management,Prof. Kulkarni,2,MCA,C,Room 201,180,151,83.89,Theory,0,0,0,96,14,4,10,0,Morning,2026-04-10 10:00:00,97.78,77.22,84.28428571428572,79.49686893203884,3,24.0,SAFE,2
2026-04-10,Friday,3,11:15 AM,Advanced DBMS,Akash Upadhayay,2,MCA,C,Lab 2,180,155,86.11,Practical,0,0,0,96,14,4,10,0,Morning,2026-04-10 11:15:00,83.89,80.37,83.49142857142859,79.50396607431341,4,1.25,SAFE,2
2026-04-10,Friday,4,12:15 PM,HR Analytics,Prof. Deshmukh,2,MCA,C,Auditorium,180,140,77.78,Theory,0,0,0,96,14,4,10,0,Afternoon,2026-04-10 12:15:00,86.11,89.25999999999999,81.82428571428571,79.51462096774193,5,1.0,SAFE,2
2026-04-10,Friday,5,02:00 PM,Advanced DBMS,Prof. Sharma,2,MCA,C,Lab 1,180,157,87.22,Practical,0,1,0,96,14,4,10,0,Afternoon,2026-04-10 14:00:00,77.78,82.59333333333333,82.22142857142858,79.51182769726248,6,1.75,SAFE,2
2026-04-11,Saturday,1,09:00 AM,Python Programming,Akash Upadhayay,2,MCA,C,Auditorium,180,129,71.67,Theory,0,0,0,97,14,4,11,1,Morning,2026-04-11 09:00:00,87.22,83.70333333333333,80.95142857142856,79.52422025723473,1,19.0,WARNING,1
2026-04-11,Saturday,3,11:15 AM,Python Programming,Ishwari Gaikwad,2,MCA,C,Lab 2,180,132,73.33,Practical,0,0,0,97,14,4,11,1,Morning,2026-04-11 11:15:00,71.67,78.89,80.55571428571429,79.51161316211878,2,2.25,WARNING,1
2026-04-11,Saturday,6,03:00 PM,Financial Management,Prof. Sharma,4,MCA,C,Room 202,180,142,78.89,Theory,0,0,0,97,14,4,11,1,Afternoon,2026-04-11 15:00:00,73.33,77.40666666666667,82.53999999999999,79.50170673076923,3,3.75,SAFE,2
2026-04-11,Saturday,6,03:00 PM,Python Programming,Ishwari Gaikwad,2,MCA,C,Auditorium,180,114,63.33,Theory,0,0,1,97,14,4,11,1,Afternoon,2026-04-11 15:00:00,78.89,74.63,79.84142857142857,79.50072800000001,4,24.0,WARNING,1
2026-04-12,Monday,1,09:00 AM,Python Programming,Ishwari Gaikwad,4,MCA,C,Lab 2,180,158,87.78,Practical,0,0,0,98,14,4,12,0,Morning,2026-04-12 09:00:00,63.33,71.85,76.90428571428572,79.47489616613419,1,18.0,SAFE,2
2026-04-12,Monday,2,10:00 AM,Web Development,Prof. Kulkarni,4,MCA,C,Room 201,180,109,60.56,Theory,0,0,1,98,14,4,12,0,Morning,2026-04-12 10:00:00,87.78,76.66666666666667,77.14285714285714,79.48814194577353,2,1.0,WARNING,1
2026-04-12,Monday,2,10:00 AM,Machine Learning,Prof. Patil,4,MCA,C,Room 201,180,135,75.0,Theory,0,0,0,98,14,4,12,0,Morning,2026-04-12 10:00:00,60.56,70.55666666666667,74.68285714285715,79.4580015923567,3,24.0,WARNING,1
2026-04-12,Monday,2,10:00 AM,Advanced DBMS,Prof. Patil,2,MCA,C,Room 201,180,165,91.67,Theory,0,1,0,98,14,4,12,0,Morning,2026-04-12 10:00:00,75.0,74.44666666666667,72.93714285714286,79.45091414944356,4,24.0,SAFE,2
2026-04-12,Monday,3,11:15 AM,Python Programming,Prof. Kulkarni,2,MCA,C,Room 201,180,112,62.22,Theory,1,1,0,98,14,4,12,0,Morning,2026-04-12 11:15:00,91.67,75.74333333333334,75.7942857142857,79.47030952380952,5,1.25,WARNING,1
2026-04-12,Monday,5,02:00 PM,Machine Learning,Prof. Deshmukh,2,MCA,C,Lab 2,180,137,76.11,Practical,0,0,0,98,14,4,12,0,Afternoon,2026-04-12 14:00:00,62.22,76.29666666666667,74.20714285714287,79.44297147385103,6,2.75,SAFE,2
2026-04-12,Monday,6,03:00 PM,HR Analytics,Prof. Sharma,4,MCA,C,Room 202,180,133,73.89,Theory,0,0,0,98,14,4,12,0,Afternoon,2026-04-12 15:00:00,76.11,76.66666666666667,73.80999999999999,79.43769778481013,7,1.0,WARNING,1
2026-04-12,Monday,6,03:00 PM,Advanced DBMS,Prof. Deshmukh,4,MCA,C,Room 201,180,141,78.33,Theory,0,0,0,98,14,4,12,0,Afternoon,2026-04-12 15:00:00,73.89,70.74,75.31857142857143,79.42893364928909,8,24.0,SAFE,2
2026-04-13,Monday,2,10:00 AM,Web Development,Akash Upadhayay,4,MCA,C,Auditorium,180,140,77.78,Theory,0,0,0,99,15,4,13,0,Morning,2026-04-13 10:00:00,78.33,76.11,73.96857142857142,79.42720031545741,1,19.0,SAFE,2
2026-04-13,Monday,3,11:15 AM,Machine Learning,Prof. Kulkarni,2,MCA,C,Lab 2,180,180,100.0,Practical,0,1,0,99,15,4,13,0,Morning,2026-04-13 11:15:00,77.78,76.66666666666667,76.42857142857143,79.4246062992126,2,1.25,SAFE,2
2026-04-13,Monday,4,12:15 PM,Web Development,Prof. Sharma,4,MCA,C,Auditorium,180,148,82.22,Theory,0,0,0,99,15,4,13,0,Afternoon,2026-04-13 12:15:00,100.0,85.37,80.0,79.45695754716981,3,1.0,SAFE,2
2026-04-13,Monday,6,03:00 PM,Python Programming,Prof. Kulkarni,4,MCA,C,Room 201,180,115,63.89,Theory,0,0,0,99,15,4,13,0,Afternoon,2026-04-13 15:00:00,82.22,86.66666666666667,78.65,79.46129513343799,4,2.75,WARNING,1
2026-04-14,Tuesday,2,10:00 AM,Web Development,Prof. Patil,4,MCA,C,Lab 1,180,144,80.0,Practical,1,0,0,100,15,4,14,0,Morning,2026-04-14 10:00:00,63.89,82.03666666666668,78.88857142857144,79.43688871473354,1,19.0,SAFE,2
2026-04-14,Tuesday,4,12:15 PM,Python Programming,Prof. Kulkarni,2,MCA,C,Room 202,180,155,86.11,Theory,0,0,0,100,15,4,14,0,Afternoon,2026-04-14 12:15:00,80.0,75.37,79.44428571428571,79.43776995305164,2,2.25,SAFE,2
2026-04-14,Tuesday,5,02:00 PM,Cloud Computing,Prof. Deshmukh,4,MCA,C,Auditorium,180,176,97.78,Theory,0,1,0,100,15,4,14,0,Afternoon,2026-04-14 14:00:00,86.11,76.66666666666667,81.19000000000001,79.4481953125,3,1.75,SAFE,2
2026-04-14,Tuesday,6,03:00 PM,Cloud Computing,Prof. Sharma,2,MCA,C,Auditorium,180,124,68.89,Theory,0,0,0,100,15,4,14,0,Afternoon,2026-04-14 15:00:00,97.78,87.96333333333332,83.96857142857142,79.47679407176287,4,1.0,WARNING,1
2026-04-15,Wednesday,1,09:00 AM,Financial Management,Prof. Sharma,2,MCA,C,Room 201,180,156,86.67,Theory,0,0,0,101,15,4,15,0,Morning,2026-04-15 09:00:00,68.89,84.26,82.69857142857143,79.46030373831776,1,18.0,SAFE,2
2026-04-15,Wednesday,4,12:15 PM,Web Development,Prof. Sharma,2,MCA,C,Lab 1,180,176,97.78,Practical,0,0,0,101,15,4,15,0,Afternoon,2026-04-15 12:15:00,86.67,84.44666666666667,80.7942857142857,79.4715163297045,2,3.25,SAFE,2
2026-04-15,Wednesday,5,02:00 PM,Machine Learning,Prof. Kulkarni,2,MCA,C,Lab 1,180,109,60.56,Practical,1,0,1,101,15,4,15,0,Afternoon,2026-04-15 14:00:00,97.78,84.44666666666667,83.01714285714286,79.4999456521739,3,1.75,WARNING,1
2026-04-16,Thursday,1,09:00 AM,Cloud Computing,Ishwari Gaikwad,4,MCA,C,Lab 1,180,126,70.0,Practical,0,0,0,102,15,4,16,0,Morning,2026-04-16 09:00:00,60.56,81.67,82.54142857142858,79.47058139534884,1,19.0,WARNING,1
2026-04-16,Thursday,4,12:15 PM,Python Programming,Akash Upadhayay,4,MCA,C,Room 202,180,142,78.89,Theory,0,1,1,102,15,4,16,0,Afternoon,2026-04-16 12:15:00,70.0,76.11333333333333,81.11285714285715,79.45592105263158,2,3.25,SAFE,2
2026-04-16,Thursday,5,02:00 PM,Machine Learning,Prof. Sharma,2,MCA,C,Room 201,180,169,93.89,Theory,0,0,0,102,15,4,16,0,Afternoon,2026-04-16 14:00:00,78.89,69.81666666666666,80.08142857142857,79.45504636785162,3,1.75,SAFE,2
2026-04-16,Thursday,5,02:00 PM,Machine Learning,Prof. Sharma,2,MCA,C,Auditorium,180,152,84.44,Theory,0,1,0,102,15,4,16,0,Afternoon,2026-04-16 14:00:00,93.89,80.92666666666666,79.52571428571427,79.4773225308642,4,24.0,SAFE,2
2026-04-16,Thursday,5,02:00 PM,Cloud Computing,Ishwari Gaikwad,4,MCA,C,Lab 1,180,128,71.11,Practical,0,0,1,102,15,4,16,0,Afternoon,2026-04-16 14:00:00,84.44,85.74000000000001,81.74714285714286,79.48496918335901,5,24.0,WARNING,1
2026-04-16,Thursday,6,03:00 PM,Web Development,Prof. Kulkarni,2,MCA,C,Lab 2,180,112,62.22,Practical,1,1,0,102,15,4,16,0,Afternoon,2026-04-16 15:00:00,71.11,83.14666666666666,79.52428571428571,79.47208461538462,6,1.0,WARNING,1
2026-04-17,Friday,1,09:00 AM,Python Programming,Akash Upadhayay,4,MCA,C,Lab 1,180,151,83.89,Practical,0,0,0,103,15,4,17,0,Morning,2026-04-17 09:00:00,62.22,72.58999999999999,74.44428571428571,79.4455837173579,1,18.0,SAFE,2
2026-04-17,Friday,4,12:15 PM,Financial Management,Prof. Patil,2,MCA,C,Room 201,180,180,100.0,Theory,0,0,0,103,15,4,17,0,Afternoon,2026-04-17 12:15:00,83.89,72.40666666666667,77.77714285714286,79.45240030674846,2,3.25,SAFE,2
2026-04-17,Friday,4,12:15 PM,Financial Management,Prof. Deshmukh,4,MCA,C,Auditorium,180,142,78.89,Theory,0,0,0,103,15,4,17,0,Afternoon,2026-04-17 12:15:00,100.0,82.03666666666668,82.06285714285715,79.48386676875957,3,24.0,SAFE,2
2026-04-17,Friday,4,12:15 PM,Web Development,Prof. Kulkarni,4,MCA,C,Lab 1,180,172,95.56,Practical,0,1,0,103,15,4,17,0,Afternoon,2026-04-17 12:15:00,78.89,87.59333333333332,82.06285714285715,79.48295871559634,4,24.0,SAFE,2
2026-04-17,Friday,6,03:00 PM,Advanced DBMS,Prof. Sharma,4,MCA,C,Auditorium,180,129,71.67,Theory,0,0,0,103,15,4,17,0,Afternoon,2026-04-17 15:00:00,95.56,91.48333333333333,82.30142857142857,79.5075038167939,5,2.75,WARNING,1
2026-04-18,Saturday,2,10:00 AM,Machine Learning,Prof. Sharma,2,MCA,C,Lab 2,180,153,85.0,Practical,0,0,0,104,15,4,18,1,Morning,2026-04-18 10:00:00,71.67,82.04,80.47714285714287,79.49555640243902,1,19.0,SAFE,2
2026-04-18,Saturday,4,12:15 PM,Machine Learning,Ishwari Gaikwad,4,MCA,C,Lab 2,180,113,62.78,Practical,0,0,1,104,15,4,18,1,Afternoon,2026-04-18 12:15:00,85.0,84.07666666666667,82.46142857142857,79.50393455098934,2,2.25,WARNING,1
2026-04-18,Saturday,5,02:00 PM,Cloud Computing,Prof. Sharma,2,MCA,C,Lab 1,180,162,90.0,Practical,0,0,0,104,15,4,18,1,Afternoon,2026-04-18 14:00:00,62.78,73.15,82.54142857142857,79.47851823708207,3,1.75,SAFE,2
2026-04-18,Saturday,6,03:00 PM,Financial Management,Akash Upadhayay,2,MCA,C,Room 202,180,112,62.22,Theory,0,0,0,104,15,4,18,1,Afternoon,2026-04-18 15:00:00,90.0,79.26,83.41428571428571,79.49448406676782,4,1.0,WARNING,1
2026-04-18,Saturday,6,03:00 PM,HR Analytics,Prof. Patil,2,MCA,C,Auditorium,180,89,49.17,Theory,1,1,0,104,15,4,18,1,Afternoon,2026-04-18 15:00:00,62.22,71.66666666666667,78.01714285714286,79.4683106060606,5,24.0,CRITICAL,0
2026-04-18,Saturday,6,03:00 PM,Machine Learning,Ishwari Gaikwad,2,MCA,C,Lab 1,180,155,86.11,Practical,0,0,0,104,15,4,18,1,Afternoon,2026-04-18 15:00:00,49.17,67.13,73.77142857142859,79.42247352496217,6,24.0,SAFE,2
2026-04-19,Monday,1,09:00 AM,HR Analytics,Prof. Deshmukh,4,MCA,C,Room 202,180,100,55.56,Theory,0,0,1,105,15,4,19,0,Morning,2026-04-19 09:00:00,86.11,65.83333333333333,72.42142857142856,79.43257552870091,1,18.0,WARNING,1
2026-04-19,Monday,1,09:00 AM,Web Development,Prof. Sharma,2,MCA,C,Room 201,180,136,75.56,Theory,0,1,0,105,15,4,19,0,Morning,2026-04-19 09:00:00,55.56,63.61333333333334,70.12,79.39656862745099,2,24.0,SAFE,2
2026-04-19,Monday,3,11:15 AM,Cloud Computing,Prof. Sharma,2,MCA,C,Auditorium,180,111,61.67,Theory,0,0,0,105,15,4,19,0,Morning,2026-04-19 11:15:00,75.56,72.41000000000001,68.77142857142857,79.3907906626506,3,2.25,WARNING,1
2026-04-19,Monday,4,12:15 PM,Python Programming,Prof. Patil,4,MCA,C,Lab 1,180,154,85.56,Practical,0,0,0,105,15,4,19,0,Afternoon,2026-04-19 12:15:00,61.67,64.26333333333334,68.61285714285714,79.36414285714285,4,1.0,SAFE,2
2026-04-19,Monday,5,02:00 PM,Cloud Computing,Prof. Sharma,4,MCA,C,Auditorium,180,125,69.44,Theory,0,0,0,105,15,4,19,0,Afternoon,2026-04-19 14:00:00,85.56,74.26333333333334,67.97857142857143,79.37344594594595,5,1.75,WARNING,1
2026-04-19,Monday,5,02:00 PM,Cloud Computing,Ishwari Gaikwad,4,MCA,C,Auditorium,180,165,91.67,Theory,0,0,0,105,15,4,19,0,Afternoon,2026-04-19 14:00:00,69.44,72.22333333333334,69.01,79.3585532233883,6,24.0,SAFE,2
2026-04-19,Monday,6,03:00 PM,HR Analytics,Prof. Deshmukh,4,MCA,C,Auditorium,180,113,62.78,Theory,0,0,0,105,15,4,19,0,Afternoon,2026-04-19 15:00:00,91.67,82.22333333333333,75.08142857142857,79.37698353293413,7,1.0,WARNING,1
2026-04-19,Monday,6,03:00 PM,HR Analytics,Prof. Kulkarni,4,MCA,C,Lab 2,180,118,65.56,Practical,0,1,0,105,15,4,19,0,Afternoon,2026-04-19 15:00:00,62.78,74.63000000000001,71.74857142857142,79.35217488789237,8,24.0,WARNING,1
2026-04-20,Monday,3,11:15 AM,HR Analytics,Prof. Patil,2,MCA,C,Room 202,180,157,87.22,Theory,0,0,0,106,16,4,20,0,Morning,2026-04-20 11:15:00,65.56,73.33666666666666,73.17714285714285,79.33158955223881,1,20.25,SAFE,2
2026-04-20,Monday,3,11:15 AM,Machine Learning,Prof. Deshmukh,2,MCA,C,Lab 2,180,166,92.22,Practical,0,0,0,106,16,4,20,0,Morning,2026-04-20 11:15:00,87.22,71.85333333333334,74.84285714285714,79.34334575260804,2,24.0,SAFE,2
2026-04-20,Monday,4,12:15 PM,Web Development,Prof. Deshmukh,2,MCA,C,Room 201,180,137,76.11,Theory,0,0,0,106,16,4,20,0,Afternoon,2026-04-20 12:15:00,92.22,81.66666666666667,79.20714285714287,79.3625074404762,3,1.0,SAFE,2
2026-04-20,Monday,4,12:15 PM,Advanced DBMS,Prof. Kulkarni,4,MCA,C,Auditorium,180,163,90.56,Theory,0,0,0,106,16,4,20,0,Afternoon,2026-04-20 12:15:00,76.11,85.18333333333334,77.85714285714286,79.35767459138187,4,24.0,SAFE,2
2026-04-20,Monday,5,02:00 PM,Advanced DBMS,Prof. Kulkarni,2,MCA,C,Auditorium,180,142,78.89,Theory,0,0,0,106,16,4,20,0,Afternoon,2026-04-20 14:00:00,90.56,86.29666666666667,80.87428571428572,79.37429525222552,5,1.75,SAFE,2
2026-04-20,Monday,5,02:00 PM,Machine Learning,Prof. Kulkarni,4,MCA,C,Room 202,180,148,82.22,Theory,0,0,0,106,16,4,20,0,Afternoon,2026-04-20 14:00:00,78.89,81.85333333333334,79.04857142857144,79.37357777777778,6,24.0,SAFE,2
2026-04-20,Monday,6,03:00 PM,Python Programming,Prof. Deshmukh,2,MCA,C,Auditorium,180,101,56.11,Theory,1,1,0,106,16,4,20,0,Afternoon,2026-04-20 15:00:00,82.22,83.89,81.82571428571428,79.37778846153846,7,1.0,WARNING,1
2026-04-20,Monday,6,03:00 PM,Python Programming,Prof. Deshmukh,4,MCA,C,Room 201,180,89,49.17,Theory,0,0,1,106,16,4,20,0,Afternoon,2026-04-20 15:00:00,56.11,72.40666666666668,80.47571428571428,79.34341949778435,8,24.0,CRITICAL,0
2026-04-21,Tuesday,2,10:00 AM,Financial Management,Prof. Sharma,4,MCA,C,Lab 1,180,176,97.78,Practical,0,0,0,107,16,4,21,0,Morning,2026-04-21 10:00:00,49.17,62.5,75.03999999999999,79.29891592920355,1,19.0,SAFE,2
2026-04-21,Tuesday,2,10:00 AM,Financial Management,Akash Upadhayay,2,MCA,C,Room 202,180,153,85.0,Theory,0,0,0,107,16,4,21,0,Morning,2026-04-21 10:00:00,97.78,67.68666666666667,75.83428571428571,79.32613402061855,2,24.0,SAFE,2
2026-04-21,Tuesday,3,11:15 AM,Financial Management,Akash Upadhayay,2,MCA,C,Lab 1,180,138,76.67,Practical,0,0,1,107,16,4,21,0,Morning,2026-04-21 11:15:00,85.0,77.31666666666666,77.10428571428572,79.33447794117647,3,1.25,SAFE,2
2026-04-21,Tuesday,3,11:15 AM,HR Analytics,Prof. Patil,4,MCA,C,Room 202,180,140,77.78,Theory,0,0,0,107,16,4,21,0,Morning,2026-04-21 11:15:00,76.67,86.48333333333333,75.12,79.33056534508076,4,24.0,SAFE,2
2026-04-21,Tuesday,4,12:15 PM,Advanced DBMS,Prof. Kulkarni,4,MCA,C,Room 202,180,134,74.44,Theory,0,1,1,107,16,4,21,0,Afternoon,2026-04-21 12:15:00,77.78,79.81666666666666,74.96142857142857,79.3282917888563,5,1.0,WARNING,1
2026-04-22,Wednesday,3,11:15 AM,Advanced DBMS,Prof. Sharma,4,MCA,C,Lab 2,180,158,87.78,Practical,0,0,0,108,16,4,22,0,Morning,2026-04-22 11:15:00,74.44,76.29666666666667,73.85000000000001,79.32113469985359,1,23.0,SAFE,2
2026-04-22,Wednesday,3,11:15 AM,Python Programming,Prof. Patil,2,MCA,C,Lab 1,180,159,88.33,Practical,0,0,0,108,16,4,22,0,Morning,2026-04-22 11:15:00,87.78,80.0,78.37428571428572,79.3335014619883,2,24.0,SAFE,2
2026-04-22,Wednesday,4,12:15 PM,Cloud Computing,Prof. Sharma,2,MCA,C,Room 201,180,171,95.0,Theory,0,0,0,108,16,4,22,0,Afternoon,2026-04-22 12:15:00,88.33,83.51666666666667,83.96857142857142,79.34663503649635,3,1.0,SAFE,2
2026-04-22,Wednesday,5,02:00 PM,Cloud Computing,Prof. Sharma,2,MCA,C,Lab 2,180,163,90.56,Practical,0,0,0,108,16,4,22,0,Afternoon,2026-04-22 14:00:00,95.0,90.37,83.57142857142857,79.36945335276968,4,1.75,SAFE,2
2026-04-22,Wednesday,6,03:00 PM,Python Programming,Prof. Patil,2,MCA,C,Auditorium,180,131,72.78,Theory,0,1,0,108,16,4,22,0,Afternoon,2026-04-22 15:00:00,90.56,91.29666666666667,84.36571428571429,79.3857423580786,5,1.0,WARNING,1
2026-04-23,Thursday,2,10:00 AM,Financial Management,Prof. Deshmukh,4,MCA,C,Lab 1,180,172,95.56,Practical,0,0,0,109,16,4,23,0,Morning,2026-04-23 10:00:00,72.78,86.11333333333334,83.81000000000002,79.3761409883721,1,19.0,SAFE,2
2026-04-23,Thursday,3,11:15 AM,Cloud Computing,Akash Upadhayay,4,MCA,C,Room 201,180,150,83.33,Theory,0,0,0,109,16,4,23,0,Morning,2026-04-23 11:15:00,95.56,86.3,86.35,79.39962989840349,2,1.25,SAFE,2
2026-04-23,Thursday,4,12:15 PM,Python Programming,Prof. Sharma,2,MCA,C,Auditorium,180,167,92.78,Theory,0,1,0,109,16,4,23,0,Afternoon,2026-04-23 12:15:00,83.33,83.89,87.62,79.40532608695652,3,1.0,SAFE,2
2026-04-23,Thursday,5,02:00 PM,HR Analytics,Akash Upadhayay,2,MCA,C,Room 201,180,139,77.22,Theory,0,0,0,109,16,4,23,0,Afternoon,2026-04-23 14:00:00,92.78,90.55666666666667,88.3342857142857,79.42468162083937,4,1.75,SAFE,2
2026-04-23,Thursday,5,02:00 PM,Machine Learning,Prof. Sharma,2,MCA,C,Lab 2,180,155,86.11,Practical,0,0,0,109,16,4,23,0,Afternoon,2026-04-23 14:00:00,77.22,84.44333333333333,86.74714285714286,79.4214956647399,5,24.0,SAFE,2
2026-04-23,Thursday,6,03:00 PM,Web Development,Prof. Kulkarni,4,MCA,C,Room 202,180,158,87.78,Theory,0,0,0,109,16,4,23,0,Afternoon,2026-04-23 15:00:00,86.11,85.37,85.47714285714287,79.43114718614719,6,1.0,SAFE,2
2026-04-23,Thursday,6,03:00 PM,Web Development,Prof. Patil,2,MCA,C,Auditorium,180,136,75.56,Theory,0,0,0,109,16,4,23,0,Afternoon,2026-04-23 15:00:00,87.78,83.70333333333333,85.08000000000001,79.4431772334294,7,24.0,SAFE,2
2026-04-24,Friday,2,10:00 AM,Financial Management,Prof. Deshmukh,4,MCA,C,Room 201,180,148,82.22,Theory,0,0,0,110,16,4,24,0,Morning,2026-04-24 10:00:00,75.56,83.14999999999999,85.47714285714287,79.43758992805755,1,19.0,SAFE,2
2026-04-25,Saturday,2,10:00 AM,Cloud Computing,Ishwari Gaikwad,4,MCA,C,Room 201,180,140,77.78,Theory,0,0,0,111,16,4,25,1,Morning,2026-04-25 10:00:00,82.22,81.85333333333334,83.57142857142857,79.44158764367816,1,24.0,SAFE,2
2026-04-25,Saturday,5,02:00 PM,Python Programming,Prof. Deshmukh,2,MCA,C,Room 201,180,115,63.89,Theory,1,1,0,111,16,4,25,1,Afternoon,2026-04-25 14:00:00,77.78,78.52,82.77857142857144,79.4392037302726,2,4.0,WARNING,1
2026-04-26,Monday,1,09:00 AM,Advanced DBMS,Prof. Patil,2,MCA,C,Room 201,180,135,75.0,Theory,0,1,0,112,16,4,26,0,Morning,2026-04-26 09:00:00,63.89,74.63,78.65142857142858,79.41692693409742,1,19.0,WARNING,1
2026-04-26,Monday,1,09:00 AM,Machine Learning,Prof. Sharma,4,MCA,C,Auditorium,180,103,57.22,Theory,1,0,0,112,16,4,26,0,Morning,2026-04-26 09:00:00,75.0,72.22333333333334,78.33428571428571,79.41060801144492,2,24.0,WARNING,1
2026-04-26,Monday,2,10:00 AM,Python Programming,Prof. Kulkarni,4,MCA,C,Lab 1,180,151,83.89,Practical,0,0,0,112,16,4,26,0,Morning,2026-04-26 10:00:00,57.22,65.37,74.20714285714287,79.37890714285714,3,1.0,SAFE,2
2026-04-26,Monday,3,11:15 AM,Machine Learning,Ishwari Gaikwad,2,MCA,C,Room 202,180,137,76.11,Theory,0,1,0,112,16,4,26,0,Morning,2026-04-26 11:15:00,83.89,72.03666666666668,73.65142857142858,79.38534236804566,4,1.25,SAFE,2
2026-04-26,Monday,5,02:00 PM,Web Development,Prof. Kulkarni,4,MCA,C,Room 202,180,117,65.0,Theory,0,1,1,112,16,4,26,0,Afternoon,2026-04-26 14:00:00,76.11,72.40666666666668,73.73,79.38067663817664,5,2.75,WARNING,1
2026-04-26,Monday,6,03:00 PM,HR Analytics,Prof. Patil,2,MCA,C,Auditorium,180,130,72.22,Theory,0,0,0,112,16,4,26,0,Afternoon,2026-04-26 15:00:00,65.0,75.0,71.27,79.36022048364154,6,1.0,WARNING,1
2026-04-27,Monday,4,12:15 PM,Advanced DBMS,Akash Upadhayay,2,MCA,C,Lab 1,180,98,54.44,Practical,1,1,1,113,17,4,27,0,Afternoon,2026-04-27 12:15:00,72.22,71.11,70.47571428571429,79.350078125,1,21.25,WARNING,1
2026-04-28,Tuesday,1,09:00 AM,HR Analytics,Prof. Sharma,4,MCA,C,Lab 1,180,124,68.89,Practical,1,1,0,114,17,4,28,0,Morning,2026-04-28 09:00:00,54.44,63.886666666666656,69.12571428571428,79.31474468085106,1,20.75,WARNING,1
2026-04-28,Tuesday,2,10:00 AM,Cloud Computing,Prof. Patil,2,MCA,C,Auditorium,180,141,78.33,Theory,0,0,0,114,17,4,28,0,Morning,2026-04-28 10:00:00,68.89,65.18333333333334,68.25285714285715,79.29997875354108,2,1.0,SAFE,2
2026-04-28,Tuesday,3,11:15 AM,Web Development,Prof. Kulkarni,4,MCA,C,Lab 1,180,166,92.22,Practical,0,0,0,114,17,4,28,0,Morning,2026-04-28 11:15:00,78.33,67.22,71.26857142857143,79.29860678925036,3,1.25,SAFE,2
2026-04-28,Tuesday,5,02:00 PM,Cloud Computing,Prof. Patil,2,MCA,C,Room 201,180,138,76.67,Theory,1,0,0,114,17,4,28,0,Afternoon,2026-04-28 14:00:00,92.22,79.81333333333333,72.45857142857143,79.31685734463277,4,2.75,SAFE,2
2026-04-28,Tuesday,6,03:00 PM,Advanced DBMS,Prof. Deshmukh,4,MCA,C,Lab 1,180,153,85.0,Practical,0,1,0,114,17,4,28,0,Afternoon,2026-04-28 15:00:00,76.67,82.40666666666668,72.53857142857143,79.31312411847672,5,1.0,SAFE,2
2026-04-28,Tuesday,6,03:00 PM,HR Analytics,Prof. Sharma,2,MCA,C,Room 202,180,103,57.22,Theory,0,0,1,114,17,4,28,0,Afternoon,2026-04-28 15:00:00,85.0,84.63,75.39571428571428,79.3211338028169,6,24.0,WARNING,1
2026-04-29,Wednesday,1,09:00 AM,Cloud Computing,Prof. Kulkarni,4,MCA,C,Room 202,180,138,76.67,Theory,0,0,0,115,17,4,29,0,Morning,2026-04-29 09:00:00,57.22,72.96333333333332,73.25285714285714,79.29004922644162,1,18.0,SAFE,2
2026-04-29,Wednesday,2,10:00 AM,Web Development,Prof. Patil,2,MCA,C,Auditorium,180,144,80.0,Theory,0,0,0,115,17,4,29,0,Morning,2026-04-29 10:00:00,76.67,72.96333333333332,76.42857142857143,79.28636938202247,2,1.0,SAFE,2
2026-04-29,Wednesday,4,12:15 PM,Cloud Computing,Prof. Sharma,2,MCA,C,Room 201,180,159,88.33,Theory,0,0,0,115,17,4,29,0,Afternoon,2026-04-29 12:15:00,80.0,71.29666666666667,78.01571428571428,79.28737026647966,3,2.25,SAFE,2
2026-04-29,Wednesday,5,02:00 PM,Web Development,Prof. Sharma,2,MCA,C,Room 201,180,151,83.89,Theory,0,1,0,115,17,4,29,0,Afternoon,2026-04-29 14:00:00,88.33,81.66666666666667,79.44428571428571,79.3000350140056,4,1.75,SAFE,2
2026-04-29,Wednesday,6,03:00 PM,Python Programming,Akash Upadhayay,2,MCA,C,Auditorium,180,152,84.44,Theory,0,0,0,115,17,4,29,0,Afternoon,2026-04-29 15:00:00,83.89,84.07333333333334,78.25428571428571,79.30645454545454,5,1.0,SAFE,2
2026-04-29,Wednesday,6,03:00 PM,Cloud Computing,Prof. Kulkarni,4,MCA,C,Lab 2,180,146,81.11,Practical,0,1,0,115,17,4,29,0,Afternoon,2026-04-29 15:00:00,84.44,85.55333333333333,79.36428571428571,79.31362430167597,6,24.0,SAFE,2
2026-04-30,Thursday,1,09:00 AM,Advanced DBMS,Prof. Sharma,4,MCA,C,Room 201,180,89,49.17,Theory,0,1,0,116,17,4,30,0,Morning,2026-04-30 09:00:00,81.11,83.14666666666666,78.80857142857143,79.31612970711298,1,18.0,CRITICAL,0
2026-04-30,Thursday,3,11:15 AM,Cloud Computing,Akash Upadhayay,2,MCA,C,Room 201,180,147,81.67,Theory,0,0,0,116,17,4,30,0,Morning,2026-04-30 11:15:00,49.17,71.57333333333334,77.65857142857143,79.27414345403899,2,2.25,SAFE,2
2026-04-30,Thursday,6,03:00 PM,Advanced DBMS,Prof. Kulkarni,2,MCA,C,Auditorium,180,141,78.33,Theory,0,0,0,116,17,4,30,0,Afternoon,2026-04-30 15:00:00,81.67,70.64999999999999,78.37285714285714,79.27747566063978,3,3.75,SAFE,2
2026-05-01,Friday,1,09:00 AM,Advanced DBMS,Prof. Patil,4,MCA,C,Room 201,180,139,77.22,Theory,0,0,0,117,17,5,1,0,Morning,2026-05-01 09:00:00,78.33,69.72333333333333,78.13428571428572,78.55473333333333,1,18.0,SAFE,2
2026-05-01,Friday,1,09:00 AM,Web Development,Ishwari Gaikwad,4,MCA,C,Lab 2,180,154,85.56,Practical,0,1,0,117,17,5,1,0,Morning,2026-05-01 09:00:00,77.22,79.07333333333334,76.54714285714284,78.55251247920133,2,24.0,SAFE,2
2026-05-01,Friday,2,10:00 AM,Machine Learning,Ishwari Gaikwad,2,MCA,C,Lab 2,180,180,100.0,Practical,0,0,0,117,17,5,1,0,Morning,2026-05-01 10:00:00,85.56,80.37,76.78571428571429,78.56415282392027,3,1.0,SAFE,2
2026-05-01,Friday,4,12:15 PM,Cloud Computing,Prof. Deshmukh,2,MCA,C,Room 201,180,158,87.78,Theory,0,0,0,117,17,5,1,0,Afternoon,2026-05-01 12:15:00,100.0,87.59333333333332,79.00857142857141,78.59970149253732,4,2.25,SAFE,2
2026-05-01,Friday,4,12:15 PM,Advanced DBMS,Prof. Sharma,4,MCA,C,Room 202,180,169,93.89,Theory,0,0,0,117,17,5,1,0,Afternoon,2026-05-01 12:15:00,87.78,91.11333333333334,79.96142857142857,78.61490066225166,5,24.0,SAFE,2
2026-05-01,Friday,4,12:15 PM,Web Development,Prof. Sharma,2,MCA,C,Room 202,180,176,97.78,Theory,0,1,0,117,17,5,1,0,Afternoon,2026-05-01 12:15:00,93.89,93.89,86.35000000000001,78.64014876033058,6,24.0,SAFE,2
2026-05-01,Friday,5,02:00 PM,Financial Management,Prof. Patil,4,MCA,C,Room 201,180,154,85.56,Theory,0,0,0,117,17,5,1,0,Afternoon,2026-05-01 14:00:00,97.78,93.14999999999999,88.65142857142857,78.67173267326733,7,1.75,SAFE,2
2026-05-01,Friday,6,03:00 PM,Python Programming,Prof. Sharma,4,MCA,C,Room 202,180,92,51.11,Theory,1,0,0,117,17,5,1,0,Afternoon,2026-05-01 15:00:00,85.56,92.41000000000001,89.68428571428572,78.68308072487643,8,1.0,WARNING,1
2026-05-02,Saturday,1,09:00 AM,HR Analytics,Prof. Sharma,2,MCA,C,Lab 1,180,180,100.0,Practical,1,1,1,118,17,5,2,1,Morning,2026-05-02 09:00:00,51.11,78.15,85.95428571428572,78.63773026315789,1,18.0,SAFE,2
2026-05-02,Saturday,3,11:15 AM,HR Analytics,Akash Upadhayay,2,MCA,C,Room 201,180,155,86.11,Theory,0,1,0,118,17,5,2,1,Morning,2026-05-02 11:15:00,100.0,78.89,88.01714285714287,78.6728078817734,2,2.25,SAFE,2
2026-05-02,Saturday,4,12:15 PM,Cloud Computing,Ishwari Gaikwad,4,MCA,C,Auditorium,180,138,76.67,Theory,0,0,0,118,17,5,2,1,Afternoon,2026-05-02 12:15:00,86.11,79.07333333333334,86.03285714285714,78.685,3,1.0,SAFE,2
2026-05-02,Saturday,6,03:00 PM,HR Analytics,Prof. Kulkarni,2,MCA,C,Lab 2,180,142,78.89,Practical,0,0,0,118,17,5,2,1,Afternoon,2026-05-02 15:00:00,76.67,87.59333333333332,84.44571428571429,78.68170212765956,4,2.75,SAFE,2
2026-05-03,Monday,1,09:00 AM,Python Programming,Ishwari Gaikwad,2,MCA,C,Auditorium,180,141,78.33,Theory,0,0,0,119,17,5,3,0,Morning,2026-05-03 09:00:00,78.89,80.55666666666667,82.30285714285715,78.68204248366014,1,18.0,SAFE,2
2026-05-03,Monday,3,11:15 AM,Web Development,Prof. Patil,2,MCA,C,Room 201,180,136,75.56,Theory,0,0,0,119,17,5,3,0,Morning,2026-05-03 11:15:00,78.33,77.96333333333332,79.52428571428572,78.68146818923327,2,2.25,SAFE,2
2026-05-03,Monday,3,11:15 AM,Cloud Computing,Prof. Deshmukh,2,MCA,C,Room 202,180,130,72.22,Theory,0,0,0,119,17,5,3,0,Morning,2026-05-03 11:15:00,75.56,77.59333333333333,78.0957142857143,78.67638436482085,3,24.0,WARNING,1
2026-05-03,Monday,4,12:15 PM,Python Programming,Akash Upadhayay,4,MCA,C,Lab 1,180,141,78.33,Practical,0,0,0,119,17,5,3,0,Afternoon,2026-05-03 12:15:00,72.22,75.36999999999999,81.11142857142856,78.66588617886178,4,1.0,SAFE,2
2026-05-03,Monday,4,12:15 PM,Machine Learning,Prof. Deshmukh,2,MCA,C,Lab 1,180,159,88.33,Practical,0,0,0,119,17,5,3,0,Afternoon,2026-05-03 12:15:00,78.33,75.37,78.01571428571428,78.6653409090909,5,24.0,SAFE,2
2026-05-03,Monday,4,12:15 PM,Cloud Computing,Prof. Deshmukh,2,MCA,C,Room 201,180,141,78.33,Theory,0,0,0,119,17,5,3,0,Afternoon,2026-05-03 12:15:00,88.33,79.62666666666667,78.33285714285714,78.68100486223663,6,24.0,SAFE,2
2026-05-04,Monday,3,11:15 AM,Web Development,Prof. Patil,4,MCA,C,Lab 1,180,180,100.0,Practical,1,0,0,120,18,5,4,0,Morning,2026-05-04 11:15:00,78.33,81.66333333333334,78.57000000000001,78.68043689320389,1,23.0,SAFE,2
2026-05-04,Monday,3,11:15 AM,Machine Learning,Prof. Sharma,4,MCA,C,Lab 1,180,89,49.17,Practical,0,0,0,120,18,5,4,0,Morning,2026-05-04 11:15:00,100.0,88.88666666666667,81.58571428571429,78.7148788368336,2,24.0,CRITICAL,0
2026-05-04,Monday,4,12:15 PM,Cloud Computing,Ishwari Gaikwad,2,MCA,C,Auditorium,180,126,70.0,Theory,0,0,0,120,18,5,4,0,Afternoon,2026-05-04 12:15:00,49.17,75.83333333333333,77.42,78.66722580645161,3,1.0,WARNING,1
2026-05-04,Monday,5,02:00 PM,Advanced DBMS,Ishwari Gaikwad,4,MCA,C,Lab 1,180,122,67.78,Practical,0,0,1,120,18,5,4,0,Afternoon,2026-05-04 14:00:00,70.0,73.05666666666667,76.62571428571428,78.653268921095,4,1.75,WARNING,1
2026-05-04,Monday,6,03:00 PM,Machine Learning,Prof. Kulkarni,4,MCA,C,Lab 2,180,151,83.89,Practical,0,0,0,120,18,5,4,0,Afternoon,2026-05-04 15:00:00,67.78,62.31666666666666,75.99142857142856,78.63578778135049,5,1.0,SAFE,2
2026-05-04,Monday,6,03:00 PM,Web Development,Ishwari Gaikwad,2,MCA,C,Lab 1,180,144,80.0,Practical,0,0,0,120,18,5,4,0,Afternoon,2026-05-04 15:00:00,83.89,73.89,76.78571428571429,78.64422150882825,6,24.0,SAFE,2
2026-05-05,Tuesday,2,10:00 AM,Advanced DBMS,Prof. Kulkarni,2,MCA,C,Lab 1,180,99,55.0,Practical,1,0,1,121,18,5,5,0,Morning,2026-05-05 10:00:00,80.0,77.22333333333334,75.59571428571428,78.64639423076923,1,19.0,WARNING,1
2026-05-05,Tuesday,4,12:15 PM,Python Programming,Prof. Deshmukh,2,MCA,C,Lab 2,180,164,91.11,Practical,0,0,0,121,18,5,5,0,Afternoon,2026-05-05 12:15:00,55.0,72.96333333333332,72.26285714285714,78.60856,2,2.25,SAFE,2
2026-05-05,Tuesday,4,12:15 PM,Cloud Computing,Prof. Sharma,4,MCA,C,Room 202,180,143,79.44,Theory,0,0,0,121,18,5,5,0,Afternoon,2026-05-05 12:15:00,91.11,75.37,70.99285714285715,78.6285303514377,3,24.0,SAFE,2
2026-05-05,Tuesday,5,02:00 PM,Cloud Computing,Prof. Patil,2,MCA,C,Lab 1,180,152,84.44,Practical,0,0,0,121,18,5,5,0,Afternoon,2026-05-05 14:00:00,79.44,75.18333333333334,75.31714285714285,78.62982456140351,4,1.75,SAFE,2
2026-05-06,Wednesday,2,10:00 AM,Machine Learning,Ishwari Gaikwad,4,MCA,C,Lab 1,180,173,96.11,Practical,0,0,0,122,18,5,6,0,Morning,2026-05-06 10:00:00,84.44,84.99666666666667,77.38,78.63907643312102,1,20.0,SAFE,2
2026-05-06,Wednesday,2,10:00 AM,Financial Management,Akash Upadhayay,4,MCA,C,Auditorium,180,172,95.56,Theory,0,1,0,122,18,5,6,0,Morning,2026-05-06 10:00:00,96.11,86.66333333333334,81.42714285714285,78.6668521462639,2,24.0,SAFE,2
2026-05-06,Wednesday,3,11:15 AM,Python Programming,Prof. Patil,2,MCA,C,Room 202,180,176,97.78,Theory,0,0,0,122,18,5,6,0,Morning,2026-05-06 11:15:00,95.56,92.03666666666668,83.0942857142857,78.69366666666667,3,1.25,SAFE,2
2026-05-06,Wednesday,3,11:15 AM,Cloud Computing,Prof. Sharma,2,MCA,C,Room 202,180,157,87.22,Theory,0,1,0,122,18,5,6,0,Morning,2026-05-06 11:15:00,97.78,96.48333333333333,85.63428571428571,78.72391442155309,4,24.0,SAFE,2
2026-05-06,Wednesday,5,02:00 PM,Machine Learning,Prof. Patil,4,MCA,C,Room 201,180,126,70.0,Theory,0,1,1,122,18,5,6,0,Afternoon,2026-05-06 14:00:00,87.22,93.52,90.23714285714286,78.73735759493671,5,2.75,WARNING,1
2026-05-06,Wednesday,6,03:00 PM,Cloud Computing,Akash Upadhayay,2,MCA,C,Room 202,180,153,85.0,Theory,0,0,0,122,18,5,6,0,Afternoon,2026-05-06 15:00:00,70.0,85.0,87.22142857142856,78.72355450236967,6,1.0,SAFE,2
2026-05-07,Thursday,1,09:00 AM,Cloud Computing,Prof. Patil,4,MCA,C,Auditorium,180,126,70.0,Theory,0,0,0,123,18,5,7,0,Morning,2026-05-07 09:00:00,85.0,80.74,88.01571428571428,78.73345425867508,1,18.0,WARNING,1
2026-05-07,Thursday,1,09:00 AM,Cloud Computing,Akash Upadhayay,4,MCA,C,Lab 2,180,150,83.33,Practical,0,0,0,123,18,5,7,0,Morning,2026-05-07 09:00:00,70.0,75.0,85.95285714285714,78.71970078740158,2,24.0,SAFE,2
2026-05-07,Thursday,2,10:00 AM,Web Development,Prof. Sharma,2,MCA,C,Lab 1,180,174,96.67,Practical,0,1,0,123,18,5,7,0,Morning,2026-05-07 10:00:00,83.33,79.44333333333333,84.12714285714286,78.72694968553459,3,1.0,SAFE,2
2026-05-07,Thursday,3,11:15 AM,Advanced DBMS,Prof. Patil,4,MCA,C,Auditorium,180,137,76.11,Theory,0,0,0,123,18,5,7,0,Morning,2026-05-07 11:15:00,96.67,83.33333333333333,84.28571428571429,78.75511773940346,4,1.25,SAFE,2
2026-05-07,Thursday,3,11:15 AM,Web Development,Akash Upadhayay,4,MCA,C,Lab 1,180,166,92.22,Practical,0,0,0,123,18,5,7,0,Morning,2026-05-07 11:15:00,76.11,85.37,81.18999999999998,78.75097178683386,5,24.0,SAFE,2
2026-05-07,Thursday,4,12:15 PM,Cloud Computing,Prof. Patil,2,MCA,C,Auditorium,180,108,60.0,Theory,1,0,0,123,18,5,7,0,Afternoon,2026-05-07 12:15:00,92.22,88.33333333333333,81.90428571428572,78.77205007824726,6,1.0,WARNING,1
2026-05-07,Thursday,6,03:00 PM,Web Development,Prof. Kulkarni,4,MCA,C,Auditorium,180,114,63.33,Theory,1,1,0,123,18,5,7,0,Afternoon,2026-05-07 15:00:00,60.0,76.11,80.47571428571429,78.74271875,7,2.75,WARNING,1
2026-05-08,Friday,2,10:00 AM,Machine Learning,Akash Upadhayay,4,MCA,C,Room 201,180,169,93.89,Theory,0,0,0,124,18,5,8,0,Morning,2026-05-08 10:00:00,63.33,71.85,77.38,78.71867394695788,1,19.0,SAFE,2
2026-05-08,Friday,2,10:00 AM,Cloud Computing,Akash Upadhayay,4,MCA,C,Lab 1,180,150,83.33,Practical,0,0,0,124,18,5,8,0,Morning,2026-05-08 10:00:00,93.89,72.40666666666667,80.79285714285713,78.74230529595015,2,24.0,SAFE,2
2026-05-08,Friday,3,11:15 AM,Python Programming,Ishwari Gaikwad,2,MCA,C,Lab 1,180,176,97.78,Practical,0,0,0,124,18,5,8,0,Morning,2026-05-08 11:15:00,83.33,80.18333333333334,80.79285714285713,78.7494401244168,3,1.25,SAFE,2
2026-05-08,Friday,3,11:15 AM,HR Analytics,Prof. Deshmukh,4,MCA,C,Room 201,180,141,78.33,Theory,0,0,0,124,18,5,8,0,Morning,2026-05-08 11:15:00,97.78,91.66666666666667,80.95142857142856,78.77899068322981,4,24.0,SAFE,2
2026-05-08,Friday,6,03:00 PM,Cloud Computing,Akash Upadhayay,2,MCA,C,Lab 2,180,132,73.33,Practical,0,0,0,124,18,5,8,0,Afternoon,2026-05-08 15:00:00,78.33,86.48,81.26857142857143,78.77829457364341,5,3.75,WARNING,1
2026-05-09,Saturday,4,12:15 PM,Cloud Computing,Prof. Deshmukh,4,MCA,C,Room 201,180,133,73.89,Theory,1,1,0,125,18,5,9,1,Afternoon,2026-05-09 12:15:00,73.33,83.14666666666666,78.57000000000001,78.76986068111455,1,21.25,WARNING,1
2026-05-09,Saturday,5,02:00 PM,HR Analytics,Prof. Deshmukh,4,MCA,C,Room 201,180,131,72.78,Theory,0,0,0,125,18,5,9,1,Afternoon,2026-05-09 14:00:00,73.89,75.18333333333332,80.55428571428571,78.76231839258115,2,1.75,WARNING,1
2026-05-09,Saturday,5,02:00 PM,Python Programming,Ishwari Gaikwad,4,MCA,C,Lab 1,180,126,70.0,Practical,1,0,0,125,18,5,9,1,Afternoon,2026-05-09 14:00:00,72.78,73.33333333333333,81.9042857142857,78.75308641975309,3,24.0,WARNING,1
2026-05-09,Saturday,6,03:00 PM,Machine Learning,Prof. Deshmukh,4,MCA,C,Room 201,180,121,67.22,Theory,0,1,0,125,18,5,9,1,Afternoon,2026-05-09 15:00:00,70.0,72.22333333333334,78.49142857142859,78.73959938366718,4,1.0,WARNING,1
2026-05-10,Monday,1,09:00 AM,Web Development,Akash Upadhayay,2,MCA,C,Lab 2,180,135,75.0,Practical,0,0,0,126,18,5,10,0,Morning,2026-05-10 09:00:00,67.22,70.0,76.19000000000001,78.72187692307692,1,18.0,WARNING,1
2026-05-10,Monday,3,11:15 AM,HR Analytics,Prof. Deshmukh,4,MCA,C,Room 201,180,151,83.89,Theory,0,0,0,126,18,5,10,0,Morning,2026-05-10 11:15:00,75.0,70.74,72.93571428571428,78.71615975422428,2,2.25,SAFE,2
2026-05-10,Monday,4,12:15 PM,Web Development,Akash Upadhayay,2,MCA,C,Room 202,180,157,87.22,Theory,0,1,0,126,18,5,10,0,Afternoon,2026-05-10 12:15:00,83.89,75.37,73.73,78.72409509202454,3,1.0,SAFE,2
2026-05-10,Monday,4,12:15 PM,Advanced DBMS,Prof. Patil,4,MCA,C,Lab 1,180,180,100.0,Practical,0,1,0,126,18,5,10,0,Afternoon,2026-05-10 12:15:00,87.22,82.03666666666668,75.71428571428571,78.73710566615621,4,24.0,SAFE,2
2026-05-11,Monday,2,10:00 AM,Machine Learning,Prof. Deshmukh,2,MCA,C,Lab 1,180,145,80.56,Practical,0,0,0,127,19,5,11,0,Morning,2026-05-11 10:00:00,100.0,90.37,79.44428571428571,78.76961773700306,1,21.75,SAFE,2
2026-05-11,Monday,3,11:15 AM,Cloud Computing,Akash Upadhayay,4,MCA,C,Lab 1,180,149,82.78,Practical,0,0,0,127,19,5,11,0,Morning,2026-05-11 11:15:00,80.56,89.26,80.55571428571429,78.77235114503817,2,1.25,SAFE,2
2026-05-11,Monday,3,11:15 AM,Machine Learning,Prof. Sharma,4,MCA,C,Room 202,180,167,92.78,Theory,0,1,0,127,19,5,11,0,Morning,2026-05-11 11:15:00,82.78,87.77999999999999,82.38142857142857,78.77846036585366,3,24.0,SAFE,2
2026-05-11,Monday,5,02:00 PM,Web Development,Akash Upadhayay,2,MCA,C,Lab 2,180,168,93.33,Practical,0,1,0,127,19,5,11,0,Afternoon,2026-05-11 14:00:00,92.78,85.37333333333333,86.03285714285714,78.79977168949772,4,2.75,SAFE,2
2026-05-11,Monday,6,03:00 PM,HR Analytics,Prof. Deshmukh,4,MCA,C,Lab 1,180,89,49.17,Practical,1,0,0,127,19,5,11,0,Afternoon,2026-05-11 15:00:00,93.33,89.63,88.65142857142857,78.82185410334347,5,1.0,CRITICAL,0
2026-05-12,Tuesday,2,10:00 AM,Cloud Computing,Akash Upadhayay,2,MCA,C,Room 201,180,106,58.89,Theory,0,0,1,128,19,5,12,0,Morning,2026-05-12 10:00:00,49.17,78.42666666666668,83.69142857142857,78.7768588770865,1,19.0,WARNING,1
2026-05-12,Tuesday,3,11:15 AM,Cloud Computing,Prof. Deshmukh,4,MCA,C,Room 201,180,176,97.78,Theory,0,0,0,128,19,5,12,0,Morning,2026-05-12 11:15:00,58.89,67.13,79.64428571428572,78.74672727272727,2,1.25,SAFE,2
2026-05-12,Tuesday,5,02:00 PM,Web Development,Prof. Deshmukh,4,MCA,C,Lab 1,180,136,75.56,Practical,0,1,0,128,19,5,12,0,Afternoon,2026-05-12 14:00:00,97.78,68.61333333333333,79.32714285714285,78.77552193645991,3,2.75,SAFE,2
2026-05-12,Tuesday,6,03:00 PM,HR Analytics,Ishwari Gaikwad,2,MCA,C,Lab 2,180,140,77.78,Practical,0,0,0,128,19,5,12,0,Afternoon,2026-05-12 15:00:00,75.56,77.41000000000001,78.61285714285714,78.77066465256797,4,1.0,SAFE,2
2026-05-13,Wednesday,1,09:00 AM,Cloud Computing,Akash Upadhayay,4,MCA,C,Lab 1,180,146,81.11,Practical,0,0,0,129,19,5,13,0,Morning,2026-05-13 09:00:00,77.78,83.70666666666666,77.89857142857143,78.76917043740573,1,18.0,SAFE,2
2026-05-13,Wednesday,2,10:00 AM,Web Development,Ishwari Gaikwad,2,MCA,C,Room 201,180,169,93.89,Theory,0,0,0,129,19,5,13,0,Morning,2026-05-13 10:00:00,81.11,78.14999999999999,76.23142857142857,78.77269578313253,2,1.0,SAFE,2
2026-05-13,Wednesday,4,12:15 PM,Cloud Computing,Prof. Kulkarni,4,MCA,C,Auditorium,180,144,80.0,Theory,0,0,0,129,19,5,13,0,Afternoon,2026-05-13 12:15:00,93.89,84.26,76.31142857142856,78.79542857142857,3,2.25,SAFE,2
2026-05-13,Wednesday,4,12:15 PM,HR Analytics,Ishwari Gaikwad,4,MCA,C,Auditorium,180,157,87.22,Theory,0,0,0,129,19,5,13,0,Afternoon,2026-05-13 12:15:00,80.0,85.0,80.71571428571428,78.79723723723724,4,24.0,SAFE,2
2026-05-13,Wednesday,5,02:00 PM,Financial Management,Prof. Sharma,2,MCA,C,Lab 1,180,141,78.33,Practical,1,1,0,129,19,5,13,0,Afternoon,2026-05-13 14:00:00,87.22,87.03666666666668,84.76285714285714,78.80986506746626,5,1.75,SAFE,2
2026-05-14,Thursday,1,09:00 AM,HR Analytics,Ishwari Gaikwad,4,MCA,C,Room 201,180,158,87.78,Theory,0,0,0,130,19,5,14,0,Morning,2026-05-14 09:00:00,78.33,81.85000000000001,81.98428571428572,78.80914670658683,1,19.0,SAFE,2
2026-05-14,Thursday,3,11:15 AM,HR Analytics,Prof. Sharma,4,MCA,C,Auditorium,180,155,86.11,Theory,0,0,0,130,19,5,14,0,Morning,2026-05-14 11:15:00,87.78,84.44333333333333,83.73,78.82255605381167,2,2.25,SAFE,2
2026-05-14,Thursday,3,11:15 AM,Python Programming,Prof. Patil,4,MCA,C,Room 201,180,137,76.11,Theory,0,0,0,130,19,5,14,0,Morning,2026-05-14 11:15:00,86.11,84.07333333333334,84.92,78.8334328358209,3,24.0,SAFE,2
2026-05-14,Thursday,4,12:15 PM,Cloud Computing,Prof. Sharma,2,MCA,C,Lab 1,180,171,95.0,Practical,0,0,0,130,19,5,14,0,Afternoon,2026-05-14 12:15:00,76.11,83.33333333333333,84.2057142857143,78.8293740685544,4,1.0,SAFE,2
2026-05-14,Thursday,5,02:00 PM,Advanced DBMS,Ishwari Gaikwad,4,MCA,C,Lab 2,180,172,95.56,Practical,0,0,0,130,19,5,14,0,Afternoon,2026-05-14 14:00:00,95.0,85.74000000000001,84.36428571428573,78.8534375,5,1.75,SAFE,2
2026-05-15,Friday,2,10:00 AM,HR Analytics,Prof. Sharma,2,MCA,C,Auditorium,180,158,87.78,Theory,0,0,0,131,19,5,15,0,Morning,2026-05-15 10:00:00,95.56,88.89,86.58714285714287,78.87826151560178,1,20.0,SAFE,2
2026-05-15,Friday,3,11:15 AM,Python Programming,Ishwari Gaikwad,4,MCA,C,Room 201,180,135,75.0,Theory,0,0,1,131,19,5,15,0,Morning,2026-05-15 11:15:00,87.78,92.77999999999999,86.66714285714285,78.89146884272996,2,1.25,WARNING,1
2026-05-15,Friday,5,02:00 PM,Machine Learning,Prof. Deshmukh,2,MCA,C,Lab 1,180,158,87.78,Practical,0,0,0,131,19,5,15,0,Afternoon,2026-05-15 14:00:00,75.0,86.11333333333333,86.19142857142856,78.8857037037037,3,2.75,SAFE,2
2026-05-16,Saturday,3,11:15 AM,Advanced DBMS,Ishwari Gaikwad,4,MCA,C,Auditorium,180,134,74.44,Theory,0,1,0,132,19,5,16,1,Morning,2026-05-16 11:15:00,87.78,83.52,86.19142857142857,78.89886094674556,1,21.25,WARNING,1
2026-05-16,Saturday,4,12:15 PM,Advanced DBMS,Prof. Patil,2,MCA,C,Room 201,180,145,80.56,Theory,0,0,0,132,19,5,16,1,Afternoon,2026-05-16 12:15:00,74.44,79.07333333333334,84.52428571428571,78.89227474150664,2,1.0,SAFE,2
2026-05-16,Saturday,4,12:15 PM,HR Analytics,Ishwari Gaikwad,4,MCA,C,Room 202,180,133,73.89,Theory,0,1,0,132,19,5,16,1,Afternoon,2026-05-16 12:15:00,80.56,80.92666666666668,85.16,78.89473451327433,3,24.0,WARNING,1
2026-05-16,Saturday,6,03:00 PM,Financial Management,Prof. Sharma,4,MCA,C,Room 202,180,140,77.78,Theory,0,0,0,132,19,5,16,1,Afternoon,2026-05-16 15:00:00,73.89,76.29666666666667,82.14428571428572,78.88736377025036,4,2.75,SAFE,2
2026-05-17,Monday,1,09:00 AM,Web Development,Prof. Sharma,4,MCA,C,Lab 1,180,149,82.78,Practical,1,0,0,133,19,5,17,0,Morning,2026-05-17 09:00:00,77.78,77.41,79.60428571428572,78.88573529411765,1,18.0,SAFE,2
2026-05-17,Monday,2,10:00 AM,Cloud Computing,Prof. Patil,4,MCA,C,Room 202,180,153,85.0,Theory,0,0,0,133,19,5,17,0,Morning,2026-05-17 10:00:00,82.78,78.15,78.89,78.89145374449339,2,1.0,SAFE,2
2026-05-17,Monday,2,10:00 AM,Machine Learning,Prof. Patil,4,MCA,C,Room 202,180,118,65.56,Theory,0,0,0,133,19,5,17,0,Morning,2026-05-17 10:00:00,85.0,81.85333333333334,80.31857142857143,78.90041055718476,3,24.0,WARNING,1
2026-05-17,Monday,4,12:15 PM,Python Programming,Prof. Sharma,4,MCA,C,Auditorium,180,92,51.11,Theory,1,0,1,133,19,5,17,0,Afternoon,2026-05-17 12:15:00,65.56,77.78,77.14428571428572,78.880878477306,4,2.25,WARNING,1
2026-05-17,Monday,5,02:00 PM,Cloud Computing,Akash Upadhayay,2,MCA,C,Lab 2,180,169,93.89,Practical,0,0,0,133,19,5,17,0,Afternoon,2026-05-17 14:00:00,51.11,67.22333333333334,73.81142857142858,78.84027777777777,5,1.75,SAFE,2
2026-05-17,Monday,6,03:00 PM,HR Analytics,Prof. Kulkarni,4,MCA,C,Room 201,180,138,76.67,Theory,0,0,0,133,19,5,17,0,Afternoon,2026-05-17 15:00:00,93.89,70.18666666666667,75.71571428571428,78.86224817518249,6,1.0,SAFE,2
2026-05-18,Monday,1,09:00 AM,HR Analytics,Prof. Sharma,2,MCA,C,Lab 2,180,142,78.89,Practical,0,0,0,134,20,5,18,0,Morning,2026-05-18 09:00:00,76.67,73.89,76.11285714285715,78.8590524781341,1,18.0,SAFE,2
2026-05-18,Monday,1,09:00 AM,Machine Learning,Prof. Deshmukh,4,MCA,C,Lab 1,180,109,60.56,Practical,1,0,0,134,20,5,18,0,Morning,2026-05-18 09:00:00,78.89,83.14999999999999,76.27142857142857,78.85909752547306,2,24.0,WARNING,1
2026-05-18,Monday,2,10:00 AM,Web Development,Prof. Patil,4,MCA,C,Lab 1,180,149,82.78,Practical,0,0,0,134,20,5,18,0,Morning,2026-05-18 10:00:00,60.56,72.04,73.09714285714287,78.8325,3,1.0,SAFE,2
2026-05-18,Monday,4,12:15 PM,HR Analytics,Prof. Sharma,2,MCA,C,Lab 2,180,153,85.0,Practical,0,0,1,134,20,5,18,0,Afternoon,2026-05-18 12:15:00,82.78,74.07666666666667,72.78,78.83822931785195,4,2.25,SAFE,2
2026-05-18,Monday,4,12:15 PM,Machine Learning,Prof. Patil,2,MCA,C,Lab 1,180,134,74.44,Practical,1,0,0,134,20,5,18,0,Afternoon,2026-05-18 12:15:00,85.0,76.11333333333333,75.55714285714285,78.84715942028986,5,24.0,WARNING,1
2026-05-18,Monday,5,02:00 PM,Cloud Computing,Prof. Patil,2,MCA,C,Auditorium,180,150,83.33,Theory,0,0,0,134,20,5,18,0,Afternoon,2026-05-18 14:00:00,74.44,80.74,78.89,78.84078147612156,6,1.75,SAFE,2
2026-05-18,Monday,6,03:00 PM,Cloud Computing,Ishwari Gaikwad,2,MCA,C,Room 201,180,103,57.22,Theory,0,0,1,134,20,5,18,0,Afternoon,2026-05-18 15:00:00,83.33,80.92333333333333,77.38142857142859,78.84726878612716,7,1.0,WARNING,1
2026-05-19,Tuesday,2,10:00 AM,HR Analytics,Prof. Patil,2,MCA,C,Room 201,180,89,49.17,Theory,0,0,0,135,20,5,19,0,Morning,2026-05-19 10:00:00,57.22,71.66333333333334,74.60285714285715,78.8160606060606,1,19.0,CRITICAL,0
2026-05-19,Tuesday,3,11:15 AM,Advanced DBMS,Prof. Patil,2,MCA,C,Room 202,180,152,84.44,Theory,0,0,0,135,20,5,19,0,Morning,2026-05-19 11:15:00,49.17,63.24,70.35714285714286,78.77334293948127,2,1.25,SAFE,2
2026-05-19,Tuesday,3,11:15 AM,Financial Management,Akash Upadhayay,4,MCA,C,Lab 2,180,158,87.78,Practical,0,0,0,135,20,5,19,0,Morning,2026-05-19 11:15:00,84.44,63.60999999999999,73.76857142857143,78.78149640287769,3,24.0,SAFE,2
2026-05-19,Tuesday,4,12:15 PM,Advanced DBMS,Akash Upadhayay,4,MCA,C,Lab 1,180,165,91.67,Practical,0,1,0,135,20,5,19,0,Afternoon,2026-05-19 12:15:00,87.78,73.79666666666667,74.48285714285714,78.79442528735632,4,1.0,SAFE,2
2026-05-19,Tuesday,5,02:00 PM,Machine Learning,Ishwari Gaikwad,4,MCA,C,Auditorium,180,158,87.78,Theory,0,0,0,135,20,5,19,0,Afternoon,2026-05-19 14:00:00,91.67,87.96333333333332,75.43571428571428,78.8128981348637,5,1.75,SAFE,2
2026-05-19,Tuesday,6,03:00 PM,Machine Learning,Prof. Sharma,4,MCA,C,Auditorium,180,140,77.78,Theory,0,0,0,135,20,5,19,0,Afternoon,2026-05-19 15:00:00,87.78,89.07666666666667,77.34142857142857,78.82574498567335,6,1.0,SAFE,2
2026-05-20,Wednesday,1,09:00 AM,HR Analytics,Prof. Deshmukh,2,MCA,C,Lab 1,180,139,77.22,Practical,0,1,0,136,20,5,20,0,Morning,2026-05-20 09:00:00,77.78,85.74333333333334,76.54857142857144,78.82424892703862,1,18.0,SAFE,2
2026-05-20,Wednesday,3,11:15 AM,Advanced DBMS,Prof. Sharma,4,MCA,C,Room 202,180,163,90.56,Theory,0,0,0,136,20,5,20,0,Morning,2026-05-20 11:15:00,77.22,80.92666666666666,79.4057142857143,78.82195714285714,2,2.25,SAFE,2
2026-05-20,Wednesday,3,11:15 AM,Python Programming,Akash Upadhayay,4,MCA,C,Room 202,180,131,72.78,Theory,1,0,0,136,20,5,20,0,Morning,2026-05-20 11:15:00,90.56,81.85333333333334,85.31857142857143,78.83870185449358,3,24.0,WARNING,1
2026-05-20,Wednesday,3,11:15 AM,HR Analytics,Ishwari Gaikwad,4,MCA,C,Room 201,180,133,73.89,Theory,0,0,0,136,20,5,20,0,Morning,2026-05-20 11:15:00,72.78,80.18666666666667,83.65285714285713,78.83007122507122,4,24.0,WARNING,1
2026-05-20,Wednesday,5,02:00 PM,Advanced DBMS,Prof. Patil,2,MCA,C,Room 201,180,151,83.89,Theory,0,0,0,136,20,5,20,0,Afternoon,2026-05-20 14:00:00,73.89,79.07666666666667,81.66857142857144,78.82304409672831,5,2.75,SAFE,2
2026-05-21,Thursday,4,12:15 PM,Python Programming,Prof. Patil,2,MCA,C,Auditorium,180,165,91.67,Theory,0,0,0,137,20,5,21,0,Afternoon,2026-05-21 12:15:00,83.89,76.85333333333334,80.55714285714285,78.83024147727272,1,22.25,SAFE,2
2026-05-21,Thursday,6,03:00 PM,Financial Management,Ishwari Gaikwad,4,MCA,C,Room 202,180,89,49.17,Theory,0,0,1,137,20,5,21,0,Afternoon,2026-05-21 15:00:00,91.67,83.14999999999999,81.11285714285714,78.84845390070923,2,2.75,CRITICAL,0
2026-05-21,Thursday,6,03:00 PM,Web Development,Prof. Sharma,4,MCA,C,Lab 1,180,147,81.67,Practical,0,0,0,137,20,5,21,0,Afternoon,2026-05-21 15:00:00,49.17,74.91000000000001,77.02571428571427,78.80641643059491,3,24.0,SAFE,2
2026-05-22,Friday,1,09:00 AM,Python Programming,Ishwari Gaikwad,4,MCA,C,Lab 2,180,124,68.89,Practical,0,1,1,138,20,5,22,0,Morning,2026-05-22 09:00:00,81.67,74.17,77.66142857142857,78.81046676096182,1,18.0,WARNING,1
2026-05-22,Friday,4,12:15 PM,Cloud Computing,Prof. Kulkarni,4,MCA,C,Room 201,180,169,93.89,Theory,0,1,0,138,20,5,22,0,Afternoon,2026-05-22 12:15:00,68.89,66.57666666666667,74.5657142857143,78.79645480225989,2,3.25,SAFE,2
2026-05-22,Friday,4,12:15 PM,Financial Management,Akash Upadhayay,2,MCA,C,Lab 1,180,151,83.89,Practical,0,0,0,138,20,5,22,0,Afternoon,2026-05-22 12:15:00,93.89,81.48333333333333,77.58142857142856,78.81774330042313,3,24.0,SAFE,2
2026-05-22,Friday,5,02:00 PM,HR Analytics,Prof. Kulkarni,4,MCA,C,Lab 1,180,154,85.56,Practical,0,0,0,138,20,5,22,0,Afternoon,2026-05-22 14:00:00,83.89,82.22333333333333,79.01,78.82488732394366,4,1.75,SAFE,2
2026-05-22,Friday,6,03:00 PM,Financial Management,Prof. Kulkarni,2,MCA,C,Lab 2,180,148,82.08500000000001,Practical,0,0,1,138,20,5,22,0,Afternoon,2026-05-22 15:00:00,85.56,87.78000000000002,79.24857142857142,78.83436005625879,5,1.0,SAFE,2
2026-05-23,Saturday,1,09:00 AM,Advanced DBMS,Prof. Deshmukh,2,MCA,C,Auditorium,180,89,49.17,Theory,0,1,1,139,20,5,23,1,Morning,2026-05-23 09:00:00,82.08500000000001,83.84500000000001,77.87928571428571,78.83892556179775,1,18.0,CRITICAL,0
2026-05-23,Saturday,6,03:00 PM,Machine Learning,Prof. Deshmukh,2,MCA,C,Auditorium,180,146,81.11,Theory,0,0,0,139,20,5,23,1,Afternoon,2026-05-23 15:00:00,49.17,72.27166666666666,77.87928571428571,78.7973141654979,2,6.0,SAFE,2
2026-05-24,Monday,1,09:00 AM,Python Programming,Prof. Kulkarni,2,MCA,C,Lab 1,180,141,78.33,Practical,0,0,0,140,20,5,24,0,Morning,2026-05-24 09:00:00,81.11,70.78833333333334,77.79928571428572,78.80055322128851,1,18.0,SAFE,2
2026-05-24,Monday,5,02:00 PM,Advanced DBMS,Prof. Deshmukh,4,MCA,C,Auditorium,180,172,95.56,Theory,0,0,0,140,20,5,24,0,Afternoon,2026-05-24 14:00:00,78.33,69.53666666666668,79.14785714285713,78.79989510489511,2,5.0,SAFE,2
2026-05-25,Monday,2,10:00 AM,Cloud Computing,Akash Upadhayay,4,MCA,C,Room 201,180,107,59.44,Theory,1,0,0,141,21,5,25,0,Morning,2026-05-25 10:00:00,95.56,85.0,79.38642857142858,78.8233030726257,1,20.0,WARNING,1
2026-05-25,Monday,5,02:00 PM,Web Development,Prof. Patil,2,MCA,C,Lab 1,180,141,78.33,Practical,0,0,0,141,21,5,25,0,Afternoon,2026-05-25 14:00:00,59.44,77.77666666666666,75.89357142857143,78.79626917712692,2,4.0,SAFE,2
2026-05-25,Monday,6,03:00 PM,Cloud Computing,Prof. Deshmukh,2,MCA,C,Lab 1,180,110,61.11,Practical,0,0,0,141,21,5,25,0,Afternoon,2026-05-25 15:00:00,78.33,77.77666666666667,74.86071428571428,78.79561977715878,3,1.0,WARNING,1
2026-05-26,Tuesday,1,09:00 AM,HR Analytics,Ishwari Gaikwad,4,MCA,C,Room 201,180,131,72.78,Theory,0,0,0,142,21,5,26,0,Morning,2026-05-26 09:00:00,61.11,66.29333333333334,71.86428571428571,78.77102225312935,1,18.0,WARNING,1
2026-05-26,Tuesday,3,11:15 AM,Cloud Computing,Prof. Kulkarni,2,MCA,C,Room 202,180,134,74.44,Theory,0,0,1,142,21,5,26,0,Morning,2026-05-26 11:15:00,72.78,70.74,75.23714285714287,78.76270138888889,2,2.25,WARNING,1
2026-05-26,Tuesday,3,11:15 AM,Cloud Computing,Prof. Sharma,2,MCA,C,Lab 1,180,160,88.89,Practical,0,1,0,142,21,5,26,0,Morning,2026-05-26 11:15:00,74.44,69.44333333333333,74.28428571428572,78.75670596393897,3,24.0,SAFE,2
2026-05-26,Tuesday,3,11:15 AM,Advanced DBMS,Prof. Patil,2,MCA,C,Auditorium,180,180,100.0,Theory,0,1,1,142,21,5,26,0,Morning,2026-05-26 11:15:00,88.89,78.70333333333333,75.79285714285713,78.77074099722992,4,24.0,SAFE,2
2026-05-26,Tuesday,4,12:15 PM,Advanced DBMS,Prof. Kulkarni,4,MCA,C,Room 201,180,127,70.56,Theory,1,0,0,142,21,5,26,0,Afternoon,2026-05-26 12:15:00,100.0,87.77666666666666,76.42714285714285,78.80010373443983,5,1.0,WARNING,1
2026-05-26,Tuesday,6,03:00 PM,Cloud Computing,Ishwari Gaikwad,2,MCA,C,Lab 2,180,93,51.67,Practical,1,0,0,142,21,5,26,0,Afternoon,2026-05-26 15:00:00,70.56,86.48333333333333,78.01571428571428,78.78872237569061,6,2.75,WARNING,1
2026-05-27,Wednesday,1,09:00 AM,Advanced DBMS,Akash Upadhayay,2,MCA,C,Room 202,180,91,50.56,Theory,0,0,1,143,21,5,27,0,Morning,2026-05-27 09:00:00,51.67,74.07666666666667,74.20714285714287,78.75131724137931,1,18.0,WARNING,1
2026-05-27,Wednesday,3,11:15 AM,Machine Learning,Prof. Deshmukh,2,MCA,C,Lab 1,180,180,100.0,Practical,0,0,0,143,21,5,27,0,Morning,2026-05-27 11:15:00,50.56,57.59666666666667,72.7,78.71248622589532,2,2.25,SAFE,2
2026-05-27,Wednesday,5,02:00 PM,Financial Management,Prof. Kulkarni,4,MCA,C,Room 202,180,156,86.67,Theory,0,0,0,143,21,5,27,0,Afternoon,2026-05-27 14:00:00,100.0,67.41000000000001,76.58857142857143,78.74176753782669,3,2.75,SAFE,2
2026-05-27,Wednesday,6,03:00 PM,Advanced DBMS,Akash Upadhayay,4,MCA,C,Lab 2,180,120,66.67,Practical,1,1,0,143,21,5,27,0,Afternoon,2026-05-27 15:00:00,86.67,79.07666666666667,78.33571428571429,78.75265796703296,4,1.0,WARNING,1
2026-05-29,Friday,1,09:00 AM,Cloud Computing,Ishwari Gaikwad,2,MCA,C,Room 202,180,115,63.89,Theory,1,0,0,145,21,5,29,0,Morning,2026-05-29 09:00:00,66.67,84.44666666666667,75.16142857142857,78.73608367626886,1,42.0,WARNING,1
2026-05-29,Friday,1,09:00 AM,Machine Learning,Akash Upadhayay,2,MCA,C,Lab 1,180,96,53.33,Practical,0,0,1,145,21,5,29,0,Morning,2026-05-29 09:00:00,63.89,72.41000000000001,70.00285714285715,78.71574657534246,2,24.0,WARNING,1
2026-05-29,Friday,2,10:00 AM,Machine Learning,Prof. Patil,2,MCA,C,Lab 2,180,160,88.89,Practical,0,0,0,145,21,5,29,0,Morning,2026-05-29 10:00:00,53.33,61.29666666666666,67.54142857142857,78.68101915184678,3,1.0,SAFE,2
2026-05-29,Friday,3,11:15 AM,HR Analytics,Prof. Sharma,2,MCA,C,Auditorium,180,154,85.56,Theory,0,0,0,145,21,5,29,0,Morning,2026-05-29 11:15:00,88.89,68.70333333333333,72.85857142857142,78.69496584699453,4,1.25,SAFE,2
2026-05-29,Friday,4,12:15 PM,HR Analytics,Prof. Deshmukh,2,MCA,C,Lab 1,180,158,87.78,Practical,0,0,0,145,21,5,29,0,Afternoon,2026-05-29 12:15:00,85.56,75.92666666666668,77.85857142857142,78.70433151432469,5,1.0,SAFE,2
2026-05-30,Saturday,1,09:00 AM,Python Programming,Prof. Sharma,4,MCA,C,Room 201,180,111,61.67,Theory,0,0,0,146,21,5,30,1,Morning,2026-05-30 09:00:00,87.78,87.41000000000001,76.11285714285714,78.71669618528611,1,20.75,WARNING,1
2026-05-30,Saturday,5,02:00 PM,HR Analytics,Ishwari Gaikwad,4,MCA,C,Lab 1,180,138,76.67,Practical,0,0,0,146,21,5,30,1,Afternoon,2026-05-30 14:00:00,61.67,78.33666666666667,72.54142857142857,78.69350340136054,2,5.0,SAFE,2
2026-05-31,Monday,1,09:00 AM,Python Programming,Prof. Patil,2,MCA,C,Room 201,180,102,56.67,Theory,0,0,1,147,21,5,31,0,Morning,2026-05-31 09:00:00,76.67,75.37333333333333,73.97000000000001,78.69075407608695,1,19.0,WARNING,1
2026-05-31,Monday,2,10:00 AM,Machine Learning,Prof. Deshmukh,4,MCA,C,Auditorium,180,124,68.89,Theory,0,0,0,147,21,5,31,0,Morning,2026-05-31 10:00:00,56.67,65.00333333333334,72.93857142857142,78.66087516960651,2,1.0,WARNING,1
2026-05-31,Monday,2,10:00 AM,Financial Management,Prof. Patil,4,MCA,C,Room 202,180,152,84.44,Theory,0,0,0,147,21,5,31,0,Morning,2026-05-31 10:00:00,68.89,67.41000000000001,75.16142857142857,78.64763550135501,3,24.0,SAFE,2
2026-05-31,Monday,3,11:15 AM,Web Development,Ishwari Gaikwad,4,MCA,C,Auditorium,180,150,83.33,Theory,0,0,0,147,21,5,31,0,Morning,2026-05-31 11:15:00,84.44,70.0,74.5257142857143,78.65547361299052,4,1.25,SAFE,2
2026-05-31,Monday,4,12:15 PM,Web Development,Prof. Patil,4,MCA,C,Auditorium,180,104,57.78,Theory,1,0,0,147,21,5,31,0,Afternoon,2026-05-31 12:15:00,83.33,78.88666666666666,74.20714285714287,78.66179054054054,5,1.0,WARNING,1
2026-05-31,Monday,5,02:00 PM,Machine Learning,Prof. Deshmukh,2,MCA,C,Room 202,180,148,82.22,Theory,0,0,0,147,21,5,31,0,Afternoon,2026-05-31 14:00:00,57.78,75.18333333333334,69.92142857142856,78.63360998650472,6,1.75,SAFE,2
2026-05-31,Monday,5,02:00 PM,Python Programming,Akash Upadhayay,2,MCA,C,Room 201,180,144,80.0,Theory,0,0,0,147,21,5,31,0,Afternoon,2026-05-31 14:00:00,82.22,74.44333333333333,72.85714285714286,78.6384433962264,7,24.0,SAFE,2
2026-05-31,Monday,6,03:00 PM,Advanced DBMS,Prof. Sharma,2,MCA,C,Room 202,180,117,65.0,Theory,0,0,0,147,21,5,31,0,Afternoon,2026-05-31 15:00:00,80.0,73.33333333333333,73.33285714285715,78.64027590847914,8,1.0,WARNING,1
2026-06-01,Monday,1,09:00 AM,Financial Management,Prof. Deshmukh,2,MCA,C,Lab 1,180,137,76.11,Practical,0,0,0,148,22,6,1,0,Morning,2026-06-01 09:00:00,65.0,75.74,74.52285714285713,78.91968253968254,1,18.0,SAFE,2
2026-06-01,Monday,1,09:00 AM,Cloud Computing,Akash Upadhayay,2,MCA,C,Lab 1,180,128,71.11,Practical,0,0,0,148,22,6,1,0,Morning,2026-06-01 09:00:00,76.11,73.70333333333333,75.55428571428571,78.87578125,2,24.0,WARNING,1
2026-06-01,Monday,5,02:00 PM,Python Programming,Prof. Patil,2,MCA,C,Auditorium,180,128,71.11,Theory,0,0,0,148,22,6,1,0,Afternoon,2026-06-01 14:00:00,71.11,70.74000000000001,73.64999999999999,78.75630769230769,3,5.0,WARNING,1
2026-06-02,Tuesday,1,09:00 AM,Cloud Computing,Prof. Patil,2,MCA,C,Lab 2,180,147,81.67,Practical,0,0,0,149,22,6,2,0,Morning,2026-06-02 09:00:00,71.11,72.77666666666667,71.9042857142857,78.64045454545455,1,19.0,SAFE,2
2026-06-02,Tuesday,2,10:00 AM,Machine Learning,Akash Upadhayay,2,MCA,C,Room 202,180,157,87.22,Theory,0,0,0,149,22,6,2,0,Morning,2026-06-02 10:00:00,81.67,74.63,75.31714285714285,78.68567164179103,2,1.0,SAFE,2
2026-06-02,Tuesday,4,12:15 PM,Advanced DBMS,Prof. Kulkarni,4,MCA,C,Lab 2,180,149,82.78,Practical,0,1,0,149,22,6,2,0,Afternoon,2026-06-02 12:15:00,87.22,80.0,76.03142857142858,78.81117647058824,3,2.25,SAFE,2
2026-06-03,Wednesday,2,10:00 AM,HR Analytics,Prof. Kulkarni,4,MCA,C,Lab 1,180,170,94.44,Practical,0,0,0,150,22,6,3,0,Morning,2026-06-03 10:00:00,82.78,83.89,76.42857142857143,78.86869565217391,1,21.75,SAFE,2
2026-06-03,Wednesday,3,11:15 AM,HR Analytics,Prof. Patil,4,MCA,C,Lab 1,180,89,49.17,Practical,0,0,0,150,22,6,3,0,Morning,2026-06-03 11:15:00,94.44,88.14666666666666,80.63428571428571,79.09114285714286,2,1.25,CRITICAL,0
2026-06-03,Wednesday,5,02:00 PM,Financial Management,Prof. Deshmukh,4,MCA,C,Room 202,180,167,92.78,Theory,0,0,0,150,22,6,3,0,Afternoon,2026-06-03 14:00:00,49.17,75.46333333333334,76.78571428571429,78.66971830985916,3,2.75,SAFE,2
